<?xml version="1.0" encoding="UTF-8"?>
<!-- Created with BasicAirData GPS Logger for Android - ver. 3.3.0 -->
<!-- Track 13 = 1580 TrackPoints + 34 Placemarks -->

<!-- Track Statistics (based on Total Time | Time in Movement): -->
<!--  Distance = 7.88 km -->
<!--  Duration = 02:24:33 | 01:50:22 -->
<!--  Altitude Gap = -35 m -->
<!--  Max Speed = 8 km/h -->
<!--  Avg Speed = 3.3 | 4.3 km/h -->
<!--  Direction = SW -->
<!--  Activity = walking -->
<!--  Altitudes = Raw -->

<gpx version="1.1"
     creator="BasicAirData GPS Logger 3.3.0"
     xmlns="http://www.topografix.com/GPX/1/1"
     xmlns:xsi="http://www.w3.org/2001/XMLSchema-instance"
     xsi:schemaLocation="http://www.topografix.com/GPX/1/1 http://www.topografix.com/GPX/1/1/gpx.xsd">
<metadata> 
 <name>GPS Logger 20260816-163245</name>
 <desc>皇居</desc>
 <time>2026-08-16T10:10:52Z</time>
 <keywords>walking</keywords>
 <bounds minlat="35.67542346" minlon="139.74425095" maxlat="35.69530706" maxlon="139.76656228" />
</metadata>

<wpt lat="35.68411556" lon="139.76261961"><ele>45.677</ele><time>2026-08-16T07:47:22Z</time><name>スタート地点</name><sat>28</sat></wpt>

<wpt lat="35.68526598" lon="139.76276117"><ele>47.424</ele><time>2026-08-16T07:50:32Z</time><name>花の説明</name><sat>29</sat></wpt>

<wpt lat="35.68582371" lon="139.76095012"><ele>46.199</ele><time>2026-08-16T07:53:52Z</time><name>大手門</name><sat>29</sat></wpt>

<wpt lat="35.68649937" lon="139.76129007"><ele>45.857</ele><time>2026-08-16T07:55:35Z</time><name>茨城県のばら</name><sat>28</sat></wpt>

<wpt lat="35.68704628" lon="139.76144390"><ele>35.992</ele><time>2026-08-16T07:57:14Z</time><name>雨と柳</name><sat>28</sat></wpt>

<wpt lat="35.68744632" lon="139.76135653"><ele>44.215</ele><time>2026-08-16T07:58:22Z</time><name>栃木県の花</name><sat>29</sat></wpt>

<wpt lat="35.68831839" lon="139.76096698"><ele>46.529</ele><time>2026-08-16T08:00:11Z</time><name>群馬県の花</name><sat>32</sat></wpt>

<wpt lat="35.68918363" lon="139.76078581"><ele>48.259</ele><time>2026-08-16T08:02:23Z</time><name>埼玉県の花</name><sat>32</sat></wpt>

<wpt lat="35.68947734" lon="139.76019959"><ele>44.268</ele><time>2026-08-16T08:04:05Z</time><name>親王の石碑</name><sat>34</sat></wpt>

<wpt lat="35.68941535" lon="139.76002381"><ele>44.986</ele><time>2026-08-16T08:05:15Z</time><name>震災イチョウ</name><sat>35</sat></wpt>

<wpt lat="35.68981686" lon="139.75998926"><ele>45.848</ele><time>2026-08-16T08:06:31Z</time><name>千葉県の花</name><sat>30</sat></wpt>

<wpt lat="35.69013199" lon="139.75893566"><ele>49.004</ele><time>2026-08-16T08:08:33Z</time><name>東京都の花</name><sat>32</sat></wpt>

<wpt lat="35.69034636" lon="139.75785792"><ele>48.034</ele><time>2026-08-16T08:11:39Z</time><name>神奈川県の花</name><sat>36</sat></wpt>

<wpt lat="35.69053124" lon="139.75677160"><ele>49.803</ele><time>2026-08-16T08:13:30Z</time><name>新潟県の花</name><sat>34</sat></wpt>

<wpt lat="35.69500627" lon="139.74937103"><ele>59.280</ele><time>2026-08-16T08:31:48Z</time><name>緑が多い</name><sat>33</sat></wpt>

<wpt lat="35.69426183" lon="139.74752068"><ele>69.315</ele><time>2026-08-16T08:37:31Z</time><name>いい感じの緑の道</name><sat>35</sat></wpt>

<wpt lat="35.69388357" lon="139.74756729"><ele>64.427</ele><time>2026-08-16T08:39:10Z</time><name>桃花流水</name><sat>34</sat></wpt>

<wpt lat="35.69326954" lon="139.74764653"><ele>64.090</ele><time>2026-08-16T08:40:58Z</time><name>いい感じの道2</name><sat>32</sat></wpt>

<wpt lat="35.69214400" lon="139.74762507"><ele>64.614</ele><time>2026-08-16T08:43:06Z</time><name>一面緑</name><sat>36</sat></wpt>

<wpt lat="35.69100635" lon="139.74726245"><ele>62.025</ele><time>2026-08-16T08:45:42Z</time><name>緑と白</name><sat>32</sat></wpt>

<wpt lat="35.68758594" lon="139.74519236"><ele>64.325</ele><time>2026-08-16T08:55:02Z</time><name>京都府の花</name><sat>34</sat></wpt>

<wpt lat="35.68588655" lon="139.74497599"><ele>69.319</ele><time>2026-08-16T08:58:59Z</time><name>イスラエルからのオリーブ</name><sat>38</sat></wpt>

<wpt lat="35.68378066" lon="139.74431704"><ele>71.827</ele><time>2026-08-16T09:04:51Z</time><name>半蔵門</name><sat>32</sat></wpt>

<wpt lat="35.68333506" lon="139.74433991"><ele>70.814</ele><time>2026-08-16T09:06:24Z</time><name>深い堀</name><sat>34</sat></wpt>

<wpt lat="35.68160803" lon="139.74500221"><ele>67.086</ele><time>2026-08-16T09:10:00Z</time><name>丸く刈られた木</name><sat>38</sat></wpt>

<wpt lat="35.68040640" lon="139.74571653"><ele>61.893</ele><time>2026-08-16T09:12:57Z</time><name>雑草が生えてきた木</name><sat>38</sat></wpt>

<wpt lat="35.67979781" lon="139.74637004"><ele>57.335</ele><time>2026-08-16T09:14:55Z</time><name>角刈りの木</name><sat>38</sat></wpt>

<wpt lat="35.67899051" lon="139.74795570"><ele>53.312</ele><time>2026-08-16T09:18:10Z</time><name>香川県のオリーブ</name><sat>33</sat></wpt>

<wpt lat="35.67757002" lon="139.75186350"><ele>48.427</ele><time>2026-08-16T09:25:03Z</time><name>顔みたいな刈り方</name><sat>31</sat></wpt>

<wpt lat="35.67794726" lon="139.75303284"><ele>49.063</ele><time>2026-08-16T09:27:29Z</time><name>桜田門</name><sat>34</sat></wpt>

<wpt lat="35.67727545" lon="139.75508285"><ele>49.240</ele><time>2026-08-16T09:31:03Z</time><name>花の輪と言うのか</name><sat>38</sat></wpt>

<wpt lat="35.67543007" lon="139.75969559"><ele>45.726</ele><time>2026-08-16T09:38:18Z</time><name>濠の角から</name><sat>32</sat></wpt>

<wpt lat="35.67638780" lon="139.76004281"><ele>49.274</ele><time>2026-08-16T09:40:20Z</time><name>濠側の夜道</name><sat>32</sat></wpt>

<wpt lat="35.68317191" lon="139.76244508"><ele>37.102</ele><time>2026-08-16T09:54:12Z</time><name>柳と街頭</name><sat>29</sat></wpt>

<trk>
 <name>Track 20260816-163245</name>
 <trkseg>
  <trkpt lat="35.68723681" lon="139.76656228"><ele>78.539</ele><time>2026-08-16T07:32:45Z</time><sat>23</sat></trkpt>
  <trkpt lat="35.68726593" lon="139.76642681"><ele>69.472</ele><time>2026-08-16T07:32:48Z</time><sat>27</sat></trkpt>
  <trkpt lat="35.68724267" lon="139.76637899"><ele>74.188</ele><time>2026-08-16T07:32:54Z</time><sat>28</sat></trkpt>
  <trkpt lat="35.68724077" lon="139.76639539"><ele>76.525</ele><time>2026-08-16T07:32:57Z</time><sat>30</sat></trkpt>
  <trkpt lat="35.68719801" lon="139.76641689"><ele>93.214</ele><time>2026-08-16T07:33:06Z</time><sat>26</sat></trkpt>
  <trkpt lat="35.68723765" lon="139.76647192"><ele>95.256</ele><time>2026-08-16T07:33:18Z</time><sat>27</sat></trkpt>
  <trkpt lat="35.68719598" lon="139.76649461"><ele>92.666</ele><time>2026-08-16T07:33:24Z</time><sat>28</sat></trkpt>
  <trkpt lat="35.68713975" lon="139.76650605"><ele>90.986</ele><time>2026-08-16T07:33:30Z</time><sat>31</sat></trkpt>
  <trkpt lat="35.68707530" lon="139.76647600"><ele>85.484</ele><time>2026-08-16T07:33:36Z</time><sat>29</sat></trkpt>
  <trkpt lat="35.68700410" lon="139.76642063"><ele>81.906</ele><time>2026-08-16T07:33:42Z</time><sat>33</sat></trkpt>
  <trkpt lat="35.68694148" lon="139.76634659"><ele>74.311</ele><time>2026-08-16T07:33:48Z</time><sat>32</sat></trkpt>
  <trkpt lat="35.68688896" lon="139.76629594"><ele>70.980</ele><time>2026-08-16T07:33:54Z</time><sat>30</sat></trkpt>
  <trkpt lat="35.68683519" lon="139.76625290"><ele>68.570</ele><time>2026-08-16T07:34:00Z</time><sat>31</sat></trkpt>
  <trkpt lat="35.68677811" lon="139.76622529"><ele>65.599</ele><time>2026-08-16T07:34:06Z</time><sat>31</sat></trkpt>
  <trkpt lat="35.68671452" lon="139.76621472"><ele>63.992</ele><time>2026-08-16T07:34:12Z</time><sat>30</sat></trkpt>
  <trkpt lat="35.68664863" lon="139.76617776"><ele>63.299</ele><time>2026-08-16T07:34:18Z</time><sat>33</sat></trkpt>
  <trkpt lat="35.68660086" lon="139.76613709"><ele>62.078</ele><time>2026-08-16T07:34:24Z</time><sat>31</sat></trkpt>
  <trkpt lat="35.68655126" lon="139.76608436"><ele>59.952</ele><time>2026-08-16T07:34:30Z</time><sat>26</sat></trkpt>
  <trkpt lat="35.68654555" lon="139.76606537"><ele>59.657</ele><time>2026-08-16T07:34:33Z</time><sat>27</sat></trkpt>
  <trkpt lat="35.68654514" lon="139.76605699"><ele>60.060</ele><time>2026-08-16T07:34:36Z</time><sat>26</sat></trkpt>
  <trkpt lat="35.68654291" lon="139.76605497"><ele>60.002</ele><time>2026-08-16T07:34:39Z</time><sat>26</sat></trkpt>
  <trkpt lat="35.68654207" lon="139.76605298"><ele>60.429</ele><time>2026-08-16T07:34:42Z</time><sat>25</sat></trkpt>
  <trkpt lat="35.68653525" lon="139.76604774"><ele>61.298</ele><time>2026-08-16T07:34:45Z</time><sat>26</sat></trkpt>
  <trkpt lat="35.68647165" lon="139.76603088"><ele>58.733</ele><time>2026-08-16T07:34:51Z</time><sat>27</sat></trkpt>
  <trkpt lat="35.68639673" lon="139.76603937"><ele>58.403</ele><time>2026-08-16T07:34:57Z</time><sat>30</sat></trkpt>
  <trkpt lat="35.68632506" lon="139.76604302"><ele>58.529</ele><time>2026-08-16T07:35:03Z</time><sat>27</sat></trkpt>
  <trkpt lat="35.68627626" lon="139.76602719"><ele>59.859</ele><time>2026-08-16T07:35:09Z</time><sat>21</sat></trkpt>
  <trkpt lat="35.68621529" lon="139.76610584"><ele>62.319</ele><time>2026-08-16T07:35:15Z</time><sat>21</sat></trkpt>
  <trkpt lat="35.68618835" lon="139.76615165"><ele>63.103</ele><time>2026-08-16T07:35:18Z</time><sat>21</sat></trkpt>
  <trkpt lat="35.68611751" lon="139.76618726"><ele>59.372</ele><time>2026-08-16T07:35:24Z</time><sat>17</sat></trkpt>
  <trkpt lat="35.68607823" lon="139.76607894"><ele>59.146</ele><time>2026-08-16T07:35:27Z</time><sat>15</sat></trkpt>
  <trkpt lat="35.68604237" lon="139.76600405"><ele>59.207</ele><time>2026-08-16T07:35:30Z</time><sat>20</sat></trkpt>
  <trkpt lat="35.68598693" lon="139.76597662"><ele>57.190</ele><time>2026-08-16T07:35:33Z</time><sat>27</sat></trkpt>
  <trkpt lat="35.68592533" lon="139.76595522"><ele>55.482</ele><time>2026-08-16T07:35:36Z</time><sat>27</sat></trkpt>
  <trkpt lat="35.68592327" lon="139.76604283"><ele>49.234</ele><time>2026-08-16T07:35:48Z</time><sat>29</sat></trkpt>
  <trkpt lat="35.68589723" lon="139.76609589"><ele>47.573</ele><time>2026-08-16T07:35:57Z</time><sat>27</sat></trkpt>
  <trkpt lat="35.68582201" lon="139.76610830"><ele>48.239</ele><time>2026-08-16T07:36:03Z</time><sat>29</sat></trkpt>
  <trkpt lat="35.68576212" lon="139.76604430"><ele>47.345</ele><time>2026-08-16T07:36:09Z</time><sat>28</sat></trkpt>
  <trkpt lat="35.68573135" lon="139.76599947"><ele>44.545</ele><time>2026-08-16T07:36:12Z</time><sat>26</sat></trkpt>
  <trkpt lat="35.68567925" lon="139.76595058"><ele>43.899</ele><time>2026-08-16T07:36:15Z</time><sat>25</sat></trkpt>
  <trkpt lat="35.68564498" lon="139.76590102"><ele>43.117</ele><time>2026-08-16T07:36:18Z</time><sat>25</sat></trkpt>
  <trkpt lat="35.68559966" lon="139.76582540"><ele>42.372</ele><time>2026-08-16T07:36:21Z</time><sat>28</sat></trkpt>
  <trkpt lat="35.68556401" lon="139.76573176"><ele>41.834</ele><time>2026-08-16T07:36:24Z</time><sat>27</sat></trkpt>
  <trkpt lat="35.68555304" lon="139.76564675"><ele>40.700</ele><time>2026-08-16T07:36:27Z</time><sat>26</sat></trkpt>
  <trkpt lat="35.68553552" lon="139.76555196"><ele>39.915</ele><time>2026-08-16T07:36:30Z</time><sat>25</sat></trkpt>
  <trkpt lat="35.68551112" lon="139.76546011"><ele>39.330</ele><time>2026-08-16T07:36:33Z</time><sat>27</sat></trkpt>
  <trkpt lat="35.68549753" lon="139.76540592"><ele>36.013</ele><time>2026-08-16T07:36:36Z</time><sat>28</sat></trkpt>
  <trkpt lat="35.68544608" lon="139.76533792"><ele>29.762</ele><time>2026-08-16T07:36:45Z</time><sat>26</sat></trkpt>
  <trkpt lat="35.68539898" lon="139.76529209"><ele>28.305</ele><time>2026-08-16T07:36:51Z</time><sat>30</sat></trkpt>
  <trkpt lat="35.68534510" lon="139.76525343"><ele>25.040</ele><time>2026-08-16T07:36:57Z</time><sat>31</sat></trkpt>
  <trkpt lat="35.68526813" lon="139.76522605"><ele>24.476</ele><time>2026-08-16T07:37:03Z</time><sat>27</sat></trkpt>
  <trkpt lat="35.68522135" lon="139.76521200"><ele>26.637</ele><time>2026-08-16T07:37:06Z</time><sat>28</sat></trkpt>
  <trkpt lat="35.68516779" lon="139.76518890"><ele>25.064</ele><time>2026-08-16T07:37:09Z</time><sat>30</sat></trkpt>
  <trkpt lat="35.68510436" lon="139.76517308"><ele>26.266</ele><time>2026-08-16T07:37:12Z</time><sat>29</sat></trkpt>
  <trkpt lat="35.68503018" lon="139.76517836"><ele>32.930</ele><time>2026-08-16T07:37:15Z</time><sat>28</sat></trkpt>
  <trkpt lat="35.68496786" lon="139.76520442"><ele>37.476</ele><time>2026-08-16T07:37:18Z</time><sat>31</sat></trkpt>
  <trkpt lat="35.68490851" lon="139.76523098"><ele>42.178</ele><time>2026-08-16T07:37:21Z</time><sat>33</sat></trkpt>
  <trkpt lat="35.68487351" lon="139.76527898"><ele>43.153</ele><time>2026-08-16T07:37:24Z</time><sat>31</sat></trkpt>
  <trkpt lat="35.68486325" lon="139.76529324"><ele>43.983</ele><time>2026-08-16T07:37:36Z</time><sat>28</sat></trkpt>
  <trkpt lat="35.68486620" lon="139.76530542"><ele>44.495</ele><time>2026-08-16T07:37:45Z</time><sat>27</sat></trkpt>
  <trkpt lat="35.68484391" lon="139.76530676"><ele>48.096</ele><time>2026-08-16T07:37:48Z</time><sat>28</sat></trkpt>
  <trkpt lat="35.68479978" lon="139.76532075"><ele>47.023</ele><time>2026-08-16T07:37:51Z</time><sat>33</sat></trkpt>
  <trkpt lat="35.68476897" lon="139.76537852"><ele>44.371</ele><time>2026-08-16T07:37:54Z</time><sat>32</sat></trkpt>
  <trkpt lat="35.68474043" lon="139.76542979"><ele>46.008</ele><time>2026-08-16T07:37:57Z</time><sat>29</sat></trkpt>
  <trkpt lat="35.68470381" lon="139.76547848"><ele>46.888</ele><time>2026-08-16T07:38:00Z</time><sat>31</sat></trkpt>
  <trkpt lat="35.68466282" lon="139.76552417"><ele>45.022</ele><time>2026-08-16T07:38:03Z</time><sat>33</sat></trkpt>
  <trkpt lat="35.68460798" lon="139.76557738"><ele>43.928</ele><time>2026-08-16T07:38:09Z</time><sat>30</sat></trkpt>
  <trkpt lat="35.68455371" lon="139.76559325"><ele>42.214</ele><time>2026-08-16T07:38:15Z</time><sat>32</sat></trkpt>
  <trkpt lat="35.68448127" lon="139.76558232"><ele>43.472</ele><time>2026-08-16T07:38:21Z</time><sat>28</sat></trkpt>
  <trkpt lat="35.68442978" lon="139.76556068"><ele>44.216</ele><time>2026-08-16T07:38:24Z</time><sat>25</sat></trkpt>
  <trkpt lat="35.68437564" lon="139.76557743"><ele>44.235</ele><time>2026-08-16T07:38:27Z</time><sat>22</sat></trkpt>
  <trkpt lat="35.68428591" lon="139.76553286"><ele>45.865</ele><time>2026-08-16T07:38:33Z</time><sat>20</sat></trkpt>
  <trkpt lat="35.68423883" lon="139.76547464"><ele>46.366</ele><time>2026-08-16T07:38:36Z</time><sat>21</sat></trkpt>
  <trkpt lat="35.68420000" lon="139.76539573"><ele>46.089</ele><time>2026-08-16T07:38:39Z</time><sat>20</sat></trkpt>
  <trkpt lat="35.68417872" lon="139.76529736"><ele>45.695</ele><time>2026-08-16T07:38:42Z</time><sat>22</sat></trkpt>
  <trkpt lat="35.68414684" lon="139.76521801"><ele>47.358</ele><time>2026-08-16T07:38:45Z</time><sat>20</sat></trkpt>
  <trkpt lat="35.68411389" lon="139.76514501"><ele>47.180</ele><time>2026-08-16T07:38:48Z</time><sat>20</sat></trkpt>
  <trkpt lat="35.68407005" lon="139.76509883"><ele>48.415</ele><time>2026-08-16T07:38:51Z</time><sat>23</sat></trkpt>
  <trkpt lat="35.68404979" lon="139.76499459"><ele>49.453</ele><time>2026-08-16T07:38:57Z</time><sat>21</sat></trkpt>
  <trkpt lat="35.68400216" lon="139.76490341"><ele>53.861</ele><time>2026-08-16T07:39:03Z</time><sat>18</sat></trkpt>
  <trkpt lat="35.68389625" lon="139.76490095"><ele>60.534</ele><time>2026-08-16T07:39:06Z</time><sat>20</sat></trkpt>
  <trkpt lat="35.68378052" lon="139.76493104"><ele>64.344</ele><time>2026-08-16T07:39:09Z</time><sat>23</sat></trkpt>
  <trkpt lat="35.68370384" lon="139.76498571"><ele>66.674</ele><time>2026-08-16T07:39:12Z</time><sat>22</sat></trkpt>
  <trkpt lat="35.68365386" lon="139.76503456"><ele>67.371</ele><time>2026-08-16T07:39:15Z</time><sat>26</sat></trkpt>
  <trkpt lat="35.68360785" lon="139.76506721"><ele>67.749</ele><time>2026-08-16T07:39:18Z</time><sat>26</sat></trkpt>
  <trkpt lat="35.68356199" lon="139.76506223"><ele>69.348</ele><time>2026-08-16T07:39:21Z</time><sat>22</sat></trkpt>
  <trkpt lat="35.68351675" lon="139.76498692"><ele>70.343</ele><time>2026-08-16T07:39:24Z</time><sat>23</sat></trkpt>
  <trkpt lat="35.68348926" lon="139.76492988"><ele>70.465</ele><time>2026-08-16T07:39:27Z</time><sat>24</sat></trkpt>
  <trkpt lat="35.68346858" lon="139.76485441"><ele>69.134</ele><time>2026-08-16T07:39:30Z</time><sat>26</sat></trkpt>
  <trkpt lat="35.68347100" lon="139.76475481"><ele>69.791</ele><time>2026-08-16T07:39:33Z</time><sat>27</sat></trkpt>
  <trkpt lat="35.68343867" lon="139.76470231"><ele>66.995</ele><time>2026-08-16T07:39:39Z</time><sat>23</sat></trkpt>
  <trkpt lat="35.68339091" lon="139.76465287"><ele>63.749</ele><time>2026-08-16T07:39:45Z</time><sat>28</sat></trkpt>
  <trkpt lat="35.68338378" lon="139.76472328"><ele>62.264</ele><time>2026-08-16T07:39:48Z</time><sat>28</sat></trkpt>
  <trkpt lat="35.68335802" lon="139.76477928"><ele>62.831</ele><time>2026-08-16T07:39:51Z</time><sat>27</sat></trkpt>
  <trkpt lat="35.68328163" lon="139.76484484"><ele>64.769</ele><time>2026-08-16T07:39:57Z</time><sat>30</sat></trkpt>
  <trkpt lat="35.68323264" lon="139.76487306"><ele>66.494</ele><time>2026-08-16T07:40:00Z</time><sat>29</sat></trkpt>
  <trkpt lat="35.68318201" lon="139.76492922"><ele>69.366</ele><time>2026-08-16T07:40:03Z</time><sat>23</sat></trkpt>
  <trkpt lat="35.68312523" lon="139.76495393"><ele>71.469</ele><time>2026-08-16T07:40:06Z</time><sat>28</sat></trkpt>
  <trkpt lat="35.68307429" lon="139.76494158"><ele>74.158</ele><time>2026-08-16T07:40:09Z</time><sat>29</sat></trkpt>
  <trkpt lat="35.68301985" lon="139.76493910"><ele>77.764</ele><time>2026-08-16T07:40:12Z</time><sat>31</sat></trkpt>
  <trkpt lat="35.68296834" lon="139.76496953"><ele>78.238</ele><time>2026-08-16T07:40:15Z</time><sat>29</sat></trkpt>
  <trkpt lat="35.68292230" lon="139.76497822"><ele>76.053</ele><time>2026-08-16T07:40:18Z</time><sat>27</sat></trkpt>
  <trkpt lat="35.68291486" lon="139.76506553"><ele>64.444</ele><time>2026-08-16T07:40:21Z</time><sat>29</sat></trkpt>
  <trkpt lat="35.68293143" lon="139.76516003"><ele>56.501</ele><time>2026-08-16T07:40:24Z</time><sat>31</sat></trkpt>
  <trkpt lat="35.68293473" lon="139.76522308"><ele>55.917</ele><time>2026-08-16T07:40:27Z</time><sat>31</sat></trkpt>
  <trkpt lat="35.68289140" lon="139.76528204"><ele>50.955</ele><time>2026-08-16T07:40:33Z</time><sat>28</sat></trkpt>
  <trkpt lat="35.68286625" lon="139.76526967"><ele>51.218</ele><time>2026-08-16T07:40:36Z</time><sat>28</sat></trkpt>
  <trkpt lat="35.68285884" lon="139.76525185"><ele>51.508</ele><time>2026-08-16T07:40:39Z</time><sat>28</sat></trkpt>
  <trkpt lat="35.68286152" lon="139.76524735"><ele>52.276</ele><time>2026-08-16T07:40:51Z</time><sat>27</sat></trkpt>
  <trkpt lat="35.68286521" lon="139.76524057"><ele>52.813</ele><time>2026-08-16T07:41:03Z</time><sat>31</sat></trkpt>
  <trkpt lat="35.68286447" lon="139.76523991"><ele>52.800</ele><time>2026-08-16T07:41:06Z</time><sat>34</sat></trkpt>
  <trkpt lat="35.68286239" lon="139.76523706"><ele>52.938</ele><time>2026-08-16T07:41:09Z</time><sat>30</sat></trkpt>
  <trkpt lat="35.68285935" lon="139.76523257"><ele>53.560</ele><time>2026-08-16T07:41:21Z</time><sat>31</sat></trkpt>
  <trkpt lat="35.68285784" lon="139.76522892"><ele>53.882</ele><time>2026-08-16T07:41:33Z</time><sat>32</sat></trkpt>
  <trkpt lat="35.68285955" lon="139.76522628"><ele>54.180</ele><time>2026-08-16T07:41:36Z</time><sat>34</sat></trkpt>
  <trkpt lat="35.68286514" lon="139.76521186"><ele>53.439</ele><time>2026-08-16T07:41:39Z</time><sat>33</sat></trkpt>
  <trkpt lat="35.68295338" lon="139.76521455"><ele>50.877</ele><time>2026-08-16T07:41:45Z</time><sat>31</sat></trkpt>
  <trkpt lat="35.68302655" lon="139.76520726"><ele>49.476</ele><time>2026-08-16T07:41:50Z</time><sat>31</sat></trkpt>
  <trkpt lat="35.68305308" lon="139.76517308"><ele>49.074</ele><time>2026-08-16T07:41:53Z</time><sat>32</sat></trkpt>
  <trkpt lat="35.68305331" lon="139.76514576"><ele>48.907</ele><time>2026-08-16T07:41:56Z</time><sat>30</sat></trkpt>
  <trkpt lat="35.68304911" lon="139.76513597"><ele>49.425</ele><time>2026-08-16T07:42:08Z</time><sat>26</sat></trkpt>
  <trkpt lat="35.68304591" lon="139.76512077"><ele>48.956</ele><time>2026-08-16T07:42:20Z</time><sat>32</sat></trkpt>
  <trkpt lat="35.68304643" lon="139.76511435"><ele>47.979</ele><time>2026-08-16T07:42:32Z</time><sat>33</sat></trkpt>
  <trkpt lat="35.68304569" lon="139.76511344"><ele>48.977</ele><time>2026-08-16T07:42:38Z</time><sat>23</sat></trkpt>
  <trkpt lat="35.68302895" lon="139.76512507"><ele>49.908</ele><time>2026-08-16T07:42:41Z</time><sat>26</sat></trkpt>
  <trkpt lat="35.68303174" lon="139.76513706"><ele>52.910</ele><time>2026-08-16T07:42:44Z</time><sat>31</sat></trkpt>
  <trkpt lat="35.68302390" lon="139.76514098"><ele>53.258</ele><time>2026-08-16T07:42:56Z</time><sat>28</sat></trkpt>
  <trkpt lat="35.68302574" lon="139.76513343"><ele>53.733</ele><time>2026-08-16T07:43:08Z</time><sat>27</sat></trkpt>
  <trkpt lat="35.68303220" lon="139.76511748"><ele>53.689</ele><time>2026-08-16T07:43:20Z</time><sat>33</sat></trkpt>
  <trkpt lat="35.68303475" lon="139.76510869"><ele>54.745</ele><time>2026-08-16T07:43:29Z</time><sat>29</sat></trkpt>
  <trkpt lat="35.68303906" lon="139.76510450"><ele>54.801</ele><time>2026-08-16T07:43:32Z</time><sat>27</sat></trkpt>
  <trkpt lat="35.68309277" lon="139.76504995"><ele>54.765</ele><time>2026-08-16T07:43:38Z</time><sat>31</sat></trkpt>
  <trkpt lat="35.68310795" lon="139.76499629"><ele>53.128</ele><time>2026-08-16T07:43:41Z</time><sat>32</sat></trkpt>
  <trkpt lat="35.68311063" lon="139.76493374"><ele>54.020</ele><time>2026-08-16T07:43:44Z</time><sat>32</sat></trkpt>
  <trkpt lat="35.68310244" lon="139.76487165"><ele>52.451</ele><time>2026-08-16T07:43:50Z</time><sat>30</sat></trkpt>
  <trkpt lat="35.68312514" lon="139.76480608"><ele>49.422</ele><time>2026-08-16T07:43:56Z</time><sat>30</sat></trkpt>
  <trkpt lat="35.68313089" lon="139.76470732"><ele>51.526</ele><time>2026-08-16T07:44:02Z</time><sat>29</sat></trkpt>
  <trkpt lat="35.68313248" lon="139.76459719"><ele>50.452</ele><time>2026-08-16T07:44:08Z</time><sat>28</sat></trkpt>
  <trkpt lat="35.68312657" lon="139.76450791"><ele>51.526</ele><time>2026-08-16T07:44:14Z</time><sat>31</sat></trkpt>
  <trkpt lat="35.68312958" lon="139.76442482"><ele>48.514</ele><time>2026-08-16T07:44:20Z</time><sat>32</sat></trkpt>
  <trkpt lat="35.68314352" lon="139.76436628"><ele>49.789</ele><time>2026-08-16T07:44:23Z</time><sat>31</sat></trkpt>
  <trkpt lat="35.68314772" lon="139.76430456"><ele>48.917</ele><time>2026-08-16T07:44:26Z</time><sat>33</sat></trkpt>
  <trkpt lat="35.68316467" lon="139.76425177"><ele>48.934</ele><time>2026-08-16T07:44:29Z</time><sat>33</sat></trkpt>
  <trkpt lat="35.68319735" lon="139.76419954"><ele>45.799</ele><time>2026-08-16T07:44:32Z</time><sat>32</sat></trkpt>
  <trkpt lat="35.68328237" lon="139.76413136"><ele>43.418</ele><time>2026-08-16T07:44:38Z</time><sat>32</sat></trkpt>
  <trkpt lat="35.68332553" lon="139.76406063"><ele>48.506</ele><time>2026-08-16T07:44:44Z</time><sat>33</sat></trkpt>
  <trkpt lat="35.68335883" lon="139.76400467"><ele>47.599</ele><time>2026-08-16T07:44:47Z</time><sat>33</sat></trkpt>
  <trkpt lat="35.68338019" lon="139.76394646"><ele>45.983</ele><time>2026-08-16T07:44:50Z</time><sat>33</sat></trkpt>
  <trkpt lat="35.68339999" lon="139.76389114"><ele>46.688</ele><time>2026-08-16T07:44:53Z</time><sat>34</sat></trkpt>
  <trkpt lat="35.68340956" lon="139.76379833"><ele>48.605</ele><time>2026-08-16T07:44:59Z</time><sat>33</sat></trkpt>
  <trkpt lat="35.68340397" lon="139.76374215"><ele>47.590</ele><time>2026-08-16T07:45:02Z</time><sat>34</sat></trkpt>
  <trkpt lat="35.68340343" lon="139.76365694"><ele>54.236</ele><time>2026-08-16T07:45:08Z</time><sat>32</sat></trkpt>
  <trkpt lat="35.68342481" lon="139.76360706"><ele>55.923</ele><time>2026-08-16T07:45:14Z</time><sat>27</sat></trkpt>
  <trkpt lat="35.68343415" lon="139.76351514"><ele>56.739</ele><time>2026-08-16T07:45:20Z</time><sat>33</sat></trkpt>
  <trkpt lat="35.68345116" lon="139.76344263"><ele>58.427</ele><time>2026-08-16T07:45:23Z</time><sat>32</sat></trkpt>
  <trkpt lat="35.68345173" lon="139.76336315"><ele>60.224</ele><time>2026-08-16T07:45:26Z</time><sat>28</sat></trkpt>
  <trkpt lat="35.68344365" lon="139.76328431"><ele>62.406</ele><time>2026-08-16T07:45:29Z</time><sat>28</sat></trkpt>
  <trkpt lat="35.68342554" lon="139.76318640"><ele>64.905</ele><time>2026-08-16T07:45:32Z</time><sat>29</sat></trkpt>
  <trkpt lat="35.68340441" lon="139.76309102"><ele>63.550</ele><time>2026-08-16T07:45:35Z</time><sat>26</sat></trkpt>
  <trkpt lat="35.68342043" lon="139.76299942"><ele>61.404</ele><time>2026-08-16T07:45:41Z</time><sat>26</sat></trkpt>
  <trkpt lat="35.68349567" lon="139.76298664"><ele>54.659</ele><time>2026-08-16T07:45:47Z</time><sat>23</sat></trkpt>
  <trkpt lat="35.68352350" lon="139.76292685"><ele>53.220</ele><time>2026-08-16T07:45:56Z</time><sat>23</sat></trkpt>
  <trkpt lat="35.68354609" lon="139.76286495"><ele>52.095</ele><time>2026-08-16T07:46:02Z</time><sat>27</sat></trkpt>
  <trkpt lat="35.68361727" lon="139.76281211"><ele>51.059</ele><time>2026-08-16T07:46:08Z</time><sat>28</sat></trkpt>
  <trkpt lat="35.68367582" lon="139.76276458"><ele>51.720</ele><time>2026-08-16T07:46:11Z</time><sat>31</sat></trkpt>
  <trkpt lat="35.68370475" lon="139.76270707"><ele>51.794</ele><time>2026-08-16T07:46:14Z</time><sat>31</sat></trkpt>
  <trkpt lat="35.68370639" lon="139.76261251"><ele>51.508</ele><time>2026-08-16T07:46:20Z</time><sat>29</sat></trkpt>
  <trkpt lat="35.68371182" lon="139.76255171"><ele>50.273</ele><time>2026-08-16T07:46:26Z</time><sat>32</sat></trkpt>
  <trkpt lat="35.68373528" lon="139.76245594"><ele>50.065</ele><time>2026-08-16T07:46:32Z</time><sat>32</sat></trkpt>
  <trkpt lat="35.68378776" lon="139.76243998"><ele>51.744</ele><time>2026-08-16T07:46:38Z</time><sat>32</sat></trkpt>
  <trkpt lat="35.68384102" lon="139.76249891"><ele>52.759</ele><time>2026-08-16T07:46:44Z</time><sat>32</sat></trkpt>
  <trkpt lat="35.68391850" lon="139.76256665"><ele>50.363</ele><time>2026-08-16T07:46:50Z</time><sat>32</sat></trkpt>
  <trkpt lat="35.68395634" lon="139.76261167"><ele>51.312</ele><time>2026-08-16T07:46:53Z</time><sat>29</sat></trkpt>
  <trkpt lat="35.68403766" lon="139.76262932"><ele>49.883</ele><time>2026-08-16T07:46:59Z</time><sat>29</sat></trkpt>
  <trkpt lat="35.68409929" lon="139.76264638"><ele>46.716</ele><time>2026-08-16T07:47:05Z</time><sat>30</sat></trkpt>
  <trkpt lat="35.68411089" lon="139.76264050"><ele>46.369</ele><time>2026-08-16T07:47:08Z</time><sat>28</sat></trkpt>
  <trkpt lat="35.68411556" lon="139.76261961"><ele>45.677</ele><time>2026-08-16T07:47:22Z</time><sat>28</sat></trkpt>
  <trkpt lat="35.68411112" lon="139.76261906"><ele>46.259</ele><time>2026-08-16T07:47:34Z</time><sat>27</sat></trkpt>
  <trkpt lat="35.68411096" lon="139.76261898"><ele>46.207</ele><time>2026-08-16T07:47:40Z</time><sat>27</sat></trkpt>
  <trkpt lat="35.68411802" lon="139.76262601"><ele>45.949</ele><time>2026-08-16T07:47:43Z</time><sat>25</sat></trkpt>
  <trkpt lat="35.68418121" lon="139.76264290"><ele>45.567</ele><time>2026-08-16T07:47:49Z</time><sat>27</sat></trkpt>
  <trkpt lat="35.68424462" lon="139.76266665"><ele>45.016</ele><time>2026-08-16T07:47:55Z</time><sat>29</sat></trkpt>
  <trkpt lat="35.68429492" lon="139.76266866"><ele>45.841</ele><time>2026-08-16T07:48:01Z</time><sat>29</sat></trkpt>
  <trkpt lat="35.68434726" lon="139.76267321"><ele>47.248</ele><time>2026-08-16T07:48:07Z</time><sat>31</sat></trkpt>
  <trkpt lat="35.68439668" lon="139.76269552"><ele>45.938</ele><time>2026-08-16T07:48:13Z</time><sat>28</sat></trkpt>
  <trkpt lat="35.68445040" lon="139.76266905"><ele>46.965</ele><time>2026-08-16T07:48:19Z</time><sat>32</sat></trkpt>
  <trkpt lat="35.68449905" lon="139.76265959"><ele>47.675</ele><time>2026-08-16T07:48:25Z</time><sat>32</sat></trkpt>
  <trkpt lat="35.68455235" lon="139.76270324"><ele>50.624</ele><time>2026-08-16T07:48:31Z</time><sat>32</sat></trkpt>
  <trkpt lat="35.68460072" lon="139.76273373"><ele>52.968</ele><time>2026-08-16T07:48:36Z</time><sat>32</sat></trkpt>
  <trkpt lat="35.68464078" lon="139.76279025"><ele>53.646</ele><time>2026-08-16T07:48:42Z</time><sat>32</sat></trkpt>
  <trkpt lat="35.68464797" lon="139.76286600"><ele>53.081</ele><time>2026-08-16T07:48:48Z</time><sat>31</sat></trkpt>
  <trkpt lat="35.68463924" lon="139.76293364"><ele>53.129</ele><time>2026-08-16T07:48:54Z</time><sat>32</sat></trkpt>
  <trkpt lat="35.68464671" lon="139.76300926"><ele>50.333</ele><time>2026-08-16T07:48:57Z</time><sat>31</sat></trkpt>
  <trkpt lat="35.68467218" lon="139.76308534"><ele>50.131</ele><time>2026-08-16T07:49:00Z</time><sat>29</sat></trkpt>
  <trkpt lat="35.68470686" lon="139.76315905"><ele>49.314</ele><time>2026-08-16T07:49:03Z</time><sat>31</sat></trkpt>
  <trkpt lat="35.68472649" lon="139.76323380"><ele>49.499</ele><time>2026-08-16T07:49:06Z</time><sat>32</sat></trkpt>
  <trkpt lat="35.68474889" lon="139.76330700"><ele>50.579</ele><time>2026-08-16T07:49:09Z</time><sat>31</sat></trkpt>
  <trkpt lat="35.68476403" lon="139.76336368"><ele>55.340</ele><time>2026-08-16T07:49:12Z</time><sat>30</sat></trkpt>
  <trkpt lat="35.68478617" lon="139.76343130"><ele>55.246</ele><time>2026-08-16T07:49:18Z</time><sat>31</sat></trkpt>
  <trkpt lat="35.68486505" lon="139.76342456"><ele>57.402</ele><time>2026-08-16T07:49:24Z</time><sat>30</sat></trkpt>
  <trkpt lat="35.68491512" lon="139.76338302"><ele>55.913</ele><time>2026-08-16T07:49:27Z</time><sat>30</sat></trkpt>
  <trkpt lat="35.68498378" lon="139.76331209"><ele>38.368</ele><time>2026-08-16T07:49:30Z</time><sat>28</sat></trkpt>
  <trkpt lat="35.68504123" lon="139.76321430"><ele>32.924</ele><time>2026-08-16T07:49:33Z</time><sat>29</sat></trkpt>
  <trkpt lat="35.68508612" lon="139.76312204"><ele>29.333</ele><time>2026-08-16T07:49:36Z</time><sat>31</sat></trkpt>
  <trkpt lat="35.68512362" lon="139.76304049"><ele>29.508</ele><time>2026-08-16T07:49:39Z</time><sat>32</sat></trkpt>
  <trkpt lat="35.68515866" lon="139.76296952"><ele>30.856</ele><time>2026-08-16T07:49:42Z</time><sat>32</sat></trkpt>
  <trkpt lat="35.68518981" lon="139.76290946"><ele>32.289</ele><time>2026-08-16T07:49:45Z</time><sat>28</sat></trkpt>
  <trkpt lat="35.68520550" lon="139.76284637"><ele>35.327</ele><time>2026-08-16T07:49:48Z</time><sat>27</sat></trkpt>
  <trkpt lat="35.68521137" lon="139.76282701"><ele>37.808</ele><time>2026-08-16T07:49:51Z</time><sat>27</sat></trkpt>
  <trkpt lat="35.68520845" lon="139.76280419"><ele>38.445</ele><time>2026-08-16T07:49:54Z</time><sat>28</sat></trkpt>
  <trkpt lat="35.68521453" lon="139.76279700"><ele>39.076</ele><time>2026-08-16T07:49:57Z</time><sat>30</sat></trkpt>
  <trkpt lat="35.68521690" lon="139.76280028"><ele>41.657</ele><time>2026-08-16T07:50:00Z</time><sat>26</sat></trkpt>
  <trkpt lat="35.68522773" lon="139.76279286"><ele>42.834</ele><time>2026-08-16T07:50:03Z</time><sat>26</sat></trkpt>
  <trkpt lat="35.68524789" lon="139.76278791"><ele>45.112</ele><time>2026-08-16T07:50:14Z</time><sat>33</sat></trkpt>
  <trkpt lat="35.68524901" lon="139.76278147"><ele>46.619</ele><time>2026-08-16T07:50:17Z</time><sat>29</sat></trkpt>
  <trkpt lat="35.68525793" lon="139.76277319"><ele>47.438</ele><time>2026-08-16T07:50:20Z</time><sat>30</sat></trkpt>
  <trkpt lat="35.68526598" lon="139.76276117"><ele>47.424</ele><time>2026-08-16T07:50:32Z</time><sat>29</sat></trkpt>
  <trkpt lat="35.68526630" lon="139.76276128"><ele>47.432</ele><time>2026-08-16T07:50:35Z</time><sat>29</sat></trkpt>
  <trkpt lat="35.68527106" lon="139.76275998"><ele>47.664</ele><time>2026-08-16T07:50:38Z</time><sat>30</sat></trkpt>
  <trkpt lat="35.68528093" lon="139.76267946"><ele>48.099</ele><time>2026-08-16T07:50:47Z</time><sat>30</sat></trkpt>
  <trkpt lat="35.68528308" lon="139.76258940"><ele>48.576</ele><time>2026-08-16T07:50:53Z</time><sat>34</sat></trkpt>
  <trkpt lat="35.68528866" lon="139.76250009"><ele>49.536</ele><time>2026-08-16T07:50:59Z</time><sat>32</sat></trkpt>
  <trkpt lat="35.68530496" lon="139.76241622"><ele>51.666</ele><time>2026-08-16T07:51:05Z</time><sat>34</sat></trkpt>
  <trkpt lat="35.68535154" lon="139.76234467"><ele>53.583</ele><time>2026-08-16T07:51:11Z</time><sat>31</sat></trkpt>
  <trkpt lat="35.68538212" lon="139.76225395"><ele>56.016</ele><time>2026-08-16T07:51:17Z</time><sat>28</sat></trkpt>
  <trkpt lat="35.68541617" lon="139.76221241"><ele>57.429</ele><time>2026-08-16T07:51:20Z</time><sat>28</sat></trkpt>
  <trkpt lat="35.68545355" lon="139.76217016"><ele>57.806</ele><time>2026-08-16T07:51:23Z</time><sat>31</sat></trkpt>
  <trkpt lat="35.68548130" lon="139.76205961"><ele>56.422</ele><time>2026-08-16T07:51:29Z</time><sat>27</sat></trkpt>
  <trkpt lat="35.68548089" lon="139.76199897"><ele>57.058</ele><time>2026-08-16T07:51:32Z</time><sat>30</sat></trkpt>
  <trkpt lat="35.68547252" lon="139.76189677"><ele>54.395</ele><time>2026-08-16T07:51:38Z</time><sat>27</sat></trkpt>
  <trkpt lat="35.68547330" lon="139.76182104"><ele>51.141</ele><time>2026-08-16T07:51:44Z</time><sat>28</sat></trkpt>
  <trkpt lat="35.68548651" lon="139.76175273"><ele>48.617</ele><time>2026-08-16T07:51:50Z</time><sat>25</sat></trkpt>
  <trkpt lat="35.68553755" lon="139.76170232"><ele>49.261</ele><time>2026-08-16T07:51:56Z</time><sat>26</sat></trkpt>
  <trkpt lat="35.68552506" lon="139.76161493"><ele>48.565</ele><time>2026-08-16T07:52:02Z</time><sat>25</sat></trkpt>
  <trkpt lat="35.68551445" lon="139.76150738"><ele>48.046</ele><time>2026-08-16T07:52:08Z</time><sat>27</sat></trkpt>
  <trkpt lat="35.68549563" lon="139.76140908"><ele>48.610</ele><time>2026-08-16T07:52:14Z</time><sat>25</sat></trkpt>
  <trkpt lat="35.68551125" lon="139.76135677"><ele>49.555</ele><time>2026-08-16T07:52:17Z</time><sat>23</sat></trkpt>
  <trkpt lat="35.68553133" lon="139.76130398"><ele>48.551</ele><time>2026-08-16T07:52:20Z</time><sat>23</sat></trkpt>
  <trkpt lat="35.68554254" lon="139.76127108"><ele>49.389</ele><time>2026-08-16T07:52:23Z</time><sat>22</sat></trkpt>
  <trkpt lat="35.68554268" lon="139.76126850"><ele>49.373</ele><time>2026-08-16T07:52:26Z</time><sat>22</sat></trkpt>
  <trkpt lat="35.68554183" lon="139.76126889"><ele>49.328</ele><time>2026-08-16T07:52:35Z</time><sat>22</sat></trkpt>
  <trkpt lat="35.68554253" lon="139.76125975"><ele>48.413</ele><time>2026-08-16T07:52:38Z</time><sat>22</sat></trkpt>
  <trkpt lat="35.68556930" lon="139.76116587"><ele>50.023</ele><time>2026-08-16T07:52:44Z</time><sat>22</sat></trkpt>
  <trkpt lat="35.68560271" lon="139.76108689"><ele>48.479</ele><time>2026-08-16T07:52:50Z</time><sat>24</sat></trkpt>
  <trkpt lat="35.68561262" lon="139.76102864"><ele>46.621</ele><time>2026-08-16T07:52:56Z</time><sat>23</sat></trkpt>
  <trkpt lat="35.68563308" lon="139.76094681"><ele>44.100</ele><time>2026-08-16T07:53:02Z</time><sat>25</sat></trkpt>
  <trkpt lat="35.68568649" lon="139.76093551"><ele>39.641</ele><time>2026-08-16T07:53:11Z</time><sat>28</sat></trkpt>
  <trkpt lat="35.68574289" lon="139.76096207"><ele>42.148</ele><time>2026-08-16T07:53:17Z</time><sat>33</sat></trkpt>
  <trkpt lat="35.68579414" lon="139.76097851"><ele>45.272</ele><time>2026-08-16T07:53:23Z</time><sat>34</sat></trkpt>
  <trkpt lat="35.68584291" lon="139.76097323"><ele>43.529</ele><time>2026-08-16T07:53:29Z</time><sat>30</sat></trkpt>
  <trkpt lat="35.68584597" lon="139.76094112"><ele>43.675</ele><time>2026-08-16T07:53:32Z</time><sat>29</sat></trkpt>
  <trkpt lat="35.68583680" lon="139.76093060"><ele>44.138</ele><time>2026-08-16T07:53:35Z</time><sat>28</sat></trkpt>
  <trkpt lat="35.68581628" lon="139.76093899"><ele>45.086</ele><time>2026-08-16T07:53:41Z</time><sat>28</sat></trkpt>
  <trkpt lat="35.68581509" lon="139.76094385"><ele>45.340</ele><time>2026-08-16T07:53:44Z</time><sat>28</sat></trkpt>
  <trkpt lat="35.68581646" lon="139.76094554"><ele>45.752</ele><time>2026-08-16T07:53:47Z</time><sat>29</sat></trkpt>
  <trkpt lat="35.68582371" lon="139.76095012"><ele>46.199</ele><time>2026-08-16T07:53:52Z</time><sat>29</sat></trkpt>
  <trkpt lat="35.68582484" lon="139.76095520"><ele>46.337</ele><time>2026-08-16T07:53:55Z</time><sat>29</sat></trkpt>
  <trkpt lat="35.68582514" lon="139.76095587"><ele>45.682</ele><time>2026-08-16T07:54:01Z</time><sat>30</sat></trkpt>
  <trkpt lat="35.68582825" lon="139.76096903"><ele>47.263</ele><time>2026-08-16T07:54:04Z</time><sat>29</sat></trkpt>
  <trkpt lat="35.68584631" lon="139.76102997"><ele>47.678</ele><time>2026-08-16T07:54:10Z</time><sat>29</sat></trkpt>
  <trkpt lat="35.68589932" lon="139.76106476"><ele>47.712</ele><time>2026-08-16T07:54:16Z</time><sat>30</sat></trkpt>
  <trkpt lat="35.68595794" lon="139.76108128"><ele>47.438</ele><time>2026-08-16T07:54:22Z</time><sat>30</sat></trkpt>
  <trkpt lat="35.68601951" lon="139.76109782"><ele>47.988</ele><time>2026-08-16T07:54:28Z</time><sat>31</sat></trkpt>
  <trkpt lat="35.68606891" lon="139.76110855"><ele>45.665</ele><time>2026-08-16T07:54:34Z</time><sat>30</sat></trkpt>
  <trkpt lat="35.68611981" lon="139.76113984"><ele>42.716</ele><time>2026-08-16T07:54:37Z</time><sat>32</sat></trkpt>
  <trkpt lat="35.68616839" lon="139.76121047"><ele>36.830</ele><time>2026-08-16T07:54:43Z</time><sat>29</sat></trkpt>
  <trkpt lat="35.68622297" lon="139.76124387"><ele>34.870</ele><time>2026-08-16T07:54:49Z</time><sat>30</sat></trkpt>
  <trkpt lat="35.68628843" lon="139.76125985"><ele>36.981</ele><time>2026-08-16T07:54:55Z</time><sat>30</sat></trkpt>
  <trkpt lat="35.68636747" lon="139.76127294"><ele>38.866</ele><time>2026-08-16T07:55:01Z</time><sat>29</sat></trkpt>
  <trkpt lat="35.68642601" lon="139.76129130"><ele>40.545</ele><time>2026-08-16T07:55:07Z</time><sat>27</sat></trkpt>
  <trkpt lat="35.68650334" lon="139.76131015"><ele>41.008</ele><time>2026-08-16T07:55:13Z</time><sat>28</sat></trkpt>
  <trkpt lat="35.68651877" lon="139.76131522"><ele>44.119</ele><time>2026-08-16T07:55:16Z</time><sat>30</sat></trkpt>
  <trkpt lat="35.68650904" lon="139.76131906"><ele>45.384</ele><time>2026-08-16T07:55:19Z</time><sat>31</sat></trkpt>
  <trkpt lat="35.68650517" lon="139.76131838"><ele>46.407</ele><time>2026-08-16T07:55:22Z</time><sat>31</sat></trkpt>
  <trkpt lat="35.68650140" lon="139.76130291"><ele>45.339</ele><time>2026-08-16T07:55:25Z</time><sat>31</sat></trkpt>
  <trkpt lat="35.68649937" lon="139.76129007"><ele>45.857</ele><time>2026-08-16T07:55:35Z</time><sat>28</sat></trkpt>
  <trkpt lat="35.68649888" lon="139.76128838"><ele>45.964</ele><time>2026-08-16T07:55:47Z</time><sat>29</sat></trkpt>
  <trkpt lat="35.68649880" lon="139.76128796"><ele>46.008</ele><time>2026-08-16T07:55:50Z</time><sat>30</sat></trkpt>
  <trkpt lat="35.68650720" lon="139.76129895"><ele>45.513</ele><time>2026-08-16T07:55:53Z</time><sat>30</sat></trkpt>
  <trkpt lat="35.68657166" lon="139.76130480"><ele>44.857</ele><time>2026-08-16T07:55:59Z</time><sat>31</sat></trkpt>
  <trkpt lat="35.68663943" lon="139.76131162"><ele>46.401</ele><time>2026-08-16T07:56:05Z</time><sat>31</sat></trkpt>
  <trkpt lat="35.68670524" lon="139.76131092"><ele>45.636</ele><time>2026-08-16T07:56:11Z</time><sat>31</sat></trkpt>
  <trkpt lat="35.68676931" lon="139.76134425"><ele>42.823</ele><time>2026-08-16T07:56:17Z</time><sat>35</sat></trkpt>
  <trkpt lat="35.68682359" lon="139.76138452"><ele>39.426</ele><time>2026-08-16T07:56:23Z</time><sat>28</sat></trkpt>
  <trkpt lat="35.68689265" lon="139.76141182"><ele>35.547</ele><time>2026-08-16T07:56:29Z</time><sat>31</sat></trkpt>
  <trkpt lat="35.68696579" lon="139.76143730"><ele>32.887</ele><time>2026-08-16T07:56:35Z</time><sat>28</sat></trkpt>
  <trkpt lat="35.68703153" lon="139.76145333"><ele>35.178</ele><time>2026-08-16T07:56:41Z</time><sat>27</sat></trkpt>
  <trkpt lat="35.68707435" lon="139.76146825"><ele>35.040</ele><time>2026-08-16T07:56:47Z</time><sat>28</sat></trkpt>
  <trkpt lat="35.68706840" lon="139.76146333"><ele>35.728</ele><time>2026-08-16T07:56:50Z</time><sat>29</sat></trkpt>
  <trkpt lat="35.68706232" lon="139.76144956"><ele>36.728</ele><time>2026-08-16T07:56:53Z</time><sat>27</sat></trkpt>
  <trkpt lat="35.68705533" lon="139.76144110"><ele>36.648</ele><time>2026-08-16T07:56:56Z</time><sat>28</sat></trkpt>
  <trkpt lat="35.68705160" lon="139.76144134"><ele>36.599</ele><time>2026-08-16T07:56:59Z</time><sat>29</sat></trkpt>
  <trkpt lat="35.68704477" lon="139.76144731"><ele>36.085</ele><time>2026-08-16T07:57:02Z</time><sat>25</sat></trkpt>
  <trkpt lat="35.68704628" lon="139.76144390"><ele>35.992</ele><time>2026-08-16T07:57:14Z</time><sat>28</sat></trkpt>
  <trkpt lat="35.68704639" lon="139.76144473"><ele>36.036</ele><time>2026-08-16T07:57:20Z</time><sat>28</sat></trkpt>
  <trkpt lat="35.68704973" lon="139.76144769"><ele>36.357</ele><time>2026-08-16T07:57:23Z</time><sat>28</sat></trkpt>
  <trkpt lat="35.68710765" lon="139.76145470"><ele>39.516</ele><time>2026-08-16T07:57:29Z</time><sat>30</sat></trkpt>
  <trkpt lat="35.68717254" lon="139.76144709"><ele>40.832</ele><time>2026-08-16T07:57:35Z</time><sat>31</sat></trkpt>
  <trkpt lat="35.68722474" lon="139.76144976"><ele>43.127</ele><time>2026-08-16T07:57:38Z</time><sat>32</sat></trkpt>
  <trkpt lat="35.68727543" lon="139.76145369"><ele>42.344</ele><time>2026-08-16T07:57:44Z</time><sat>29</sat></trkpt>
  <trkpt lat="35.68734196" lon="139.76144352"><ele>39.816</ele><time>2026-08-16T07:57:50Z</time><sat>30</sat></trkpt>
  <trkpt lat="35.68740622" lon="139.76140296"><ele>40.872</ele><time>2026-08-16T07:57:56Z</time><sat>29</sat></trkpt>
  <trkpt lat="35.68745782" lon="139.76137477"><ele>43.893</ele><time>2026-08-16T07:58:02Z</time><sat>29</sat></trkpt>
  <trkpt lat="35.68745433" lon="139.76136201"><ele>44.324</ele><time>2026-08-16T07:58:11Z</time><sat>31</sat></trkpt>
  <trkpt lat="35.68744552" lon="139.76135738"><ele>44.999</ele><time>2026-08-16T07:58:14Z</time><sat>32</sat></trkpt>
  <trkpt lat="35.68744632" lon="139.76135653"><ele>44.215</ele><time>2026-08-16T07:58:22Z</time><sat>29</sat></trkpt>
  <trkpt lat="35.68744732" lon="139.76135481"><ele>44.283</ele><time>2026-08-16T07:58:31Z</time><sat>33</sat></trkpt>
  <trkpt lat="35.68745718" lon="139.76135030"><ele>44.186</ele><time>2026-08-16T07:58:34Z</time><sat>33</sat></trkpt>
  <trkpt lat="35.68752743" lon="139.76130834"><ele>42.940</ele><time>2026-08-16T07:58:43Z</time><sat>32</sat></trkpt>
  <trkpt lat="35.68759573" lon="139.76128943"><ele>42.865</ele><time>2026-08-16T07:58:49Z</time><sat>33</sat></trkpt>
  <trkpt lat="35.68764227" lon="139.76129744"><ele>44.065</ele><time>2026-08-16T07:58:52Z</time><sat>32</sat></trkpt>
  <trkpt lat="35.68768848" lon="139.76126043"><ele>43.130</ele><time>2026-08-16T07:58:56Z</time><sat>29</sat></trkpt>
  <trkpt lat="35.68775317" lon="139.76124338"><ele>43.588</ele><time>2026-08-16T07:59:02Z</time><sat>31</sat></trkpt>
  <trkpt lat="35.68782761" lon="139.76124363"><ele>41.477</ele><time>2026-08-16T07:59:08Z</time><sat>31</sat></trkpt>
  <trkpt lat="35.68789557" lon="139.76124224"><ele>39.661</ele><time>2026-08-16T07:59:14Z</time><sat>31</sat></trkpt>
  <trkpt lat="35.68795983" lon="139.76123303"><ele>39.054</ele><time>2026-08-16T07:59:20Z</time><sat>30</sat></trkpt>
  <trkpt lat="35.68802055" lon="139.76120288"><ele>37.214</ele><time>2026-08-16T07:59:26Z</time><sat>29</sat></trkpt>
  <trkpt lat="35.68809576" lon="139.76117759"><ele>35.548</ele><time>2026-08-16T07:59:32Z</time><sat>31</sat></trkpt>
  <trkpt lat="35.68816103" lon="139.76113935"><ele>35.628</ele><time>2026-08-16T07:59:38Z</time><sat>27</sat></trkpt>
  <trkpt lat="35.68820654" lon="139.76109971"><ele>39.280</ele><time>2026-08-16T07:59:44Z</time><sat>30</sat></trkpt>
  <trkpt lat="35.68828276" lon="139.76108193"><ele>38.307</ele><time>2026-08-16T07:59:50Z</time><sat>28</sat></trkpt>
  <trkpt lat="35.68832406" lon="139.76104795"><ele>44.017</ele><time>2026-08-16T07:59:53Z</time><sat>27</sat></trkpt>
  <trkpt lat="35.68833783" lon="139.76101871"><ele>45.437</ele><time>2026-08-16T07:59:56Z</time><sat>30</sat></trkpt>
  <trkpt lat="35.68831835" lon="139.76096802"><ele>46.453</ele><time>2026-08-16T08:00:08Z</time><sat>33</sat></trkpt>
  <trkpt lat="35.68831839" lon="139.76096698"><ele>46.529</ele><time>2026-08-16T08:00:11Z</time><sat>32</sat></trkpt>
  <trkpt lat="35.68831783" lon="139.76096642"><ele>46.548</ele><time>2026-08-16T08:00:20Z</time><sat>34</sat></trkpt>
  <trkpt lat="35.68831804" lon="139.76096831"><ele>46.378</ele><time>2026-08-16T08:00:23Z</time><sat>33</sat></trkpt>
  <trkpt lat="35.68837432" lon="139.76096970"><ele>48.153</ele><time>2026-08-16T08:00:29Z</time><sat>34</sat></trkpt>
  <trkpt lat="35.68840106" lon="139.76097627"><ele>47.822</ele><time>2026-08-16T08:00:32Z</time><sat>33</sat></trkpt>
  <trkpt lat="35.68838231" lon="139.76098072"><ele>47.318</ele><time>2026-08-16T08:00:35Z</time><sat>33</sat></trkpt>
  <trkpt lat="35.68831462" lon="139.76100967"><ele>45.965</ele><time>2026-08-16T08:00:41Z</time><sat>33</sat></trkpt>
  <trkpt lat="35.68838225" lon="139.76098510"><ele>45.508</ele><time>2026-08-16T08:00:50Z</time><sat>33</sat></trkpt>
  <trkpt lat="35.68846232" lon="139.76099912"><ele>43.443</ele><time>2026-08-16T08:00:56Z</time><sat>33</sat></trkpt>
  <trkpt lat="35.68852768" lon="139.76100029"><ele>41.549</ele><time>2026-08-16T08:01:02Z</time><sat>29</sat></trkpt>
  <trkpt lat="35.68859542" lon="139.76099638"><ele>41.194</ele><time>2026-08-16T08:01:08Z</time><sat>31</sat></trkpt>
  <trkpt lat="35.68868108" lon="139.76099614"><ele>43.749</ele><time>2026-08-16T08:01:14Z</time><sat>33</sat></trkpt>
  <trkpt lat="35.68873305" lon="139.76096979"><ele>43.386</ele><time>2026-08-16T08:01:20Z</time><sat>33</sat></trkpt>
  <trkpt lat="35.68878568" lon="139.76092250"><ele>45.627</ele><time>2026-08-16T08:01:26Z</time><sat>31</sat></trkpt>
  <trkpt lat="35.68883908" lon="139.76090077"><ele>45.566</ele><time>2026-08-16T08:01:32Z</time><sat>34</sat></trkpt>
  <trkpt lat="35.68889945" lon="139.76087512"><ele>46.056</ele><time>2026-08-16T08:01:38Z</time><sat>34</sat></trkpt>
  <trkpt lat="35.68895483" lon="139.76085431"><ele>46.730</ele><time>2026-08-16T08:01:44Z</time><sat>30</sat></trkpt>
  <trkpt lat="35.68901110" lon="139.76083608"><ele>47.282</ele><time>2026-08-16T08:01:50Z</time><sat>32</sat></trkpt>
  <trkpt lat="35.68907617" lon="139.76080787"><ele>47.304</ele><time>2026-08-16T08:01:56Z</time><sat>34</sat></trkpt>
  <trkpt lat="35.68914910" lon="139.76079693"><ele>47.521</ele><time>2026-08-16T08:02:02Z</time><sat>34</sat></trkpt>
  <trkpt lat="35.68919776" lon="139.76077299"><ele>51.851</ele><time>2026-08-16T08:02:08Z</time><sat>32</sat></trkpt>
  <trkpt lat="35.68919064" lon="139.76077557"><ele>51.975</ele><time>2026-08-16T08:02:11Z</time><sat>32</sat></trkpt>
  <trkpt lat="35.68918504" lon="139.76078554"><ele>48.955</ele><time>2026-08-16T08:02:20Z</time><sat>32</sat></trkpt>
  <trkpt lat="35.68918363" lon="139.76078581"><ele>48.259</ele><time>2026-08-16T08:02:23Z</time><sat>32</sat></trkpt>
  <trkpt lat="35.68918196" lon="139.76078932"><ele>47.769</ele><time>2026-08-16T08:02:26Z</time><sat>32</sat></trkpt>
  <trkpt lat="35.68918100" lon="139.76078957"><ele>47.962</ele><time>2026-08-16T08:02:29Z</time><sat>33</sat></trkpt>
  <trkpt lat="35.68918112" lon="139.76078897"><ele>48.053</ele><time>2026-08-16T08:02:32Z</time><sat>33</sat></trkpt>
  <trkpt lat="35.68918918" lon="139.76078387"><ele>48.375</ele><time>2026-08-16T08:02:35Z</time><sat>34</sat></trkpt>
  <trkpt lat="35.68923594" lon="139.76075877"><ele>50.597</ele><time>2026-08-16T08:02:41Z</time><sat>35</sat></trkpt>
  <trkpt lat="35.68927421" lon="139.76072282"><ele>49.604</ele><time>2026-08-16T08:02:44Z</time><sat>34</sat></trkpt>
  <trkpt lat="35.68932107" lon="139.76065796"><ele>48.449</ele><time>2026-08-16T08:02:50Z</time><sat>35</sat></trkpt>
  <trkpt lat="35.68936005" lon="139.76059512"><ele>47.619</ele><time>2026-08-16T08:02:56Z</time><sat>35</sat></trkpt>
  <trkpt lat="35.68939556" lon="139.76053437"><ele>46.413</ele><time>2026-08-16T08:03:02Z</time><sat>35</sat></trkpt>
  <trkpt lat="35.68942681" lon="139.76048117"><ele>46.261</ele><time>2026-08-16T08:03:08Z</time><sat>34</sat></trkpt>
  <trkpt lat="35.68939916" lon="139.76040802"><ele>44.254</ele><time>2026-08-16T08:03:17Z</time><sat>33</sat></trkpt>
  <trkpt lat="35.68938282" lon="139.76033926"><ele>43.660</ele><time>2026-08-16T08:03:23Z</time><sat>32</sat></trkpt>
  <trkpt lat="35.68942549" lon="139.76027092"><ele>44.537</ele><time>2026-08-16T08:03:29Z</time><sat>32</sat></trkpt>
  <trkpt lat="35.68947594" lon="139.76021224"><ele>45.814</ele><time>2026-08-16T08:03:35Z</time><sat>32</sat></trkpt>
  <trkpt lat="35.68948045" lon="139.76020536"><ele>44.945</ele><time>2026-08-16T08:03:38Z</time><sat>33</sat></trkpt>
  <trkpt lat="35.68947912" lon="139.76020646"><ele>44.963</ele><time>2026-08-16T08:03:41Z</time><sat>34</sat></trkpt>
  <trkpt lat="35.68948089" lon="139.76020610"><ele>45.622</ele><time>2026-08-16T08:03:44Z</time><sat>35</sat></trkpt>
  <trkpt lat="35.68948718" lon="139.76020818"><ele>45.118</ele><time>2026-08-16T08:03:47Z</time><sat>35</sat></trkpt>
  <trkpt lat="35.68948990" lon="139.76020615"><ele>44.357</ele><time>2026-08-16T08:03:50Z</time><sat>36</sat></trkpt>
  <trkpt lat="35.68948292" lon="139.76020247"><ele>44.637</ele><time>2026-08-16T08:03:53Z</time><sat>35</sat></trkpt>
  <trkpt lat="35.68947955" lon="139.76020137"><ele>44.410</ele><time>2026-08-16T08:03:56Z</time><sat>35</sat></trkpt>
  <trkpt lat="35.68947693" lon="139.76020041"><ele>44.398</ele><time>2026-08-16T08:03:59Z</time><sat>32</sat></trkpt>
  <trkpt lat="35.68947734" lon="139.76019959"><ele>44.268</ele><time>2026-08-16T08:04:05Z</time><sat>34</sat></trkpt>
  <trkpt lat="35.68947771" lon="139.76019970"><ele>44.296</ele><time>2026-08-16T08:04:11Z</time><sat>35</sat></trkpt>
  <trkpt lat="35.68947618" lon="139.76019997"><ele>44.176</ele><time>2026-08-16T08:04:14Z</time><sat>33</sat></trkpt>
  <trkpt lat="35.68942947" lon="139.76012758"><ele>42.912</ele><time>2026-08-16T08:04:23Z</time><sat>33</sat></trkpt>
  <trkpt lat="35.68943207" lon="139.76005336"><ele>45.369</ele><time>2026-08-16T08:04:29Z</time><sat>35</sat></trkpt>
  <trkpt lat="35.68942657" lon="139.76002308"><ele>45.364</ele><time>2026-08-16T08:04:32Z</time><sat>35</sat></trkpt>
  <trkpt lat="35.68941591" lon="139.76002302"><ele>45.226</ele><time>2026-08-16T08:04:35Z</time><sat>34</sat></trkpt>
  <trkpt lat="35.68941435" lon="139.76002339"><ele>45.239</ele><time>2026-08-16T08:04:44Z</time><sat>30</sat></trkpt>
  <trkpt lat="35.68941834" lon="139.76001475"><ele>45.111</ele><time>2026-08-16T08:04:47Z</time><sat>30</sat></trkpt>
  <trkpt lat="35.68941843" lon="139.76001925"><ele>44.928</ele><time>2026-08-16T08:04:50Z</time><sat>30</sat></trkpt>
  <trkpt lat="35.68942132" lon="139.76002113"><ele>45.225</ele><time>2026-08-16T08:04:53Z</time><sat>33</sat></trkpt>
  <trkpt lat="35.68942514" lon="139.76002356"><ele>45.357</ele><time>2026-08-16T08:04:56Z</time><sat>33</sat></trkpt>
  <trkpt lat="35.68941854" lon="139.76002728"><ele>45.017</ele><time>2026-08-16T08:05:08Z</time><sat>36</sat></trkpt>
  <trkpt lat="35.68941535" lon="139.76002381"><ele>44.986</ele><time>2026-08-16T08:05:15Z</time><sat>35</sat></trkpt>
  <trkpt lat="35.68941568" lon="139.76002292"><ele>45.042</ele><time>2026-08-16T08:05:27Z</time><sat>35</sat></trkpt>
  <trkpt lat="35.68941434" lon="139.76002045"><ele>45.245</ele><time>2026-08-16T08:05:33Z</time><sat>34</sat></trkpt>
  <trkpt lat="35.68942292" lon="139.76001835"><ele>44.491</ele><time>2026-08-16T08:05:36Z</time><sat>35</sat></trkpt>
  <trkpt lat="35.68947893" lon="139.75999090"><ele>44.102</ele><time>2026-08-16T08:05:42Z</time><sat>34</sat></trkpt>
  <trkpt lat="35.68955084" lon="139.75998870"><ele>44.571</ele><time>2026-08-16T08:05:48Z</time><sat>33</sat></trkpt>
  <trkpt lat="35.68963874" lon="139.75999353"><ele>45.960</ele><time>2026-08-16T08:05:54Z</time><sat>32</sat></trkpt>
  <trkpt lat="35.68972285" lon="139.76000974"><ele>46.114</ele><time>2026-08-16T08:06:00Z</time><sat>35</sat></trkpt>
  <trkpt lat="35.68979963" lon="139.76003386"><ele>45.664</ele><time>2026-08-16T08:06:06Z</time><sat>31</sat></trkpt>
  <trkpt lat="35.68982629" lon="139.75999137"><ele>45.997</ele><time>2026-08-16T08:06:15Z</time><sat>34</sat></trkpt>
  <trkpt lat="35.68981843" lon="139.75999124"><ele>45.631</ele><time>2026-08-16T08:06:18Z</time><sat>33</sat></trkpt>
  <trkpt lat="35.68981681" lon="139.75998959"><ele>45.817</ele><time>2026-08-16T08:06:28Z</time><sat>31</sat></trkpt>
  <trkpt lat="35.68981686" lon="139.75998926"><ele>45.848</ele><time>2026-08-16T08:06:31Z</time><sat>30</sat></trkpt>
  <trkpt lat="35.68981708" lon="139.75998843"><ele>45.979</ele><time>2026-08-16T08:06:37Z</time><sat>33</sat></trkpt>
  <trkpt lat="35.68982614" lon="139.75997917"><ele>46.303</ele><time>2026-08-16T08:06:40Z</time><sat>31</sat></trkpt>
  <trkpt lat="35.68987930" lon="139.75992203"><ele>43.944</ele><time>2026-08-16T08:06:49Z</time><sat>32</sat></trkpt>
  <trkpt lat="35.68993908" lon="139.75986333"><ele>44.711</ele><time>2026-08-16T08:06:55Z</time><sat>35</sat></trkpt>
  <trkpt lat="35.68998960" lon="139.75981003"><ele>43.634</ele><time>2026-08-16T08:07:01Z</time><sat>34</sat></trkpt>
  <trkpt lat="35.69000813" lon="139.75974259"><ele>45.411</ele><time>2026-08-16T08:07:07Z</time><sat>34</sat></trkpt>
  <trkpt lat="35.69001829" lon="139.75967024"><ele>45.469</ele><time>2026-08-16T08:07:13Z</time><sat>31</sat></trkpt>
  <trkpt lat="35.69003326" lon="139.75959208"><ele>45.239</ele><time>2026-08-16T08:07:19Z</time><sat>34</sat></trkpt>
  <trkpt lat="35.69004509" lon="139.75949665"><ele>46.671</ele><time>2026-08-16T08:07:25Z</time><sat>33</sat></trkpt>
  <trkpt lat="35.69005638" lon="139.75941066"><ele>46.715</ele><time>2026-08-16T08:07:31Z</time><sat>33</sat></trkpt>
  <trkpt lat="35.69007283" lon="139.75932748"><ele>45.031</ele><time>2026-08-16T08:07:37Z</time><sat>35</sat></trkpt>
  <trkpt lat="35.69009051" lon="139.75925171"><ele>45.995</ele><time>2026-08-16T08:07:43Z</time><sat>30</sat></trkpt>
  <trkpt lat="35.69010790" lon="139.75919948"><ele>49.286</ele><time>2026-08-16T08:07:46Z</time><sat>29</sat></trkpt>
  <trkpt lat="35.69010492" lon="139.75914146"><ele>50.836</ele><time>2026-08-16T08:07:49Z</time><sat>31</sat></trkpt>
  <trkpt lat="35.69012254" lon="139.75904570"><ele>51.252</ele><time>2026-08-16T08:07:55Z</time><sat>32</sat></trkpt>
  <trkpt lat="35.69013928" lon="139.75895921"><ele>53.110</ele><time>2026-08-16T08:08:01Z</time><sat>30</sat></trkpt>
  <trkpt lat="35.69016372" lon="139.75887484"><ele>53.759</ele><time>2026-08-16T08:08:07Z</time><sat>32</sat></trkpt>
  <trkpt lat="35.69014986" lon="139.75888391"><ele>50.206</ele><time>2026-08-16T08:08:10Z</time><sat>30</sat></trkpt>
  <trkpt lat="35.69013495" lon="139.75893477"><ele>49.021</ele><time>2026-08-16T08:08:22Z</time><sat>35</sat></trkpt>
  <trkpt lat="35.69013199" lon="139.75893566"><ele>49.004</ele><time>2026-08-16T08:08:33Z</time><sat>32</sat></trkpt>
  <trkpt lat="35.69012976" lon="139.75893023"><ele>49.428</ele><time>2026-08-16T08:08:39Z</time><sat>33</sat></trkpt>
  <trkpt lat="35.69013019" lon="139.75892402"><ele>49.464</ele><time>2026-08-16T08:08:42Z</time><sat>33</sat></trkpt>
  <trkpt lat="35.69016150" lon="139.75884992"><ele>46.523</ele><time>2026-08-16T08:08:51Z</time><sat>35</sat></trkpt>
  <trkpt lat="35.69018544" lon="139.75878461"><ele>45.398</ele><time>2026-08-16T08:08:57Z</time><sat>35</sat></trkpt>
  <trkpt lat="35.69019540" lon="139.75871093"><ele>48.661</ele><time>2026-08-16T08:09:03Z</time><sat>33</sat></trkpt>
  <trkpt lat="35.69018395" lon="139.75862649"><ele>51.471</ele><time>2026-08-16T08:09:09Z</time><sat>35</sat></trkpt>
  <trkpt lat="35.69022649" lon="139.75856018"><ele>50.153</ele><time>2026-08-16T08:09:15Z</time><sat>34</sat></trkpt>
  <trkpt lat="35.69024602" lon="139.75849273"><ele>49.481</ele><time>2026-08-16T08:09:21Z</time><sat>35</sat></trkpt>
  <trkpt lat="35.69025644" lon="139.75840837"><ele>48.657</ele><time>2026-08-16T08:09:27Z</time><sat>35</sat></trkpt>
  <trkpt lat="35.69026987" lon="139.75835534"><ele>46.733</ele><time>2026-08-16T08:09:30Z</time><sat>37</sat></trkpt>
  <trkpt lat="35.69027939" lon="139.75827626"><ele>45.049</ele><time>2026-08-16T08:09:36Z</time><sat>36</sat></trkpt>
  <trkpt lat="35.69027944" lon="139.75820807"><ele>44.707</ele><time>2026-08-16T08:09:42Z</time><sat>31</sat></trkpt>
  <trkpt lat="35.69027744" lon="139.75814387"><ele>43.074</ele><time>2026-08-16T08:09:48Z</time><sat>35</sat></trkpt>
  <trkpt lat="35.69031414" lon="139.75807248"><ele>41.307</ele><time>2026-08-16T08:09:54Z</time><sat>36</sat></trkpt>
  <trkpt lat="35.69035064" lon="139.75801374"><ele>43.396</ele><time>2026-08-16T08:10:00Z</time><sat>36</sat></trkpt>
  <trkpt lat="35.69038633" lon="139.75795513"><ele>42.705</ele><time>2026-08-16T08:10:06Z</time><sat>37</sat></trkpt>
  <trkpt lat="35.69042084" lon="139.75789131"><ele>42.812</ele><time>2026-08-16T08:10:12Z</time><sat>35</sat></trkpt>
  <trkpt lat="35.69041856" lon="139.75787336"><ele>43.996</ele><time>2026-08-16T08:10:15Z</time><sat>35</sat></trkpt>
  <trkpt lat="35.69041330" lon="139.75786914"><ele>44.170</ele><time>2026-08-16T08:10:18Z</time><sat>36</sat></trkpt>
  <trkpt lat="35.69040329" lon="139.75785885"><ele>44.559</ele><time>2026-08-16T08:10:21Z</time><sat>34</sat></trkpt>
  <trkpt lat="35.69038900" lon="139.75790158"><ele>47.073</ele><time>2026-08-16T08:10:27Z</time><sat>36</sat></trkpt>
  <trkpt lat="35.69038393" lon="139.75790270"><ele>46.879</ele><time>2026-08-16T08:10:30Z</time><sat>35</sat></trkpt>
  <trkpt lat="35.69038399" lon="139.75789671"><ele>47.919</ele><time>2026-08-16T08:10:33Z</time><sat>35</sat></trkpt>
  <trkpt lat="35.69038940" lon="139.75788841"><ele>48.508</ele><time>2026-08-16T08:10:38Z</time><sat>35</sat></trkpt>
  <trkpt lat="35.69039085" lon="139.75788773"><ele>49.198</ele><time>2026-08-16T08:10:41Z</time><sat>34</sat></trkpt>
  <trkpt lat="35.69039079" lon="139.75787768"><ele>48.778</ele><time>2026-08-16T08:10:44Z</time><sat>34</sat></trkpt>
  <trkpt lat="35.69037362" lon="139.75787169"><ele>47.966</ele><time>2026-08-16T08:10:48Z</time><sat>33</sat></trkpt>
  <trkpt lat="35.69037009" lon="139.75787712"><ele>48.037</ele><time>2026-08-16T08:11:00Z</time><sat>36</sat></trkpt>
  <trkpt lat="35.69037021" lon="139.75787709"><ele>48.051</ele><time>2026-08-16T08:11:03Z</time><sat>35</sat></trkpt>
  <trkpt lat="35.69037316" lon="139.75787855"><ele>47.974</ele><time>2026-08-16T08:11:06Z</time><sat>34</sat></trkpt>
  <trkpt lat="35.69038639" lon="139.75788308"><ele>47.780</ele><time>2026-08-16T08:11:12Z</time><sat>34</sat></trkpt>
  <trkpt lat="35.69038802" lon="139.75788092"><ele>47.223</ele><time>2026-08-16T08:11:15Z</time><sat>35</sat></trkpt>
  <trkpt lat="35.69038808" lon="139.75786725"><ele>48.197</ele><time>2026-08-16T08:11:18Z</time><sat>34</sat></trkpt>
  <trkpt lat="35.69036501" lon="139.75782485"><ele>47.520</ele><time>2026-08-16T08:11:24Z</time><sat>33</sat></trkpt>
  <trkpt lat="35.69035644" lon="139.75783085"><ele>47.495</ele><time>2026-08-16T08:11:27Z</time><sat>34</sat></trkpt>
  <trkpt lat="35.69035406" lon="139.75783185"><ele>47.559</ele><time>2026-08-16T08:11:30Z</time><sat>35</sat></trkpt>
  <trkpt lat="35.69034949" lon="139.75783271"><ele>47.828</ele><time>2026-08-16T08:11:33Z</time><sat>34</sat></trkpt>
  <trkpt lat="35.69034606" lon="139.75785246"><ele>48.094</ele><time>2026-08-16T08:11:36Z</time><sat>35</sat></trkpt>
  <trkpt lat="35.69034636" lon="139.75785792"><ele>48.034</ele><time>2026-08-16T08:11:39Z</time><sat>36</sat></trkpt>
  <trkpt lat="35.69034661" lon="139.75785840"><ele>48.154</ele><time>2026-08-16T08:11:45Z</time><sat>34</sat></trkpt>
  <trkpt lat="35.69034588" lon="139.75785598"><ele>47.753</ele><time>2026-08-16T08:11:48Z</time><sat>34</sat></trkpt>
  <trkpt lat="35.69034986" lon="139.75778014"><ele>47.187</ele><time>2026-08-16T08:11:54Z</time><sat>35</sat></trkpt>
  <trkpt lat="35.69036228" lon="139.75771279"><ele>47.492</ele><time>2026-08-16T08:12:00Z</time><sat>37</sat></trkpt>
  <trkpt lat="35.69038164" lon="139.75765073"><ele>46.307</ele><time>2026-08-16T08:12:07Z</time><sat>37</sat></trkpt>
  <trkpt lat="35.69041988" lon="139.75758210"><ele>43.975</ele><time>2026-08-16T08:12:13Z</time><sat>36</sat></trkpt>
  <trkpt lat="35.69045921" lon="139.75749381"><ele>43.997</ele><time>2026-08-16T08:12:19Z</time><sat>37</sat></trkpt>
  <trkpt lat="35.69048027" lon="139.75744381"><ele>45.228</ele><time>2026-08-16T08:12:22Z</time><sat>37</sat></trkpt>
  <trkpt lat="35.69050673" lon="139.75735515"><ele>49.028</ele><time>2026-08-16T08:12:28Z</time><sat>37</sat></trkpt>
  <trkpt lat="35.69052468" lon="139.75728052"><ele>51.073</ele><time>2026-08-16T08:12:34Z</time><sat>38</sat></trkpt>
  <trkpt lat="35.69054362" lon="139.75720999"><ele>50.965</ele><time>2026-08-16T08:12:40Z</time><sat>37</sat></trkpt>
  <trkpt lat="35.69053902" lon="139.75713275"><ele>53.746</ele><time>2026-08-16T08:12:46Z</time><sat>38</sat></trkpt>
  <trkpt lat="35.69051618" lon="139.75706678"><ele>54.002</ele><time>2026-08-16T08:12:52Z</time><sat>35</sat></trkpt>
  <trkpt lat="35.69051613" lon="139.75698223"><ele>53.262</ele><time>2026-08-16T08:12:58Z</time><sat>36</sat></trkpt>
  <trkpt lat="35.69052693" lon="139.75691086"><ele>53.158</ele><time>2026-08-16T08:13:04Z</time><sat>38</sat></trkpt>
  <trkpt lat="35.69054490" lon="139.75684910"><ele>54.432</ele><time>2026-08-16T08:13:10Z</time><sat>35</sat></trkpt>
  <trkpt lat="35.69055888" lon="139.75678801"><ele>54.203</ele><time>2026-08-16T08:13:16Z</time><sat>35</sat></trkpt>
  <trkpt lat="35.69055916" lon="139.75676931"><ele>53.900</ele><time>2026-08-16T08:13:19Z</time><sat>36</sat></trkpt>
  <trkpt lat="35.69054940" lon="139.75676894"><ele>52.207</ele><time>2026-08-16T08:13:22Z</time><sat>37</sat></trkpt>
  <trkpt lat="35.69054549" lon="139.75677015"><ele>51.430</ele><time>2026-08-16T08:13:25Z</time><sat>35</sat></trkpt>
  <trkpt lat="35.69053124" lon="139.75677160"><ele>49.803</ele><time>2026-08-16T08:13:30Z</time><sat>34</sat></trkpt>
  <trkpt lat="35.69052421" lon="139.75676256"><ele>50.056</ele><time>2026-08-16T08:13:33Z</time><sat>37</sat></trkpt>
  <trkpt lat="35.69052282" lon="139.75670075"><ele>49.188</ele><time>2026-08-16T08:13:39Z</time><sat>34</sat></trkpt>
  <trkpt lat="35.69054810" lon="139.75663413"><ele>49.492</ele><time>2026-08-16T08:13:45Z</time><sat>36</sat></trkpt>
  <trkpt lat="35.69058693" lon="139.75656080"><ele>51.529</ele><time>2026-08-16T08:13:51Z</time><sat>33</sat></trkpt>
  <trkpt lat="35.69058869" lon="139.75647629"><ele>52.700</ele><time>2026-08-16T08:13:57Z</time><sat>36</sat></trkpt>
  <trkpt lat="35.69060156" lon="139.75637960"><ele>54.397</ele><time>2026-08-16T08:14:03Z</time><sat>35</sat></trkpt>
  <trkpt lat="35.69059312" lon="139.75630943"><ele>53.088</ele><time>2026-08-16T08:14:09Z</time><sat>36</sat></trkpt>
  <trkpt lat="35.69061117" lon="139.75625504"><ele>49.734</ele><time>2026-08-16T08:14:18Z</time><sat>33</sat></trkpt>
  <trkpt lat="35.69060617" lon="139.75625465"><ele>49.823</ele><time>2026-08-16T08:14:21Z</time><sat>34</sat></trkpt>
  <trkpt lat="35.69060391" lon="139.75625562"><ele>50.155</ele><time>2026-08-16T08:14:24Z</time><sat>34</sat></trkpt>
  <trkpt lat="35.69060508" lon="139.75625574"><ele>50.233</ele><time>2026-08-16T08:14:27Z</time><sat>32</sat></trkpt>
  <trkpt lat="35.69061112" lon="139.75625058"><ele>49.925</ele><time>2026-08-16T08:14:30Z</time><sat>33</sat></trkpt>
  <trkpt lat="35.69061501" lon="139.75625528"><ele>49.554</ele><time>2026-08-16T08:14:33Z</time><sat>34</sat></trkpt>
  <trkpt lat="35.69061594" lon="139.75626218"><ele>49.615</ele><time>2026-08-16T08:14:36Z</time><sat>34</sat></trkpt>
  <trkpt lat="35.69061443" lon="139.75626124"><ele>49.375</ele><time>2026-08-16T08:14:39Z</time><sat>35</sat></trkpt>
  <trkpt lat="35.69060248" lon="139.75626264"><ele>47.928</ele><time>2026-08-16T08:14:42Z</time><sat>35</sat></trkpt>
  <trkpt lat="35.69060200" lon="139.75626159"><ele>48.168</ele><time>2026-08-16T08:14:54Z</time><sat>33</sat></trkpt>
  <trkpt lat="35.69060026" lon="139.75625634"><ele>48.412</ele><time>2026-08-16T08:15:06Z</time><sat>35</sat></trkpt>
  <trkpt lat="35.69060106" lon="139.75625257"><ele>49.246</ele><time>2026-08-16T08:15:15Z</time><sat>34</sat></trkpt>
  <trkpt lat="35.69060995" lon="139.75625142"><ele>48.911</ele><time>2026-08-16T08:15:19Z</time><sat>34</sat></trkpt>
  <trkpt lat="35.69065907" lon="139.75625162"><ele>48.831</ele><time>2026-08-16T08:15:22Z</time><sat>33</sat></trkpt>
  <trkpt lat="35.69073511" lon="139.75623852"><ele>49.858</ele><time>2026-08-16T08:15:28Z</time><sat>34</sat></trkpt>
  <trkpt lat="35.69081023" lon="139.75621155"><ele>51.245</ele><time>2026-08-16T08:15:34Z</time><sat>33</sat></trkpt>
  <trkpt lat="35.69087706" lon="139.75620470"><ele>52.604</ele><time>2026-08-16T08:15:40Z</time><sat>35</sat></trkpt>
  <trkpt lat="35.69089099" lon="139.75620714"><ele>51.386</ele><time>2026-08-16T08:15:46Z</time><sat>33</sat></trkpt>
  <trkpt lat="35.69086829" lon="139.75620690"><ele>50.904</ele><time>2026-08-16T08:15:49Z</time><sat>34</sat></trkpt>
  <trkpt lat="35.69087509" lon="139.75621620"><ele>49.055</ele><time>2026-08-16T08:15:52Z</time><sat>35</sat></trkpt>
  <trkpt lat="35.69091961" lon="139.75627730"><ele>46.571</ele><time>2026-08-16T08:15:58Z</time><sat>34</sat></trkpt>
  <trkpt lat="35.69094936" lon="139.75635736"><ele>45.822</ele><time>2026-08-16T08:16:04Z</time><sat>34</sat></trkpt>
  <trkpt lat="35.69096498" lon="139.75644462"><ele>44.518</ele><time>2026-08-16T08:16:10Z</time><sat>35</sat></trkpt>
  <trkpt lat="35.69100736" lon="139.75649891"><ele>42.781</ele><time>2026-08-16T08:16:16Z</time><sat>34</sat></trkpt>
  <trkpt lat="35.69105191" lon="139.75648681"><ele>43.393</ele><time>2026-08-16T08:16:19Z</time><sat>34</sat></trkpt>
  <trkpt lat="35.69111496" lon="139.75645863"><ele>42.872</ele><time>2026-08-16T08:16:25Z</time><sat>33</sat></trkpt>
  <trkpt lat="35.69116852" lon="139.75646149"><ele>42.024</ele><time>2026-08-16T08:16:31Z</time><sat>30</sat></trkpt>
  <trkpt lat="35.69121255" lon="139.75642365"><ele>39.579</ele><time>2026-08-16T08:16:34Z</time><sat>30</sat></trkpt>
  <trkpt lat="35.69125869" lon="139.75636097"><ele>37.068</ele><time>2026-08-16T08:16:40Z</time><sat>32</sat></trkpt>
  <trkpt lat="35.69133325" lon="139.75637739"><ele>37.156</ele><time>2026-08-16T08:16:46Z</time><sat>32</sat></trkpt>
  <trkpt lat="35.69140824" lon="139.75635101"><ele>36.937</ele><time>2026-08-16T08:16:55Z</time><sat>33</sat></trkpt>
  <trkpt lat="35.69145030" lon="139.75632807"><ele>33.161</ele><time>2026-08-16T08:16:58Z</time><sat>33</sat></trkpt>
  <trkpt lat="35.69152806" lon="139.75631173"><ele>34.892</ele><time>2026-08-16T08:17:04Z</time><sat>34</sat></trkpt>
  <trkpt lat="35.69160061" lon="139.75629034"><ele>40.118</ele><time>2026-08-16T08:17:10Z</time><sat>31</sat></trkpt>
  <trkpt lat="35.69168982" lon="139.75628172"><ele>45.809</ele><time>2026-08-16T08:17:16Z</time><sat>33</sat></trkpt>
  <trkpt lat="35.69175279" lon="139.75626427"><ele>50.193</ele><time>2026-08-16T08:17:19Z</time><sat>33</sat></trkpt>
  <trkpt lat="35.69180927" lon="139.75626458"><ele>50.401</ele><time>2026-08-16T08:17:22Z</time><sat>33</sat></trkpt>
  <trkpt lat="35.69185608" lon="139.75627006"><ele>51.026</ele><time>2026-08-16T08:17:25Z</time><sat>33</sat></trkpt>
  <trkpt lat="35.69192522" lon="139.75627652"><ele>48.559</ele><time>2026-08-16T08:17:37Z</time><sat>35</sat></trkpt>
  <trkpt lat="35.69197828" lon="139.75630616"><ele>46.387</ele><time>2026-08-16T08:17:43Z</time><sat>31</sat></trkpt>
  <trkpt lat="35.69203660" lon="139.75633177"><ele>45.317</ele><time>2026-08-16T08:17:49Z</time><sat>27</sat></trkpt>
  <trkpt lat="35.69207658" lon="139.75636559"><ele>45.091</ele><time>2026-08-16T08:17:55Z</time><sat>26</sat></trkpt>
  <trkpt lat="35.69214618" lon="139.75632485"><ele>45.042</ele><time>2026-08-16T08:18:01Z</time><sat>26</sat></trkpt>
  <trkpt lat="35.69223266" lon="139.75629450"><ele>44.763</ele><time>2026-08-16T08:18:07Z</time><sat>27</sat></trkpt>
  <trkpt lat="35.69223394" lon="139.75621950"><ele>50.913</ele><time>2026-08-16T08:18:13Z</time><sat>29</sat></trkpt>
  <trkpt lat="35.69226915" lon="139.75617035"><ele>53.373</ele><time>2026-08-16T08:18:19Z</time><sat>35</sat></trkpt>
  <trkpt lat="35.69235173" lon="139.75619012"><ele>52.755</ele><time>2026-08-16T08:18:25Z</time><sat>34</sat></trkpt>
  <trkpt lat="35.69242727" lon="139.75624691"><ele>58.311</ele><time>2026-08-16T08:18:31Z</time><sat>33</sat></trkpt>
  <trkpt lat="35.69243827" lon="139.75630056"><ele>60.390</ele><time>2026-08-16T08:18:34Z</time><sat>36</sat></trkpt>
  <trkpt lat="35.69243991" lon="139.75635656"><ele>63.570</ele><time>2026-08-16T08:18:37Z</time><sat>36</sat></trkpt>
  <trkpt lat="35.69244289" lon="139.75642616"><ele>65.502</ele><time>2026-08-16T08:18:40Z</time><sat>35</sat></trkpt>
  <trkpt lat="35.69250997" lon="139.75645547"><ele>71.663</ele><time>2026-08-16T08:18:46Z</time><sat>33</sat></trkpt>
  <trkpt lat="35.69255649" lon="139.75643830"><ele>72.119</ele><time>2026-08-16T08:18:49Z</time><sat>34</sat></trkpt>
  <trkpt lat="35.69264289" lon="139.75636331"><ele>66.843</ele><time>2026-08-16T08:18:55Z</time><sat>35</sat></trkpt>
  <trkpt lat="35.69265973" lon="139.75626893"><ele>65.430</ele><time>2026-08-16T08:18:58Z</time><sat>34</sat></trkpt>
  <trkpt lat="35.69269575" lon="139.75619959"><ele>65.144</ele><time>2026-08-16T08:19:01Z</time><sat>36</sat></trkpt>
  <trkpt lat="35.69276691" lon="139.75617236"><ele>62.741</ele><time>2026-08-16T08:19:07Z</time><sat>34</sat></trkpt>
  <trkpt lat="35.69282015" lon="139.75617197"><ele>61.131</ele><time>2026-08-16T08:19:10Z</time><sat>34</sat></trkpt>
  <trkpt lat="35.69290482" lon="139.75617503"><ele>59.484</ele><time>2026-08-16T08:19:16Z</time><sat>35</sat></trkpt>
  <trkpt lat="35.69295712" lon="139.75616980"><ele>55.321</ele><time>2026-08-16T08:19:19Z</time><sat>37</sat></trkpt>
  <trkpt lat="35.69301615" lon="139.75612367"><ele>50.506</ele><time>2026-08-16T08:19:25Z</time><sat>35</sat></trkpt>
  <trkpt lat="35.69308166" lon="139.75605477"><ele>48.067</ele><time>2026-08-16T08:19:31Z</time><sat>33</sat></trkpt>
  <trkpt lat="35.69315709" lon="139.75604062"><ele>46.184</ele><time>2026-08-16T08:19:37Z</time><sat>34</sat></trkpt>
  <trkpt lat="35.69322345" lon="139.75601688"><ele>43.865</ele><time>2026-08-16T08:19:43Z</time><sat>33</sat></trkpt>
  <trkpt lat="35.69325938" lon="139.75598121"><ele>45.941</ele><time>2026-08-16T08:19:52Z</time><sat>31</sat></trkpt>
  <trkpt lat="35.69327299" lon="139.75604678"><ele>54.404</ele><time>2026-08-16T08:19:58Z</time><sat>29</sat></trkpt>
  <trkpt lat="35.69330327" lon="139.75609989"><ele>51.149</ele><time>2026-08-16T08:20:01Z</time><sat>34</sat></trkpt>
  <trkpt lat="35.69335609" lon="139.75613308"><ele>48.975</ele><time>2026-08-16T08:20:04Z</time><sat>34</sat></trkpt>
  <trkpt lat="35.69341719" lon="139.75614191"><ele>49.475</ele><time>2026-08-16T08:20:07Z</time><sat>32</sat></trkpt>
  <trkpt lat="35.69352584" lon="139.75614344"><ele>53.448</ele><time>2026-08-16T08:20:13Z</time><sat>34</sat></trkpt>
  <trkpt lat="35.69360168" lon="139.75612143"><ele>53.067</ele><time>2026-08-16T08:20:16Z</time><sat>31</sat></trkpt>
  <trkpt lat="35.69366009" lon="139.75607244"><ele>53.914</ele><time>2026-08-16T08:20:19Z</time><sat>28</sat></trkpt>
  <trkpt lat="35.69371524" lon="139.75603899"><ele>54.211</ele><time>2026-08-16T08:20:22Z</time><sat>20</sat></trkpt>
  <trkpt lat="35.69376596" lon="139.75598887"><ele>56.974</ele><time>2026-08-16T08:20:28Z</time><sat>31</sat></trkpt>
  <trkpt lat="35.69381361" lon="139.75594414"><ele>59.441</ele><time>2026-08-16T08:20:34Z</time><sat>34</sat></trkpt>
  <trkpt lat="35.69385284" lon="139.75588151"><ele>57.274</ele><time>2026-08-16T08:20:40Z</time><sat>31</sat></trkpt>
  <trkpt lat="35.69387980" lon="139.75583590"><ele>56.292</ele><time>2026-08-16T08:20:43Z</time><sat>33</sat></trkpt>
  <trkpt lat="35.69391609" lon="139.75579039"><ele>56.829</ele><time>2026-08-16T08:20:46Z</time><sat>31</sat></trkpt>
  <trkpt lat="35.69398252" lon="139.75572701"><ele>61.524</ele><time>2026-08-16T08:20:52Z</time><sat>32</sat></trkpt>
  <trkpt lat="35.69400868" lon="139.75563909"><ele>65.021</ele><time>2026-08-16T08:20:58Z</time><sat>32</sat></trkpt>
  <trkpt lat="35.69403675" lon="139.75558524"><ele>65.155</ele><time>2026-08-16T08:21:01Z</time><sat>34</sat></trkpt>
  <trkpt lat="35.69405940" lon="139.75553127"><ele>67.540</ele><time>2026-08-16T08:21:04Z</time><sat>33</sat></trkpt>
  <trkpt lat="35.69408453" lon="139.75548425"><ele>65.836</ele><time>2026-08-16T08:21:07Z</time><sat>33</sat></trkpt>
  <trkpt lat="35.69411541" lon="139.75541295"><ele>61.517</ele><time>2026-08-16T08:21:13Z</time><sat>34</sat></trkpt>
  <trkpt lat="35.69414509" lon="139.75534205"><ele>59.368</ele><time>2026-08-16T08:21:19Z</time><sat>31</sat></trkpt>
  <trkpt lat="35.69417202" lon="139.75527884"><ele>60.882</ele><time>2026-08-16T08:21:25Z</time><sat>32</sat></trkpt>
  <trkpt lat="35.69419832" lon="139.75522957"><ele>64.037</ele><time>2026-08-16T08:21:31Z</time><sat>33</sat></trkpt>
  <trkpt lat="35.69422686" lon="139.75517802"><ele>63.709</ele><time>2026-08-16T08:21:37Z</time><sat>32</sat></trkpt>
  <trkpt lat="35.69422832" lon="139.75511558"><ele>62.806</ele><time>2026-08-16T08:21:43Z</time><sat>33</sat></trkpt>
  <trkpt lat="35.69427344" lon="139.75503184"><ele>70.512</ele><time>2026-08-16T08:21:49Z</time><sat>30</sat></trkpt>
  <trkpt lat="35.69431185" lon="139.75495581"><ele>81.740</ele><time>2026-08-16T08:21:55Z</time><sat>31</sat></trkpt>
  <trkpt lat="35.69434292" lon="139.75487540"><ele>83.926</ele><time>2026-08-16T08:22:01Z</time><sat>29</sat></trkpt>
  <trkpt lat="35.69438508" lon="139.75478821"><ele>81.068</ele><time>2026-08-16T08:22:07Z</time><sat>28</sat></trkpt>
  <trkpt lat="35.69437712" lon="139.75470602"><ele>82.271</ele><time>2026-08-16T08:22:13Z</time><sat>27</sat></trkpt>
  <trkpt lat="35.69434192" lon="139.75461671"><ele>81.746</ele><time>2026-08-16T08:22:19Z</time><sat>28</sat></trkpt>
  <trkpt lat="35.69435092" lon="139.75454958"><ele>83.118</ele><time>2026-08-16T08:22:25Z</time><sat>24</sat></trkpt>
  <trkpt lat="35.69436358" lon="139.75445691"><ele>77.570</ele><time>2026-08-16T08:22:31Z</time><sat>25</sat></trkpt>
  <trkpt lat="35.69436244" lon="139.75437206"><ele>73.790</ele><time>2026-08-16T08:22:37Z</time><sat>25</sat></trkpt>
  <trkpt lat="35.69438578" lon="139.75429408"><ele>66.840</ele><time>2026-08-16T08:22:43Z</time><sat>28</sat></trkpt>
  <trkpt lat="35.69443433" lon="139.75423233"><ele>62.257</ele><time>2026-08-16T08:22:49Z</time><sat>27</sat></trkpt>
  <trkpt lat="35.69449741" lon="139.75419564"><ele>53.576</ele><time>2026-08-16T08:22:55Z</time><sat>30</sat></trkpt>
  <trkpt lat="35.69455383" lon="139.75416377"><ele>44.714</ele><time>2026-08-16T08:23:01Z</time><sat>26</sat></trkpt>
  <trkpt lat="35.69459541" lon="139.75408002"><ele>40.425</ele><time>2026-08-16T08:23:13Z</time><sat>23</sat></trkpt>
  <trkpt lat="35.69460324" lon="139.75401412"><ele>40.637</ele><time>2026-08-16T08:23:16Z</time><sat>17</sat></trkpt>
  <trkpt lat="35.69462910" lon="139.75392236"><ele>38.776</ele><time>2026-08-16T08:23:22Z</time><sat>17</sat></trkpt>
  <trkpt lat="35.69468509" lon="139.75387043"><ele>39.764</ele><time>2026-08-16T08:23:28Z</time><sat>21</sat></trkpt>
  <trkpt lat="35.69473663" lon="139.75380048"><ele>43.338</ele><time>2026-08-16T08:23:34Z</time><sat>17</sat></trkpt>
  <trkpt lat="35.69477599" lon="139.75376604"><ele>44.123</ele><time>2026-08-16T08:23:37Z</time><sat>19</sat></trkpt>
  <trkpt lat="35.69481014" lon="139.75372034"><ele>40.372</ele><time>2026-08-16T08:23:46Z</time><sat>32</sat></trkpt>
  <trkpt lat="35.69480280" lon="139.75372508"><ele>40.555</ele><time>2026-08-16T08:23:49Z</time><sat>27</sat></trkpt>
  <trkpt lat="35.69479841" lon="139.75372543"><ele>40.270</ele><time>2026-08-16T08:23:52Z</time><sat>26</sat></trkpt>
  <trkpt lat="35.69475206" lon="139.75375523"><ele>42.326</ele><time>2026-08-16T08:23:58Z</time><sat>29</sat></trkpt>
  <trkpt lat="35.69472601" lon="139.75373896"><ele>46.459</ele><time>2026-08-16T08:24:04Z</time><sat>32</sat></trkpt>
  <trkpt lat="35.69468244" lon="139.75372331"><ele>50.977</ele><time>2026-08-16T08:24:07Z</time><sat>31</sat></trkpt>
  <trkpt lat="35.69462406" lon="139.75365497"><ele>51.907</ele><time>2026-08-16T08:24:10Z</time><sat>33</sat></trkpt>
  <trkpt lat="35.69456394" lon="139.75362313"><ele>51.280</ele><time>2026-08-16T08:24:13Z</time><sat>32</sat></trkpt>
  <trkpt lat="35.69451614" lon="139.75359222"><ele>51.810</ele><time>2026-08-16T08:24:16Z</time><sat>23</sat></trkpt>
  <trkpt lat="35.69447818" lon="139.75355024"><ele>51.341</ele><time>2026-08-16T08:24:19Z</time><sat>23</sat></trkpt>
  <trkpt lat="35.69443800" lon="139.75349092"><ele>50.231</ele><time>2026-08-16T08:24:22Z</time><sat>24</sat></trkpt>
  <trkpt lat="35.69439879" lon="139.75342922"><ele>50.224</ele><time>2026-08-16T08:24:25Z</time><sat>26</sat></trkpt>
  <trkpt lat="35.69435806" lon="139.75338754"><ele>49.902</ele><time>2026-08-16T08:24:28Z</time><sat>25</sat></trkpt>
  <trkpt lat="35.69431388" lon="139.75336499"><ele>49.966</ele><time>2026-08-16T08:24:31Z</time><sat>24</sat></trkpt>
  <trkpt lat="35.69423485" lon="139.75332224"><ele>51.630</ele><time>2026-08-16T08:24:37Z</time><sat>25</sat></trkpt>
  <trkpt lat="35.69417509" lon="139.75327577"><ele>50.909</ele><time>2026-08-16T08:24:43Z</time><sat>25</sat></trkpt>
  <trkpt lat="35.69412142" lon="139.75321404"><ele>51.083</ele><time>2026-08-16T08:24:49Z</time><sat>27</sat></trkpt>
  <trkpt lat="35.69407352" lon="139.75316850"><ele>49.588</ele><time>2026-08-16T08:24:55Z</time><sat>25</sat></trkpt>
  <trkpt lat="35.69400839" lon="139.75313844"><ele>53.183</ele><time>2026-08-16T08:25:01Z</time><sat>28</sat></trkpt>
  <trkpt lat="35.69394597" lon="139.75309944"><ele>52.675</ele><time>2026-08-16T08:25:07Z</time><sat>29</sat></trkpt>
  <trkpt lat="35.69389301" lon="139.75305907"><ele>52.518</ele><time>2026-08-16T08:25:13Z</time><sat>31</sat></trkpt>
  <trkpt lat="35.69383770" lon="139.75301605"><ele>53.396</ele><time>2026-08-16T08:25:19Z</time><sat>31</sat></trkpt>
  <trkpt lat="35.69378235" lon="139.75296859"><ele>52.123</ele><time>2026-08-16T08:25:25Z</time><sat>32</sat></trkpt>
  <trkpt lat="35.69373975" lon="139.75290871"><ele>51.208</ele><time>2026-08-16T08:25:31Z</time><sat>31</sat></trkpt>
  <trkpt lat="35.69370726" lon="139.75284484"><ele>52.483</ele><time>2026-08-16T08:25:37Z</time><sat>32</sat></trkpt>
  <trkpt lat="35.69374437" lon="139.75277431"><ele>50.430</ele><time>2026-08-16T08:25:43Z</time><sat>32</sat></trkpt>
  <trkpt lat="35.69381175" lon="139.75273375"><ele>51.070</ele><time>2026-08-16T08:25:49Z</time><sat>33</sat></trkpt>
  <trkpt lat="35.69384452" lon="139.75267710"><ele>50.087</ele><time>2026-08-16T08:25:55Z</time><sat>32</sat></trkpt>
  <trkpt lat="35.69389339" lon="139.75261288"><ele>51.226</ele><time>2026-08-16T08:26:01Z</time><sat>31</sat></trkpt>
  <trkpt lat="35.69396567" lon="139.75255925"><ele>52.696</ele><time>2026-08-16T08:26:07Z</time><sat>32</sat></trkpt>
  <trkpt lat="35.69402772" lon="139.75249111"><ele>53.499</ele><time>2026-08-16T08:26:13Z</time><sat>31</sat></trkpt>
  <trkpt lat="35.69406995" lon="139.75241482"><ele>52.486</ele><time>2026-08-16T08:26:19Z</time><sat>26</sat></trkpt>
  <trkpt lat="35.69406812" lon="139.75233251"><ele>49.692</ele><time>2026-08-16T08:26:25Z</time><sat>33</sat></trkpt>
  <trkpt lat="35.69407690" lon="139.75225711"><ele>48.600</ele><time>2026-08-16T08:26:31Z</time><sat>25</sat></trkpt>
  <trkpt lat="35.69412278" lon="139.75218457"><ele>49.670</ele><time>2026-08-16T08:26:37Z</time><sat>28</sat></trkpt>
  <trkpt lat="35.69416710" lon="139.75212114"><ele>49.443</ele><time>2026-08-16T08:26:43Z</time><sat>25</sat></trkpt>
  <trkpt lat="35.69421384" lon="139.75208434"><ele>50.363</ele><time>2026-08-16T08:26:49Z</time><sat>26</sat></trkpt>
  <trkpt lat="35.69423481" lon="139.75202011"><ele>50.354</ele><time>2026-08-16T08:26:55Z</time><sat>27</sat></trkpt>
  <trkpt lat="35.69428229" lon="139.75195686"><ele>49.562</ele><time>2026-08-16T08:27:01Z</time><sat>24</sat></trkpt>
  <trkpt lat="35.69432334" lon="139.75193274"><ele>48.559</ele><time>2026-08-16T08:27:04Z</time><sat>23</sat></trkpt>
  <trkpt lat="35.69437340" lon="139.75190607"><ele>51.178</ele><time>2026-08-16T08:27:07Z</time><sat>23</sat></trkpt>
  <trkpt lat="35.69440645" lon="139.75184567"><ele>50.663</ele><time>2026-08-16T08:27:13Z</time><sat>23</sat></trkpt>
  <trkpt lat="35.69442214" lon="139.75177124"><ele>51.628</ele><time>2026-08-16T08:27:19Z</time><sat>22</sat></trkpt>
  <trkpt lat="35.69445343" lon="139.75173051"><ele>50.808</ele><time>2026-08-16T08:27:25Z</time><sat>21</sat></trkpt>
  <trkpt lat="35.69449561" lon="139.75169183"><ele>50.630</ele><time>2026-08-16T08:27:31Z</time><sat>25</sat></trkpt>
  <trkpt lat="35.69456136" lon="139.75165863"><ele>51.752</ele><time>2026-08-16T08:27:37Z</time><sat>22</sat></trkpt>
  <trkpt lat="35.69462954" lon="139.75162180"><ele>54.589</ele><time>2026-08-16T08:27:43Z</time><sat>29</sat></trkpt>
  <trkpt lat="35.69466652" lon="139.75158294"><ele>57.631</ele><time>2026-08-16T08:27:49Z</time><sat>25</sat></trkpt>
  <trkpt lat="35.69472680" lon="139.75152920"><ele>56.463</ele><time>2026-08-16T08:27:55Z</time><sat>26</sat></trkpt>
  <trkpt lat="35.69477172" lon="139.75153493"><ele>58.020</ele><time>2026-08-16T08:27:58Z</time><sat>31</sat></trkpt>
  <trkpt lat="35.69481063" lon="139.75148640"><ele>55.752</ele><time>2026-08-16T08:28:04Z</time><sat>32</sat></trkpt>
  <trkpt lat="35.69485573" lon="139.75143757"><ele>53.399</ele><time>2026-08-16T08:28:10Z</time><sat>35</sat></trkpt>
  <trkpt lat="35.69491331" lon="139.75137692"><ele>50.421</ele><time>2026-08-16T08:28:16Z</time><sat>36</sat></trkpt>
  <trkpt lat="35.69495791" lon="139.75135940"><ele>50.119</ele><time>2026-08-16T08:28:19Z</time><sat>36</sat></trkpt>
  <trkpt lat="35.69500182" lon="139.75134381"><ele>49.164</ele><time>2026-08-16T08:28:22Z</time><sat>30</sat></trkpt>
  <trkpt lat="35.69506504" lon="139.75129069"><ele>49.394</ele><time>2026-08-16T08:28:28Z</time><sat>32</sat></trkpt>
  <trkpt lat="35.69509993" lon="139.75124523"><ele>50.599</ele><time>2026-08-16T08:28:34Z</time><sat>30</sat></trkpt>
  <trkpt lat="35.69517002" lon="139.75120411"><ele>52.326</ele><time>2026-08-16T08:28:43Z</time><sat>36</sat></trkpt>
  <trkpt lat="35.69523635" lon="139.75116404"><ele>49.922</ele><time>2026-08-16T08:28:49Z</time><sat>35</sat></trkpt>
  <trkpt lat="35.69528405" lon="139.75112142"><ele>50.999</ele><time>2026-08-16T08:28:52Z</time><sat>37</sat></trkpt>
  <trkpt lat="35.69530322" lon="139.75105896"><ele>49.001</ele><time>2026-08-16T08:28:55Z</time><sat>38</sat></trkpt>
  <trkpt lat="35.69530436" lon="139.75099878"><ele>50.141</ele><time>2026-08-16T08:28:58Z</time><sat>38</sat></trkpt>
  <trkpt lat="35.69530253" lon="139.75094258"><ele>49.478</ele><time>2026-08-16T08:29:01Z</time><sat>36</sat></trkpt>
  <trkpt lat="35.69530706" lon="139.75086526"><ele>49.404</ele><time>2026-08-16T08:29:07Z</time><sat>35</sat></trkpt>
  <trkpt lat="35.69529330" lon="139.75078874"><ele>47.615</ele><time>2026-08-16T08:29:13Z</time><sat>33</sat></trkpt>
  <trkpt lat="35.69529016" lon="139.75071836"><ele>47.072</ele><time>2026-08-16T08:29:19Z</time><sat>32</sat></trkpt>
  <trkpt lat="35.69525286" lon="139.75065525"><ele>49.113</ele><time>2026-08-16T08:29:25Z</time><sat>33</sat></trkpt>
  <trkpt lat="35.69520362" lon="139.75061868"><ele>50.571</ele><time>2026-08-16T08:29:31Z</time><sat>32</sat></trkpt>
  <trkpt lat="35.69517015" lon="139.75055720"><ele>50.443</ele><time>2026-08-16T08:29:37Z</time><sat>29</sat></trkpt>
  <trkpt lat="35.69515214" lon="139.75049609"><ele>49.720</ele><time>2026-08-16T08:29:43Z</time><sat>31</sat></trkpt>
  <trkpt lat="35.69513177" lon="139.75041613"><ele>47.995</ele><time>2026-08-16T08:29:49Z</time><sat>29</sat></trkpt>
  <trkpt lat="35.69511581" lon="139.75036127"><ele>49.232</ele><time>2026-08-16T08:29:52Z</time><sat>28</sat></trkpt>
  <trkpt lat="35.69514517" lon="139.75029103"><ele>56.562</ele><time>2026-08-16T08:29:58Z</time><sat>36</sat></trkpt>
  <trkpt lat="35.69515284" lon="139.75020479"><ele>57.841</ele><time>2026-08-16T08:30:04Z</time><sat>32</sat></trkpt>
  <trkpt lat="35.69515011" lon="139.75013680"><ele>59.297</ele><time>2026-08-16T08:30:10Z</time><sat>33</sat></trkpt>
  <trkpt lat="35.69512592" lon="139.75006843"><ele>63.655</ele><time>2026-08-16T08:30:16Z</time><sat>33</sat></trkpt>
  <trkpt lat="35.69509892" lon="139.74999247"><ele>64.857</ele><time>2026-08-16T08:30:22Z</time><sat>32</sat></trkpt>
  <trkpt lat="35.69509566" lon="139.74990453"><ele>64.434</ele><time>2026-08-16T08:30:28Z</time><sat>33</sat></trkpt>
  <trkpt lat="35.69509481" lon="139.74982970"><ele>66.547</ele><time>2026-08-16T08:30:34Z</time><sat>32</sat></trkpt>
  <trkpt lat="35.69506511" lon="139.74976295"><ele>67.351</ele><time>2026-08-16T08:30:40Z</time><sat>33</sat></trkpt>
  <trkpt lat="35.69505122" lon="139.74967573"><ele>65.670</ele><time>2026-08-16T08:30:46Z</time><sat>32</sat></trkpt>
  <trkpt lat="35.69505101" lon="139.74958491"><ele>64.290</ele><time>2026-08-16T08:30:52Z</time><sat>30</sat></trkpt>
  <trkpt lat="35.69502845" lon="139.74952474"><ele>62.907</ele><time>2026-08-16T08:31:01Z</time><sat>33</sat></trkpt>
  <trkpt lat="35.69501966" lon="139.74945948"><ele>60.466</ele><time>2026-08-16T08:31:07Z</time><sat>32</sat></trkpt>
  <trkpt lat="35.69500316" lon="139.74939470"><ele>59.102</ele><time>2026-08-16T08:31:13Z</time><sat>30</sat></trkpt>
  <trkpt lat="35.69499982" lon="139.74934045"><ele>59.672</ele><time>2026-08-16T08:31:22Z</time><sat>31</sat></trkpt>
  <trkpt lat="35.69500151" lon="139.74934835"><ele>59.714</ele><time>2026-08-16T08:31:25Z</time><sat>31</sat></trkpt>
  <trkpt lat="35.69499804" lon="139.74935405"><ele>57.849</ele><time>2026-08-16T08:31:28Z</time><sat>32</sat></trkpt>
  <trkpt lat="35.69499857" lon="139.74936389"><ele>57.765</ele><time>2026-08-16T08:31:31Z</time><sat>33</sat></trkpt>
  <trkpt lat="35.69500289" lon="139.74937773"><ele>58.946</ele><time>2026-08-16T08:31:43Z</time><sat>34</sat></trkpt>
  <trkpt lat="35.69500627" lon="139.74937103"><ele>59.280</ele><time>2026-08-16T08:31:48Z</time><sat>33</sat></trkpt>
  <trkpt lat="35.69500285" lon="139.74937303"><ele>59.303</ele><time>2026-08-16T08:31:57Z</time><sat>33</sat></trkpt>
  <trkpt lat="35.69500322" lon="139.74937123"><ele>59.171</ele><time>2026-08-16T08:32:00Z</time><sat>33</sat></trkpt>
  <trkpt lat="35.69500357" lon="139.74937000"><ele>59.036</ele><time>2026-08-16T08:32:03Z</time><sat>33</sat></trkpt>
  <trkpt lat="35.69500206" lon="139.74932981"><ele>58.555</ele><time>2026-08-16T08:32:06Z</time><sat>33</sat></trkpt>
  <trkpt lat="35.69495853" lon="139.74928721"><ele>61.347</ele><time>2026-08-16T08:32:12Z</time><sat>32</sat></trkpt>
  <trkpt lat="35.69490551" lon="139.74926808"><ele>61.547</ele><time>2026-08-16T08:32:18Z</time><sat>34</sat></trkpt>
  <trkpt lat="35.69484689" lon="139.74925990"><ele>62.533</ele><time>2026-08-16T08:32:24Z</time><sat>33</sat></trkpt>
  <trkpt lat="35.69480184" lon="139.74924662"><ele>63.261</ele><time>2026-08-16T08:32:30Z</time><sat>34</sat></trkpt>
  <trkpt lat="35.69476922" lon="139.74918206"><ele>63.951</ele><time>2026-08-16T08:32:39Z</time><sat>34</sat></trkpt>
  <trkpt lat="35.69473525" lon="139.74911916"><ele>63.617</ele><time>2026-08-16T08:32:45Z</time><sat>35</sat></trkpt>
  <trkpt lat="35.69471145" lon="139.74905208"><ele>64.703</ele><time>2026-08-16T08:32:51Z</time><sat>36</sat></trkpt>
  <trkpt lat="35.69471116" lon="139.74905524"><ele>64.504</ele><time>2026-08-16T08:32:54Z</time><sat>36</sat></trkpt>
  <trkpt lat="35.69470888" lon="139.74905688"><ele>64.536</ele><time>2026-08-16T08:33:00Z</time><sat>36</sat></trkpt>
  <trkpt lat="35.69471821" lon="139.74905290"><ele>64.495</ele><time>2026-08-16T08:33:03Z</time><sat>34</sat></trkpt>
  <trkpt lat="35.69474416" lon="139.74897707"><ele>62.762</ele><time>2026-08-16T08:33:10Z</time><sat>36</sat></trkpt>
  <trkpt lat="35.69474754" lon="139.74890984"><ele>63.104</ele><time>2026-08-16T08:33:16Z</time><sat>36</sat></trkpt>
  <trkpt lat="35.69474791" lon="139.74883503"><ele>62.705</ele><time>2026-08-16T08:33:22Z</time><sat>36</sat></trkpt>
  <trkpt lat="35.69475746" lon="139.74881199"><ele>62.130</ele><time>2026-08-16T08:33:25Z</time><sat>35</sat></trkpt>
  <trkpt lat="35.69476610" lon="139.74881979"><ele>61.733</ele><time>2026-08-16T08:33:28Z</time><sat>35</sat></trkpt>
  <trkpt lat="35.69476760" lon="139.74882223"><ele>61.749</ele><time>2026-08-16T08:33:31Z</time><sat>33</sat></trkpt>
  <trkpt lat="35.69476290" lon="139.74880614"><ele>61.207</ele><time>2026-08-16T08:33:34Z</time><sat>31</sat></trkpt>
  <trkpt lat="35.69472798" lon="139.74873442"><ele>60.712</ele><time>2026-08-16T08:33:40Z</time><sat>35</sat></trkpt>
  <trkpt lat="35.69472001" lon="139.74866496"><ele>61.857</ele><time>2026-08-16T08:33:46Z</time><sat>34</sat></trkpt>
  <trkpt lat="35.69472534" lon="139.74866276"><ele>62.727</ele><time>2026-08-16T08:33:49Z</time><sat>35</sat></trkpt>
  <trkpt lat="35.69473205" lon="139.74865942"><ele>62.361</ele><time>2026-08-16T08:33:52Z</time><sat>35</sat></trkpt>
  <trkpt lat="35.69474290" lon="139.74859118"><ele>62.402</ele><time>2026-08-16T08:33:58Z</time><sat>34</sat></trkpt>
  <trkpt lat="35.69470461" lon="139.74853958"><ele>60.915</ele><time>2026-08-16T08:34:04Z</time><sat>36</sat></trkpt>
  <trkpt lat="35.69470545" lon="139.74845956"><ele>59.889</ele><time>2026-08-16T08:34:10Z</time><sat>36</sat></trkpt>
  <trkpt lat="35.69469057" lon="139.74839500"><ele>59.959</ele><time>2026-08-16T08:34:16Z</time><sat>36</sat></trkpt>
  <trkpt lat="35.69472357" lon="139.74832971"><ele>60.034</ele><time>2026-08-16T08:34:22Z</time><sat>37</sat></trkpt>
  <trkpt lat="35.69471713" lon="139.74825656"><ele>59.745</ele><time>2026-08-16T08:34:28Z</time><sat>36</sat></trkpt>
  <trkpt lat="35.69467598" lon="139.74822977"><ele>59.728</ele><time>2026-08-16T08:34:31Z</time><sat>33</sat></trkpt>
  <trkpt lat="35.69465293" lon="139.74822026"><ele>62.642</ele><time>2026-08-16T08:34:43Z</time><sat>36</sat></trkpt>
  <trkpt lat="35.69464687" lon="139.74814142"><ele>62.664</ele><time>2026-08-16T08:34:52Z</time><sat>34</sat></trkpt>
  <trkpt lat="35.69465693" lon="139.74808121"><ele>61.018</ele><time>2026-08-16T08:34:58Z</time><sat>34</sat></trkpt>
  <trkpt lat="35.69465525" lon="139.74800782"><ele>61.110</ele><time>2026-08-16T08:35:04Z</time><sat>34</sat></trkpt>
  <trkpt lat="35.69463712" lon="139.74793070"><ele>62.547</ele><time>2026-08-16T08:35:10Z</time><sat>37</sat></trkpt>
  <trkpt lat="35.69461280" lon="139.74785668"><ele>63.074</ele><time>2026-08-16T08:35:16Z</time><sat>37</sat></trkpt>
  <trkpt lat="35.69458718" lon="139.74777950"><ele>63.905</ele><time>2026-08-16T08:35:22Z</time><sat>37</sat></trkpt>
  <trkpt lat="35.69456964" lon="139.74770811"><ele>63.503</ele><time>2026-08-16T08:35:28Z</time><sat>37</sat></trkpt>
  <trkpt lat="35.69453775" lon="139.74764015"><ele>63.512</ele><time>2026-08-16T08:35:34Z</time><sat>36</sat></trkpt>
  <trkpt lat="35.69449377" lon="139.74757908"><ele>64.627</ele><time>2026-08-16T08:35:40Z</time><sat>35</sat></trkpt>
  <trkpt lat="35.69447013" lon="139.74749018"><ele>65.500</ele><time>2026-08-16T08:35:46Z</time><sat>38</sat></trkpt>
  <trkpt lat="35.69443321" lon="139.74744698"><ele>65.755</ele><time>2026-08-16T08:35:52Z</time><sat>36</sat></trkpt>
  <trkpt lat="35.69443351" lon="139.74745261"><ele>65.752</ele><time>2026-08-16T08:35:55Z</time><sat>34</sat></trkpt>
  <trkpt lat="35.69442994" lon="139.74745506"><ele>66.098</ele><time>2026-08-16T08:36:04Z</time><sat>33</sat></trkpt>
  <trkpt lat="35.69442259" lon="139.74745952"><ele>66.376</ele><time>2026-08-16T08:36:07Z</time><sat>34</sat></trkpt>
  <trkpt lat="35.69439596" lon="139.74747331"><ele>67.387</ele><time>2026-08-16T08:36:10Z</time><sat>34</sat></trkpt>
  <trkpt lat="35.69437620" lon="139.74747317"><ele>66.026</ele><time>2026-08-16T08:36:13Z</time><sat>34</sat></trkpt>
  <trkpt lat="35.69437909" lon="139.74747370"><ele>65.313</ele><time>2026-08-16T08:36:19Z</time><sat>34</sat></trkpt>
  <trkpt lat="35.69438277" lon="139.74747971"><ele>64.748</ele><time>2026-08-16T08:36:22Z</time><sat>33</sat></trkpt>
  <trkpt lat="35.69438059" lon="139.74747727"><ele>64.722</ele><time>2026-08-16T08:36:25Z</time><sat>34</sat></trkpt>
  <trkpt lat="35.69438832" lon="139.74746652"><ele>65.963</ele><time>2026-08-16T08:36:37Z</time><sat>32</sat></trkpt>
  <trkpt lat="35.69438901" lon="139.74746698"><ele>65.963</ele><time>2026-08-16T08:36:49Z</time><sat>34</sat></trkpt>
  <trkpt lat="35.69438942" lon="139.74746735"><ele>65.949</ele><time>2026-08-16T08:36:55Z</time><sat>36</sat></trkpt>
  <trkpt lat="35.69438393" lon="139.74747530"><ele>66.410</ele><time>2026-08-16T08:36:58Z</time><sat>35</sat></trkpt>
  <trkpt lat="35.69431430" lon="139.74749981"><ele>68.432</ele><time>2026-08-16T08:37:04Z</time><sat>36</sat></trkpt>
  <trkpt lat="35.69426264" lon="139.74751656"><ele>68.252</ele><time>2026-08-16T08:37:10Z</time><sat>36</sat></trkpt>
  <trkpt lat="35.69427690" lon="139.74752548"><ele>68.030</ele><time>2026-08-16T08:37:13Z</time><sat>36</sat></trkpt>
  <trkpt lat="35.69428030" lon="139.74751306"><ele>67.456</ele><time>2026-08-16T08:37:17Z</time><sat>35</sat></trkpt>
  <trkpt lat="35.69427818" lon="139.74751309"><ele>67.472</ele><time>2026-08-16T08:37:20Z</time><sat>34</sat></trkpt>
  <trkpt lat="35.69427043" lon="139.74751745"><ele>68.245</ele><time>2026-08-16T08:37:23Z</time><sat>35</sat></trkpt>
  <trkpt lat="35.69426325" lon="139.74752130"><ele>69.325</ele><time>2026-08-16T08:37:26Z</time><sat>35</sat></trkpt>
  <trkpt lat="35.69426183" lon="139.74752068"><ele>69.315</ele><time>2026-08-16T08:37:31Z</time><sat>35</sat></trkpt>
  <trkpt lat="35.69426165" lon="139.74752098"><ele>69.311</ele><time>2026-08-16T08:37:40Z</time><sat>36</sat></trkpt>
  <trkpt lat="35.69426054" lon="139.74752015"><ele>68.980</ele><time>2026-08-16T08:37:43Z</time><sat>36</sat></trkpt>
  <trkpt lat="35.69418961" lon="139.74753066"><ele>68.475</ele><time>2026-08-16T08:37:52Z</time><sat>36</sat></trkpt>
  <trkpt lat="35.69413504" lon="139.74753982"><ele>67.339</ele><time>2026-08-16T08:37:58Z</time><sat>35</sat></trkpt>
  <trkpt lat="35.69407876" lon="139.74755034"><ele>66.770</ele><time>2026-08-16T08:38:04Z</time><sat>34</sat></trkpt>
  <trkpt lat="35.69402533" lon="139.74756236"><ele>65.630</ele><time>2026-08-16T08:38:10Z</time><sat>34</sat></trkpt>
  <trkpt lat="35.69399202" lon="139.74752306"><ele>66.493</ele><time>2026-08-16T08:38:16Z</time><sat>34</sat></trkpt>
  <trkpt lat="35.69393710" lon="139.74753870"><ele>65.384</ele><time>2026-08-16T08:38:25Z</time><sat>34</sat></trkpt>
  <trkpt lat="35.69387457" lon="139.74755189"><ele>65.487</ele><time>2026-08-16T08:38:31Z</time><sat>35</sat></trkpt>
  <trkpt lat="35.69387219" lon="139.74754274"><ele>65.334</ele><time>2026-08-16T08:38:34Z</time><sat>33</sat></trkpt>
  <trkpt lat="35.69387467" lon="139.74753854"><ele>65.627</ele><time>2026-08-16T08:38:46Z</time><sat>29</sat></trkpt>
  <trkpt lat="35.69387380" lon="139.74753861"><ele>66.117</ele><time>2026-08-16T08:38:49Z</time><sat>31</sat></trkpt>
  <trkpt lat="35.69387340" lon="139.74753838"><ele>65.924</ele><time>2026-08-16T08:38:52Z</time><sat>32</sat></trkpt>
  <trkpt lat="35.69387465" lon="139.74753767"><ele>65.222</ele><time>2026-08-16T08:38:55Z</time><sat>35</sat></trkpt>
  <trkpt lat="35.69387488" lon="139.74753758"><ele>65.222</ele><time>2026-08-16T08:38:58Z</time><sat>35</sat></trkpt>
  <trkpt lat="35.69387478" lon="139.74754030"><ele>64.271</ele><time>2026-08-16T08:39:01Z</time><sat>34</sat></trkpt>
  <trkpt lat="35.69387744" lon="139.74756192"><ele>64.322</ele><time>2026-08-16T08:39:04Z</time><sat>34</sat></trkpt>
  <trkpt lat="35.69387900" lon="139.74757175"><ele>63.859</ele><time>2026-08-16T08:39:07Z</time><sat>33</sat></trkpt>
  <trkpt lat="35.69388357" lon="139.74756729"><ele>64.427</ele><time>2026-08-16T08:39:10Z</time><sat>34</sat></trkpt>
  <trkpt lat="35.69388273" lon="139.74755944"><ele>64.615</ele><time>2026-08-16T08:39:16Z</time><sat>34</sat></trkpt>
  <trkpt lat="35.69388167" lon="139.74756277"><ele>64.635</ele><time>2026-08-16T08:39:19Z</time><sat>34</sat></trkpt>
  <trkpt lat="35.69388112" lon="139.74756326"><ele>64.726</ele><time>2026-08-16T08:39:28Z</time><sat>35</sat></trkpt>
  <trkpt lat="35.69386779" lon="139.74757615"><ele>65.647</ele><time>2026-08-16T08:39:31Z</time><sat>36</sat></trkpt>
  <trkpt lat="35.69381852" lon="139.74759872"><ele>67.607</ele><time>2026-08-16T08:39:37Z</time><sat>34</sat></trkpt>
  <trkpt lat="35.69376180" lon="139.74758344"><ele>68.517</ele><time>2026-08-16T08:39:43Z</time><sat>35</sat></trkpt>
  <trkpt lat="35.69374911" lon="139.74757564"><ele>68.122</ele><time>2026-08-16T08:39:46Z</time><sat>35</sat></trkpt>
  <trkpt lat="35.69374839" lon="139.74757066"><ele>68.106</ele><time>2026-08-16T08:39:49Z</time><sat>35</sat></trkpt>
  <trkpt lat="35.69374526" lon="139.74757150"><ele>68.349</ele><time>2026-08-16T08:39:52Z</time><sat>33</sat></trkpt>
  <trkpt lat="35.69368554" lon="139.74758834"><ele>68.363</ele><time>2026-08-16T08:39:58Z</time><sat>36</sat></trkpt>
  <trkpt lat="35.69363141" lon="139.74762476"><ele>65.735</ele><time>2026-08-16T08:40:04Z</time><sat>36</sat></trkpt>
  <trkpt lat="35.69356172" lon="139.74763484"><ele>66.556</ele><time>2026-08-16T08:40:10Z</time><sat>36</sat></trkpt>
  <trkpt lat="35.69350625" lon="139.74762879"><ele>66.446</ele><time>2026-08-16T08:40:16Z</time><sat>37</sat></trkpt>
  <trkpt lat="35.69344805" lon="139.74764789"><ele>65.608</ele><time>2026-08-16T08:40:22Z</time><sat>36</sat></trkpt>
  <trkpt lat="35.69336879" lon="139.74763285"><ele>66.653</ele><time>2026-08-16T08:40:28Z</time><sat>36</sat></trkpt>
  <trkpt lat="35.69330601" lon="139.74764597"><ele>67.495</ele><time>2026-08-16T08:40:34Z</time><sat>34</sat></trkpt>
  <trkpt lat="35.69325173" lon="139.74763457"><ele>65.530</ele><time>2026-08-16T08:40:40Z</time><sat>37</sat></trkpt>
  <trkpt lat="35.69325247" lon="139.74764371"><ele>65.187</ele><time>2026-08-16T08:40:49Z</time><sat>37</sat></trkpt>
  <trkpt lat="35.69326397" lon="139.74764403"><ele>65.077</ele><time>2026-08-16T08:40:52Z</time><sat>36</sat></trkpt>
  <trkpt lat="35.69326954" lon="139.74764653"><ele>64.090</ele><time>2026-08-16T08:40:58Z</time><sat>32</sat></trkpt>
  <trkpt lat="35.69324469" lon="139.74764569"><ele>63.747</ele><time>2026-08-16T08:41:01Z</time><sat>34</sat></trkpt>
  <trkpt lat="35.69317232" lon="139.74767213"><ele>64.175</ele><time>2026-08-16T08:41:07Z</time><sat>36</sat></trkpt>
  <trkpt lat="35.69310385" lon="139.74765985"><ele>65.480</ele><time>2026-08-16T08:41:13Z</time><sat>36</sat></trkpt>
  <trkpt lat="35.69305180" lon="139.74766507"><ele>66.076</ele><time>2026-08-16T08:41:19Z</time><sat>37</sat></trkpt>
  <trkpt lat="35.69298328" lon="139.74766168"><ele>67.922</ele><time>2026-08-16T08:41:25Z</time><sat>36</sat></trkpt>
  <trkpt lat="35.69291818" lon="139.74766423"><ele>66.498</ele><time>2026-08-16T08:41:31Z</time><sat>36</sat></trkpt>
  <trkpt lat="35.69284285" lon="139.74766964"><ele>66.324</ele><time>2026-08-16T08:41:37Z</time><sat>37</sat></trkpt>
  <trkpt lat="35.69278450" lon="139.74766659"><ele>65.675</ele><time>2026-08-16T08:41:43Z</time><sat>36</sat></trkpt>
  <trkpt lat="35.69271070" lon="139.74766102"><ele>65.322</ele><time>2026-08-16T08:41:49Z</time><sat>36</sat></trkpt>
  <trkpt lat="35.69264439" lon="139.74766244"><ele>65.915</ele><time>2026-08-16T08:41:55Z</time><sat>36</sat></trkpt>
  <trkpt lat="35.69258142" lon="139.74767568"><ele>66.005</ele><time>2026-08-16T08:42:01Z</time><sat>36</sat></trkpt>
  <trkpt lat="35.69251686" lon="139.74767174"><ele>64.696</ele><time>2026-08-16T08:42:07Z</time><sat>36</sat></trkpt>
  <trkpt lat="35.69244689" lon="139.74767169"><ele>64.782</ele><time>2026-08-16T08:42:13Z</time><sat>36</sat></trkpt>
  <trkpt lat="35.69238569" lon="139.74766833"><ele>66.371</ele><time>2026-08-16T08:42:19Z</time><sat>36</sat></trkpt>
  <trkpt lat="35.69233388" lon="139.74766394"><ele>67.699</ele><time>2026-08-16T08:42:25Z</time><sat>37</sat></trkpt>
  <trkpt lat="35.69227587" lon="139.74768676"><ele>66.667</ele><time>2026-08-16T08:42:31Z</time><sat>34</sat></trkpt>
  <trkpt lat="35.69219974" lon="139.74765561"><ele>65.070</ele><time>2026-08-16T08:42:37Z</time><sat>35</sat></trkpt>
  <trkpt lat="35.69216615" lon="139.74763958"><ele>64.485</ele><time>2026-08-16T08:42:43Z</time><sat>34</sat></trkpt>
  <trkpt lat="35.69216779" lon="139.74762404"><ele>63.714</ele><time>2026-08-16T08:42:46Z</time><sat>35</sat></trkpt>
  <trkpt lat="35.69216159" lon="139.74762505"><ele>62.951</ele><time>2026-08-16T08:42:49Z</time><sat>36</sat></trkpt>
  <trkpt lat="35.69215082" lon="139.74763128"><ele>63.241</ele><time>2026-08-16T08:42:52Z</time><sat>37</sat></trkpt>
  <trkpt lat="35.69215651" lon="139.74763059"><ele>63.790</ele><time>2026-08-16T08:42:58Z</time><sat>36</sat></trkpt>
  <trkpt lat="35.69215549" lon="139.74762911"><ele>64.368</ele><time>2026-08-16T08:43:01Z</time><sat>35</sat></trkpt>
  <trkpt lat="35.69214400" lon="139.74762507"><ele>64.614</ele><time>2026-08-16T08:43:06Z</time><sat>36</sat></trkpt>
  <trkpt lat="35.69214332" lon="139.74761543"><ele>64.774</ele><time>2026-08-16T08:43:18Z</time><sat>37</sat></trkpt>
  <trkpt lat="35.69212341" lon="139.74758639"><ele>64.757</ele><time>2026-08-16T08:43:21Z</time><sat>37</sat></trkpt>
  <trkpt lat="35.69206401" lon="139.74753654"><ele>64.415</ele><time>2026-08-16T08:43:27Z</time><sat>38</sat></trkpt>
  <trkpt lat="35.69200556" lon="139.74747222"><ele>64.455</ele><time>2026-08-16T08:43:34Z</time><sat>36</sat></trkpt>
  <trkpt lat="35.69194802" lon="139.74742573"><ele>64.915</ele><time>2026-08-16T08:43:43Z</time><sat>35</sat></trkpt>
  <trkpt lat="35.69189688" lon="139.74738363"><ele>66.570</ele><time>2026-08-16T08:43:49Z</time><sat>35</sat></trkpt>
  <trkpt lat="35.69183725" lon="139.74731775"><ele>65.059</ele><time>2026-08-16T08:43:55Z</time><sat>34</sat></trkpt>
  <trkpt lat="35.69178756" lon="139.74725760"><ele>64.127</ele><time>2026-08-16T08:44:01Z</time><sat>34</sat></trkpt>
  <trkpt lat="35.69173454" lon="139.74719577"><ele>65.758</ele><time>2026-08-16T08:44:07Z</time><sat>34</sat></trkpt>
  <trkpt lat="35.69168919" lon="139.74717867"><ele>66.538</ele><time>2026-08-16T08:44:13Z</time><sat>31</sat></trkpt>
  <trkpt lat="35.69162699" lon="139.74713086"><ele>65.971</ele><time>2026-08-16T08:44:19Z</time><sat>31</sat></trkpt>
  <trkpt lat="35.69156311" lon="139.74711451"><ele>64.684</ele><time>2026-08-16T08:44:25Z</time><sat>28</sat></trkpt>
  <trkpt lat="35.69149885" lon="139.74710257"><ele>64.180</ele><time>2026-08-16T08:44:31Z</time><sat>29</sat></trkpt>
  <trkpt lat="35.69143908" lon="139.74708080"><ele>66.714</ele><time>2026-08-16T08:44:37Z</time><sat>26</sat></trkpt>
  <trkpt lat="35.69137100" lon="139.74704494"><ele>68.934</ele><time>2026-08-16T08:44:43Z</time><sat>28</sat></trkpt>
  <trkpt lat="35.69129107" lon="139.74708030"><ele>70.364</ele><time>2026-08-16T08:44:49Z</time><sat>29</sat></trkpt>
  <trkpt lat="35.69122799" lon="139.74711942"><ele>63.567</ele><time>2026-08-16T08:44:55Z</time><sat>33</sat></trkpt>
  <trkpt lat="35.69116295" lon="139.74714800"><ele>63.035</ele><time>2026-08-16T08:45:01Z</time><sat>30</sat></trkpt>
  <trkpt lat="35.69110156" lon="139.74716938"><ele>60.842</ele><time>2026-08-16T08:45:07Z</time><sat>31</sat></trkpt>
  <trkpt lat="35.69105546" lon="139.74720716"><ele>61.785</ele><time>2026-08-16T08:45:13Z</time><sat>30</sat></trkpt>
  <trkpt lat="35.69100863" lon="139.74723809"><ele>60.534</ele><time>2026-08-16T08:45:19Z</time><sat>32</sat></trkpt>
  <trkpt lat="35.69099884" lon="139.74724508"><ele>58.161</ele><time>2026-08-16T08:45:22Z</time><sat>32</sat></trkpt>
  <trkpt lat="35.69099972" lon="139.74724668"><ele>58.201</ele><time>2026-08-16T08:45:25Z</time><sat>32</sat></trkpt>
  <trkpt lat="35.69101097" lon="139.74723217"><ele>57.755</ele><time>2026-08-16T08:45:28Z</time><sat>33</sat></trkpt>
  <trkpt lat="35.69100589" lon="139.74726001"><ele>60.256</ele><time>2026-08-16T08:45:31Z</time><sat>33</sat></trkpt>
  <trkpt lat="35.69100398" lon="139.74726384"><ele>60.581</ele><time>2026-08-16T08:45:34Z</time><sat>32</sat></trkpt>
  <trkpt lat="35.69100635" lon="139.74726245"><ele>62.025</ele><time>2026-08-16T08:45:42Z</time><sat>32</sat></trkpt>
  <trkpt lat="35.69096522" lon="139.74723803"><ele>61.213</ele><time>2026-08-16T08:45:48Z</time><sat>33</sat></trkpt>
  <trkpt lat="35.69090995" lon="139.74725814"><ele>62.064</ele><time>2026-08-16T08:45:54Z</time><sat>33</sat></trkpt>
  <trkpt lat="35.69085003" lon="139.74727981"><ele>61.561</ele><time>2026-08-16T08:46:00Z</time><sat>34</sat></trkpt>
  <trkpt lat="35.69078528" lon="139.74729889"><ele>62.095</ele><time>2026-08-16T08:46:06Z</time><sat>33</sat></trkpt>
  <trkpt lat="35.69073892" lon="139.74732765"><ele>62.834</ele><time>2026-08-16T08:46:12Z</time><sat>32</sat></trkpt>
  <trkpt lat="35.69068719" lon="139.74737318"><ele>63.375</ele><time>2026-08-16T08:46:18Z</time><sat>33</sat></trkpt>
  <trkpt lat="35.69063473" lon="139.74739319"><ele>60.945</ele><time>2026-08-16T08:46:24Z</time><sat>33</sat></trkpt>
  <trkpt lat="35.69055691" lon="139.74743104"><ele>62.734</ele><time>2026-08-16T08:46:30Z</time><sat>33</sat></trkpt>
  <trkpt lat="35.69049876" lon="139.74747001"><ele>61.831</ele><time>2026-08-16T08:46:36Z</time><sat>33</sat></trkpt>
  <trkpt lat="35.69044807" lon="139.74750011"><ele>61.306</ele><time>2026-08-16T08:46:42Z</time><sat>34</sat></trkpt>
  <trkpt lat="35.69040354" lon="139.74753859"><ele>58.342</ele><time>2026-08-16T08:46:48Z</time><sat>34</sat></trkpt>
  <trkpt lat="35.69034619" lon="139.74757866"><ele>58.719</ele><time>2026-08-16T08:46:54Z</time><sat>34</sat></trkpt>
  <trkpt lat="35.69028946" lon="139.74763185"><ele>59.856</ele><time>2026-08-16T08:47:00Z</time><sat>35</sat></trkpt>
  <trkpt lat="35.69023017" lon="139.74765556"><ele>60.592</ele><time>2026-08-16T08:47:06Z</time><sat>36</sat></trkpt>
  <trkpt lat="35.69018263" lon="139.74768604"><ele>59.186</ele><time>2026-08-16T08:47:12Z</time><sat>37</sat></trkpt>
  <trkpt lat="35.69013598" lon="139.74771040"><ele>60.056</ele><time>2026-08-16T08:47:18Z</time><sat>39</sat></trkpt>
  <trkpt lat="35.69007946" lon="139.74773997"><ele>60.514</ele><time>2026-08-16T08:47:24Z</time><sat>39</sat></trkpt>
  <trkpt lat="35.69003047" lon="139.74778440"><ele>60.978</ele><time>2026-08-16T08:47:30Z</time><sat>39</sat></trkpt>
  <trkpt lat="35.68998614" lon="139.74783332"><ele>61.001</ele><time>2026-08-16T08:47:36Z</time><sat>39</sat></trkpt>
  <trkpt lat="35.68992897" lon="139.74786868"><ele>62.219</ele><time>2026-08-16T08:47:42Z</time><sat>40</sat></trkpt>
  <trkpt lat="35.68986687" lon="139.74787849"><ele>62.015</ele><time>2026-08-16T08:47:48Z</time><sat>41</sat></trkpt>
  <trkpt lat="35.68980696" lon="139.74784783"><ele>62.028</ele><time>2026-08-16T08:47:54Z</time><sat>41</sat></trkpt>
  <trkpt lat="35.68973733" lon="139.74783708"><ele>63.190</ele><time>2026-08-16T08:48:00Z</time><sat>39</sat></trkpt>
  <trkpt lat="35.68967429" lon="139.74780761"><ele>62.791</ele><time>2026-08-16T08:48:06Z</time><sat>40</sat></trkpt>
  <trkpt lat="35.68962518" lon="139.74776180"><ele>65.666</ele><time>2026-08-16T08:48:12Z</time><sat>39</sat></trkpt>
  <trkpt lat="35.68960274" lon="139.74768832"><ele>63.945</ele><time>2026-08-16T08:48:18Z</time><sat>41</sat></trkpt>
  <trkpt lat="35.68958405" lon="139.74761104"><ele>63.641</ele><time>2026-08-16T08:48:24Z</time><sat>40</sat></trkpt>
  <trkpt lat="35.68957086" lon="139.74754542"><ele>61.478</ele><time>2026-08-16T08:48:30Z</time><sat>41</sat></trkpt>
  <trkpt lat="35.68955737" lon="139.74747135"><ele>62.286</ele><time>2026-08-16T08:48:36Z</time><sat>41</sat></trkpt>
  <trkpt lat="35.68953790" lon="139.74740398"><ele>62.089</ele><time>2026-08-16T08:48:42Z</time><sat>39</sat></trkpt>
  <trkpt lat="35.68953310" lon="139.74733067"><ele>61.243</ele><time>2026-08-16T08:48:48Z</time><sat>40</sat></trkpt>
  <trkpt lat="35.68952007" lon="139.74724628"><ele>60.135</ele><time>2026-08-16T08:48:54Z</time><sat>38</sat></trkpt>
  <trkpt lat="35.68949571" lon="139.74714762"><ele>63.063</ele><time>2026-08-16T08:49:00Z</time><sat>38</sat></trkpt>
  <trkpt lat="35.68946376" lon="139.74709518"><ele>63.465</ele><time>2026-08-16T08:49:06Z</time><sat>38</sat></trkpt>
  <trkpt lat="35.68945005" lon="139.74702900"><ele>62.763</ele><time>2026-08-16T08:49:12Z</time><sat>38</sat></trkpt>
  <trkpt lat="35.68944040" lon="139.74696879"><ele>64.148</ele><time>2026-08-16T08:49:18Z</time><sat>38</sat></trkpt>
  <trkpt lat="35.68943466" lon="139.74688779"><ele>61.584</ele><time>2026-08-16T08:49:24Z</time><sat>38</sat></trkpt>
  <trkpt lat="35.68942336" lon="139.74680574"><ele>60.870</ele><time>2026-08-16T08:49:30Z</time><sat>38</sat></trkpt>
  <trkpt lat="35.68940753" lon="139.74671461"><ele>63.027</ele><time>2026-08-16T08:49:36Z</time><sat>38</sat></trkpt>
  <trkpt lat="35.68939065" lon="139.74664813"><ele>62.787</ele><time>2026-08-16T08:49:42Z</time><sat>38</sat></trkpt>
  <trkpt lat="35.68937485" lon="139.74657485"><ele>62.833</ele><time>2026-08-16T08:49:48Z</time><sat>36</sat></trkpt>
  <trkpt lat="35.68935313" lon="139.74649741"><ele>63.947</ele><time>2026-08-16T08:49:54Z</time><sat>38</sat></trkpt>
  <trkpt lat="35.68935076" lon="139.74642867"><ele>64.086</ele><time>2026-08-16T08:50:00Z</time><sat>35</sat></trkpt>
  <trkpt lat="35.68935453" lon="139.74633087"><ele>61.985</ele><time>2026-08-16T08:50:09Z</time><sat>37</sat></trkpt>
  <trkpt lat="35.68934744" lon="139.74626994"><ele>62.361</ele><time>2026-08-16T08:50:12Z</time><sat>36</sat></trkpt>
  <trkpt lat="35.68933504" lon="139.74617880"><ele>62.491</ele><time>2026-08-16T08:50:18Z</time><sat>37</sat></trkpt>
  <trkpt lat="35.68932743" lon="139.74607721"><ele>61.561</ele><time>2026-08-16T08:50:24Z</time><sat>36</sat></trkpt>
  <trkpt lat="35.68930816" lon="139.74599281"><ele>61.856</ele><time>2026-08-16T08:50:30Z</time><sat>37</sat></trkpt>
  <trkpt lat="35.68929260" lon="139.74592028"><ele>61.974</ele><time>2026-08-16T08:50:36Z</time><sat>37</sat></trkpt>
  <trkpt lat="35.68926594" lon="139.74585492"><ele>62.866</ele><time>2026-08-16T08:50:42Z</time><sat>37</sat></trkpt>
  <trkpt lat="35.68922145" lon="139.74579758"><ele>64.305</ele><time>2026-08-16T08:50:48Z</time><sat>37</sat></trkpt>
  <trkpt lat="35.68919675" lon="139.74573090"><ele>63.483</ele><time>2026-08-16T08:50:54Z</time><sat>37</sat></trkpt>
  <trkpt lat="35.68917369" lon="139.74567378"><ele>64.175</ele><time>2026-08-16T08:51:00Z</time><sat>38</sat></trkpt>
  <trkpt lat="35.68914716" lon="139.74559383"><ele>63.393</ele><time>2026-08-16T08:51:06Z</time><sat>40</sat></trkpt>
  <trkpt lat="35.68910518" lon="139.74553293"><ele>62.442</ele><time>2026-08-16T08:51:12Z</time><sat>34</sat></trkpt>
  <trkpt lat="35.68909596" lon="139.74554038"><ele>60.211</ele><time>2026-08-16T08:51:15Z</time><sat>29</sat></trkpt>
  <trkpt lat="35.68908389" lon="139.74553593"><ele>59.536</ele><time>2026-08-16T08:51:24Z</time><sat>32</sat></trkpt>
  <trkpt lat="35.68907956" lon="139.74553419"><ele>60.051</ele><time>2026-08-16T08:51:27Z</time><sat>33</sat></trkpt>
  <trkpt lat="35.68903104" lon="139.74548723"><ele>60.404</ele><time>2026-08-16T08:51:33Z</time><sat>33</sat></trkpt>
  <trkpt lat="35.68897654" lon="139.74546172"><ele>60.999</ele><time>2026-08-16T08:51:39Z</time><sat>36</sat></trkpt>
  <trkpt lat="35.68891911" lon="139.74544856"><ele>61.800</ele><time>2026-08-16T08:51:45Z</time><sat>36</sat></trkpt>
  <trkpt lat="35.68885832" lon="139.74543156"><ele>63.598</ele><time>2026-08-16T08:51:51Z</time><sat>37</sat></trkpt>
  <trkpt lat="35.68879323" lon="139.74541905"><ele>63.329</ele><time>2026-08-16T08:51:57Z</time><sat>35</sat></trkpt>
  <trkpt lat="35.68873476" lon="139.74539934"><ele>63.473</ele><time>2026-08-16T08:52:03Z</time><sat>38</sat></trkpt>
  <trkpt lat="35.68866510" lon="139.74538919"><ele>63.368</ele><time>2026-08-16T08:52:09Z</time><sat>38</sat></trkpt>
  <trkpt lat="35.68860063" lon="139.74537257"><ele>63.505</ele><time>2026-08-16T08:52:15Z</time><sat>38</sat></trkpt>
  <trkpt lat="35.68853813" lon="139.74537206"><ele>64.248</ele><time>2026-08-16T08:52:21Z</time><sat>37</sat></trkpt>
  <trkpt lat="35.68847748" lon="139.74536466"><ele>65.980</ele><time>2026-08-16T08:52:27Z</time><sat>38</sat></trkpt>
  <trkpt lat="35.68841285" lon="139.74532566"><ele>64.954</ele><time>2026-08-16T08:52:33Z</time><sat>37</sat></trkpt>
  <trkpt lat="35.68835692" lon="139.74532115"><ele>65.427</ele><time>2026-08-16T08:52:39Z</time><sat>37</sat></trkpt>
  <trkpt lat="35.68829284" lon="139.74531522"><ele>63.034</ele><time>2026-08-16T08:52:45Z</time><sat>36</sat></trkpt>
  <trkpt lat="35.68823488" lon="139.74534234"><ele>63.692</ele><time>2026-08-16T08:52:51Z</time><sat>39</sat></trkpt>
  <trkpt lat="35.68818545" lon="139.74536833"><ele>63.512</ele><time>2026-08-16T08:52:57Z</time><sat>39</sat></trkpt>
  <trkpt lat="35.68816389" lon="139.74536638"><ele>63.418</ele><time>2026-08-16T08:53:06Z</time><sat>37</sat></trkpt>
  <trkpt lat="35.68815941" lon="139.74537001"><ele>63.453</ele><time>2026-08-16T08:53:09Z</time><sat>35</sat></trkpt>
  <trkpt lat="35.68815742" lon="139.74537148"><ele>62.954</ele><time>2026-08-16T08:53:21Z</time><sat>31</sat></trkpt>
  <trkpt lat="35.68815627" lon="139.74537188"><ele>63.128</ele><time>2026-08-16T08:53:33Z</time><sat>37</sat></trkpt>
  <trkpt lat="35.68815514" lon="139.74537246"><ele>63.182</ele><time>2026-08-16T08:53:45Z</time><sat>33</sat></trkpt>
  <trkpt lat="35.68815255" lon="139.74537343"><ele>63.238</ele><time>2026-08-16T08:53:48Z</time><sat>33</sat></trkpt>
  <trkpt lat="35.68809732" lon="139.74536311"><ele>62.888</ele><time>2026-08-16T08:53:54Z</time><sat>39</sat></trkpt>
  <trkpt lat="35.68803860" lon="139.74534675"><ele>63.289</ele><time>2026-08-16T08:54:00Z</time><sat>39</sat></trkpt>
  <trkpt lat="35.68798339" lon="139.74531336"><ele>62.946</ele><time>2026-08-16T08:54:06Z</time><sat>40</sat></trkpt>
  <trkpt lat="35.68793256" lon="139.74524999"><ele>63.174</ele><time>2026-08-16T08:54:12Z</time><sat>31</sat></trkpt>
  <trkpt lat="35.68788154" lon="139.74521287"><ele>63.982</ele><time>2026-08-16T08:54:18Z</time><sat>36</sat></trkpt>
  <trkpt lat="35.68782430" lon="139.74521566"><ele>65.945</ele><time>2026-08-16T08:54:24Z</time><sat>32</sat></trkpt>
  <trkpt lat="35.68776528" lon="139.74521931"><ele>65.212</ele><time>2026-08-16T08:54:30Z</time><sat>37</sat></trkpt>
  <trkpt lat="35.68771240" lon="139.74522182"><ele>64.540</ele><time>2026-08-16T08:54:36Z</time><sat>38</sat></trkpt>
  <trkpt lat="35.68765736" lon="139.74521719"><ele>64.536</ele><time>2026-08-16T08:54:42Z</time><sat>34</sat></trkpt>
  <trkpt lat="35.68762051" lon="139.74521212"><ele>64.981</ele><time>2026-08-16T08:54:48Z</time><sat>36</sat></trkpt>
  <trkpt lat="35.68762142" lon="139.74520066"><ele>65.172</ele><time>2026-08-16T08:54:51Z</time><sat>39</sat></trkpt>
  <trkpt lat="35.68759737" lon="139.74519398"><ele>64.008</ele><time>2026-08-16T08:54:54Z</time><sat>37</sat></trkpt>
  <trkpt lat="35.68758805" lon="139.74519553"><ele>63.136</ele><time>2026-08-16T08:54:57Z</time><sat>34</sat></trkpt>
  <trkpt lat="35.68758594" lon="139.74519236"><ele>64.325</ele><time>2026-08-16T08:55:02Z</time><sat>34</sat></trkpt>
  <trkpt lat="35.68758595" lon="139.74519095"><ele>64.338</ele><time>2026-08-16T08:55:05Z</time><sat>36</sat></trkpt>
  <trkpt lat="35.68758670" lon="139.74519005"><ele>64.266</ele><time>2026-08-16T08:55:08Z</time><sat>38</sat></trkpt>
  <trkpt lat="35.68753145" lon="139.74516200"><ele>64.286</ele><time>2026-08-16T08:55:17Z</time><sat>38</sat></trkpt>
  <trkpt lat="35.68747972" lon="139.74515723"><ele>64.327</ele><time>2026-08-16T08:55:23Z</time><sat>37</sat></trkpt>
  <trkpt lat="35.68742591" lon="139.74514759"><ele>65.273</ele><time>2026-08-16T08:55:29Z</time><sat>35</sat></trkpt>
  <trkpt lat="35.68737377" lon="139.74509989"><ele>66.404</ele><time>2026-08-16T08:55:35Z</time><sat>36</sat></trkpt>
  <trkpt lat="35.68731413" lon="139.74509936"><ele>65.121</ele><time>2026-08-16T08:55:41Z</time><sat>33</sat></trkpt>
  <trkpt lat="35.68725512" lon="139.74507421"><ele>65.792</ele><time>2026-08-16T08:55:47Z</time><sat>33</sat></trkpt>
  <trkpt lat="35.68719736" lon="139.74506564"><ele>65.455</ele><time>2026-08-16T08:55:53Z</time><sat>32</sat></trkpt>
  <trkpt lat="35.68714297" lon="139.74504330"><ele>65.411</ele><time>2026-08-16T08:55:59Z</time><sat>32</sat></trkpt>
  <trkpt lat="35.68708766" lon="139.74502880"><ele>65.617</ele><time>2026-08-16T08:56:05Z</time><sat>36</sat></trkpt>
  <trkpt lat="35.68703248" lon="139.74500694"><ele>67.101</ele><time>2026-08-16T08:56:11Z</time><sat>36</sat></trkpt>
  <trkpt lat="35.68697213" lon="139.74498890"><ele>67.067</ele><time>2026-08-16T08:56:17Z</time><sat>36</sat></trkpt>
  <trkpt lat="35.68690575" lon="139.74496990"><ele>67.223</ele><time>2026-08-16T08:56:23Z</time><sat>37</sat></trkpt>
  <trkpt lat="35.68683964" lon="139.74497560"><ele>65.505</ele><time>2026-08-16T08:56:29Z</time><sat>38</sat></trkpt>
  <trkpt lat="35.68682413" lon="139.74503030"><ele>65.443</ele><time>2026-08-16T08:56:35Z</time><sat>38</sat></trkpt>
  <trkpt lat="35.68682030" lon="139.74510180"><ele>67.799</ele><time>2026-08-16T08:56:41Z</time><sat>38</sat></trkpt>
  <trkpt lat="35.68680313" lon="139.74516893"><ele>67.693</ele><time>2026-08-16T08:56:47Z</time><sat>36</sat></trkpt>
  <trkpt lat="35.68679556" lon="139.74520174"><ele>67.683</ele><time>2026-08-16T08:56:50Z</time><sat>35</sat></trkpt>
  <trkpt lat="35.68678760" lon="139.74521576"><ele>66.918</ele><time>2026-08-16T08:56:53Z</time><sat>36</sat></trkpt>
  <trkpt lat="35.68677754" lon="139.74519979"><ele>66.590</ele><time>2026-08-16T08:56:56Z</time><sat>36</sat></trkpt>
  <trkpt lat="35.68671553" lon="139.74516721"><ele>67.773</ele><time>2026-08-16T08:57:02Z</time><sat>38</sat></trkpt>
  <trkpt lat="35.68664956" lon="139.74515953"><ele>67.138</ele><time>2026-08-16T08:57:08Z</time><sat>39</sat></trkpt>
  <trkpt lat="35.68659403" lon="139.74514615"><ele>69.303</ele><time>2026-08-16T08:57:14Z</time><sat>39</sat></trkpt>
  <trkpt lat="35.68653258" lon="139.74512041"><ele>69.404</ele><time>2026-08-16T08:57:20Z</time><sat>40</sat></trkpt>
  <trkpt lat="35.68647449" lon="139.74508585"><ele>70.012</ele><time>2026-08-16T08:57:26Z</time><sat>40</sat></trkpt>
  <trkpt lat="35.68641858" lon="139.74505408"><ele>71.875</ele><time>2026-08-16T08:57:32Z</time><sat>40</sat></trkpt>
  <trkpt lat="35.68636545" lon="139.74503477"><ele>71.695</ele><time>2026-08-16T08:57:38Z</time><sat>40</sat></trkpt>
  <trkpt lat="35.68630972" lon="139.74501462"><ele>71.196</ele><time>2026-08-16T08:57:44Z</time><sat>40</sat></trkpt>
  <trkpt lat="35.68625572" lon="139.74497813"><ele>68.434</ele><time>2026-08-16T08:57:50Z</time><sat>40</sat></trkpt>
  <trkpt lat="35.68619764" lon="139.74496827"><ele>70.818</ele><time>2026-08-16T08:57:56Z</time><sat>40</sat></trkpt>
  <trkpt lat="35.68614463" lon="139.74495805"><ele>73.446</ele><time>2026-08-16T08:58:02Z</time><sat>40</sat></trkpt>
  <trkpt lat="35.68608044" lon="139.74494203"><ele>73.227</ele><time>2026-08-16T08:58:08Z</time><sat>39</sat></trkpt>
  <trkpt lat="35.68602019" lon="139.74491412"><ele>72.702</ele><time>2026-08-16T08:58:14Z</time><sat>40</sat></trkpt>
  <trkpt lat="35.68595844" lon="139.74493345"><ele>72.524</ele><time>2026-08-16T08:58:20Z</time><sat>37</sat></trkpt>
  <trkpt lat="35.68590661" lon="139.74493036"><ele>70.006</ele><time>2026-08-16T08:58:26Z</time><sat>39</sat></trkpt>
  <trkpt lat="35.68586881" lon="139.74496434"><ele>69.886</ele><time>2026-08-16T08:58:32Z</time><sat>39</sat></trkpt>
  <trkpt lat="35.68587214" lon="139.74497199"><ele>69.864</ele><time>2026-08-16T08:58:35Z</time><sat>36</sat></trkpt>
  <trkpt lat="35.68587280" lon="139.74497282"><ele>69.877</ele><time>2026-08-16T08:58:38Z</time><sat>35</sat></trkpt>
  <trkpt lat="35.68587871" lon="139.74497872"><ele>69.376</ele><time>2026-08-16T08:58:41Z</time><sat>35</sat></trkpt>
  <trkpt lat="35.68588430" lon="139.74497873"><ele>69.092</ele><time>2026-08-16T08:58:44Z</time><sat>36</sat></trkpt>
  <trkpt lat="35.68588469" lon="139.74496959"><ele>70.258</ele><time>2026-08-16T08:58:47Z</time><sat>37</sat></trkpt>
  <trkpt lat="35.68589045" lon="139.74496839"><ele>70.082</ele><time>2026-08-16T08:58:50Z</time><sat>34</sat></trkpt>
  <trkpt lat="35.68589138" lon="139.74497348"><ele>70.607</ele><time>2026-08-16T08:58:53Z</time><sat>35</sat></trkpt>
  <trkpt lat="35.68588655" lon="139.74497599"><ele>69.319</ele><time>2026-08-16T08:58:59Z</time><sat>38</sat></trkpt>
  <trkpt lat="35.68588209" lon="139.74496919"><ele>70.266</ele><time>2026-08-16T08:59:11Z</time><sat>36</sat></trkpt>
  <trkpt lat="35.68587831" lon="139.74496191"><ele>70.503</ele><time>2026-08-16T08:59:14Z</time><sat>37</sat></trkpt>
  <trkpt lat="35.68580829" lon="139.74493019"><ele>68.985</ele><time>2026-08-16T08:59:26Z</time><sat>37</sat></trkpt>
  <trkpt lat="35.68578104" lon="139.74494835"><ele>70.263</ele><time>2026-08-16T08:59:32Z</time><sat>37</sat></trkpt>
  <trkpt lat="35.68577726" lon="139.74495581"><ele>69.951</ele><time>2026-08-16T08:59:35Z</time><sat>36</sat></trkpt>
  <trkpt lat="35.68576864" lon="139.74494195"><ele>69.319</ele><time>2026-08-16T08:59:38Z</time><sat>38</sat></trkpt>
  <trkpt lat="35.68574289" lon="139.74486087"><ele>69.190</ele><time>2026-08-16T08:59:47Z</time><sat>37</sat></trkpt>
  <trkpt lat="35.68569994" lon="139.74481477"><ele>70.540</ele><time>2026-08-16T08:59:53Z</time><sat>35</sat></trkpt>
  <trkpt lat="35.68564211" lon="139.74481210"><ele>70.155</ele><time>2026-08-16T08:59:59Z</time><sat>36</sat></trkpt>
  <trkpt lat="35.68557415" lon="139.74480993"><ele>70.909</ele><time>2026-08-16T09:00:05Z</time><sat>36</sat></trkpt>
  <trkpt lat="35.68551270" lon="139.74479128"><ele>71.279</ele><time>2026-08-16T09:00:11Z</time><sat>36</sat></trkpt>
  <trkpt lat="35.68546658" lon="139.74474983"><ele>71.620</ele><time>2026-08-16T09:00:17Z</time><sat>35</sat></trkpt>
  <trkpt lat="35.68542004" lon="139.74470420"><ele>71.384</ele><time>2026-08-16T09:00:23Z</time><sat>36</sat></trkpt>
  <trkpt lat="35.68535979" lon="139.74467745"><ele>70.561</ele><time>2026-08-16T09:00:29Z</time><sat>35</sat></trkpt>
  <trkpt lat="35.68530578" lon="139.74467027"><ele>68.916</ele><time>2026-08-16T09:00:35Z</time><sat>33</sat></trkpt>
  <trkpt lat="35.68522533" lon="139.74466781"><ele>70.600</ele><time>2026-08-16T09:00:41Z</time><sat>34</sat></trkpt>
  <trkpt lat="35.68516984" lon="139.74469435"><ele>71.600</ele><time>2026-08-16T09:00:47Z</time><sat>33</sat></trkpt>
  <trkpt lat="35.68510848" lon="139.74468823"><ele>70.869</ele><time>2026-08-16T09:00:56Z</time><sat>35</sat></trkpt>
  <trkpt lat="35.68505021" lon="139.74466860"><ele>69.597</ele><time>2026-08-16T09:01:02Z</time><sat>35</sat></trkpt>
  <trkpt lat="35.68498721" lon="139.74463912"><ele>68.392</ele><time>2026-08-16T09:01:08Z</time><sat>36</sat></trkpt>
  <trkpt lat="35.68492495" lon="139.74457989"><ele>71.657</ele><time>2026-08-16T09:01:14Z</time><sat>35</sat></trkpt>
  <trkpt lat="35.68486430" lon="139.74454141"><ele>72.305</ele><time>2026-08-16T09:01:20Z</time><sat>36</sat></trkpt>
  <trkpt lat="35.68480375" lon="139.74452522"><ele>72.774</ele><time>2026-08-16T09:01:26Z</time><sat>36</sat></trkpt>
  <trkpt lat="35.68475109" lon="139.74453445"><ele>73.313</ele><time>2026-08-16T09:01:32Z</time><sat>35</sat></trkpt>
  <trkpt lat="35.68469429" lon="139.74453077"><ele>74.946</ele><time>2026-08-16T09:01:38Z</time><sat>34</sat></trkpt>
  <trkpt lat="35.68463239" lon="139.74449745"><ele>74.744</ele><time>2026-08-16T09:01:44Z</time><sat>34</sat></trkpt>
  <trkpt lat="35.68458359" lon="139.74447324"><ele>73.196</ele><time>2026-08-16T09:01:50Z</time><sat>36</sat></trkpt>
  <trkpt lat="35.68451916" lon="139.74443572"><ele>74.381</ele><time>2026-08-16T09:01:59Z</time><sat>34</sat></trkpt>
  <trkpt lat="35.68447344" lon="139.74441690"><ele>74.729</ele><time>2026-08-16T09:02:05Z</time><sat>34</sat></trkpt>
  <trkpt lat="35.68441726" lon="139.74443153"><ele>72.579</ele><time>2026-08-16T09:02:11Z</time><sat>35</sat></trkpt>
  <trkpt lat="35.68439016" lon="139.74441959"><ele>72.065</ele><time>2026-08-16T09:02:14Z</time><sat>35</sat></trkpt>
  <trkpt lat="35.68439134" lon="139.74442326"><ele>72.548</ele><time>2026-08-16T09:02:17Z</time><sat>36</sat></trkpt>
  <trkpt lat="35.68439893" lon="139.74442887"><ele>72.164</ele><time>2026-08-16T09:02:20Z</time><sat>36</sat></trkpt>
  <trkpt lat="35.68442417" lon="139.74444011"><ele>70.633</ele><time>2026-08-16T09:02:23Z</time><sat>35</sat></trkpt>
  <trkpt lat="35.68443278" lon="139.74445485"><ele>69.543</ele><time>2026-08-16T09:02:26Z</time><sat>36</sat></trkpt>
  <trkpt lat="35.68443593" lon="139.74445368"><ele>69.591</ele><time>2026-08-16T09:02:29Z</time><sat>35</sat></trkpt>
  <trkpt lat="35.68440021" lon="139.74440776"><ele>72.451</ele><time>2026-08-16T09:02:35Z</time><sat>37</sat></trkpt>
  <trkpt lat="35.68434176" lon="139.74441568"><ele>73.397</ele><time>2026-08-16T09:02:41Z</time><sat>37</sat></trkpt>
  <trkpt lat="35.68425829" lon="139.74441600"><ele>70.752</ele><time>2026-08-16T09:02:50Z</time><sat>35</sat></trkpt>
  <trkpt lat="35.68420573" lon="139.74437298"><ele>71.751</ele><time>2026-08-16T09:02:56Z</time><sat>34</sat></trkpt>
  <trkpt lat="35.68414198" lon="139.74432447"><ele>70.132</ele><time>2026-08-16T09:03:05Z</time><sat>34</sat></trkpt>
  <trkpt lat="35.68408846" lon="139.74431715"><ele>70.970</ele><time>2026-08-16T09:03:11Z</time><sat>34</sat></trkpt>
  <trkpt lat="35.68403369" lon="139.74430263"><ele>70.758</ele><time>2026-08-16T09:03:17Z</time><sat>36</sat></trkpt>
  <trkpt lat="35.68401981" lon="139.74430584"><ele>71.530</ele><time>2026-08-16T09:03:20Z</time><sat>35</sat></trkpt>
  <trkpt lat="35.68402690" lon="139.74431116"><ele>72.249</ele><time>2026-08-16T09:03:29Z</time><sat>34</sat></trkpt>
  <trkpt lat="35.68402734" lon="139.74431160"><ele>72.618</ele><time>2026-08-16T09:03:32Z</time><sat>34</sat></trkpt>
  <trkpt lat="35.68402725" lon="139.74431261"><ele>72.710</ele><time>2026-08-16T09:03:35Z</time><sat>33</sat></trkpt>
  <trkpt lat="35.68402068" lon="139.74430972"><ele>73.491</ele><time>2026-08-16T09:03:39Z</time><sat>34</sat></trkpt>
  <trkpt lat="35.68397339" lon="139.74430323"><ele>73.271</ele><time>2026-08-16T09:03:45Z</time><sat>36</sat></trkpt>
  <trkpt lat="35.68390773" lon="139.74427595"><ele>73.282</ele><time>2026-08-16T09:03:51Z</time><sat>36</sat></trkpt>
  <trkpt lat="35.68384625" lon="139.74427584"><ele>74.154</ele><time>2026-08-16T09:03:57Z</time><sat>38</sat></trkpt>
  <trkpt lat="35.68377931" lon="139.74427422"><ele>74.796</ele><time>2026-08-16T09:04:03Z</time><sat>37</sat></trkpt>
  <trkpt lat="35.68375492" lon="139.74428954"><ele>74.409</ele><time>2026-08-16T09:04:06Z</time><sat>37</sat></trkpt>
  <trkpt lat="35.68376163" lon="139.74429921"><ele>73.930</ele><time>2026-08-16T09:04:09Z</time><sat>35</sat></trkpt>
  <trkpt lat="35.68376361" lon="139.74430034"><ele>73.986</ele><time>2026-08-16T09:04:21Z</time><sat>32</sat></trkpt>
  <trkpt lat="35.68376336" lon="139.74430016"><ele>74.010</ele><time>2026-08-16T09:04:24Z</time><sat>32</sat></trkpt>
  <trkpt lat="35.68376237" lon="139.74430202"><ele>74.370</ele><time>2026-08-16T09:04:27Z</time><sat>32</sat></trkpt>
  <trkpt lat="35.68376383" lon="139.74430831"><ele>73.294</ele><time>2026-08-16T09:04:30Z</time><sat>33</sat></trkpt>
  <trkpt lat="35.68376667" lon="139.74431030"><ele>73.285</ele><time>2026-08-16T09:04:33Z</time><sat>33</sat></trkpt>
  <trkpt lat="35.68376645" lon="139.74430968"><ele>72.947</ele><time>2026-08-16T09:04:36Z</time><sat>32</sat></trkpt>
  <trkpt lat="35.68377222" lon="139.74431181"><ele>73.249</ele><time>2026-08-16T09:04:39Z</time><sat>31</sat></trkpt>
  <trkpt lat="35.68377629" lon="139.74431365"><ele>73.266</ele><time>2026-08-16T09:04:42Z</time><sat>31</sat></trkpt>
  <trkpt lat="35.68378066" lon="139.74431704"><ele>71.827</ele><time>2026-08-16T09:04:51Z</time><sat>32</sat></trkpt>
  <trkpt lat="35.68378088" lon="139.74431624"><ele>71.491</ele><time>2026-08-16T09:05:03Z</time><sat>33</sat></trkpt>
  <trkpt lat="35.68378056" lon="139.74431744"><ele>71.141</ele><time>2026-08-16T09:05:12Z</time><sat>33</sat></trkpt>
  <trkpt lat="35.68376413" lon="139.74430468"><ele>71.120</ele><time>2026-08-16T09:05:15Z</time><sat>32</sat></trkpt>
  <trkpt lat="35.68369719" lon="139.74427128"><ele>72.971</ele><time>2026-08-16T09:05:21Z</time><sat>37</sat></trkpt>
  <trkpt lat="35.68362848" lon="139.74425819"><ele>71.907</ele><time>2026-08-16T09:05:27Z</time><sat>37</sat></trkpt>
  <trkpt lat="35.68357001" lon="139.74425095"><ele>70.725</ele><time>2026-08-16T09:05:33Z</time><sat>36</sat></trkpt>
  <trkpt lat="35.68350891" lon="139.74426081"><ele>72.378</ele><time>2026-08-16T09:05:39Z</time><sat>37</sat></trkpt>
  <trkpt lat="35.68345478" lon="139.74427781"><ele>72.450</ele><time>2026-08-16T09:05:45Z</time><sat>38</sat></trkpt>
  <trkpt lat="35.68338602" lon="139.74429718"><ele>72.236</ele><time>2026-08-16T09:05:51Z</time><sat>37</sat></trkpt>
  <trkpt lat="35.68333099" lon="139.74431553"><ele>70.938</ele><time>2026-08-16T09:05:57Z</time><sat>36</sat></trkpt>
  <trkpt lat="35.68330397" lon="139.74432316"><ele>70.645</ele><time>2026-08-16T09:06:00Z</time><sat>38</sat></trkpt>
  <trkpt lat="35.68329378" lon="139.74432799"><ele>70.532</ele><time>2026-08-16T09:06:03Z</time><sat>37</sat></trkpt>
  <trkpt lat="35.68329220" lon="139.74432811"><ele>70.153</ele><time>2026-08-16T09:06:06Z</time><sat>34</sat></trkpt>
  <trkpt lat="35.68331435" lon="139.74432257"><ele>69.199</ele><time>2026-08-16T09:06:12Z</time><sat>36</sat></trkpt>
  <trkpt lat="35.68333815" lon="139.74431964"><ele>70.771</ele><time>2026-08-16T09:06:15Z</time><sat>35</sat></trkpt>
  <trkpt lat="35.68333506" lon="139.74433991"><ele>70.814</ele><time>2026-08-16T09:06:24Z</time><sat>34</sat></trkpt>
  <trkpt lat="35.68332976" lon="139.74434219"><ele>70.734</ele><time>2026-08-16T09:06:36Z</time><sat>37</sat></trkpt>
  <trkpt lat="35.68332441" lon="139.74434084"><ele>70.850</ele><time>2026-08-16T09:06:39Z</time><sat>36</sat></trkpt>
  <trkpt lat="35.68326241" lon="139.74433652"><ele>69.084</ele><time>2026-08-16T09:06:45Z</time><sat>37</sat></trkpt>
  <trkpt lat="35.68319865" lon="139.74434797"><ele>68.934</ele><time>2026-08-16T09:06:51Z</time><sat>37</sat></trkpt>
  <trkpt lat="35.68314695" lon="139.74434940"><ele>67.813</ele><time>2026-08-16T09:06:57Z</time><sat>39</sat></trkpt>
  <trkpt lat="35.68308325" lon="139.74435854"><ele>67.694</ele><time>2026-08-16T09:07:03Z</time><sat>39</sat></trkpt>
  <trkpt lat="35.68302370" lon="139.74436495"><ele>67.162</ele><time>2026-08-16T09:07:09Z</time><sat>38</sat></trkpt>
  <trkpt lat="35.68296509" lon="139.74437194"><ele>64.513</ele><time>2026-08-16T09:07:15Z</time><sat>37</sat></trkpt>
  <trkpt lat="35.68290334" lon="139.74438334"><ele>65.418</ele><time>2026-08-16T09:07:21Z</time><sat>38</sat></trkpt>
  <trkpt lat="35.68284111" lon="139.74439503"><ele>63.910</ele><time>2026-08-16T09:07:27Z</time><sat>39</sat></trkpt>
  <trkpt lat="35.68277773" lon="139.74440068"><ele>63.538</ele><time>2026-08-16T09:07:33Z</time><sat>38</sat></trkpt>
  <trkpt lat="35.68271108" lon="139.74441519"><ele>64.925</ele><time>2026-08-16T09:07:39Z</time><sat>34</sat></trkpt>
  <trkpt lat="35.68264351" lon="139.74444101"><ele>66.404</ele><time>2026-08-16T09:07:45Z</time><sat>37</sat></trkpt>
  <trkpt lat="35.68258281" lon="139.74445711"><ele>66.801</ele><time>2026-08-16T09:07:51Z</time><sat>37</sat></trkpt>
  <trkpt lat="35.68252146" lon="139.74447631"><ele>66.707</ele><time>2026-08-16T09:07:57Z</time><sat>38</sat></trkpt>
  <trkpt lat="35.68246585" lon="139.74450532"><ele>65.844</ele><time>2026-08-16T09:08:03Z</time><sat>38</sat></trkpt>
  <trkpt lat="35.68240991" lon="139.74453341"><ele>65.530</ele><time>2026-08-16T09:08:09Z</time><sat>39</sat></trkpt>
  <trkpt lat="35.68234627" lon="139.74455749"><ele>66.368</ele><time>2026-08-16T09:08:15Z</time><sat>37</sat></trkpt>
  <trkpt lat="35.68228429" lon="139.74458104"><ele>66.577</ele><time>2026-08-16T09:08:21Z</time><sat>36</sat></trkpt>
  <trkpt lat="35.68222770" lon="139.74460954"><ele>66.833</ele><time>2026-08-16T09:08:27Z</time><sat>37</sat></trkpt>
  <trkpt lat="35.68217247" lon="139.74465023"><ele>67.301</ele><time>2026-08-16T09:08:33Z</time><sat>37</sat></trkpt>
  <trkpt lat="35.68210960" lon="139.74468467"><ele>67.295</ele><time>2026-08-16T09:08:39Z</time><sat>36</sat></trkpt>
  <trkpt lat="35.68204752" lon="139.74471936"><ele>67.590</ele><time>2026-08-16T09:08:45Z</time><sat>37</sat></trkpt>
  <trkpt lat="35.68198767" lon="139.74475766"><ele>66.730</ele><time>2026-08-16T09:08:51Z</time><sat>36</sat></trkpt>
  <trkpt lat="35.68192857" lon="139.74478743"><ele>67.329</ele><time>2026-08-16T09:08:57Z</time><sat>36</sat></trkpt>
  <trkpt lat="35.68187031" lon="139.74482154"><ele>67.590</ele><time>2026-08-16T09:09:03Z</time><sat>37</sat></trkpt>
  <trkpt lat="35.68181284" lon="139.74486063"><ele>67.276</ele><time>2026-08-16T09:09:09Z</time><sat>39</sat></trkpt>
  <trkpt lat="35.68175902" lon="139.74489175"><ele>66.995</ele><time>2026-08-16T09:09:15Z</time><sat>39</sat></trkpt>
  <trkpt lat="35.68170547" lon="139.74492114"><ele>66.900</ele><time>2026-08-16T09:09:21Z</time><sat>39</sat></trkpt>
  <trkpt lat="35.68164679" lon="139.74495109"><ele>67.074</ele><time>2026-08-16T09:09:27Z</time><sat>39</sat></trkpt>
  <trkpt lat="35.68162122" lon="139.74496784"><ele>67.141</ele><time>2026-08-16T09:09:30Z</time><sat>39</sat></trkpt>
  <trkpt lat="35.68160832" lon="139.74497718"><ele>67.209</ele><time>2026-08-16T09:09:33Z</time><sat>38</sat></trkpt>
  <trkpt lat="35.68161015" lon="139.74498110"><ele>67.303</ele><time>2026-08-16T09:09:36Z</time><sat>38</sat></trkpt>
  <trkpt lat="35.68161075" lon="139.74498401"><ele>67.773</ele><time>2026-08-16T09:09:39Z</time><sat>39</sat></trkpt>
  <trkpt lat="35.68160967" lon="139.74500291"><ele>67.241</ele><time>2026-08-16T09:09:42Z</time><sat>39</sat></trkpt>
  <trkpt lat="35.68161048" lon="139.74500779"><ele>66.949</ele><time>2026-08-16T09:09:45Z</time><sat>38</sat></trkpt>
  <trkpt lat="35.68160476" lon="139.74500396"><ele>67.150</ele><time>2026-08-16T09:09:57Z</time><sat>38</sat></trkpt>
  <trkpt lat="35.68160803" lon="139.74500221"><ele>67.086</ele><time>2026-08-16T09:10:00Z</time><sat>38</sat></trkpt>
  <trkpt lat="35.68161247" lon="139.74500137"><ele>67.096</ele><time>2026-08-16T09:10:03Z</time><sat>38</sat></trkpt>
  <trkpt lat="35.68161046" lon="139.74500303"><ele>67.135</ele><time>2026-08-16T09:10:06Z</time><sat>38</sat></trkpt>
  <trkpt lat="35.68156102" lon="139.74502305"><ele>67.430</ele><time>2026-08-16T09:10:15Z</time><sat>41</sat></trkpt>
  <trkpt lat="35.68150114" lon="139.74505677"><ele>68.237</ele><time>2026-08-16T09:10:24Z</time><sat>41</sat></trkpt>
  <trkpt lat="35.68148324" lon="139.74506885"><ele>68.159</ele><time>2026-08-16T09:10:27Z</time><sat>40</sat></trkpt>
  <trkpt lat="35.68148311" lon="139.74507015"><ele>68.255</ele><time>2026-08-16T09:10:30Z</time><sat>40</sat></trkpt>
  <trkpt lat="35.68148395" lon="139.74506995"><ele>68.264</ele><time>2026-08-16T09:10:36Z</time><sat>39</sat></trkpt>
  <trkpt lat="35.68147633" lon="139.74506792"><ele>67.751</ele><time>2026-08-16T09:10:39Z</time><sat>38</sat></trkpt>
  <trkpt lat="35.68141373" lon="139.74509347"><ele>66.574</ele><time>2026-08-16T09:10:45Z</time><sat>41</sat></trkpt>
  <trkpt lat="35.68135880" lon="139.74512880"><ele>66.823</ele><time>2026-08-16T09:10:54Z</time><sat>41</sat></trkpt>
  <trkpt lat="35.68131154" lon="139.74516046"><ele>67.758</ele><time>2026-08-16T09:11:00Z</time><sat>41</sat></trkpt>
  <trkpt lat="35.68125651" lon="139.74519268"><ele>66.828</ele><time>2026-08-16T09:11:06Z</time><sat>40</sat></trkpt>
  <trkpt lat="35.68119558" lon="139.74522809"><ele>66.024</ele><time>2026-08-16T09:11:12Z</time><sat>41</sat></trkpt>
  <trkpt lat="35.68113888" lon="139.74526554"><ele>66.058</ele><time>2026-08-16T09:11:18Z</time><sat>40</sat></trkpt>
  <trkpt lat="35.68107541" lon="139.74529736"><ele>65.224</ele><time>2026-08-16T09:11:24Z</time><sat>40</sat></trkpt>
  <trkpt lat="35.68101517" lon="139.74533405"><ele>64.982</ele><time>2026-08-16T09:11:30Z</time><sat>40</sat></trkpt>
  <trkpt lat="35.68095532" lon="139.74537237"><ele>66.541</ele><time>2026-08-16T09:11:36Z</time><sat>39</sat></trkpt>
  <trkpt lat="35.68089607" lon="139.74540918"><ele>66.215</ele><time>2026-08-16T09:11:42Z</time><sat>41</sat></trkpt>
  <trkpt lat="35.68084352" lon="139.74544254"><ele>65.414</ele><time>2026-08-16T09:11:48Z</time><sat>40</sat></trkpt>
  <trkpt lat="35.68078294" lon="139.74547444"><ele>64.655</ele><time>2026-08-16T09:11:54Z</time><sat>40</sat></trkpt>
  <trkpt lat="35.68072464" lon="139.74550680"><ele>63.586</ele><time>2026-08-16T09:12:00Z</time><sat>38</sat></trkpt>
  <trkpt lat="35.68066421" lon="139.74554234"><ele>63.187</ele><time>2026-08-16T09:12:06Z</time><sat>40</sat></trkpt>
  <trkpt lat="35.68060669" lon="139.74557840"><ele>63.515</ele><time>2026-08-16T09:12:12Z</time><sat>39</sat></trkpt>
  <trkpt lat="35.68055067" lon="139.74561256"><ele>62.823</ele><time>2026-08-16T09:12:18Z</time><sat>40</sat></trkpt>
  <trkpt lat="35.68049364" lon="139.74565003"><ele>62.558</ele><time>2026-08-16T09:12:24Z</time><sat>41</sat></trkpt>
  <trkpt lat="35.68043762" lon="139.74569001"><ele>62.367</ele><time>2026-08-16T09:12:30Z</time><sat>41</sat></trkpt>
  <trkpt lat="35.68040609" lon="139.74570196"><ele>62.431</ele><time>2026-08-16T09:12:33Z</time><sat>41</sat></trkpt>
  <trkpt lat="35.68038843" lon="139.74571581"><ele>62.089</ele><time>2026-08-16T09:12:36Z</time><sat>41</sat></trkpt>
  <trkpt lat="35.68039422" lon="139.74571688"><ele>61.647</ele><time>2026-08-16T09:12:39Z</time><sat>40</sat></trkpt>
  <trkpt lat="35.68039725" lon="139.74571863"><ele>61.550</ele><time>2026-08-16T09:12:42Z</time><sat>33</sat></trkpt>
  <trkpt lat="35.68040469" lon="139.74571665"><ele>62.389</ele><time>2026-08-16T09:12:45Z</time><sat>39</sat></trkpt>
  <trkpt lat="35.68040852" lon="139.74571517"><ele>62.397</ele><time>2026-08-16T09:12:48Z</time><sat>39</sat></trkpt>
  <trkpt lat="35.68040878" lon="139.74571376"><ele>61.931</ele><time>2026-08-16T09:12:51Z</time><sat>36</sat></trkpt>
  <trkpt lat="35.68040642" lon="139.74571574"><ele>61.878</ele><time>2026-08-16T09:12:54Z</time><sat>36</sat></trkpt>
  <trkpt lat="35.68040640" lon="139.74571653"><ele>61.893</ele><time>2026-08-16T09:12:57Z</time><sat>38</sat></trkpt>
  <trkpt lat="35.68040613" lon="139.74571667"><ele>61.929</ele><time>2026-08-16T09:13:06Z</time><sat>34</sat></trkpt>
  <trkpt lat="35.68040503" lon="139.74571288"><ele>61.972</ele><time>2026-08-16T09:13:09Z</time><sat>35</sat></trkpt>
  <trkpt lat="35.68032868" lon="139.74576445"><ele>62.078</ele><time>2026-08-16T09:13:21Z</time><sat>38</sat></trkpt>
  <trkpt lat="35.68025171" lon="139.74580233"><ele>61.711</ele><time>2026-08-16T09:13:27Z</time><sat>39</sat></trkpt>
  <trkpt lat="35.68017986" lon="139.74583313"><ele>61.694</ele><time>2026-08-16T09:13:33Z</time><sat>40</sat></trkpt>
  <trkpt lat="35.68011818" lon="139.74587227"><ele>60.394</ele><time>2026-08-16T09:13:39Z</time><sat>39</sat></trkpt>
  <trkpt lat="35.68006227" lon="139.74590836"><ele>60.519</ele><time>2026-08-16T09:13:45Z</time><sat>40</sat></trkpt>
  <trkpt lat="35.68000965" lon="139.74595894"><ele>60.828</ele><time>2026-08-16T09:13:51Z</time><sat>40</sat></trkpt>
  <trkpt lat="35.67995330" lon="139.74601340"><ele>59.899</ele><time>2026-08-16T09:13:57Z</time><sat>40</sat></trkpt>
  <trkpt lat="35.67991408" lon="139.74608337"><ele>57.758</ele><time>2026-08-16T09:14:03Z</time><sat>40</sat></trkpt>
  <trkpt lat="35.67988286" lon="139.74615058"><ele>58.103</ele><time>2026-08-16T09:14:09Z</time><sat>39</sat></trkpt>
  <trkpt lat="35.67985943" lon="139.74622296"><ele>59.453</ele><time>2026-08-16T09:14:15Z</time><sat>38</sat></trkpt>
  <trkpt lat="35.67983875" lon="139.74629555"><ele>57.216</ele><time>2026-08-16T09:14:21Z</time><sat>39</sat></trkpt>
  <trkpt lat="35.67982905" lon="139.74632449"><ele>57.643</ele><time>2026-08-16T09:14:24Z</time><sat>40</sat></trkpt>
  <trkpt lat="35.67982366" lon="139.74634009"><ele>58.755</ele><time>2026-08-16T09:14:27Z</time><sat>40</sat></trkpt>
  <trkpt lat="35.67982146" lon="139.74634554"><ele>58.842</ele><time>2026-08-16T09:14:30Z</time><sat>40</sat></trkpt>
  <trkpt lat="35.67980565" lon="139.74640005"><ele>59.215</ele><time>2026-08-16T09:14:39Z</time><sat>40</sat></trkpt>
  <trkpt lat="35.67980769" lon="139.74638516"><ele>58.203</ele><time>2026-08-16T09:14:42Z</time><sat>40</sat></trkpt>
  <trkpt lat="35.67979829" lon="139.74637336"><ele>56.826</ele><time>2026-08-16T09:14:45Z</time><sat>40</sat></trkpt>
  <trkpt lat="35.67979853" lon="139.74636400"><ele>56.850</ele><time>2026-08-16T09:14:48Z</time><sat>37</sat></trkpt>
  <trkpt lat="35.67979503" lon="139.74636871"><ele>57.330</ele><time>2026-08-16T09:14:51Z</time><sat>38</sat></trkpt>
  <trkpt lat="35.67979781" lon="139.74637004"><ele>57.335</ele><time>2026-08-16T09:14:55Z</time><sat>38</sat></trkpt>
  <trkpt lat="35.67979740" lon="139.74637379"><ele>57.635</ele><time>2026-08-16T09:14:58Z</time><sat>39</sat></trkpt>
  <trkpt lat="35.67978015" lon="139.74645486"><ele>57.161</ele><time>2026-08-16T09:15:07Z</time><sat>40</sat></trkpt>
  <trkpt lat="35.67974786" lon="139.74652221"><ele>56.356</ele><time>2026-08-16T09:15:14Z</time><sat>39</sat></trkpt>
  <trkpt lat="35.67972466" lon="139.74660250"><ele>55.500</ele><time>2026-08-16T09:15:20Z</time><sat>38</sat></trkpt>
  <trkpt lat="35.67970640" lon="139.74667989"><ele>56.186</ele><time>2026-08-16T09:15:26Z</time><sat>39</sat></trkpt>
  <trkpt lat="35.67969114" lon="139.74676768"><ele>54.325</ele><time>2026-08-16T09:15:32Z</time><sat>40</sat></trkpt>
  <trkpt lat="35.67966720" lon="139.74684365"><ele>54.870</ele><time>2026-08-16T09:15:38Z</time><sat>39</sat></trkpt>
  <trkpt lat="35.67964626" lon="139.74691741"><ele>56.041</ele><time>2026-08-16T09:15:44Z</time><sat>40</sat></trkpt>
  <trkpt lat="35.67964173" lon="139.74697587"><ele>55.260</ele><time>2026-08-16T09:15:50Z</time><sat>38</sat></trkpt>
  <trkpt lat="35.67961844" lon="139.74703989"><ele>53.985</ele><time>2026-08-16T09:15:56Z</time><sat>39</sat></trkpt>
  <trkpt lat="35.67959394" lon="139.74711982"><ele>54.889</ele><time>2026-08-16T09:16:02Z</time><sat>38</sat></trkpt>
  <trkpt lat="35.67956732" lon="139.74718988"><ele>53.698</ele><time>2026-08-16T09:16:08Z</time><sat>37</sat></trkpt>
  <trkpt lat="35.67953197" lon="139.74726918"><ele>52.429</ele><time>2026-08-16T09:16:14Z</time><sat>36</sat></trkpt>
  <trkpt lat="35.67949605" lon="139.74733137"><ele>52.436</ele><time>2026-08-16T09:16:20Z</time><sat>36</sat></trkpt>
  <trkpt lat="35.67944993" lon="139.74738323"><ele>52.085</ele><time>2026-08-16T09:16:26Z</time><sat>37</sat></trkpt>
  <trkpt lat="35.67941080" lon="139.74744047"><ele>52.633</ele><time>2026-08-16T09:16:32Z</time><sat>35</sat></trkpt>
  <trkpt lat="35.67937911" lon="139.74750352"><ele>53.437</ele><time>2026-08-16T09:16:38Z</time><sat>35</sat></trkpt>
  <trkpt lat="35.67932930" lon="139.74755984"><ele>53.258</ele><time>2026-08-16T09:16:44Z</time><sat>36</sat></trkpt>
  <trkpt lat="35.67928202" lon="139.74761388"><ele>53.195</ele><time>2026-08-16T09:16:50Z</time><sat>36</sat></trkpt>
  <trkpt lat="35.67923659" lon="139.74766783"><ele>53.112</ele><time>2026-08-16T09:16:56Z</time><sat>37</sat></trkpt>
  <trkpt lat="35.67922404" lon="139.74768395"><ele>52.813</ele><time>2026-08-16T09:16:59Z</time><sat>36</sat></trkpt>
  <trkpt lat="35.67922647" lon="139.74767631"><ele>52.306</ele><time>2026-08-16T09:17:11Z</time><sat>34</sat></trkpt>
  <trkpt lat="35.67922548" lon="139.74767727"><ele>52.266</ele><time>2026-08-16T09:17:14Z</time><sat>32</sat></trkpt>
  <trkpt lat="35.67917312" lon="139.74774029"><ele>53.343</ele><time>2026-08-16T09:17:23Z</time><sat>36</sat></trkpt>
  <trkpt lat="35.67913280" lon="139.74779210"><ele>53.402</ele><time>2026-08-16T09:17:29Z</time><sat>33</sat></trkpt>
  <trkpt lat="35.67909298" lon="139.74783477"><ele>52.674</ele><time>2026-08-16T09:17:35Z</time><sat>35</sat></trkpt>
  <trkpt lat="35.67905351" lon="139.74788101"><ele>52.846</ele><time>2026-08-16T09:17:41Z</time><sat>33</sat></trkpt>
  <trkpt lat="35.67900425" lon="139.74793543"><ele>53.306</ele><time>2026-08-16T09:17:47Z</time><sat>36</sat></trkpt>
  <trkpt lat="35.67897936" lon="139.74795997"><ele>53.403</ele><time>2026-08-16T09:17:50Z</time><sat>36</sat></trkpt>
  <trkpt lat="35.67898058" lon="139.74796210"><ele>52.658</ele><time>2026-08-16T09:17:53Z</time><sat>37</sat></trkpt>
  <trkpt lat="35.67898316" lon="139.74796350"><ele>53.000</ele><time>2026-08-16T09:17:56Z</time><sat>36</sat></trkpt>
  <trkpt lat="35.67899204" lon="139.74795131"><ele>53.090</ele><time>2026-08-16T09:17:59Z</time><sat>35</sat></trkpt>
  <trkpt lat="35.67899262" lon="139.74794951"><ele>53.011</ele><time>2026-08-16T09:18:02Z</time><sat>35</sat></trkpt>
  <trkpt lat="35.67899051" lon="139.74795570"><ele>53.312</ele><time>2026-08-16T09:18:10Z</time><sat>33</sat></trkpt>
  <trkpt lat="35.67899054" lon="139.74795606"><ele>53.311</ele><time>2026-08-16T09:18:19Z</time><sat>37</sat></trkpt>
  <trkpt lat="35.67898495" lon="139.74795840"><ele>53.355</ele><time>2026-08-16T09:18:22Z</time><sat>35</sat></trkpt>
  <trkpt lat="35.67893568" lon="139.74800047"><ele>53.191</ele><time>2026-08-16T09:18:28Z</time><sat>36</sat></trkpt>
  <trkpt lat="35.67888016" lon="139.74805289"><ele>53.509</ele><time>2026-08-16T09:18:34Z</time><sat>36</sat></trkpt>
  <trkpt lat="35.67883234" lon="139.74809715"><ele>53.193</ele><time>2026-08-16T09:18:40Z</time><sat>36</sat></trkpt>
  <trkpt lat="35.67878263" lon="139.74814347"><ele>52.813</ele><time>2026-08-16T09:18:46Z</time><sat>36</sat></trkpt>
  <trkpt lat="35.67873190" lon="139.74818717"><ele>52.911</ele><time>2026-08-16T09:18:52Z</time><sat>36</sat></trkpt>
  <trkpt lat="35.67868253" lon="139.74823491"><ele>52.206</ele><time>2026-08-16T09:18:58Z</time><sat>36</sat></trkpt>
  <trkpt lat="35.67863897" lon="139.74828468"><ele>51.947</ele><time>2026-08-16T09:19:04Z</time><sat>37</sat></trkpt>
  <trkpt lat="35.67858267" lon="139.74833491"><ele>53.927</ele><time>2026-08-16T09:19:10Z</time><sat>38</sat></trkpt>
  <trkpt lat="35.67853015" lon="139.74837446"><ele>51.968</ele><time>2026-08-16T09:19:16Z</time><sat>38</sat></trkpt>
  <trkpt lat="35.67846975" lon="139.74841277"><ele>52.687</ele><time>2026-08-16T09:19:22Z</time><sat>38</sat></trkpt>
  <trkpt lat="35.67840840" lon="139.74846107"><ele>52.123</ele><time>2026-08-16T09:19:28Z</time><sat>37</sat></trkpt>
  <trkpt lat="35.67835207" lon="139.74850556"><ele>52.687</ele><time>2026-08-16T09:19:34Z</time><sat>38</sat></trkpt>
  <trkpt lat="35.67829121" lon="139.74855583"><ele>53.883</ele><time>2026-08-16T09:19:40Z</time><sat>38</sat></trkpt>
  <trkpt lat="35.67824586" lon="139.74858498"><ele>51.587</ele><time>2026-08-16T09:19:46Z</time><sat>33</sat></trkpt>
  <trkpt lat="35.67819489" lon="139.74861984"><ele>50.579</ele><time>2026-08-16T09:19:52Z</time><sat>38</sat></trkpt>
  <trkpt lat="35.67814817" lon="139.74866946"><ele>49.785</ele><time>2026-08-16T09:19:58Z</time><sat>28</sat></trkpt>
  <trkpt lat="35.67809483" lon="139.74871259"><ele>50.807</ele><time>2026-08-16T09:20:04Z</time><sat>37</sat></trkpt>
  <trkpt lat="35.67804878" lon="139.74876717"><ele>52.104</ele><time>2026-08-16T09:20:10Z</time><sat>38</sat></trkpt>
  <trkpt lat="35.67800255" lon="139.74881809"><ele>52.316</ele><time>2026-08-16T09:20:16Z</time><sat>38</sat></trkpt>
  <trkpt lat="35.67795399" lon="139.74887009"><ele>51.890</ele><time>2026-08-16T09:20:22Z</time><sat>37</sat></trkpt>
  <trkpt lat="35.67790349" lon="139.74892166"><ele>51.441</ele><time>2026-08-16T09:20:28Z</time><sat>39</sat></trkpt>
  <trkpt lat="35.67785096" lon="139.74896172"><ele>51.519</ele><time>2026-08-16T09:20:34Z</time><sat>37</sat></trkpt>
  <trkpt lat="35.67779455" lon="139.74903421"><ele>51.421</ele><time>2026-08-16T09:20:40Z</time><sat>37</sat></trkpt>
  <trkpt lat="35.67775546" lon="139.74909005"><ele>54.024</ele><time>2026-08-16T09:20:46Z</time><sat>39</sat></trkpt>
  <trkpt lat="35.67770737" lon="139.74912800"><ele>55.565</ele><time>2026-08-16T09:20:52Z</time><sat>38</sat></trkpt>
  <trkpt lat="35.67766901" lon="139.74917779"><ele>55.259</ele><time>2026-08-16T09:20:58Z</time><sat>37</sat></trkpt>
  <trkpt lat="35.67762415" lon="139.74922858"><ele>55.989</ele><time>2026-08-16T09:21:04Z</time><sat>38</sat></trkpt>
  <trkpt lat="35.67759739" lon="139.74929573"><ele>55.457</ele><time>2026-08-16T09:21:10Z</time><sat>37</sat></trkpt>
  <trkpt lat="35.67757331" lon="139.74935271"><ele>54.540</ele><time>2026-08-16T09:21:16Z</time><sat>37</sat></trkpt>
  <trkpt lat="35.67754360" lon="139.74941436"><ele>54.985</ele><time>2026-08-16T09:21:22Z</time><sat>37</sat></trkpt>
  <trkpt lat="35.67752528" lon="139.74948496"><ele>54.139</ele><time>2026-08-16T09:21:28Z</time><sat>37</sat></trkpt>
  <trkpt lat="35.67749553" lon="139.74955555"><ele>54.381</ele><time>2026-08-16T09:21:34Z</time><sat>38</sat></trkpt>
  <trkpt lat="35.67748270" lon="139.74961363"><ele>54.746</ele><time>2026-08-16T09:21:39Z</time><sat>38</sat></trkpt>
  <trkpt lat="35.67746808" lon="139.74968417"><ele>53.735</ele><time>2026-08-16T09:21:45Z</time><sat>38</sat></trkpt>
  <trkpt lat="35.67745592" lon="139.74976332"><ele>53.272</ele><time>2026-08-16T09:21:51Z</time><sat>38</sat></trkpt>
  <trkpt lat="35.67745367" lon="139.74984616"><ele>52.556</ele><time>2026-08-16T09:21:57Z</time><sat>38</sat></trkpt>
  <trkpt lat="35.67744663" lon="139.74992350"><ele>52.663</ele><time>2026-08-16T09:22:03Z</time><sat>38</sat></trkpt>
  <trkpt lat="35.67743662" lon="139.74999883"><ele>53.051</ele><time>2026-08-16T09:22:09Z</time><sat>38</sat></trkpt>
  <trkpt lat="35.67742565" lon="139.75007811"><ele>52.403</ele><time>2026-08-16T09:22:15Z</time><sat>38</sat></trkpt>
  <trkpt lat="35.67741542" lon="139.75015433"><ele>52.095</ele><time>2026-08-16T09:22:21Z</time><sat>38</sat></trkpt>
  <trkpt lat="35.67740543" lon="139.75023236"><ele>52.344</ele><time>2026-08-16T09:22:27Z</time><sat>38</sat></trkpt>
  <trkpt lat="35.67739597" lon="139.75031447"><ele>49.494</ele><time>2026-08-16T09:22:33Z</time><sat>37</sat></trkpt>
  <trkpt lat="35.67738845" lon="139.75038767"><ele>50.216</ele><time>2026-08-16T09:22:39Z</time><sat>37</sat></trkpt>
  <trkpt lat="35.67738140" lon="139.75046278"><ele>50.046</ele><time>2026-08-16T09:22:45Z</time><sat>38</sat></trkpt>
  <trkpt lat="35.67737439" lon="139.75053309"><ele>48.908</ele><time>2026-08-16T09:22:51Z</time><sat>37</sat></trkpt>
  <trkpt lat="35.67736704" lon="139.75061595"><ele>49.094</ele><time>2026-08-16T09:22:57Z</time><sat>37</sat></trkpt>
  <trkpt lat="35.67736220" lon="139.75069367"><ele>49.004</ele><time>2026-08-16T09:23:03Z</time><sat>37</sat></trkpt>
  <trkpt lat="35.67736334" lon="139.75077836"><ele>49.773</ele><time>2026-08-16T09:23:09Z</time><sat>37</sat></trkpt>
  <trkpt lat="35.67736003" lon="139.75086545"><ele>48.903</ele><time>2026-08-16T09:23:15Z</time><sat>35</sat></trkpt>
  <trkpt lat="35.67736698" lon="139.75094654"><ele>48.628</ele><time>2026-08-16T09:23:21Z</time><sat>36</sat></trkpt>
  <trkpt lat="35.67737906" lon="139.75102704"><ele>48.587</ele><time>2026-08-16T09:23:27Z</time><sat>34</sat></trkpt>
  <trkpt lat="35.67739022" lon="139.75110641"><ele>48.883</ele><time>2026-08-16T09:23:33Z</time><sat>33</sat></trkpt>
  <trkpt lat="35.67739841" lon="139.75119287"><ele>48.400</ele><time>2026-08-16T09:23:39Z</time><sat>32</sat></trkpt>
  <trkpt lat="35.67740567" lon="139.75127416"><ele>49.077</ele><time>2026-08-16T09:23:45Z</time><sat>33</sat></trkpt>
  <trkpt lat="35.67741924" lon="139.75135536"><ele>48.237</ele><time>2026-08-16T09:23:51Z</time><sat>34</sat></trkpt>
  <trkpt lat="35.67742860" lon="139.75143987"><ele>49.693</ele><time>2026-08-16T09:23:57Z</time><sat>34</sat></trkpt>
  <trkpt lat="35.67743782" lon="139.75151943"><ele>50.628</ele><time>2026-08-16T09:24:03Z</time><sat>34</sat></trkpt>
  <trkpt lat="35.67743936" lon="139.75159501"><ele>50.206</ele><time>2026-08-16T09:24:09Z</time><sat>32</sat></trkpt>
  <trkpt lat="35.67745459" lon="139.75165335"><ele>50.129</ele><time>2026-08-16T09:24:15Z</time><sat>31</sat></trkpt>
  <trkpt lat="35.67748369" lon="139.75170988"><ele>50.318</ele><time>2026-08-16T09:24:21Z</time><sat>31</sat></trkpt>
  <trkpt lat="35.67750325" lon="139.75177474"><ele>50.181</ele><time>2026-08-16T09:24:27Z</time><sat>28</sat></trkpt>
  <trkpt lat="35.67752485" lon="139.75184153"><ele>49.333</ele><time>2026-08-16T09:24:33Z</time><sat>30</sat></trkpt>
  <trkpt lat="35.67754257" lon="139.75190555"><ele>48.290</ele><time>2026-08-16T09:24:42Z</time><sat>33</sat></trkpt>
  <trkpt lat="35.67754648" lon="139.75189059"><ele>48.125</ele><time>2026-08-16T09:24:45Z</time><sat>33</sat></trkpt>
  <trkpt lat="35.67755073" lon="139.75186688"><ele>47.476</ele><time>2026-08-16T09:24:57Z</time><sat>33</sat></trkpt>
  <trkpt lat="35.67756155" lon="139.75186165"><ele>47.386</ele><time>2026-08-16T09:25:00Z</time><sat>31</sat></trkpt>
  <trkpt lat="35.67757002" lon="139.75186350"><ele>48.427</ele><time>2026-08-16T09:25:03Z</time><sat>31</sat></trkpt>
  <trkpt lat="35.67757224" lon="139.75186808"><ele>48.466</ele><time>2026-08-16T09:25:06Z</time><sat>31</sat></trkpt>
  <trkpt lat="35.67757213" lon="139.75186772"><ele>48.529</ele><time>2026-08-16T09:25:18Z</time><sat>34</sat></trkpt>
  <trkpt lat="35.67757198" lon="139.75187384"><ele>48.909</ele><time>2026-08-16T09:25:21Z</time><sat>32</sat></trkpt>
  <trkpt lat="35.67760188" lon="139.75194603"><ele>49.533</ele><time>2026-08-16T09:25:30Z</time><sat>34</sat></trkpt>
  <trkpt lat="35.67763217" lon="139.75203556"><ele>52.237</ele><time>2026-08-16T09:25:36Z</time><sat>32</sat></trkpt>
  <trkpt lat="35.67765142" lon="139.75211486"><ele>50.857</ele><time>2026-08-16T09:25:43Z</time><sat>33</sat></trkpt>
  <trkpt lat="35.67766384" lon="139.75219445"><ele>50.348</ele><time>2026-08-16T09:25:49Z</time><sat>33</sat></trkpt>
  <trkpt lat="35.67768110" lon="139.75226991"><ele>49.468</ele><time>2026-08-16T09:25:55Z</time><sat>33</sat></trkpt>
  <trkpt lat="35.67770025" lon="139.75234251"><ele>48.935</ele><time>2026-08-16T09:26:01Z</time><sat>32</sat></trkpt>
  <trkpt lat="35.67771776" lon="139.75242425"><ele>49.739</ele><time>2026-08-16T09:26:07Z</time><sat>34</sat></trkpt>
  <trkpt lat="35.67774136" lon="139.75249826"><ele>50.503</ele><time>2026-08-16T09:26:13Z</time><sat>34</sat></trkpt>
  <trkpt lat="35.67776623" lon="139.75257207"><ele>51.494</ele><time>2026-08-16T09:26:19Z</time><sat>34</sat></trkpt>
  <trkpt lat="35.67779007" lon="139.75264809"><ele>52.695</ele><time>2026-08-16T09:26:25Z</time><sat>35</sat></trkpt>
  <trkpt lat="35.67782136" lon="139.75271319"><ele>53.175</ele><time>2026-08-16T09:26:31Z</time><sat>34</sat></trkpt>
  <trkpt lat="35.67784365" lon="139.75277766"><ele>51.793</ele><time>2026-08-16T09:26:37Z</time><sat>33</sat></trkpt>
  <trkpt lat="35.67786547" lon="139.75283392"><ele>51.596</ele><time>2026-08-16T09:26:43Z</time><sat>32</sat></trkpt>
  <trkpt lat="35.67789088" lon="139.75289680"><ele>50.904</ele><time>2026-08-16T09:26:49Z</time><sat>33</sat></trkpt>
  <trkpt lat="35.67791084" lon="139.75296333"><ele>50.837</ele><time>2026-08-16T09:26:55Z</time><sat>33</sat></trkpt>
  <trkpt lat="35.67792829" lon="139.75302178"><ele>50.180</ele><time>2026-08-16T09:27:01Z</time><sat>31</sat></trkpt>
  <trkpt lat="35.67793627" lon="139.75303860"><ele>50.553</ele><time>2026-08-16T09:27:04Z</time><sat>32</sat></trkpt>
  <trkpt lat="35.67793609" lon="139.75303485"><ele>50.743</ele><time>2026-08-16T09:27:07Z</time><sat>34</sat></trkpt>
  <trkpt lat="35.67794055" lon="139.75303007"><ele>49.659</ele><time>2026-08-16T09:27:19Z</time><sat>33</sat></trkpt>
  <trkpt lat="35.67794382" lon="139.75302841"><ele>48.805</ele><time>2026-08-16T09:27:22Z</time><sat>32</sat></trkpt>
  <trkpt lat="35.67794758" lon="139.75303026"><ele>48.735</ele><time>2026-08-16T09:27:25Z</time><sat>34</sat></trkpt>
  <trkpt lat="35.67794726" lon="139.75303284"><ele>49.063</ele><time>2026-08-16T09:27:29Z</time><sat>34</sat></trkpt>
  <trkpt lat="35.67794543" lon="139.75303563"><ele>49.066</ele><time>2026-08-16T09:27:32Z</time><sat>33</sat></trkpt>
  <trkpt lat="35.67794490" lon="139.75303618"><ele>49.055</ele><time>2026-08-16T09:27:35Z</time><sat>34</sat></trkpt>
  <trkpt lat="35.67794381" lon="139.75303797"><ele>49.153</ele><time>2026-08-16T09:27:38Z</time><sat>34</sat></trkpt>
  <trkpt lat="35.67793851" lon="139.75312217"><ele>48.188</ele><time>2026-08-16T09:27:47Z</time><sat>34</sat></trkpt>
  <trkpt lat="35.67796522" lon="139.75318220"><ele>48.351</ele><time>2026-08-16T09:27:53Z</time><sat>34</sat></trkpt>
  <trkpt lat="35.67797513" lon="139.75325313"><ele>49.127</ele><time>2026-08-16T09:27:59Z</time><sat>36</sat></trkpt>
  <trkpt lat="35.67797358" lon="139.75332991"><ele>49.030</ele><time>2026-08-16T09:28:05Z</time><sat>36</sat></trkpt>
  <trkpt lat="35.67796794" lon="139.75340717"><ele>48.613</ele><time>2026-08-16T09:28:11Z</time><sat>35</sat></trkpt>
  <trkpt lat="35.67794835" lon="139.75347244"><ele>49.346</ele><time>2026-08-16T09:28:17Z</time><sat>37</sat></trkpt>
  <trkpt lat="35.67791358" lon="139.75352944"><ele>47.752</ele><time>2026-08-16T09:28:23Z</time><sat>37</sat></trkpt>
  <trkpt lat="35.67787819" lon="139.75360383"><ele>48.393</ele><time>2026-08-16T09:28:29Z</time><sat>38</sat></trkpt>
  <trkpt lat="35.67784046" lon="139.75367533"><ele>49.099</ele><time>2026-08-16T09:28:35Z</time><sat>34</sat></trkpt>
  <trkpt lat="35.67781304" lon="139.75374712"><ele>49.821</ele><time>2026-08-16T09:28:41Z</time><sat>36</sat></trkpt>
  <trkpt lat="35.67779207" lon="139.75382032"><ele>49.510</ele><time>2026-08-16T09:28:47Z</time><sat>37</sat></trkpt>
  <trkpt lat="35.67776612" lon="139.75388967"><ele>49.021</ele><time>2026-08-16T09:28:53Z</time><sat>36</sat></trkpt>
  <trkpt lat="35.67773786" lon="139.75395917"><ele>48.671</ele><time>2026-08-16T09:28:59Z</time><sat>37</sat></trkpt>
  <trkpt lat="35.67770419" lon="139.75403127"><ele>47.105</ele><time>2026-08-16T09:29:05Z</time><sat>37</sat></trkpt>
  <trkpt lat="35.67768007" lon="139.75410027"><ele>47.554</ele><time>2026-08-16T09:29:11Z</time><sat>36</sat></trkpt>
  <trkpt lat="35.67765284" lon="139.75416988"><ele>46.991</ele><time>2026-08-16T09:29:17Z</time><sat>36</sat></trkpt>
  <trkpt lat="35.67762422" lon="139.75423519"><ele>46.991</ele><time>2026-08-16T09:29:23Z</time><sat>35</sat></trkpt>
  <trkpt lat="35.67759480" lon="139.75430820"><ele>46.951</ele><time>2026-08-16T09:29:29Z</time><sat>36</sat></trkpt>
  <trkpt lat="35.67756037" lon="139.75437433"><ele>46.790</ele><time>2026-08-16T09:29:35Z</time><sat>37</sat></trkpt>
  <trkpt lat="35.67752674" lon="139.75444509"><ele>47.973</ele><time>2026-08-16T09:29:41Z</time><sat>37</sat></trkpt>
  <trkpt lat="35.67750003" lon="139.75450954"><ele>47.754</ele><time>2026-08-16T09:29:47Z</time><sat>36</sat></trkpt>
  <trkpt lat="35.67747388" lon="139.75457445"><ele>48.005</ele><time>2026-08-16T09:29:53Z</time><sat>36</sat></trkpt>
  <trkpt lat="35.67745101" lon="139.75464093"><ele>48.711</ele><time>2026-08-16T09:29:59Z</time><sat>38</sat></trkpt>
  <trkpt lat="35.67742253" lon="139.75471204"><ele>48.405</ele><time>2026-08-16T09:30:05Z</time><sat>38</sat></trkpt>
  <trkpt lat="35.67739273" lon="139.75478497"><ele>48.852</ele><time>2026-08-16T09:30:11Z</time><sat>37</sat></trkpt>
  <trkpt lat="35.67735499" lon="139.75486380"><ele>49.315</ele><time>2026-08-16T09:30:17Z</time><sat>38</sat></trkpt>
  <trkpt lat="35.67732467" lon="139.75494056"><ele>48.815</ele><time>2026-08-16T09:30:23Z</time><sat>38</sat></trkpt>
  <trkpt lat="35.67729065" lon="139.75501450"><ele>48.371</ele><time>2026-08-16T09:30:29Z</time><sat>39</sat></trkpt>
  <trkpt lat="35.67725483" lon="139.75508344"><ele>48.716</ele><time>2026-08-16T09:30:35Z</time><sat>39</sat></trkpt>
  <trkpt lat="35.67725923" lon="139.75509020"><ele>49.174</ele><time>2026-08-16T09:30:38Z</time><sat>38</sat></trkpt>
  <trkpt lat="35.67726378" lon="139.75508651"><ele>50.012</ele><time>2026-08-16T09:30:41Z</time><sat>38</sat></trkpt>
  <trkpt lat="35.67727142" lon="139.75508700"><ele>49.608</ele><time>2026-08-16T09:30:44Z</time><sat>36</sat></trkpt>
  <trkpt lat="35.67727644" lon="139.75508999"><ele>49.570</ele><time>2026-08-16T09:30:47Z</time><sat>38</sat></trkpt>
  <trkpt lat="35.67727374" lon="139.75508011"><ele>49.073</ele><time>2026-08-16T09:30:57Z</time><sat>38</sat></trkpt>
  <trkpt lat="35.67727545" lon="139.75508285"><ele>49.240</ele><time>2026-08-16T09:31:03Z</time><sat>38</sat></trkpt>
  <trkpt lat="35.67727535" lon="139.75508423"><ele>49.195</ele><time>2026-08-16T09:31:06Z</time><sat>38</sat></trkpt>
  <trkpt lat="35.67727490" lon="139.75508526"><ele>49.179</ele><time>2026-08-16T09:31:09Z</time><sat>38</sat></trkpt>
  <trkpt lat="35.67727461" lon="139.75508574"><ele>49.191</ele><time>2026-08-16T09:31:15Z</time><sat>38</sat></trkpt>
  <trkpt lat="35.67727136" lon="139.75508884"><ele>49.555</ele><time>2026-08-16T09:31:18Z</time><sat>37</sat></trkpt>
  <trkpt lat="35.67724442" lon="139.75514031"><ele>49.667</ele><time>2026-08-16T09:31:24Z</time><sat>40</sat></trkpt>
  <trkpt lat="35.67720750" lon="139.75518753"><ele>49.060</ele><time>2026-08-16T09:31:30Z</time><sat>38</sat></trkpt>
  <trkpt lat="35.67718874" lon="139.75526033"><ele>48.994</ele><time>2026-08-16T09:31:36Z</time><sat>38</sat></trkpt>
  <trkpt lat="35.67716182" lon="139.75532159"><ele>49.407</ele><time>2026-08-16T09:31:42Z</time><sat>38</sat></trkpt>
  <trkpt lat="35.67712975" lon="139.75539173"><ele>48.775</ele><time>2026-08-16T09:31:48Z</time><sat>37</sat></trkpt>
  <trkpt lat="35.67709921" lon="139.75546118"><ele>48.504</ele><time>2026-08-16T09:31:54Z</time><sat>37</sat></trkpt>
  <trkpt lat="35.67706939" lon="139.75553222"><ele>47.827</ele><time>2026-08-16T09:32:00Z</time><sat>37</sat></trkpt>
  <trkpt lat="35.67704446" lon="139.75560550"><ele>48.139</ele><time>2026-08-16T09:32:06Z</time><sat>39</sat></trkpt>
  <trkpt lat="35.67700924" lon="139.75567554"><ele>46.619</ele><time>2026-08-16T09:32:13Z</time><sat>39</sat></trkpt>
  <trkpt lat="35.67699820" lon="139.75575746"><ele>46.429</ele><time>2026-08-16T09:32:19Z</time><sat>37</sat></trkpt>
  <trkpt lat="35.67697254" lon="139.75583751"><ele>46.849</ele><time>2026-08-16T09:32:25Z</time><sat>37</sat></trkpt>
  <trkpt lat="35.67694848" lon="139.75590516"><ele>45.712</ele><time>2026-08-16T09:32:31Z</time><sat>37</sat></trkpt>
  <trkpt lat="35.67691682" lon="139.75599159"><ele>45.681</ele><time>2026-08-16T09:32:37Z</time><sat>36</sat></trkpt>
  <trkpt lat="35.67688340" lon="139.75606614"><ele>45.814</ele><time>2026-08-16T09:32:43Z</time><sat>36</sat></trkpt>
  <trkpt lat="35.67685599" lon="139.75613479"><ele>46.303</ele><time>2026-08-16T09:32:49Z</time><sat>37</sat></trkpt>
  <trkpt lat="35.67681444" lon="139.75619174"><ele>46.606</ele><time>2026-08-16T09:32:55Z</time><sat>35</sat></trkpt>
  <trkpt lat="35.67674488" lon="139.75623962"><ele>46.985</ele><time>2026-08-16T09:33:02Z</time><sat>38</sat></trkpt>
  <trkpt lat="35.67672409" lon="139.75629932"><ele>47.112</ele><time>2026-08-16T09:33:08Z</time><sat>39</sat></trkpt>
  <trkpt lat="35.67669316" lon="139.75637186"><ele>46.668</ele><time>2026-08-16T09:33:14Z</time><sat>37</sat></trkpt>
  <trkpt lat="35.67666678" lon="139.75644153"><ele>45.997</ele><time>2026-08-16T09:33:20Z</time><sat>37</sat></trkpt>
  <trkpt lat="35.67664397" lon="139.75650869"><ele>46.969</ele><time>2026-08-16T09:33:26Z</time><sat>38</sat></trkpt>
  <trkpt lat="35.67661645" lon="139.75658463"><ele>46.939</ele><time>2026-08-16T09:33:32Z</time><sat>38</sat></trkpt>
  <trkpt lat="35.67658287" lon="139.75665171"><ele>47.945</ele><time>2026-08-16T09:33:38Z</time><sat>37</sat></trkpt>
  <trkpt lat="35.67655678" lon="139.75672486"><ele>46.089</ele><time>2026-08-16T09:33:44Z</time><sat>37</sat></trkpt>
  <trkpt lat="35.67653132" lon="139.75678940"><ele>45.754</ele><time>2026-08-16T09:33:50Z</time><sat>37</sat></trkpt>
  <trkpt lat="35.67650190" lon="139.75686211"><ele>45.156</ele><time>2026-08-16T09:33:56Z</time><sat>36</sat></trkpt>
  <trkpt lat="35.67646340" lon="139.75692957"><ele>45.395</ele><time>2026-08-16T09:34:02Z</time><sat>38</sat></trkpt>
  <trkpt lat="35.67642329" lon="139.75700092"><ele>46.643</ele><time>2026-08-16T09:34:08Z</time><sat>37</sat></trkpt>
  <trkpt lat="35.67639261" lon="139.75707011"><ele>47.932</ele><time>2026-08-16T09:34:14Z</time><sat>38</sat></trkpt>
  <trkpt lat="35.67636959" lon="139.75713930"><ele>47.030</ele><time>2026-08-16T09:34:20Z</time><sat>37</sat></trkpt>
  <trkpt lat="35.67633730" lon="139.75720555"><ele>46.289</ele><time>2026-08-16T09:34:26Z</time><sat>36</sat></trkpt>
  <trkpt lat="35.67631837" lon="139.75727543"><ele>46.452</ele><time>2026-08-16T09:34:32Z</time><sat>36</sat></trkpt>
  <trkpt lat="35.67629206" lon="139.75734623"><ele>45.858</ele><time>2026-08-16T09:34:38Z</time><sat>37</sat></trkpt>
  <trkpt lat="35.67626117" lon="139.75741385"><ele>45.588</ele><time>2026-08-16T09:34:44Z</time><sat>38</sat></trkpt>
  <trkpt lat="35.67623698" lon="139.75748406"><ele>43.886</ele><time>2026-08-16T09:34:50Z</time><sat>36</sat></trkpt>
  <trkpt lat="35.67620742" lon="139.75755039"><ele>44.446</ele><time>2026-08-16T09:34:56Z</time><sat>37</sat></trkpt>
  <trkpt lat="35.67617964" lon="139.75762905"><ele>44.527</ele><time>2026-08-16T09:35:02Z</time><sat>37</sat></trkpt>
  <trkpt lat="35.67617000" lon="139.75770083"><ele>44.027</ele><time>2026-08-16T09:35:08Z</time><sat>38</sat></trkpt>
  <trkpt lat="35.67613224" lon="139.75776139"><ele>43.635</ele><time>2026-08-16T09:35:14Z</time><sat>39</sat></trkpt>
  <trkpt lat="35.67608754" lon="139.75782837"><ele>42.219</ele><time>2026-08-16T09:35:20Z</time><sat>39</sat></trkpt>
  <trkpt lat="35.67605817" lon="139.75790810"><ele>42.926</ele><time>2026-08-16T09:35:26Z</time><sat>39</sat></trkpt>
  <trkpt lat="35.67602787" lon="139.75798078"><ele>44.818</ele><time>2026-08-16T09:35:32Z</time><sat>39</sat></trkpt>
  <trkpt lat="35.67599809" lon="139.75805496"><ele>44.851</ele><time>2026-08-16T09:35:38Z</time><sat>39</sat></trkpt>
  <trkpt lat="35.67597118" lon="139.75812619"><ele>44.530</ele><time>2026-08-16T09:35:44Z</time><sat>38</sat></trkpt>
  <trkpt lat="35.67596287" lon="139.75820125"><ele>43.311</ele><time>2026-08-16T09:35:50Z</time><sat>38</sat></trkpt>
  <trkpt lat="35.67592582" lon="139.75827186"><ele>43.239</ele><time>2026-08-16T09:35:56Z</time><sat>37</sat></trkpt>
  <trkpt lat="35.67589008" lon="139.75834029"><ele>42.784</ele><time>2026-08-16T09:36:02Z</time><sat>38</sat></trkpt>
  <trkpt lat="35.67585983" lon="139.75842063"><ele>42.977</ele><time>2026-08-16T09:36:08Z</time><sat>38</sat></trkpt>
  <trkpt lat="35.67583006" lon="139.75848384"><ele>44.656</ele><time>2026-08-16T09:36:14Z</time><sat>34</sat></trkpt>
  <trkpt lat="35.67578329" lon="139.75854690"><ele>44.420</ele><time>2026-08-16T09:36:20Z</time><sat>34</sat></trkpt>
  <trkpt lat="35.67576286" lon="139.75860848"><ele>46.272</ele><time>2026-08-16T09:36:26Z</time><sat>36</sat></trkpt>
  <trkpt lat="35.67573302" lon="139.75868048"><ele>45.190</ele><time>2026-08-16T09:36:32Z</time><sat>35</sat></trkpt>
  <trkpt lat="35.67571178" lon="139.75875157"><ele>45.174</ele><time>2026-08-16T09:36:38Z</time><sat>35</sat></trkpt>
  <trkpt lat="35.67568454" lon="139.75882396"><ele>45.966</ele><time>2026-08-16T09:36:44Z</time><sat>33</sat></trkpt>
  <trkpt lat="35.67565647" lon="139.75889460"><ele>46.187</ele><time>2026-08-16T09:36:50Z</time><sat>35</sat></trkpt>
  <trkpt lat="35.67562626" lon="139.75896681"><ele>46.485</ele><time>2026-08-16T09:36:56Z</time><sat>34</sat></trkpt>
  <trkpt lat="35.67560569" lon="139.75904321"><ele>46.721</ele><time>2026-08-16T09:37:02Z</time><sat>35</sat></trkpt>
  <trkpt lat="35.67558060" lon="139.75911304"><ele>46.584</ele><time>2026-08-16T09:37:08Z</time><sat>33</sat></trkpt>
  <trkpt lat="35.67555798" lon="139.75918373"><ele>46.282</ele><time>2026-08-16T09:37:14Z</time><sat>35</sat></trkpt>
  <trkpt lat="35.67551662" lon="139.75925318"><ele>47.379</ele><time>2026-08-16T09:37:20Z</time><sat>35</sat></trkpt>
  <trkpt lat="35.67551246" lon="139.75932370"><ele>46.799</ele><time>2026-08-16T09:37:26Z</time><sat>34</sat></trkpt>
  <trkpt lat="35.67552392" lon="139.75939664"><ele>46.161</ele><time>2026-08-16T09:37:32Z</time><sat>34</sat></trkpt>
  <trkpt lat="35.67547438" lon="139.75946340"><ele>46.419</ele><time>2026-08-16T09:37:38Z</time><sat>34</sat></trkpt>
  <trkpt lat="35.67543524" lon="139.75952611"><ele>45.792</ele><time>2026-08-16T09:37:44Z</time><sat>35</sat></trkpt>
  <trkpt lat="35.67542415" lon="139.75958858"><ele>46.746</ele><time>2026-08-16T09:37:50Z</time><sat>35</sat></trkpt>
  <trkpt lat="35.67544503" lon="139.75965469"><ele>47.674</ele><time>2026-08-16T09:37:56Z</time><sat>36</sat></trkpt>
  <trkpt lat="35.67544319" lon="139.75967979"><ele>47.761</ele><time>2026-08-16T09:37:59Z</time><sat>35</sat></trkpt>
  <trkpt lat="35.67543637" lon="139.75968943"><ele>47.243</ele><time>2026-08-16T09:38:02Z</time><sat>35</sat></trkpt>
  <trkpt lat="35.67542497" lon="139.75969765"><ele>46.658</ele><time>2026-08-16T09:38:05Z</time><sat>33</sat></trkpt>
  <trkpt lat="35.67542346" lon="139.75968993"><ele>46.092</ele><time>2026-08-16T09:38:08Z</time><sat>31</sat></trkpt>
  <trkpt lat="35.67543111" lon="139.75968548"><ele>46.117</ele><time>2026-08-16T09:38:11Z</time><sat>31</sat></trkpt>
  <trkpt lat="35.67543139" lon="139.75969058"><ele>45.680</ele><time>2026-08-16T09:38:14Z</time><sat>32</sat></trkpt>
  <trkpt lat="35.67543007" lon="139.75969559"><ele>45.726</ele><time>2026-08-16T09:38:18Z</time><sat>32</sat></trkpt>
  <trkpt lat="35.67543448" lon="139.75969724"><ele>46.260</ele><time>2026-08-16T09:38:27Z</time><sat>34</sat></trkpt>
  <trkpt lat="35.67543632" lon="139.75970023"><ele>46.584</ele><time>2026-08-16T09:38:30Z</time><sat>33</sat></trkpt>
  <trkpt lat="35.67547752" lon="139.75974345"><ele>45.618</ele><time>2026-08-16T09:38:39Z</time><sat>32</sat></trkpt>
  <trkpt lat="35.67552155" lon="139.75977102"><ele>42.721</ele><time>2026-08-16T09:38:45Z</time><sat>33</sat></trkpt>
  <trkpt lat="35.67558457" lon="139.75980371"><ele>44.169</ele><time>2026-08-16T09:38:51Z</time><sat>33</sat></trkpt>
  <trkpt lat="35.67564034" lon="139.75981614"><ele>42.356</ele><time>2026-08-16T09:38:57Z</time><sat>34</sat></trkpt>
  <trkpt lat="35.67570964" lon="139.75981919"><ele>44.431</ele><time>2026-08-16T09:39:03Z</time><sat>32</sat></trkpt>
  <trkpt lat="35.67576412" lon="139.75982746"><ele>47.479</ele><time>2026-08-16T09:39:09Z</time><sat>34</sat></trkpt>
  <trkpt lat="35.67581193" lon="139.75984144"><ele>49.452</ele><time>2026-08-16T09:39:15Z</time><sat>34</sat></trkpt>
  <trkpt lat="35.67587211" lon="139.75986897"><ele>50.526</ele><time>2026-08-16T09:39:21Z</time><sat>35</sat></trkpt>
  <trkpt lat="35.67594003" lon="139.75989884"><ele>47.189</ele><time>2026-08-16T09:39:27Z</time><sat>33</sat></trkpt>
  <trkpt lat="35.67600837" lon="139.75993380"><ele>46.604</ele><time>2026-08-16T09:39:33Z</time><sat>30</sat></trkpt>
  <trkpt lat="35.67605302" lon="139.75992000"><ele>46.825</ele><time>2026-08-16T09:39:36Z</time><sat>32</sat></trkpt>
  <trkpt lat="35.67611658" lon="139.75994917"><ele>44.572</ele><time>2026-08-16T09:39:42Z</time><sat>30</sat></trkpt>
  <trkpt lat="35.67616714" lon="139.75998307"><ele>45.810</ele><time>2026-08-16T09:39:48Z</time><sat>29</sat></trkpt>
  <trkpt lat="35.67621914" lon="139.76000928"><ele>44.863</ele><time>2026-08-16T09:39:54Z</time><sat>31</sat></trkpt>
  <trkpt lat="35.67627913" lon="139.76002816"><ele>45.097</ele><time>2026-08-16T09:40:00Z</time><sat>30</sat></trkpt>
  <trkpt lat="35.67633591" lon="139.76004348"><ele>46.687</ele><time>2026-08-16T09:40:06Z</time><sat>30</sat></trkpt>
  <trkpt lat="35.67638267" lon="139.76004634"><ele>49.386</ele><time>2026-08-16T09:40:12Z</time><sat>33</sat></trkpt>
  <trkpt lat="35.67638356" lon="139.76004696"><ele>50.311</ele><time>2026-08-16T09:40:15Z</time><sat>32</sat></trkpt>
  <trkpt lat="35.67638780" lon="139.76004281"><ele>49.274</ele><time>2026-08-16T09:40:20Z</time><sat>32</sat></trkpt>
  <trkpt lat="35.67638911" lon="139.76004172"><ele>49.409</ele><time>2026-08-16T09:40:23Z</time><sat>33</sat></trkpt>
  <trkpt lat="35.67645075" lon="139.76006768"><ele>47.882</ele><time>2026-08-16T09:40:32Z</time><sat>34</sat></trkpt>
  <trkpt lat="35.67649861" lon="139.76010020"><ele>47.844</ele><time>2026-08-16T09:40:38Z</time><sat>34</sat></trkpt>
  <trkpt lat="35.67654136" lon="139.76013499"><ele>50.845</ele><time>2026-08-16T09:40:44Z</time><sat>35</sat></trkpt>
  <trkpt lat="35.67661983" lon="139.76016646"><ele>56.503</ele><time>2026-08-16T09:40:53Z</time><sat>33</sat></trkpt>
  <trkpt lat="35.67667863" lon="139.76020273"><ele>56.215</ele><time>2026-08-16T09:40:59Z</time><sat>33</sat></trkpt>
  <trkpt lat="35.67674541" lon="139.76024533"><ele>56.395</ele><time>2026-08-16T09:41:05Z</time><sat>31</sat></trkpt>
  <trkpt lat="35.67681013" lon="139.76028297"><ele>51.883</ele><time>2026-08-16T09:41:11Z</time><sat>33</sat></trkpt>
  <trkpt lat="35.67688254" lon="139.76030673"><ele>52.430</ele><time>2026-08-16T09:41:17Z</time><sat>31</sat></trkpt>
  <trkpt lat="35.67693381" lon="139.76034339"><ele>47.617</ele><time>2026-08-16T09:41:23Z</time><sat>32</sat></trkpt>
  <trkpt lat="35.67700186" lon="139.76035694"><ele>51.391</ele><time>2026-08-16T09:41:29Z</time><sat>30</sat></trkpt>
  <trkpt lat="35.67705745" lon="139.76039501"><ele>52.885</ele><time>2026-08-16T09:41:35Z</time><sat>31</sat></trkpt>
  <trkpt lat="35.67711138" lon="139.76039531"><ele>53.587</ele><time>2026-08-16T09:41:38Z</time><sat>31</sat></trkpt>
  <trkpt lat="35.67717856" lon="139.76042140"><ele>54.237</ele><time>2026-08-16T09:41:44Z</time><sat>33</sat></trkpt>
  <trkpt lat="35.67724320" lon="139.76042330"><ele>52.717</ele><time>2026-08-16T09:41:50Z</time><sat>33</sat></trkpt>
  <trkpt lat="35.67730336" lon="139.76043846"><ele>50.456</ele><time>2026-08-16T09:41:56Z</time><sat>33</sat></trkpt>
  <trkpt lat="35.67736669" lon="139.76045691"><ele>49.208</ele><time>2026-08-16T09:42:02Z</time><sat>33</sat></trkpt>
  <trkpt lat="35.67742435" lon="139.76049814"><ele>48.839</ele><time>2026-08-16T09:42:08Z</time><sat>32</sat></trkpt>
  <trkpt lat="35.67748309" lon="139.76050264"><ele>51.662</ele><time>2026-08-16T09:42:14Z</time><sat>34</sat></trkpt>
  <trkpt lat="35.67752814" lon="139.76051929"><ele>53.029</ele><time>2026-08-16T09:42:20Z</time><sat>33</sat></trkpt>
  <trkpt lat="35.67758153" lon="139.76054618"><ele>57.137</ele><time>2026-08-16T09:42:26Z</time><sat>35</sat></trkpt>
  <trkpt lat="35.67762871" lon="139.76058170"><ele>57.840</ele><time>2026-08-16T09:42:32Z</time><sat>33</sat></trkpt>
  <trkpt lat="35.67769359" lon="139.76061360"><ele>57.839</ele><time>2026-08-16T09:42:38Z</time><sat>32</sat></trkpt>
  <trkpt lat="35.67776573" lon="139.76064064"><ele>56.414</ele><time>2026-08-16T09:42:44Z</time><sat>32</sat></trkpt>
  <trkpt lat="35.67783120" lon="139.76067057"><ele>49.216</ele><time>2026-08-16T09:42:50Z</time><sat>32</sat></trkpt>
  <trkpt lat="35.67789169" lon="139.76067205"><ele>47.541</ele><time>2026-08-16T09:42:56Z</time><sat>30</sat></trkpt>
  <trkpt lat="35.67795974" lon="139.76070580"><ele>45.293</ele><time>2026-08-16T09:43:02Z</time><sat>31</sat></trkpt>
  <trkpt lat="35.67801302" lon="139.76074760"><ele>40.524</ele><time>2026-08-16T09:43:08Z</time><sat>30</sat></trkpt>
  <trkpt lat="35.67807240" lon="139.76078760"><ele>38.448</ele><time>2026-08-16T09:43:14Z</time><sat>30</sat></trkpt>
  <trkpt lat="35.67814161" lon="139.76080382"><ele>37.185</ele><time>2026-08-16T09:43:20Z</time><sat>30</sat></trkpt>
  <trkpt lat="35.67820785" lon="139.76082813"><ele>33.072</ele><time>2026-08-16T09:43:26Z</time><sat>32</sat></trkpt>
  <trkpt lat="35.67828182" lon="139.76083602"><ele>34.813</ele><time>2026-08-16T09:43:32Z</time><sat>32</sat></trkpt>
  <trkpt lat="35.67835106" lon="139.76082549"><ele>34.804</ele><time>2026-08-16T09:43:38Z</time><sat>31</sat></trkpt>
  <trkpt lat="35.67841106" lon="139.76079049"><ele>35.153</ele><time>2026-08-16T09:43:44Z</time><sat>33</sat></trkpt>
  <trkpt lat="35.67841450" lon="139.76076851"><ele>34.778</ele><time>2026-08-16T09:43:47Z</time><sat>31</sat></trkpt>
  <trkpt lat="35.67841405" lon="139.76076305"><ele>34.914</ele><time>2026-08-16T09:43:53Z</time><sat>35</sat></trkpt>
  <trkpt lat="35.67843872" lon="139.76078043"><ele>34.854</ele><time>2026-08-16T09:43:56Z</time><sat>34</sat></trkpt>
  <trkpt lat="35.67850449" lon="139.76078504"><ele>39.785</ele><time>2026-08-16T09:44:02Z</time><sat>34</sat></trkpt>
  <trkpt lat="35.67857205" lon="139.76079907"><ele>41.745</ele><time>2026-08-16T09:44:08Z</time><sat>34</sat></trkpt>
  <trkpt lat="35.67863517" lon="139.76082149"><ele>42.775</ele><time>2026-08-16T09:44:14Z</time><sat>35</sat></trkpt>
  <trkpt lat="35.67869485" lon="139.76084777"><ele>44.628</ele><time>2026-08-16T09:44:20Z</time><sat>36</sat></trkpt>
  <trkpt lat="35.67875208" lon="139.76086837"><ele>46.564</ele><time>2026-08-16T09:44:26Z</time><sat>34</sat></trkpt>
  <trkpt lat="35.67882548" lon="139.76089769"><ele>47.569</ele><time>2026-08-16T09:44:32Z</time><sat>33</sat></trkpt>
  <trkpt lat="35.67887776" lon="139.76092873"><ele>47.726</ele><time>2026-08-16T09:44:38Z</time><sat>31</sat></trkpt>
  <trkpt lat="35.67892349" lon="139.76095374"><ele>47.640</ele><time>2026-08-16T09:44:44Z</time><sat>30</sat></trkpt>
  <trkpt lat="35.67897246" lon="139.76100695"><ele>46.674</ele><time>2026-08-16T09:44:50Z</time><sat>31</sat></trkpt>
  <trkpt lat="35.67903234" lon="139.76102924"><ele>48.462</ele><time>2026-08-16T09:44:56Z</time><sat>29</sat></trkpt>
  <trkpt lat="35.67909565" lon="139.76102899"><ele>48.763</ele><time>2026-08-16T09:45:02Z</time><sat>29</sat></trkpt>
  <trkpt lat="35.67915411" lon="139.76104647"><ele>49.475</ele><time>2026-08-16T09:45:08Z</time><sat>29</sat></trkpt>
  <trkpt lat="35.67921979" lon="139.76106399"><ele>47.518</ele><time>2026-08-16T09:45:14Z</time><sat>31</sat></trkpt>
  <trkpt lat="35.67927661" lon="139.76109293"><ele>47.281</ele><time>2026-08-16T09:45:20Z</time><sat>29</sat></trkpt>
  <trkpt lat="35.67933258" lon="139.76111382"><ele>46.324</ele><time>2026-08-16T09:45:26Z</time><sat>30</sat></trkpt>
  <trkpt lat="35.67939690" lon="139.76114012"><ele>45.247</ele><time>2026-08-16T09:45:32Z</time><sat>30</sat></trkpt>
  <trkpt lat="35.67946247" lon="139.76116414"><ele>49.681</ele><time>2026-08-16T09:45:38Z</time><sat>31</sat></trkpt>
  <trkpt lat="35.67951716" lon="139.76119486"><ele>50.982</ele><time>2026-08-16T09:45:44Z</time><sat>31</sat></trkpt>
  <trkpt lat="35.67957214" lon="139.76122488"><ele>51.149</ele><time>2026-08-16T09:45:50Z</time><sat>30</sat></trkpt>
  <trkpt lat="35.67964151" lon="139.76123495"><ele>49.385</ele><time>2026-08-16T09:45:56Z</time><sat>31</sat></trkpt>
  <trkpt lat="35.67971189" lon="139.76124906"><ele>48.402</ele><time>2026-08-16T09:46:02Z</time><sat>30</sat></trkpt>
  <trkpt lat="35.67977066" lon="139.76127065"><ele>49.804</ele><time>2026-08-16T09:46:08Z</time><sat>31</sat></trkpt>
  <trkpt lat="35.67983265" lon="139.76129006"><ele>48.336</ele><time>2026-08-16T09:46:14Z</time><sat>30</sat></trkpt>
  <trkpt lat="35.67989442" lon="139.76131565"><ele>49.835</ele><time>2026-08-16T09:46:20Z</time><sat>31</sat></trkpt>
  <trkpt lat="35.67995049" lon="139.76133181"><ele>49.935</ele><time>2026-08-16T09:46:26Z</time><sat>31</sat></trkpt>
  <trkpt lat="35.68000843" lon="139.76135929"><ele>49.182</ele><time>2026-08-16T09:46:32Z</time><sat>31</sat></trkpt>
  <trkpt lat="35.68004668" lon="139.76139130"><ele>47.461</ele><time>2026-08-16T09:46:38Z</time><sat>32</sat></trkpt>
  <trkpt lat="35.68010077" lon="139.76140556"><ele>44.024</ele><time>2026-08-16T09:46:44Z</time><sat>31</sat></trkpt>
  <trkpt lat="35.68015824" lon="139.76143566"><ele>45.226</ele><time>2026-08-16T09:46:50Z</time><sat>31</sat></trkpt>
  <trkpt lat="35.68022737" lon="139.76145879"><ele>44.115</ele><time>2026-08-16T09:46:56Z</time><sat>30</sat></trkpt>
  <trkpt lat="35.68029672" lon="139.76147270"><ele>44.393</ele><time>2026-08-16T09:47:02Z</time><sat>31</sat></trkpt>
  <trkpt lat="35.68035087" lon="139.76148665"><ele>45.273</ele><time>2026-08-16T09:47:08Z</time><sat>30</sat></trkpt>
  <trkpt lat="35.68041649" lon="139.76152799"><ele>46.943</ele><time>2026-08-16T09:47:14Z</time><sat>29</sat></trkpt>
  <trkpt lat="35.68049110" lon="139.76156846"><ele>46.625</ele><time>2026-08-16T09:47:20Z</time><sat>29</sat></trkpt>
  <trkpt lat="35.68054585" lon="139.76158875"><ele>46.167</ele><time>2026-08-16T09:47:26Z</time><sat>30</sat></trkpt>
  <trkpt lat="35.68059193" lon="139.76161315"><ele>47.549</ele><time>2026-08-16T09:47:32Z</time><sat>29</sat></trkpt>
  <trkpt lat="35.68064807" lon="139.76160627"><ele>47.663</ele><time>2026-08-16T09:47:38Z</time><sat>30</sat></trkpt>
  <trkpt lat="35.68071280" lon="139.76163454"><ele>46.929</ele><time>2026-08-16T09:47:44Z</time><sat>30</sat></trkpt>
  <trkpt lat="35.68077344" lon="139.76165443"><ele>48.436</ele><time>2026-08-16T09:47:53Z</time><sat>31</sat></trkpt>
  <trkpt lat="35.68083093" lon="139.76165587"><ele>47.665</ele><time>2026-08-16T09:47:59Z</time><sat>31</sat></trkpt>
  <trkpt lat="35.68089695" lon="139.76166716"><ele>48.727</ele><time>2026-08-16T09:48:05Z</time><sat>31</sat></trkpt>
  <trkpt lat="35.68096290" lon="139.76167017"><ele>48.676</ele><time>2026-08-16T09:48:11Z</time><sat>33</sat></trkpt>
  <trkpt lat="35.68101118" lon="139.76167925"><ele>48.945</ele><time>2026-08-16T09:48:17Z</time><sat>32</sat></trkpt>
  <trkpt lat="35.68106630" lon="139.76168956"><ele>49.376</ele><time>2026-08-16T09:48:23Z</time><sat>32</sat></trkpt>
  <trkpt lat="35.68112953" lon="139.76171716"><ele>49.285</ele><time>2026-08-16T09:48:30Z</time><sat>32</sat></trkpt>
  <trkpt lat="35.68118765" lon="139.76177779"><ele>47.794</ele><time>2026-08-16T09:48:39Z</time><sat>31</sat></trkpt>
  <trkpt lat="35.68124928" lon="139.76181092"><ele>44.156</ele><time>2026-08-16T09:48:45Z</time><sat>31</sat></trkpt>
  <trkpt lat="35.68131437" lon="139.76185158"><ele>48.166</ele><time>2026-08-16T09:48:51Z</time><sat>30</sat></trkpt>
  <trkpt lat="35.68138126" lon="139.76186647"><ele>46.490</ele><time>2026-08-16T09:48:57Z</time><sat>29</sat></trkpt>
  <trkpt lat="35.68145407" lon="139.76187510"><ele>45.032</ele><time>2026-08-16T09:49:03Z</time><sat>29</sat></trkpt>
  <trkpt lat="35.68150742" lon="139.76190497"><ele>42.539</ele><time>2026-08-16T09:49:09Z</time><sat>30</sat></trkpt>
  <trkpt lat="35.68157251" lon="139.76192136"><ele>43.702</ele><time>2026-08-16T09:49:15Z</time><sat>30</sat></trkpt>
  <trkpt lat="35.68163491" lon="139.76193883"><ele>43.792</ele><time>2026-08-16T09:49:21Z</time><sat>30</sat></trkpt>
  <trkpt lat="35.68169968" lon="139.76194807"><ele>44.812</ele><time>2026-08-16T09:49:27Z</time><sat>31</sat></trkpt>
  <trkpt lat="35.68176374" lon="139.76194784"><ele>43.957</ele><time>2026-08-16T09:49:33Z</time><sat>32</sat></trkpt>
  <trkpt lat="35.68183829" lon="139.76192673"><ele>43.709</ele><time>2026-08-16T09:49:39Z</time><sat>32</sat></trkpt>
  <trkpt lat="35.68190846" lon="139.76192309"><ele>43.434</ele><time>2026-08-16T09:49:45Z</time><sat>31</sat></trkpt>
  <trkpt lat="35.68196788" lon="139.76191877"><ele>42.618</ele><time>2026-08-16T09:49:51Z</time><sat>36</sat></trkpt>
  <trkpt lat="35.68198597" lon="139.76191433"><ele>43.695</ele><time>2026-08-16T09:49:57Z</time><sat>37</sat></trkpt>
  <trkpt lat="35.68198312" lon="139.76191230"><ele>43.736</ele><time>2026-08-16T09:50:00Z</time><sat>37</sat></trkpt>
  <trkpt lat="35.68198299" lon="139.76191289"><ele>43.752</ele><time>2026-08-16T09:50:06Z</time><sat>37</sat></trkpt>
  <trkpt lat="35.68198664" lon="139.76191286"><ele>44.496</ele><time>2026-08-16T09:50:09Z</time><sat>35</sat></trkpt>
  <trkpt lat="35.68203443" lon="139.76190255"><ele>44.918</ele><time>2026-08-16T09:50:15Z</time><sat>37</sat></trkpt>
  <trkpt lat="35.68209465" lon="139.76191594"><ele>46.387</ele><time>2026-08-16T09:50:21Z</time><sat>37</sat></trkpt>
  <trkpt lat="35.68214825" lon="139.76194743"><ele>47.569</ele><time>2026-08-16T09:50:27Z</time><sat>36</sat></trkpt>
  <trkpt lat="35.68220608" lon="139.76197428"><ele>48.043</ele><time>2026-08-16T09:50:33Z</time><sat>35</sat></trkpt>
  <trkpt lat="35.68225712" lon="139.76194601"><ele>47.986</ele><time>2026-08-16T09:50:39Z</time><sat>37</sat></trkpt>
  <trkpt lat="35.68230991" lon="139.76191649"><ele>47.154</ele><time>2026-08-16T09:50:45Z</time><sat>37</sat></trkpt>
  <trkpt lat="35.68235190" lon="139.76195198"><ele>47.190</ele><time>2026-08-16T09:50:51Z</time><sat>34</sat></trkpt>
  <trkpt lat="35.68239025" lon="139.76200910"><ele>48.951</ele><time>2026-08-16T09:50:57Z</time><sat>37</sat></trkpt>
  <trkpt lat="35.68240353" lon="139.76201707"><ele>49.444</ele><time>2026-08-16T09:51:00Z</time><sat>36</sat></trkpt>
  <trkpt lat="35.68239971" lon="139.76201676"><ele>49.398</ele><time>2026-08-16T09:51:12Z</time><sat>36</sat></trkpt>
  <trkpt lat="35.68239990" lon="139.76201140"><ele>49.445</ele><time>2026-08-16T09:51:18Z</time><sat>36</sat></trkpt>
  <trkpt lat="35.68239942" lon="139.76200965"><ele>48.979</ele><time>2026-08-16T09:51:21Z</time><sat>36</sat></trkpt>
  <trkpt lat="35.68239967" lon="139.76200520"><ele>48.240</ele><time>2026-08-16T09:51:24Z</time><sat>32</sat></trkpt>
  <trkpt lat="35.68240137" lon="139.76199714"><ele>46.874</ele><time>2026-08-16T09:51:36Z</time><sat>34</sat></trkpt>
  <trkpt lat="35.68240400" lon="139.76199022"><ele>46.787</ele><time>2026-08-16T09:51:39Z</time><sat>37</sat></trkpt>
  <trkpt lat="35.68240398" lon="139.76198937"><ele>46.324</ele><time>2026-08-16T09:51:42Z</time><sat>36</sat></trkpt>
  <trkpt lat="35.68240477" lon="139.76199065"><ele>46.392</ele><time>2026-08-16T09:51:45Z</time><sat>37</sat></trkpt>
  <trkpt lat="35.68240479" lon="139.76199068"><ele>46.563</ele><time>2026-08-16T09:51:48Z</time><sat>38</sat></trkpt>
  <trkpt lat="35.68240201" lon="139.76198448"><ele>46.358</ele><time>2026-08-16T09:51:51Z</time><sat>36</sat></trkpt>
  <trkpt lat="35.68240213" lon="139.76198319"><ele>46.375</ele><time>2026-08-16T09:52:03Z</time><sat>36</sat></trkpt>
  <trkpt lat="35.68240210" lon="139.76198303"><ele>46.402</ele><time>2026-08-16T09:52:15Z</time><sat>36</sat></trkpt>
  <trkpt lat="35.68239880" lon="139.76198638"><ele>46.877</ele><time>2026-08-16T09:52:27Z</time><sat>35</sat></trkpt>
  <trkpt lat="35.68239833" lon="139.76198689"><ele>46.880</ele><time>2026-08-16T09:52:30Z</time><sat>35</sat></trkpt>
  <trkpt lat="35.68242360" lon="139.76200366"><ele>46.846</ele><time>2026-08-16T09:52:35Z</time><sat>35</sat></trkpt>
  <trkpt lat="35.68248429" lon="139.76206097"><ele>48.264</ele><time>2026-08-16T09:52:41Z</time><sat>36</sat></trkpt>
  <trkpt lat="35.68252185" lon="139.76210403"><ele>47.458</ele><time>2026-08-16T09:52:47Z</time><sat>33</sat></trkpt>
  <trkpt lat="35.68256368" lon="139.76215487"><ele>47.591</ele><time>2026-08-16T09:52:53Z</time><sat>32</sat></trkpt>
  <trkpt lat="35.68261660" lon="139.76220712"><ele>45.993</ele><time>2026-08-16T09:52:59Z</time><sat>33</sat></trkpt>
  <trkpt lat="35.68267121" lon="139.76224592"><ele>45.639</ele><time>2026-08-16T09:53:05Z</time><sat>32</sat></trkpt>
  <trkpt lat="35.68272968" lon="139.76229082"><ele>43.069</ele><time>2026-08-16T09:53:11Z</time><sat>30</sat></trkpt>
  <trkpt lat="35.68278607" lon="139.76233491"><ele>39.903</ele><time>2026-08-16T09:53:17Z</time><sat>33</sat></trkpt>
  <trkpt lat="35.68286231" lon="139.76234775"><ele>38.904</ele><time>2026-08-16T09:53:23Z</time><sat>32</sat></trkpt>
  <trkpt lat="35.68292277" lon="139.76236821"><ele>37.446</ele><time>2026-08-16T09:53:29Z</time><sat>32</sat></trkpt>
  <trkpt lat="35.68298202" lon="139.76240606"><ele>31.603</ele><time>2026-08-16T09:53:38Z</time><sat>31</sat></trkpt>
  <trkpt lat="35.68305598" lon="139.76240848"><ele>33.943</ele><time>2026-08-16T09:53:47Z</time><sat>31</sat></trkpt>
  <trkpt lat="35.68311659" lon="139.76240785"><ele>36.291</ele><time>2026-08-16T09:53:54Z</time><sat>29</sat></trkpt>
  <trkpt lat="35.68312668" lon="139.76240934"><ele>37.436</ele><time>2026-08-16T09:53:57Z</time><sat>30</sat></trkpt>
  <trkpt lat="35.68312398" lon="139.76241169"><ele>37.490</ele><time>2026-08-16T09:54:00Z</time><sat>28</sat></trkpt>
  <trkpt lat="35.68312302" lon="139.76241182"><ele>37.507</ele><time>2026-08-16T09:54:03Z</time><sat>29</sat></trkpt>
  <trkpt lat="35.68312761" lon="139.76241833"><ele>37.179</ele><time>2026-08-16T09:54:06Z</time><sat>29</sat></trkpt>
  <trkpt lat="35.68317191" lon="139.76244508"><ele>37.102</ele><time>2026-08-16T09:54:12Z</time><sat>29</sat></trkpt>
  <trkpt lat="35.68323274" lon="139.76245323"><ele>38.461</ele><time>2026-08-16T09:54:18Z</time><sat>30</sat></trkpt>
  <trkpt lat="35.68328872" lon="139.76246074"><ele>39.250</ele><time>2026-08-16T09:54:24Z</time><sat>29</sat></trkpt>
  <trkpt lat="35.68334194" lon="139.76247122"><ele>40.293</ele><time>2026-08-16T09:54:30Z</time><sat>30</sat></trkpt>
  <trkpt lat="35.68339828" lon="139.76248918"><ele>39.921</ele><time>2026-08-16T09:54:36Z</time><sat>30</sat></trkpt>
  <trkpt lat="35.68344308" lon="139.76251652"><ele>40.233</ele><time>2026-08-16T09:54:42Z</time><sat>31</sat></trkpt>
  <trkpt lat="35.68347270" lon="139.76257415"><ele>40.112</ele><time>2026-08-16T09:54:48Z</time><sat>29</sat></trkpt>
  <trkpt lat="35.68352851" lon="139.76259973"><ele>46.185</ele><time>2026-08-16T09:54:54Z</time><sat>31</sat></trkpt>
  <trkpt lat="35.68359719" lon="139.76259262"><ele>50.166</ele><time>2026-08-16T09:55:06Z</time><sat>32</sat></trkpt>
  <trkpt lat="35.68365896" lon="139.76263055"><ele>53.265</ele><time>2026-08-16T09:55:12Z</time><sat>30</sat></trkpt>
  <trkpt lat="35.68364468" lon="139.76262681"><ele>56.562</ele><time>2026-08-16T09:55:15Z</time><sat>31</sat></trkpt>
  <trkpt lat="35.68363140" lon="139.76262381"><ele>57.630</ele><time>2026-08-16T09:55:18Z</time><sat>31</sat></trkpt>
  <trkpt lat="35.68362519" lon="139.76263020"><ele>56.835</ele><time>2026-08-16T09:55:30Z</time><sat>31</sat></trkpt>
  <trkpt lat="35.68362787" lon="139.76263231"><ele>56.001</ele><time>2026-08-16T09:55:33Z</time><sat>31</sat></trkpt>
  <trkpt lat="35.68362872" lon="139.76263049"><ele>55.718</ele><time>2026-08-16T09:55:36Z</time><sat>31</sat></trkpt>
  <trkpt lat="35.68362666" lon="139.76262850"><ele>55.151</ele><time>2026-08-16T09:55:39Z</time><sat>31</sat></trkpt>
  <trkpt lat="35.68363737" lon="139.76266118"><ele>56.115</ele><time>2026-08-16T09:55:51Z</time><sat>29</sat></trkpt>
  <trkpt lat="35.68362112" lon="139.76267776"><ele>56.952</ele><time>2026-08-16T09:56:03Z</time><sat>28</sat></trkpt>
  <trkpt lat="35.68358539" lon="139.76269127"><ele>57.153</ele><time>2026-08-16T09:56:15Z</time><sat>31</sat></trkpt>
  <trkpt lat="35.68357156" lon="139.76269922"><ele>57.782</ele><time>2026-08-16T09:56:24Z</time><sat>30</sat></trkpt>
  <trkpt lat="35.68356743" lon="139.76270825"><ele>57.187</ele><time>2026-08-16T09:56:27Z</time><sat>30</sat></trkpt>
  <trkpt lat="35.68359203" lon="139.76279051"><ele>55.215</ele><time>2026-08-16T09:56:39Z</time><sat>31</sat></trkpt>
  <trkpt lat="35.68359232" lon="139.76284744"><ele>53.726</ele><time>2026-08-16T09:56:45Z</time><sat>30</sat></trkpt>
  <trkpt lat="35.68361139" lon="139.76292166"><ele>49.450</ele><time>2026-08-16T09:56:51Z</time><sat>30</sat></trkpt>
  <trkpt lat="35.68366412" lon="139.76297006"><ele>41.964</ele><time>2026-08-16T09:56:57Z</time><sat>30</sat></trkpt>
  <trkpt lat="35.68371137" lon="139.76298510"><ele>42.337</ele><time>2026-08-16T09:57:00Z</time><sat>28</sat></trkpt>
  <trkpt lat="35.68379871" lon="139.76299180"><ele>41.447</ele><time>2026-08-16T09:57:06Z</time><sat>32</sat></trkpt>
  <trkpt lat="35.68384192" lon="139.76301254"><ele>43.404</ele><time>2026-08-16T09:57:09Z</time><sat>32</sat></trkpt>
  <trkpt lat="35.68386574" lon="139.76306733"><ele>43.135</ele><time>2026-08-16T09:57:18Z</time><sat>28</sat></trkpt>
 </trkseg>
</trk>

</gpx>
 