<?xml version="1.0" encoding="UTF-8"?>
<!-- Created with BasicAirData GPS Logger for Android - ver. 3.3.0 -->
<!-- Track 15 = 2301 TrackPoints + 38 Placemarks -->

<!-- Track Statistics (based on Total Time | Time in Movement): -->
<!--  Distance = 11.6 km -->
<!--  Duration = 03:32:24 | 02:35:24 -->
<!--  Altitude Gap = -15 m -->
<!--  Max Speed = 11 km/h -->
<!--  Avg Speed = 3.3 | 4.5 km/h -->
<!--  Direction = NE -->
<!--  Activity = walking -->
<!--  Altitudes = Raw -->

<gpx version="1.1"
     creator="BasicAirData GPS Logger 3.3.0"
     xmlns="http://www.topografix.com/GPX/1/1"
     xmlns:xsi="http://www.w3.org/2001/XMLSchema-instance"
     xsi:schemaLocation="http://www.topografix.com/GPX/1/1 http://www.topografix.com/GPX/1/1/gpx.xsd">
<metadata> 
 <name>GPS Logger 20261004-133320</name>
 <desc>東京タワーから東京スカイツリー</desc>
 <time>2026-10-04T08:06:05Z</time>
 <keywords>walking</keywords>
 <bounds minlat="35.65691979" minlon="139.74552300" maxlat="35.71273546" maxlon="139.81039020" />
</metadata>

<wpt lat="35.66164775" lon="139.74968807"><ele>51.513</ele><time>2026-10-04T04:46:43Z</time><name>歩道のカラフルな柵</name><sat>25</sat></wpt>

<wpt lat="35.65955653" lon="139.75904192"><ele>46.315</ele><time>2026-10-04T05:00:46Z</time><name>イタリア公園</name><sat>34</sat></wpt>

<wpt lat="35.65951463" lon="139.75918452"><ele>47.892</ele><time>2026-10-04T05:01:23Z</time><name>イタリアっぽい彫刻</name><sat>33</sat></wpt>

<wpt lat="35.66709496" lon="139.76400037"><ele>73.310</ele><time>2026-10-04T05:18:55Z</time><name>しょうわどおりじんざほどうきょう</name><sat>28</sat></wpt>

<wpt lat="35.69026087" lon="139.78812406"><ele>39.917</ele><time>2026-10-04T06:24:13Z</time><name>緑と石</name><sat>31</sat></wpt>

<wpt lat="35.69199183" lon="139.78767113"><ele>44.058</ele><time>2026-10-04T06:27:28Z</time><name>花壇</name><sat>33</sat></wpt>

<wpt lat="35.69259500" lon="139.78762130"><ele>44.771</ele><time>2026-10-04T06:28:38Z</time><name>花壇2</name><sat>34</sat></wpt>

<wpt lat="35.69359275" lon="139.78753447"><ele>42.423</ele><time>2026-10-04T06:30:32Z</time><name>no smoking</name><sat>23</sat></wpt>

<wpt lat="35.69434026" lon="139.78788817"><ele>47.652</ele><time>2026-10-04T06:33:26Z</time><name>両国橋</name><sat>37</sat></wpt>

<wpt lat="35.69432094" lon="139.78830018"><ele>48.076</ele><time>2026-10-04T06:34:36Z</time><name>隅田川</name><sat>43</sat></wpt>

<wpt lat="35.69425324" lon="139.78852846"><ele>49.875</ele><time>2026-10-04T06:35:26Z</time><name>スカイツリーが頭だけ見える</name><sat>43</sat></wpt>

<wpt lat="35.69403614" lon="139.78992607"><ele>48.273</ele><time>2026-10-04T06:37:37Z</time><name>表忠碑</name><sat>37</sat></wpt>

<wpt lat="35.69429870" lon="139.78962627"><ele>31.711</ele><time>2026-10-04T06:40:06Z</time><name>隅田川の下</name><sat>18</sat></wpt>

<wpt lat="35.69503488" lon="139.78985277"><ele>42.722</ele><time>2026-10-04T06:45:37Z</time><name>浮世絵</name><sat>23</sat></wpt>

<wpt lat="35.69514692" lon="139.78991811"><ele>40.903</ele><time>2026-10-04T06:47:04Z</time><name>お相撲双六</name><sat>22</sat></wpt>

<wpt lat="35.69525367" lon="139.78997673"><ele>40.121</ele><time>2026-10-04T06:47:48Z</time><name>隅田川の花壇</name><sat>23</sat></wpt>

<wpt lat="35.69519704" lon="139.78999245"><ele>41.789</ele><time>2026-10-04T06:48:24Z</time><name>国技館</name><sat>23</sat></wpt>

<wpt lat="35.69527136" lon="139.78995414"><ele>41.987</ele><time>2026-10-04T06:48:53Z</time><name>すくいなげ</name><sat>26</sat></wpt>

<wpt lat="35.69530302" lon="139.79002207"><ele>42.174</ele><time>2026-10-04T06:49:14Z</time><name>土俵入り</name><sat>23</sat></wpt>

<wpt lat="35.69533731" lon="139.79005214"><ele>38.840</ele><time>2026-10-04T06:50:22Z</time><name>ハチドリ</name><sat>25</sat></wpt>

<wpt lat="35.69560488" lon="139.79016472"><ele>44.563</ele><time>2026-10-04T06:51:49Z</time><name>両国花火</name><sat>30</sat></wpt>

<wpt lat="35.69563860" lon="139.79016683"><ele>39.882</ele><time>2026-10-04T06:52:46Z</time><name>白い鳩？</name><sat>22</sat></wpt>

<wpt lat="35.69606810" lon="139.79047919"><ele>42.113</ele><time>2026-10-04T06:55:55Z</time><name>両国水神祭</name><sat>30</sat></wpt>

<wpt lat="35.70228702" lon="139.79482965"><ele>43.028</ele><time>2026-10-04T07:11:05Z</time><name>赤白ピンク</name><sat>31</sat></wpt>

<wpt lat="35.70384272" lon="139.79560141"><ele>41.290</ele><time>2026-10-04T07:14:02Z</time><name>屋形船</name><sat>25</sat></wpt>

<wpt lat="35.70403275" lon="139.79571090"><ele>38.449</ele><time>2026-10-04T07:14:43Z</time><name>屋形船が波に乗っている</name><sat>29</sat></wpt>

<wpt lat="35.70391792" lon="139.79569274"><ele>43.534</ele><time>2026-10-04T07:15:28Z</time><name>ピンクの提灯の屋形船</name><sat>21</sat></wpt>

<wpt lat="35.70428321" lon="139.79586202"><ele>22.711</ele><time>2026-10-04T07:16:56Z</time><name>レゴみたいな風景</name><sat>33</sat></wpt>

<wpt lat="35.71119889" lon="139.80223440"><ele>43.555</ele><time>2026-10-04T07:41:01Z</time><name>まくらはしからのスカイツリー</name><sat>43</sat></wpt>

<wpt lat="35.71224134" lon="139.80356634"><ele>43.005</ele><time>2026-10-04T07:44:39Z</time><name>隅田公園からのスカイツリー</name><sat>38</sat></wpt>

<wpt lat="35.71241843" lon="139.80375406"><ele>43.848</ele><time>2026-10-04T07:45:42Z</time><name>白い鯉</name><sat>41</sat></wpt>

<wpt lat="35.71260933" lon="139.80404781"><ele>41.747</ele><time>2026-10-04T07:46:35Z</time><name>水面スカイツリー</name><sat>40</sat></wpt>

<wpt lat="35.71270484" lon="139.80417085"><ele>44.112</ele><time>2026-10-04T07:47:27Z</time><name>金色の鯉</name><sat>39</sat></wpt>

<wpt lat="35.71271812" lon="139.80477853"><ele>40.432</ele><time>2026-10-04T07:49:19Z</time><name>なでられる牛</name><sat>36</sat></wpt>

<wpt lat="35.71251625" lon="139.80472605"><ele>36.520</ele><time>2026-10-04T07:52:22Z</time><name>牛の石像</name><sat>36</sat></wpt>

<wpt lat="35.71162314" lon="139.80555430"><ele>43.609</ele><time>2026-10-04T07:56:37Z</time><name>スカイツリーと小道</name><sat>35</sat></wpt>

<wpt lat="35.70967141" lon="139.80959226"><ele>52.204</ele><time>2026-10-04T08:04:15Z</time><name>光ってる川</name><sat>28</sat></wpt>

<wpt lat="35.70974900" lon="139.81038382"><ele>52.655</ele><time>2026-10-04T08:05:44Z</time><name>到着</name><sat>30</sat></wpt>

<trk>
 <name>Track 20261004-133320</name>
 <trkseg>
  <trkpt lat="35.65823413" lon="139.74571939"><ele>67.463</ele><time>2026-10-04T04:33:20Z</time><sat>36</sat></trkpt>
  <trkpt lat="35.65823165" lon="139.74572201"><ele>68.126</ele><time>2026-10-04T04:33:23Z</time><sat>36</sat></trkpt>
  <trkpt lat="35.65820752" lon="139.74571182"><ele>68.006</ele><time>2026-10-04T04:33:26Z</time><sat>35</sat></trkpt>
  <trkpt lat="35.65814908" lon="139.74568674"><ele>67.092</ele><time>2026-10-04T04:33:32Z</time><sat>33</sat></trkpt>
  <trkpt lat="35.65810406" lon="139.74565371"><ele>66.779</ele><time>2026-10-04T04:33:38Z</time><sat>34</sat></trkpt>
  <trkpt lat="35.65807218" lon="139.74560586"><ele>65.841</ele><time>2026-10-04T04:33:44Z</time><sat>34</sat></trkpt>
  <trkpt lat="35.65803138" lon="139.74557332"><ele>64.738</ele><time>2026-10-04T04:33:50Z</time><sat>32</sat></trkpt>
  <trkpt lat="35.65798761" lon="139.74554941"><ele>64.260</ele><time>2026-10-04T04:33:59Z</time><sat>34</sat></trkpt>
  <trkpt lat="35.65798089" lon="139.74553030"><ele>64.402</ele><time>2026-10-04T04:34:02Z</time><sat>34</sat></trkpt>
  <trkpt lat="35.65798183" lon="139.74552391"><ele>64.342</ele><time>2026-10-04T04:34:11Z</time><sat>34</sat></trkpt>
  <trkpt lat="35.65798264" lon="139.74552300"><ele>64.127</ele><time>2026-10-04T04:34:14Z</time><sat>34</sat></trkpt>
  <trkpt lat="35.65798725" lon="139.74552382"><ele>63.891</ele><time>2026-10-04T04:34:18Z</time><sat>34</sat></trkpt>
  <trkpt lat="35.65798773" lon="139.74552585"><ele>63.654</ele><time>2026-10-04T04:34:21Z</time><sat>37</sat></trkpt>
  <trkpt lat="35.65798842" lon="139.74552918"><ele>63.347</ele><time>2026-10-04T04:34:24Z</time><sat>35</sat></trkpt>
  <trkpt lat="35.65795896" lon="139.74557136"><ele>62.731</ele><time>2026-10-04T04:34:31Z</time><sat>34</sat></trkpt>
  <trkpt lat="35.65788795" lon="139.74558134"><ele>62.561</ele><time>2026-10-04T04:34:37Z</time><sat>35</sat></trkpt>
  <trkpt lat="35.65784341" lon="139.74556306"><ele>63.468</ele><time>2026-10-04T04:34:43Z</time><sat>37</sat></trkpt>
  <trkpt lat="35.65785154" lon="139.74555854"><ele>63.707</ele><time>2026-10-04T04:34:46Z</time><sat>36</sat></trkpt>
  <trkpt lat="35.65785362" lon="139.74555788"><ele>63.294</ele><time>2026-10-04T04:34:49Z</time><sat>33</sat></trkpt>
  <trkpt lat="35.65780878" lon="139.74557523"><ele>63.146</ele><time>2026-10-04T04:34:54Z</time><sat>34</sat></trkpt>
  <trkpt lat="35.65776271" lon="139.74559859"><ele>62.621</ele><time>2026-10-04T04:34:57Z</time><sat>36</sat></trkpt>
  <trkpt lat="35.65772244" lon="139.74562491"><ele>62.233</ele><time>2026-10-04T04:35:00Z</time><sat>36</sat></trkpt>
  <trkpt lat="35.65768065" lon="139.74564666"><ele>62.731</ele><time>2026-10-04T04:35:03Z</time><sat>36</sat></trkpt>
  <trkpt lat="35.65761215" lon="139.74567771"><ele>61.361</ele><time>2026-10-04T04:35:09Z</time><sat>35</sat></trkpt>
  <trkpt lat="35.65754356" lon="139.74571162"><ele>61.064</ele><time>2026-10-04T04:35:15Z</time><sat>35</sat></trkpt>
  <trkpt lat="35.65748192" lon="139.74572929"><ele>60.014</ele><time>2026-10-04T04:35:21Z</time><sat>35</sat></trkpt>
  <trkpt lat="35.65740374" lon="139.74575791"><ele>58.391</ele><time>2026-10-04T04:35:27Z</time><sat>35</sat></trkpt>
  <trkpt lat="35.65732563" lon="139.74577997"><ele>58.107</ele><time>2026-10-04T04:35:33Z</time><sat>35</sat></trkpt>
  <trkpt lat="35.65725481" lon="139.74580055"><ele>55.354</ele><time>2026-10-04T04:35:39Z</time><sat>37</sat></trkpt>
  <trkpt lat="35.65718221" lon="139.74581377"><ele>54.035</ele><time>2026-10-04T04:35:45Z</time><sat>35</sat></trkpt>
  <trkpt lat="35.65711538" lon="139.74581737"><ele>54.025</ele><time>2026-10-04T04:35:51Z</time><sat>36</sat></trkpt>
  <trkpt lat="35.65706865" lon="139.74587888"><ele>53.727</ele><time>2026-10-04T04:35:57Z</time><sat>36</sat></trkpt>
  <trkpt lat="35.65703959" lon="139.74592344"><ele>53.833</ele><time>2026-10-04T04:36:00Z</time><sat>36</sat></trkpt>
  <trkpt lat="35.65695533" lon="139.74594442"><ele>51.914</ele><time>2026-10-04T04:36:06Z</time><sat>35</sat></trkpt>
  <trkpt lat="35.65691979" lon="139.74599968"><ele>51.313</ele><time>2026-10-04T04:36:12Z</time><sat>35</sat></trkpt>
  <trkpt lat="35.65696729" lon="139.74602504"><ele>50.866</ele><time>2026-10-04T04:36:15Z</time><sat>35</sat></trkpt>
  <trkpt lat="35.65701022" lon="139.74604326"><ele>50.588</ele><time>2026-10-04T04:36:18Z</time><sat>35</sat></trkpt>
  <trkpt lat="35.65708286" lon="139.74609304"><ele>50.327</ele><time>2026-10-04T04:36:24Z</time><sat>35</sat></trkpt>
  <trkpt lat="35.65715498" lon="139.74614467"><ele>51.066</ele><time>2026-10-04T04:36:30Z</time><sat>37</sat></trkpt>
  <trkpt lat="35.65723111" lon="139.74618733"><ele>50.854</ele><time>2026-10-04T04:36:36Z</time><sat>37</sat></trkpt>
  <trkpt lat="35.65730042" lon="139.74624085"><ele>51.647</ele><time>2026-10-04T04:36:42Z</time><sat>37</sat></trkpt>
  <trkpt lat="35.65736651" lon="139.74627890"><ele>51.533</ele><time>2026-10-04T04:36:48Z</time><sat>37</sat></trkpt>
  <trkpt lat="35.65742791" lon="139.74632325"><ele>51.991</ele><time>2026-10-04T04:36:54Z</time><sat>38</sat></trkpt>
  <trkpt lat="35.65748914" lon="139.74635843"><ele>50.795</ele><time>2026-10-04T04:37:00Z</time><sat>36</sat></trkpt>
  <trkpt lat="35.65753818" lon="139.74637659"><ele>50.531</ele><time>2026-10-04T04:37:04Z</time><sat>35</sat></trkpt>
  <trkpt lat="35.65759433" lon="139.74640816"><ele>50.670</ele><time>2026-10-04T04:37:10Z</time><sat>35</sat></trkpt>
  <trkpt lat="35.65765836" lon="139.74645291"><ele>49.580</ele><time>2026-10-04T04:37:16Z</time><sat>34</sat></trkpt>
  <trkpt lat="35.65772238" lon="139.74650043"><ele>49.989</ele><time>2026-10-04T04:37:22Z</time><sat>35</sat></trkpt>
  <trkpt lat="35.65777851" lon="139.74653143"><ele>49.324</ele><time>2026-10-04T04:37:28Z</time><sat>35</sat></trkpt>
  <trkpt lat="35.65782938" lon="139.74657820"><ele>45.482</ele><time>2026-10-04T04:37:34Z</time><sat>31</sat></trkpt>
  <trkpt lat="35.65789122" lon="139.74662395"><ele>44.527</ele><time>2026-10-04T04:37:40Z</time><sat>33</sat></trkpt>
  <trkpt lat="35.65795235" lon="139.74670215"><ele>49.120</ele><time>2026-10-04T04:37:46Z</time><sat>32</sat></trkpt>
  <trkpt lat="35.65801706" lon="139.74675474"><ele>49.585</ele><time>2026-10-04T04:37:52Z</time><sat>35</sat></trkpt>
  <trkpt lat="35.65808855" lon="139.74680712"><ele>51.046</ele><time>2026-10-04T04:37:58Z</time><sat>35</sat></trkpt>
  <trkpt lat="35.65812198" lon="139.74684529"><ele>51.570</ele><time>2026-10-04T04:38:01Z</time><sat>36</sat></trkpt>
  <trkpt lat="35.65818024" lon="139.74689282"><ele>52.961</ele><time>2026-10-04T04:38:07Z</time><sat>31</sat></trkpt>
  <trkpt lat="35.65825229" lon="139.74691163"><ele>50.038</ele><time>2026-10-04T04:38:13Z</time><sat>36</sat></trkpt>
  <trkpt lat="35.65830811" lon="139.74692498"><ele>52.038</ele><time>2026-10-04T04:38:19Z</time><sat>36</sat></trkpt>
  <trkpt lat="35.65837342" lon="139.74691126"><ele>52.151</ele><time>2026-10-04T04:38:25Z</time><sat>35</sat></trkpt>
  <trkpt lat="35.65844801" lon="139.74691109"><ele>53.934</ele><time>2026-10-04T04:38:31Z</time><sat>33</sat></trkpt>
  <trkpt lat="35.65852718" lon="139.74693872"><ele>54.687</ele><time>2026-10-04T04:38:37Z</time><sat>37</sat></trkpt>
  <trkpt lat="35.65859956" lon="139.74693399"><ele>55.082</ele><time>2026-10-04T04:38:43Z</time><sat>35</sat></trkpt>
  <trkpt lat="35.65865964" lon="139.74692821"><ele>55.106</ele><time>2026-10-04T04:38:49Z</time><sat>36</sat></trkpt>
  <trkpt lat="35.65872407" lon="139.74694756"><ele>54.452</ele><time>2026-10-04T04:38:55Z</time><sat>35</sat></trkpt>
  <trkpt lat="35.65878913" lon="139.74698059"><ele>56.010</ele><time>2026-10-04T04:39:01Z</time><sat>37</sat></trkpt>
  <trkpt lat="35.65884704" lon="139.74699497"><ele>53.883</ele><time>2026-10-04T04:39:07Z</time><sat>37</sat></trkpt>
  <trkpt lat="35.65890440" lon="139.74700966"><ele>53.028</ele><time>2026-10-04T04:39:13Z</time><sat>34</sat></trkpt>
  <trkpt lat="35.65898396" lon="139.74704109"><ele>53.481</ele><time>2026-10-04T04:39:19Z</time><sat>36</sat></trkpt>
  <trkpt lat="35.65905252" lon="139.74706606"><ele>53.084</ele><time>2026-10-04T04:39:25Z</time><sat>37</sat></trkpt>
  <trkpt lat="35.65909760" lon="139.74706910"><ele>51.399</ele><time>2026-10-04T04:39:31Z</time><sat>36</sat></trkpt>
  <trkpt lat="35.65915722" lon="139.74709717"><ele>50.986</ele><time>2026-10-04T04:39:37Z</time><sat>36</sat></trkpt>
  <trkpt lat="35.65920507" lon="139.74711751"><ele>52.844</ele><time>2026-10-04T04:39:40Z</time><sat>37</sat></trkpt>
  <trkpt lat="35.65926673" lon="139.74715140"><ele>53.323</ele><time>2026-10-04T04:39:46Z</time><sat>37</sat></trkpt>
  <trkpt lat="35.65930645" lon="139.74717849"><ele>54.366</ele><time>2026-10-04T04:39:49Z</time><sat>37</sat></trkpt>
  <trkpt lat="35.65935171" lon="139.74720644"><ele>52.358</ele><time>2026-10-04T04:39:55Z</time><sat>34</sat></trkpt>
  <trkpt lat="35.65942713" lon="139.74726718"><ele>52.050</ele><time>2026-10-04T04:40:01Z</time><sat>36</sat></trkpt>
  <trkpt lat="35.65946453" lon="139.74730891"><ele>53.469</ele><time>2026-10-04T04:40:04Z</time><sat>36</sat></trkpt>
  <trkpt lat="35.65951835" lon="139.74736221"><ele>56.348</ele><time>2026-10-04T04:40:10Z</time><sat>35</sat></trkpt>
  <trkpt lat="35.65960020" lon="139.74739001"><ele>57.438</ele><time>2026-10-04T04:40:16Z</time><sat>33</sat></trkpt>
  <trkpt lat="35.65967091" lon="139.74740312"><ele>52.886</ele><time>2026-10-04T04:40:22Z</time><sat>35</sat></trkpt>
  <trkpt lat="35.65971688" lon="139.74743599"><ele>54.330</ele><time>2026-10-04T04:40:28Z</time><sat>33</sat></trkpt>
  <trkpt lat="35.65977484" lon="139.74748216"><ele>53.016</ele><time>2026-10-04T04:40:34Z</time><sat>33</sat></trkpt>
  <trkpt lat="35.65982278" lon="139.74754353"><ele>50.139</ele><time>2026-10-04T04:40:40Z</time><sat>34</sat></trkpt>
  <trkpt lat="35.65987381" lon="139.74761102"><ele>47.930</ele><time>2026-10-04T04:40:46Z</time><sat>34</sat></trkpt>
  <trkpt lat="35.65988901" lon="139.74770289"><ele>46.368</ele><time>2026-10-04T04:40:52Z</time><sat>34</sat></trkpt>
  <trkpt lat="35.65989971" lon="139.74778665"><ele>49.187</ele><time>2026-10-04T04:40:58Z</time><sat>30</sat></trkpt>
  <trkpt lat="35.65992019" lon="139.74785141"><ele>50.799</ele><time>2026-10-04T04:41:04Z</time><sat>33</sat></trkpt>
  <trkpt lat="35.65992479" lon="139.74793000"><ele>51.161</ele><time>2026-10-04T04:41:10Z</time><sat>33</sat></trkpt>
  <trkpt lat="35.65992198" lon="139.74799749"><ele>50.911</ele><time>2026-10-04T04:41:15Z</time><sat>34</sat></trkpt>
  <trkpt lat="35.65992413" lon="139.74808617"><ele>49.237</ele><time>2026-10-04T04:41:21Z</time><sat>32</sat></trkpt>
  <trkpt lat="35.65991953" lon="139.74815623"><ele>46.493</ele><time>2026-10-04T04:41:27Z</time><sat>33</sat></trkpt>
  <trkpt lat="35.65990658" lon="139.74822440"><ele>46.891</ele><time>2026-10-04T04:41:33Z</time><sat>35</sat></trkpt>
  <trkpt lat="35.65990541" lon="139.74832989"><ele>43.136</ele><time>2026-10-04T04:41:39Z</time><sat>35</sat></trkpt>
  <trkpt lat="35.65992567" lon="139.74841240"><ele>45.454</ele><time>2026-10-04T04:41:45Z</time><sat>37</sat></trkpt>
  <trkpt lat="35.65993971" lon="139.74850639"><ele>45.164</ele><time>2026-10-04T04:41:51Z</time><sat>38</sat></trkpt>
  <trkpt lat="35.65995232" lon="139.74860638"><ele>46.544</ele><time>2026-10-04T04:41:58Z</time><sat>36</sat></trkpt>
  <trkpt lat="35.65996517" lon="139.74863886"><ele>49.004</ele><time>2026-10-04T04:42:01Z</time><sat>36</sat></trkpt>
  <trkpt lat="35.65997898" lon="139.74863636"><ele>49.844</ele><time>2026-10-04T04:42:04Z</time><sat>37</sat></trkpt>
  <trkpt lat="35.65998292" lon="139.74862904"><ele>49.552</ele><time>2026-10-04T04:42:10Z</time><sat>35</sat></trkpt>
  <trkpt lat="35.65998245" lon="139.74863240"><ele>49.485</ele><time>2026-10-04T04:42:13Z</time><sat>34</sat></trkpt>
  <trkpt lat="35.66001202" lon="139.74871141"><ele>50.374</ele><time>2026-10-04T04:42:19Z</time><sat>36</sat></trkpt>
  <trkpt lat="35.66004993" lon="139.74876898"><ele>50.090</ele><time>2026-10-04T04:42:25Z</time><sat>36</sat></trkpt>
  <trkpt lat="35.66009581" lon="139.74882584"><ele>51.091</ele><time>2026-10-04T04:42:31Z</time><sat>36</sat></trkpt>
  <trkpt lat="35.66015514" lon="139.74886210"><ele>50.127</ele><time>2026-10-04T04:42:37Z</time><sat>36</sat></trkpt>
  <trkpt lat="35.66021626" lon="139.74888817"><ele>48.493</ele><time>2026-10-04T04:42:43Z</time><sat>34</sat></trkpt>
  <trkpt lat="35.66027650" lon="139.74893101"><ele>47.101</ele><time>2026-10-04T04:42:49Z</time><sat>33</sat></trkpt>
  <trkpt lat="35.66032882" lon="139.74897806"><ele>49.826</ele><time>2026-10-04T04:42:55Z</time><sat>29</sat></trkpt>
  <trkpt lat="35.66039398" lon="139.74897718"><ele>48.548</ele><time>2026-10-04T04:43:01Z</time><sat>29</sat></trkpt>
  <trkpt lat="35.66046835" lon="139.74899103"><ele>49.072</ele><time>2026-10-04T04:43:07Z</time><sat>30</sat></trkpt>
  <trkpt lat="35.66052827" lon="139.74900497"><ele>49.137</ele><time>2026-10-04T04:43:13Z</time><sat>32</sat></trkpt>
  <trkpt lat="35.66057367" lon="139.74901228"><ele>50.386</ele><time>2026-10-04T04:43:16Z</time><sat>34</sat></trkpt>
  <trkpt lat="35.66064570" lon="139.74902170"><ele>50.161</ele><time>2026-10-04T04:43:22Z</time><sat>34</sat></trkpt>
  <trkpt lat="35.66071153" lon="139.74901690"><ele>50.345</ele><time>2026-10-04T04:43:28Z</time><sat>35</sat></trkpt>
  <trkpt lat="35.66077455" lon="139.74902613"><ele>51.570</ele><time>2026-10-04T04:43:34Z</time><sat>35</sat></trkpt>
  <trkpt lat="35.66083169" lon="139.74907106"><ele>51.697</ele><time>2026-10-04T04:43:40Z</time><sat>35</sat></trkpt>
  <trkpt lat="35.66089520" lon="139.74912633"><ele>53.963</ele><time>2026-10-04T04:43:46Z</time><sat>34</sat></trkpt>
  <trkpt lat="35.66097650" lon="139.74915163"><ele>54.377</ele><time>2026-10-04T04:43:52Z</time><sat>35</sat></trkpt>
  <trkpt lat="35.66104389" lon="139.74917310"><ele>58.681</ele><time>2026-10-04T04:43:58Z</time><sat>28</sat></trkpt>
  <trkpt lat="35.66111337" lon="139.74918558"><ele>58.189</ele><time>2026-10-04T04:44:04Z</time><sat>24</sat></trkpt>
  <trkpt lat="35.66115850" lon="139.74917434"><ele>57.396</ele><time>2026-10-04T04:44:07Z</time><sat>25</sat></trkpt>
  <trkpt lat="35.66122142" lon="139.74918611"><ele>51.710</ele><time>2026-10-04T04:44:13Z</time><sat>33</sat></trkpt>
  <trkpt lat="35.66127521" lon="139.74918861"><ele>52.027</ele><time>2026-10-04T04:44:19Z</time><sat>34</sat></trkpt>
  <trkpt lat="35.66135030" lon="139.74917283"><ele>52.046</ele><time>2026-10-04T04:44:25Z</time><sat>33</sat></trkpt>
  <trkpt lat="35.66141827" lon="139.74920290"><ele>54.494</ele><time>2026-10-04T04:44:31Z</time><sat>32</sat></trkpt>
  <trkpt lat="35.66147064" lon="139.74922066"><ele>53.858</ele><time>2026-10-04T04:44:37Z</time><sat>31</sat></trkpt>
  <trkpt lat="35.66153069" lon="139.74922885"><ele>54.371</ele><time>2026-10-04T04:44:43Z</time><sat>31</sat></trkpt>
  <trkpt lat="35.66160036" lon="139.74923511"><ele>52.039</ele><time>2026-10-04T04:44:52Z</time><sat>30</sat></trkpt>
  <trkpt lat="35.66158687" lon="139.74932304"><ele>52.855</ele><time>2026-10-04T04:44:58Z</time><sat>31</sat></trkpt>
  <trkpt lat="35.66154702" lon="139.74936401"><ele>58.930</ele><time>2026-10-04T04:45:04Z</time><sat>27</sat></trkpt>
  <trkpt lat="35.66150250" lon="139.74931868"><ele>54.841</ele><time>2026-10-04T04:45:10Z</time><sat>29</sat></trkpt>
  <trkpt lat="35.66158147" lon="139.74929237"><ele>60.951</ele><time>2026-10-04T04:45:22Z</time><sat>32</sat></trkpt>
  <trkpt lat="35.66155759" lon="139.74933589"><ele>56.585</ele><time>2026-10-04T04:45:34Z</time><sat>31</sat></trkpt>
  <trkpt lat="35.66151471" lon="139.74937951"><ele>57.736</ele><time>2026-10-04T04:45:40Z</time><sat>32</sat></trkpt>
  <trkpt lat="35.66153668" lon="139.74945594"><ele>61.006</ele><time>2026-10-04T04:45:49Z</time><sat>33</sat></trkpt>
  <trkpt lat="35.66158311" lon="139.74950081"><ele>61.816</ele><time>2026-10-04T04:45:55Z</time><sat>32</sat></trkpt>
  <trkpt lat="35.66163508" lon="139.74950260"><ele>61.075</ele><time>2026-10-04T04:46:01Z</time><sat>35</sat></trkpt>
  <trkpt lat="35.66170662" lon="139.74947725"><ele>64.472</ele><time>2026-10-04T04:46:07Z</time><sat>35</sat></trkpt>
  <trkpt lat="35.66174703" lon="139.74944076"><ele>62.478</ele><time>2026-10-04T04:46:13Z</time><sat>36</sat></trkpt>
  <trkpt lat="35.66167940" lon="139.74946204"><ele>58.267</ele><time>2026-10-04T04:46:22Z</time><sat>34</sat></trkpt>
  <trkpt lat="35.66165499" lon="139.74956691"><ele>54.265</ele><time>2026-10-04T04:46:28Z</time><sat>33</sat></trkpt>
  <trkpt lat="35.66163344" lon="139.74962384"><ele>53.165</ele><time>2026-10-04T04:46:31Z</time><sat>34</sat></trkpt>
  <trkpt lat="35.66164702" lon="139.74968142"><ele>52.701</ele><time>2026-10-04T04:46:37Z</time><sat>31</sat></trkpt>
  <trkpt lat="35.66164894" lon="139.74968514"><ele>52.770</ele><time>2026-10-04T04:46:40Z</time><sat>26</sat></trkpt>
  <trkpt lat="35.66164775" lon="139.74968807"><ele>51.513</ele><time>2026-10-04T04:46:43Z</time><sat>25</sat></trkpt>
  <trkpt lat="35.66164838" lon="139.74969451"><ele>50.847</ele><time>2026-10-04T04:46:46Z</time><sat>27</sat></trkpt>
  <trkpt lat="35.66164411" lon="139.74975498"><ele>51.828</ele><time>2026-10-04T04:46:52Z</time><sat>28</sat></trkpt>
  <trkpt lat="35.66162742" lon="139.74983738"><ele>51.592</ele><time>2026-10-04T04:46:58Z</time><sat>27</sat></trkpt>
  <trkpt lat="35.66160893" lon="139.74992520"><ele>49.029</ele><time>2026-10-04T04:47:04Z</time><sat>28</sat></trkpt>
  <trkpt lat="35.66155486" lon="139.74999047"><ele>46.901</ele><time>2026-10-04T04:47:10Z</time><sat>27</sat></trkpt>
  <trkpt lat="35.66152073" lon="139.75007746"><ele>47.182</ele><time>2026-10-04T04:47:16Z</time><sat>29</sat></trkpt>
  <trkpt lat="35.66150137" lon="139.75016615"><ele>47.452</ele><time>2026-10-04T04:47:22Z</time><sat>27</sat></trkpt>
  <trkpt lat="35.66147138" lon="139.75024830"><ele>49.532</ele><time>2026-10-04T04:47:28Z</time><sat>28</sat></trkpt>
  <trkpt lat="35.66144581" lon="139.75032993"><ele>48.127</ele><time>2026-10-04T04:47:34Z</time><sat>26</sat></trkpt>
  <trkpt lat="35.66144484" lon="139.75041440"><ele>47.026</ele><time>2026-10-04T04:47:40Z</time><sat>25</sat></trkpt>
  <trkpt lat="35.66140689" lon="139.75049508"><ele>46.754</ele><time>2026-10-04T04:47:46Z</time><sat>24</sat></trkpt>
  <trkpt lat="35.66135233" lon="139.75055085"><ele>50.877</ele><time>2026-10-04T04:47:52Z</time><sat>28</sat></trkpt>
  <trkpt lat="35.66134024" lon="139.75063804"><ele>48.967</ele><time>2026-10-04T04:47:58Z</time><sat>28</sat></trkpt>
  <trkpt lat="35.66131698" lon="139.75073032"><ele>50.241</ele><time>2026-10-04T04:48:04Z</time><sat>31</sat></trkpt>
  <trkpt lat="35.66129988" lon="139.75080735"><ele>48.670</ele><time>2026-10-04T04:48:10Z</time><sat>32</sat></trkpt>
  <trkpt lat="35.66126463" lon="139.75088422"><ele>48.307</ele><time>2026-10-04T04:48:16Z</time><sat>26</sat></trkpt>
  <trkpt lat="35.66125374" lon="139.75096700"><ele>47.827</ele><time>2026-10-04T04:48:22Z</time><sat>26</sat></trkpt>
  <trkpt lat="35.66121664" lon="139.75103000"><ele>45.353</ele><time>2026-10-04T04:48:28Z</time><sat>28</sat></trkpt>
  <trkpt lat="35.66120705" lon="139.75111175"><ele>41.934</ele><time>2026-10-04T04:48:34Z</time><sat>35</sat></trkpt>
  <trkpt lat="35.66119528" lon="139.75116822"><ele>41.391</ele><time>2026-10-04T04:48:40Z</time><sat>35</sat></trkpt>
  <trkpt lat="35.66117374" lon="139.75125462"><ele>43.175</ele><time>2026-10-04T04:48:46Z</time><sat>38</sat></trkpt>
  <trkpt lat="35.66117100" lon="139.75135469"><ele>44.925</ele><time>2026-10-04T04:48:52Z</time><sat>35</sat></trkpt>
  <trkpt lat="35.66115551" lon="139.75140708"><ele>45.154</ele><time>2026-10-04T04:48:58Z</time><sat>35</sat></trkpt>
  <trkpt lat="35.66114734" lon="139.75148810"><ele>46.882</ele><time>2026-10-04T04:49:04Z</time><sat>36</sat></trkpt>
  <trkpt lat="35.66110841" lon="139.75155931"><ele>48.149</ele><time>2026-10-04T04:49:10Z</time><sat>36</sat></trkpt>
  <trkpt lat="35.66107766" lon="139.75160771"><ele>48.985</ele><time>2026-10-04T04:49:16Z</time><sat>33</sat></trkpt>
  <trkpt lat="35.66104465" lon="139.75165224"><ele>48.066</ele><time>2026-10-04T04:49:22Z</time><sat>31</sat></trkpt>
  <trkpt lat="35.66096636" lon="139.75167948"><ele>51.473</ele><time>2026-10-04T04:49:28Z</time><sat>33</sat></trkpt>
  <trkpt lat="35.66092433" lon="139.75170817"><ele>50.822</ele><time>2026-10-04T04:49:31Z</time><sat>35</sat></trkpt>
  <trkpt lat="35.66089655" lon="139.75175508"><ele>50.938</ele><time>2026-10-04T04:49:34Z</time><sat>33</sat></trkpt>
  <trkpt lat="35.66086735" lon="139.75180263"><ele>51.211</ele><time>2026-10-04T04:49:37Z</time><sat>31</sat></trkpt>
  <trkpt lat="35.66083999" lon="139.75184812"><ele>51.633</ele><time>2026-10-04T04:49:40Z</time><sat>30</sat></trkpt>
  <trkpt lat="35.66079280" lon="139.75192817"><ele>51.377</ele><time>2026-10-04T04:49:46Z</time><sat>32</sat></trkpt>
  <trkpt lat="35.66073356" lon="139.75201246"><ele>54.027</ele><time>2026-10-04T04:49:52Z</time><sat>32</sat></trkpt>
  <trkpt lat="35.66071347" lon="139.75208348"><ele>50.906</ele><time>2026-10-04T04:49:58Z</time><sat>32</sat></trkpt>
  <trkpt lat="35.66067320" lon="139.75213252"><ele>56.953</ele><time>2026-10-04T04:50:04Z</time><sat>29</sat></trkpt>
  <trkpt lat="35.66063124" lon="139.75218888"><ele>57.718</ele><time>2026-10-04T04:50:10Z</time><sat>32</sat></trkpt>
  <trkpt lat="35.66059068" lon="139.75226817"><ele>58.948</ele><time>2026-10-04T04:50:16Z</time><sat>34</sat></trkpt>
  <trkpt lat="35.66057864" lon="139.75234786"><ele>66.271</ele><time>2026-10-04T04:50:22Z</time><sat>29</sat></trkpt>
  <trkpt lat="35.66058609" lon="139.75243688"><ele>69.951</ele><time>2026-10-04T04:50:28Z</time><sat>32</sat></trkpt>
  <trkpt lat="35.66058519" lon="139.75253156"><ele>66.504</ele><time>2026-10-04T04:50:34Z</time><sat>33</sat></trkpt>
  <trkpt lat="35.66059249" lon="139.75262030"><ele>64.917</ele><time>2026-10-04T04:50:40Z</time><sat>34</sat></trkpt>
  <trkpt lat="35.66061304" lon="139.75267284"><ele>63.944</ele><time>2026-10-04T04:50:43Z</time><sat>35</sat></trkpt>
  <trkpt lat="35.66063832" lon="139.75272811"><ele>61.263</ele><time>2026-10-04T04:50:49Z</time><sat>30</sat></trkpt>
  <trkpt lat="35.66056785" lon="139.75266662"><ele>57.463</ele><time>2026-10-04T04:50:55Z</time><sat>35</sat></trkpt>
  <trkpt lat="35.66053820" lon="139.75257257"><ele>56.268</ele><time>2026-10-04T04:51:01Z</time><sat>28</sat></trkpt>
  <trkpt lat="35.66053778" lon="139.75256006"><ele>54.701</ele><time>2026-10-04T04:51:04Z</time><sat>28</sat></trkpt>
  <trkpt lat="35.66052297" lon="139.75259415"><ele>59.139</ele><time>2026-10-04T04:51:07Z</time><sat>29</sat></trkpt>
  <trkpt lat="35.66051314" lon="139.75266401"><ele>65.229</ele><time>2026-10-04T04:51:13Z</time><sat>31</sat></trkpt>
  <trkpt lat="35.66051114" lon="139.75267690"><ele>66.149</ele><time>2026-10-04T04:51:22Z</time><sat>28</sat></trkpt>
  <trkpt lat="35.66051598" lon="139.75271046"><ele>67.802</ele><time>2026-10-04T04:51:25Z</time><sat>30</sat></trkpt>
  <trkpt lat="35.66050530" lon="139.75277211"><ele>60.006</ele><time>2026-10-04T04:51:31Z</time><sat>33</sat></trkpt>
  <trkpt lat="35.66046230" lon="139.75282784"><ele>60.965</ele><time>2026-10-04T04:51:40Z</time><sat>32</sat></trkpt>
  <trkpt lat="35.66044893" lon="139.75293196"><ele>58.356</ele><time>2026-10-04T04:51:46Z</time><sat>29</sat></trkpt>
  <trkpt lat="35.66043513" lon="139.75298576"><ele>58.232</ele><time>2026-10-04T04:51:49Z</time><sat>29</sat></trkpt>
  <trkpt lat="35.66042389" lon="139.75303944"><ele>57.424</ele><time>2026-10-04T04:51:52Z</time><sat>33</sat></trkpt>
  <trkpt lat="35.66041417" lon="139.75311865"><ele>58.033</ele><time>2026-10-04T04:51:55Z</time><sat>33</sat></trkpt>
  <trkpt lat="35.66041077" lon="139.75318576"><ele>56.522</ele><time>2026-10-04T04:51:58Z</time><sat>34</sat></trkpt>
  <trkpt lat="35.66040599" lon="139.75324555"><ele>55.485</ele><time>2026-10-04T04:52:01Z</time><sat>32</sat></trkpt>
  <trkpt lat="35.66039111" lon="139.75333359"><ele>58.488</ele><time>2026-10-04T04:52:07Z</time><sat>35</sat></trkpt>
  <trkpt lat="35.66038905" lon="139.75341609"><ele>59.269</ele><time>2026-10-04T04:52:13Z</time><sat>35</sat></trkpt>
  <trkpt lat="35.66037835" lon="139.75351367"><ele>55.477</ele><time>2026-10-04T04:52:19Z</time><sat>35</sat></trkpt>
  <trkpt lat="35.66035266" lon="139.75361696"><ele>56.834</ele><time>2026-10-04T04:52:25Z</time><sat>33</sat></trkpt>
  <trkpt lat="35.66035174" lon="139.75367292"><ele>55.450</ele><time>2026-10-04T04:52:28Z</time><sat>31</sat></trkpt>
  <trkpt lat="35.66035194" lon="139.75376450"><ele>52.203</ele><time>2026-10-04T04:52:34Z</time><sat>32</sat></trkpt>
  <trkpt lat="35.66033627" lon="139.75386338"><ele>55.560</ele><time>2026-10-04T04:52:40Z</time><sat>31</sat></trkpt>
  <trkpt lat="35.66032100" lon="139.75392623"><ele>57.638</ele><time>2026-10-04T04:52:46Z</time><sat>30</sat></trkpt>
  <trkpt lat="35.66030605" lon="139.75402302"><ele>58.382</ele><time>2026-10-04T04:52:52Z</time><sat>31</sat></trkpt>
  <trkpt lat="35.66030508" lon="139.75408817"><ele>58.122</ele><time>2026-10-04T04:52:58Z</time><sat>31</sat></trkpt>
  <trkpt lat="35.66030719" lon="139.75418089"><ele>52.064</ele><time>2026-10-04T04:53:04Z</time><sat>33</sat></trkpt>
  <trkpt lat="35.66030477" lon="139.75426161"><ele>51.905</ele><time>2026-10-04T04:53:10Z</time><sat>34</sat></trkpt>
  <trkpt lat="35.66029565" lon="139.75435703"><ele>57.936</ele><time>2026-10-04T04:53:16Z</time><sat>32</sat></trkpt>
  <trkpt lat="35.66029828" lon="139.75444028"><ele>58.780</ele><time>2026-10-04T04:53:22Z</time><sat>31</sat></trkpt>
  <trkpt lat="35.66031008" lon="139.75451789"><ele>62.406</ele><time>2026-10-04T04:53:28Z</time><sat>27</sat></trkpt>
  <trkpt lat="35.66027254" lon="139.75458893"><ele>60.705</ele><time>2026-10-04T04:53:34Z</time><sat>31</sat></trkpt>
  <trkpt lat="35.66025176" lon="139.75469701"><ele>53.997</ele><time>2026-10-04T04:53:40Z</time><sat>33</sat></trkpt>
  <trkpt lat="35.66025114" lon="139.75480173"><ele>50.710</ele><time>2026-10-04T04:53:46Z</time><sat>29</sat></trkpt>
  <trkpt lat="35.66022722" lon="139.75489479"><ele>50.024</ele><time>2026-10-04T04:53:52Z</time><sat>26</sat></trkpt>
  <trkpt lat="35.66014294" lon="139.75493089"><ele>48.276</ele><time>2026-10-04T04:53:58Z</time><sat>27</sat></trkpt>
  <trkpt lat="35.66010363" lon="139.75494225"><ele>48.496</ele><time>2026-10-04T04:54:04Z</time><sat>29</sat></trkpt>
  <trkpt lat="35.66010527" lon="139.75492970"><ele>48.191</ele><time>2026-10-04T04:54:07Z</time><sat>29</sat></trkpt>
  <trkpt lat="35.66009969" lon="139.75492782"><ele>47.767</ele><time>2026-10-04T04:54:19Z</time><sat>32</sat></trkpt>
  <trkpt lat="35.66010023" lon="139.75492763"><ele>47.794</ele><time>2026-10-04T04:54:31Z</time><sat>27</sat></trkpt>
  <trkpt lat="35.66009881" lon="139.75493103"><ele>48.517</ele><time>2026-10-04T04:54:34Z</time><sat>28</sat></trkpt>
  <trkpt lat="35.66009870" lon="139.75493599"><ele>47.576</ele><time>2026-10-04T04:54:37Z</time><sat>30</sat></trkpt>
  <trkpt lat="35.66010634" lon="139.75493402"><ele>47.820</ele><time>2026-10-04T04:54:40Z</time><sat>31</sat></trkpt>
  <trkpt lat="35.66010667" lon="139.75495423"><ele>47.639</ele><time>2026-10-04T04:54:43Z</time><sat>33</sat></trkpt>
  <trkpt lat="35.66007686" lon="139.75503253"><ele>50.195</ele><time>2026-10-04T04:54:49Z</time><sat>31</sat></trkpt>
  <trkpt lat="35.66005181" lon="139.75511518"><ele>50.677</ele><time>2026-10-04T04:54:55Z</time><sat>31</sat></trkpt>
  <trkpt lat="35.66005930" lon="139.75521892"><ele>53.624</ele><time>2026-10-04T04:55:01Z</time><sat>35</sat></trkpt>
  <trkpt lat="35.66006215" lon="139.75530219"><ele>54.170</ele><time>2026-10-04T04:55:07Z</time><sat>35</sat></trkpt>
  <trkpt lat="35.66009334" lon="139.75539176"><ele>55.108</ele><time>2026-10-04T04:55:13Z</time><sat>35</sat></trkpt>
  <trkpt lat="35.66010186" lon="139.75545261"><ele>55.397</ele><time>2026-10-04T04:55:16Z</time><sat>33</sat></trkpt>
  <trkpt lat="35.66012919" lon="139.75550695"><ele>52.136</ele><time>2026-10-04T04:55:22Z</time><sat>30</sat></trkpt>
  <trkpt lat="35.66010889" lon="139.75559015"><ele>47.883</ele><time>2026-10-04T04:55:28Z</time><sat>29</sat></trkpt>
  <trkpt lat="35.66011250" lon="139.75564855"><ele>47.229</ele><time>2026-10-04T04:55:31Z</time><sat>27</sat></trkpt>
  <trkpt lat="35.66015078" lon="139.75573986"><ele>46.877</ele><time>2026-10-04T04:55:37Z</time><sat>26</sat></trkpt>
  <trkpt lat="35.66012618" lon="139.75579703"><ele>51.772</ele><time>2026-10-04T04:55:43Z</time><sat>35</sat></trkpt>
  <trkpt lat="35.66017453" lon="139.75585211"><ele>54.474</ele><time>2026-10-04T04:55:49Z</time><sat>34</sat></trkpt>
  <trkpt lat="35.66016419" lon="139.75592036"><ele>57.608</ele><time>2026-10-04T04:55:55Z</time><sat>35</sat></trkpt>
  <trkpt lat="35.66016977" lon="139.75597606"><ele>59.509</ele><time>2026-10-04T04:56:01Z</time><sat>28</sat></trkpt>
  <trkpt lat="35.66017334" lon="139.75606792"><ele>63.385</ele><time>2026-10-04T04:56:10Z</time><sat>29</sat></trkpt>
  <trkpt lat="35.66021886" lon="139.75616105"><ele>64.702</ele><time>2026-10-04T04:56:16Z</time><sat>27</sat></trkpt>
  <trkpt lat="35.66021269" lon="139.75625519"><ele>68.195</ele><time>2026-10-04T04:56:22Z</time><sat>29</sat></trkpt>
  <trkpt lat="35.66019139" lon="139.75632755"><ele>72.689</ele><time>2026-10-04T04:56:28Z</time><sat>31</sat></trkpt>
  <trkpt lat="35.66019316" lon="139.75639313"><ele>70.317</ele><time>2026-10-04T04:56:34Z</time><sat>28</sat></trkpt>
  <trkpt lat="35.66017303" lon="139.75647667"><ele>68.638</ele><time>2026-10-04T04:56:40Z</time><sat>30</sat></trkpt>
  <trkpt lat="35.66014272" lon="139.75656850"><ele>73.211</ele><time>2026-10-04T04:56:46Z</time><sat>27</sat></trkpt>
  <trkpt lat="35.66012588" lon="139.75666740"><ele>76.790</ele><time>2026-10-04T04:56:55Z</time><sat>29</sat></trkpt>
  <trkpt lat="35.66010724" lon="139.75673512"><ele>79.102</ele><time>2026-10-04T04:57:01Z</time><sat>27</sat></trkpt>
  <trkpt lat="35.66006935" lon="139.75678637"><ele>77.429</ele><time>2026-10-04T04:57:07Z</time><sat>30</sat></trkpt>
  <trkpt lat="35.66004192" lon="139.75683531"><ele>74.706</ele><time>2026-10-04T04:57:10Z</time><sat>29</sat></trkpt>
  <trkpt lat="35.65997982" lon="139.75692877"><ele>72.863</ele><time>2026-10-04T04:57:16Z</time><sat>29</sat></trkpt>
  <trkpt lat="35.65994389" lon="139.75701548"><ele>61.201</ele><time>2026-10-04T04:57:22Z</time><sat>31</sat></trkpt>
  <trkpt lat="35.65992975" lon="139.75710752"><ele>49.970</ele><time>2026-10-04T04:57:28Z</time><sat>30</sat></trkpt>
  <trkpt lat="35.65991644" lon="139.75721764"><ele>45.967</ele><time>2026-10-04T04:57:34Z</time><sat>28</sat></trkpt>
  <trkpt lat="35.65991891" lon="139.75730995"><ele>45.363</ele><time>2026-10-04T04:57:40Z</time><sat>28</sat></trkpt>
  <trkpt lat="35.65989701" lon="139.75739918"><ele>44.773</ele><time>2026-10-04T04:57:46Z</time><sat>27</sat></trkpt>
  <trkpt lat="35.65985580" lon="139.75744575"><ele>45.767</ele><time>2026-10-04T04:57:49Z</time><sat>27</sat></trkpt>
  <trkpt lat="35.65980877" lon="139.75753102"><ele>46.924</ele><time>2026-10-04T04:57:58Z</time><sat>26</sat></trkpt>
  <trkpt lat="35.65977575" lon="139.75761844"><ele>41.204</ele><time>2026-10-04T04:58:04Z</time><sat>26</sat></trkpt>
  <trkpt lat="35.65976516" lon="139.75770869"><ele>39.573</ele><time>2026-10-04T04:58:10Z</time><sat>25</sat></trkpt>
  <trkpt lat="35.65972548" lon="139.75779550"><ele>38.412</ele><time>2026-10-04T04:58:16Z</time><sat>27</sat></trkpt>
  <trkpt lat="35.65966227" lon="139.75784806"><ele>41.315</ele><time>2026-10-04T04:58:22Z</time><sat>24</sat></trkpt>
  <trkpt lat="35.65969442" lon="139.75795370"><ele>43.483</ele><time>2026-10-04T04:58:28Z</time><sat>28</sat></trkpt>
  <trkpt lat="35.65975170" lon="139.75798863"><ele>44.258</ele><time>2026-10-04T04:58:31Z</time><sat>29</sat></trkpt>
  <trkpt lat="35.65979913" lon="139.75800672"><ele>44.835</ele><time>2026-10-04T04:58:34Z</time><sat>29</sat></trkpt>
  <trkpt lat="35.65983746" lon="139.75807164"><ele>42.930</ele><time>2026-10-04T04:58:40Z</time><sat>30</sat></trkpt>
  <trkpt lat="35.65978352" lon="139.75810833"><ele>48.521</ele><time>2026-10-04T04:58:49Z</time><sat>32</sat></trkpt>
  <trkpt lat="35.65979646" lon="139.75817142"><ele>49.570</ele><time>2026-10-04T04:58:55Z</time><sat>30</sat></trkpt>
  <trkpt lat="35.65976121" lon="139.75829006"><ele>49.063</ele><time>2026-10-04T04:59:01Z</time><sat>8</sat></trkpt>
  <trkpt lat="35.65972971" lon="139.75836092"><ele>48.874</ele><time>2026-10-04T04:59:04Z</time><sat>8</sat></trkpt>
  <trkpt lat="35.65971675" lon="139.75844209"><ele>48.118</ele><time>2026-10-04T04:59:07Z</time><sat>13</sat></trkpt>
  <trkpt lat="35.65969104" lon="139.75849086"><ele>48.972</ele><time>2026-10-04T04:59:10Z</time><sat>13</sat></trkpt>
  <trkpt lat="35.65961481" lon="139.75853943"><ele>46.346</ele><time>2026-10-04T04:59:13Z</time><sat>9</sat></trkpt>
  <trkpt lat="35.65955135" lon="139.75858659"><ele>47.811</ele><time>2026-10-04T04:59:16Z</time><sat>10</sat></trkpt>
  <trkpt lat="35.65959138" lon="139.75866484"><ele>50.120</ele><time>2026-10-04T04:59:22Z</time><sat>32</sat></trkpt>
  <trkpt lat="35.65963545" lon="139.75869582"><ele>48.051</ele><time>2026-10-04T04:59:25Z</time><sat>33</sat></trkpt>
  <trkpt lat="35.65966793" lon="139.75876045"><ele>46.659</ele><time>2026-10-04T04:59:31Z</time><sat>35</sat></trkpt>
  <trkpt lat="35.65967050" lon="139.75881884"><ele>44.880</ele><time>2026-10-04T04:59:37Z</time><sat>31</sat></trkpt>
  <trkpt lat="35.65966152" lon="139.75890234"><ele>44.999</ele><time>2026-10-04T04:59:46Z</time><sat>33</sat></trkpt>
  <trkpt lat="35.65966788" lon="139.75898099"><ele>45.181</ele><time>2026-10-04T04:59:52Z</time><sat>31</sat></trkpt>
  <trkpt lat="35.65961421" lon="139.75901006"><ele>43.123</ele><time>2026-10-04T05:00:01Z</time><sat>35</sat></trkpt>
  <trkpt lat="35.65956119" lon="139.75900716"><ele>43.464</ele><time>2026-10-04T05:00:13Z</time><sat>36</sat></trkpt>
  <trkpt lat="35.65956347" lon="139.75898460"><ele>44.506</ele><time>2026-10-04T05:00:16Z</time><sat>36</sat></trkpt>
  <trkpt lat="35.65956850" lon="139.75898061"><ele>44.881</ele><time>2026-10-04T05:00:25Z</time><sat>36</sat></trkpt>
  <trkpt lat="35.65955674" lon="139.75898409"><ele>46.357</ele><time>2026-10-04T05:00:28Z</time><sat>35</sat></trkpt>
  <trkpt lat="35.65955130" lon="139.75903616"><ele>45.544</ele><time>2026-10-04T05:00:37Z</time><sat>36</sat></trkpt>
  <trkpt lat="35.65955157" lon="139.75904332"><ele>45.888</ele><time>2026-10-04T05:00:40Z</time><sat>34</sat></trkpt>
  <trkpt lat="35.65955653" lon="139.75904192"><ele>46.315</ele><time>2026-10-04T05:00:46Z</time><sat>34</sat></trkpt>
  <trkpt lat="35.65955629" lon="139.75904502"><ele>46.242</ele><time>2026-10-04T05:00:55Z</time><sat>35</sat></trkpt>
  <trkpt lat="35.65956077" lon="139.75904183"><ele>46.612</ele><time>2026-10-04T05:00:58Z</time><sat>35</sat></trkpt>
  <trkpt lat="35.65952228" lon="139.75907993"><ele>47.636</ele><time>2026-10-04T05:01:07Z</time><sat>35</sat></trkpt>
  <trkpt lat="35.65950953" lon="139.75915992"><ele>47.972</ele><time>2026-10-04T05:01:13Z</time><sat>36</sat></trkpt>
  <trkpt lat="35.65951681" lon="139.75918132"><ele>47.790</ele><time>2026-10-04T05:01:19Z</time><sat>33</sat></trkpt>
  <trkpt lat="35.65951463" lon="139.75918452"><ele>47.892</ele><time>2026-10-04T05:01:23Z</time><sat>33</sat></trkpt>
  <trkpt lat="35.65950947" lon="139.75919532"><ele>47.863</ele><time>2026-10-04T05:01:26Z</time><sat>36</sat></trkpt>
  <trkpt lat="35.65950739" lon="139.75919470"><ele>47.865</ele><time>2026-10-04T05:01:29Z</time><sat>36</sat></trkpt>
  <trkpt lat="35.65950371" lon="139.75919829"><ele>47.772</ele><time>2026-10-04T05:01:32Z</time><sat>36</sat></trkpt>
  <trkpt lat="35.65945680" lon="139.75922121"><ele>47.614</ele><time>2026-10-04T05:01:38Z</time><sat>35</sat></trkpt>
  <trkpt lat="35.65938964" lon="139.75920924"><ele>46.831</ele><time>2026-10-04T05:01:44Z</time><sat>34</sat></trkpt>
  <trkpt lat="35.65943447" lon="139.75918213"><ele>46.316</ele><time>2026-10-04T05:01:53Z</time><sat>33</sat></trkpt>
  <trkpt lat="35.65947541" lon="139.75921234"><ele>46.300</ele><time>2026-10-04T05:01:56Z</time><sat>36</sat></trkpt>
  <trkpt lat="35.65955626" lon="139.75923369"><ele>46.978</ele><time>2026-10-04T05:02:02Z</time><sat>36</sat></trkpt>
  <trkpt lat="35.65960950" lon="139.75926086"><ele>45.632</ele><time>2026-10-04T05:02:08Z</time><sat>34</sat></trkpt>
  <trkpt lat="35.65965888" lon="139.75928396"><ele>45.968</ele><time>2026-10-04T05:02:14Z</time><sat>34</sat></trkpt>
  <trkpt lat="35.65971259" lon="139.75929388"><ele>46.175</ele><time>2026-10-04T05:02:20Z</time><sat>34</sat></trkpt>
  <trkpt lat="35.65975619" lon="139.75932183"><ele>46.368</ele><time>2026-10-04T05:02:26Z</time><sat>33</sat></trkpt>
  <trkpt lat="35.65974283" lon="139.75940399"><ele>46.482</ele><time>2026-10-04T05:02:32Z</time><sat>33</sat></trkpt>
  <trkpt lat="35.65969574" lon="139.75947048"><ele>46.301</ele><time>2026-10-04T05:02:38Z</time><sat>34</sat></trkpt>
  <trkpt lat="35.65973451" lon="139.75954300"><ele>44.913</ele><time>2026-10-04T05:02:47Z</time><sat>33</sat></trkpt>
  <trkpt lat="35.65970563" lon="139.75949332"><ele>46.445</ele><time>2026-10-04T05:02:53Z</time><sat>35</sat></trkpt>
  <trkpt lat="35.65970658" lon="139.75940889"><ele>46.827</ele><time>2026-10-04T05:02:59Z</time><sat>34</sat></trkpt>
  <trkpt lat="35.65971468" lon="139.75939933"><ele>46.900</ele><time>2026-10-04T05:03:02Z</time><sat>34</sat></trkpt>
  <trkpt lat="35.65971838" lon="139.75939794"><ele>47.324</ele><time>2026-10-04T05:03:05Z</time><sat>31</sat></trkpt>
  <trkpt lat="35.65972745" lon="139.75938950"><ele>47.203</ele><time>2026-10-04T05:03:08Z</time><sat>31</sat></trkpt>
  <trkpt lat="35.65974046" lon="139.75931239"><ele>46.855</ele><time>2026-10-04T05:03:14Z</time><sat>33</sat></trkpt>
  <trkpt lat="35.65972025" lon="139.75925409"><ele>45.785</ele><time>2026-10-04T05:03:20Z</time><sat>35</sat></trkpt>
  <trkpt lat="35.65971693" lon="139.75925502"><ele>45.674</ele><time>2026-10-04T05:03:23Z</time><sat>35</sat></trkpt>
  <trkpt lat="35.65971717" lon="139.75925796"><ele>45.603</ele><time>2026-10-04T05:03:33Z</time><sat>33</sat></trkpt>
  <trkpt lat="35.65971844" lon="139.75925614"><ele>45.793</ele><time>2026-10-04T05:03:42Z</time><sat>33</sat></trkpt>
  <trkpt lat="35.65972356" lon="139.75924480"><ele>46.131</ele><time>2026-10-04T05:03:45Z</time><sat>33</sat></trkpt>
  <trkpt lat="35.65974236" lon="139.75931972"><ele>44.612</ele><time>2026-10-04T05:03:51Z</time><sat>36</sat></trkpt>
  <trkpt lat="35.65973902" lon="139.75940601"><ele>45.174</ele><time>2026-10-04T05:03:57Z</time><sat>33</sat></trkpt>
  <trkpt lat="35.65971342" lon="139.75947588"><ele>44.999</ele><time>2026-10-04T05:04:03Z</time><sat>32</sat></trkpt>
  <trkpt lat="35.65974524" lon="139.75955679"><ele>45.902</ele><time>2026-10-04T05:04:09Z</time><sat>33</sat></trkpt>
  <trkpt lat="35.65979220" lon="139.75960588"><ele>47.671</ele><time>2026-10-04T05:04:15Z</time><sat>33</sat></trkpt>
  <trkpt lat="35.65983465" lon="139.75968382"><ele>52.146</ele><time>2026-10-04T05:04:21Z</time><sat>36</sat></trkpt>
  <trkpt lat="35.65989513" lon="139.75974039"><ele>53.737</ele><time>2026-10-04T05:04:27Z</time><sat>35</sat></trkpt>
  <trkpt lat="35.65996539" lon="139.75978159"><ele>53.130</ele><time>2026-10-04T05:04:33Z</time><sat>36</sat></trkpt>
  <trkpt lat="35.66004263" lon="139.75979590"><ele>51.630</ele><time>2026-10-04T05:04:39Z</time><sat>34</sat></trkpt>
  <trkpt lat="35.66011270" lon="139.75985003"><ele>49.675</ele><time>2026-10-04T05:04:45Z</time><sat>35</sat></trkpt>
  <trkpt lat="35.66015600" lon="139.75989691"><ele>48.659</ele><time>2026-10-04T05:04:51Z</time><sat>29</sat></trkpt>
  <trkpt lat="35.66021411" lon="139.75993960"><ele>49.275</ele><time>2026-10-04T05:04:57Z</time><sat>32</sat></trkpt>
  <trkpt lat="35.66028243" lon="139.75997390"><ele>50.101</ele><time>2026-10-04T05:05:03Z</time><sat>24</sat></trkpt>
  <trkpt lat="35.66033227" lon="139.76003851"><ele>48.109</ele><time>2026-10-04T05:05:09Z</time><sat>25</sat></trkpt>
  <trkpt lat="35.66038713" lon="139.76011930"><ele>50.799</ele><time>2026-10-04T05:05:15Z</time><sat>29</sat></trkpt>
  <trkpt lat="35.66044038" lon="139.76018444"><ele>52.691</ele><time>2026-10-04T05:05:21Z</time><sat>26</sat></trkpt>
  <trkpt lat="35.66050728" lon="139.76021112"><ele>53.187</ele><time>2026-10-04T05:05:27Z</time><sat>32</sat></trkpt>
  <trkpt lat="35.66056336" lon="139.76026513"><ele>57.234</ele><time>2026-10-04T05:05:33Z</time><sat>27</sat></trkpt>
  <trkpt lat="35.66061578" lon="139.76031143"><ele>56.652</ele><time>2026-10-04T05:05:39Z</time><sat>28</sat></trkpt>
  <trkpt lat="35.66066125" lon="139.76031314"><ele>54.681</ele><time>2026-10-04T05:05:45Z</time><sat>26</sat></trkpt>
  <trkpt lat="35.66071438" lon="139.76037990"><ele>52.511</ele><time>2026-10-04T05:05:51Z</time><sat>22</sat></trkpt>
  <trkpt lat="35.66076010" lon="139.76038904"><ele>52.646</ele><time>2026-10-04T05:05:54Z</time><sat>25</sat></trkpt>
  <trkpt lat="35.66080949" lon="139.76045201"><ele>52.843</ele><time>2026-10-04T05:06:00Z</time><sat>28</sat></trkpt>
  <trkpt lat="35.66085474" lon="139.76049084"><ele>53.279</ele><time>2026-10-04T05:06:06Z</time><sat>27</sat></trkpt>
  <trkpt lat="35.66089409" lon="139.76056974"><ele>51.767</ele><time>2026-10-04T05:06:12Z</time><sat>27</sat></trkpt>
  <trkpt lat="35.66094722" lon="139.76060421"><ele>50.282</ele><time>2026-10-04T05:06:18Z</time><sat>30</sat></trkpt>
  <trkpt lat="35.66103245" lon="139.76058320"><ele>47.917</ele><time>2026-10-04T05:06:24Z</time><sat>29</sat></trkpt>
  <trkpt lat="35.66109506" lon="139.76058689"><ele>47.701</ele><time>2026-10-04T05:06:30Z</time><sat>36</sat></trkpt>
  <trkpt lat="35.66114903" lon="139.76063089"><ele>46.925</ele><time>2026-10-04T05:06:36Z</time><sat>29</sat></trkpt>
  <trkpt lat="35.66121147" lon="139.76067131"><ele>48.092</ele><time>2026-10-04T05:06:42Z</time><sat>30</sat></trkpt>
  <trkpt lat="35.66123878" lon="139.76075821"><ele>52.048</ele><time>2026-10-04T05:06:48Z</time><sat>25</sat></trkpt>
  <trkpt lat="35.66128780" lon="139.76081146"><ele>53.754</ele><time>2026-10-04T05:06:54Z</time><sat>25</sat></trkpt>
  <trkpt lat="35.66135855" lon="139.76086686"><ele>53.548</ele><time>2026-10-04T05:07:00Z</time><sat>26</sat></trkpt>
  <trkpt lat="35.66141461" lon="139.76092727"><ele>49.681</ele><time>2026-10-04T05:07:06Z</time><sat>22</sat></trkpt>
  <trkpt lat="35.66148048" lon="139.76095341"><ele>47.163</ele><time>2026-10-04T05:07:12Z</time><sat>24</sat></trkpt>
  <trkpt lat="35.66154536" lon="139.76095924"><ele>49.382</ele><time>2026-10-04T05:07:18Z</time><sat>20</sat></trkpt>
  <trkpt lat="35.66161527" lon="139.76099603"><ele>44.460</ele><time>2026-10-04T05:07:24Z</time><sat>22</sat></trkpt>
  <trkpt lat="35.66166306" lon="139.76105811"><ele>45.304</ele><time>2026-10-04T05:07:30Z</time><sat>22</sat></trkpt>
  <trkpt lat="35.66173965" lon="139.76110997"><ele>43.998</ele><time>2026-10-04T05:07:36Z</time><sat>22</sat></trkpt>
  <trkpt lat="35.66181047" lon="139.76111561"><ele>44.309</ele><time>2026-10-04T05:07:42Z</time><sat>25</sat></trkpt>
  <trkpt lat="35.66185171" lon="139.76116730"><ele>43.052</ele><time>2026-10-04T05:07:48Z</time><sat>26</sat></trkpt>
  <trkpt lat="35.66188548" lon="139.76124833"><ele>45.214</ele><time>2026-10-04T05:07:54Z</time><sat>27</sat></trkpt>
  <trkpt lat="35.66193624" lon="139.76130312"><ele>43.928</ele><time>2026-10-04T05:08:00Z</time><sat>26</sat></trkpt>
  <trkpt lat="35.66199216" lon="139.76136184"><ele>45.207</ele><time>2026-10-04T05:08:06Z</time><sat>30</sat></trkpt>
  <trkpt lat="35.66203254" lon="139.76142956"><ele>46.475</ele><time>2026-10-04T05:08:12Z</time><sat>33</sat></trkpt>
  <trkpt lat="35.66210013" lon="139.76144600"><ele>47.272</ele><time>2026-10-04T05:08:18Z</time><sat>32</sat></trkpt>
  <trkpt lat="35.66216276" lon="139.76147524"><ele>46.448</ele><time>2026-10-04T05:08:24Z</time><sat>31</sat></trkpt>
  <trkpt lat="35.66221723" lon="139.76152100"><ele>47.607</ele><time>2026-10-04T05:08:30Z</time><sat>31</sat></trkpt>
  <trkpt lat="35.66226868" lon="139.76157526"><ele>48.207</ele><time>2026-10-04T05:08:36Z</time><sat>31</sat></trkpt>
  <trkpt lat="35.66232417" lon="139.76164660"><ele>47.586</ele><time>2026-10-04T05:08:42Z</time><sat>30</sat></trkpt>
  <trkpt lat="35.66238983" lon="139.76167099"><ele>47.695</ele><time>2026-10-04T05:08:48Z</time><sat>31</sat></trkpt>
  <trkpt lat="35.66245076" lon="139.76172813"><ele>48.555</ele><time>2026-10-04T05:08:54Z</time><sat>31</sat></trkpt>
  <trkpt lat="35.66251768" lon="139.76177021"><ele>46.808</ele><time>2026-10-04T05:09:00Z</time><sat>31</sat></trkpt>
  <trkpt lat="35.66259135" lon="139.76179867"><ele>49.354</ele><time>2026-10-04T05:09:06Z</time><sat>30</sat></trkpt>
  <trkpt lat="35.66265085" lon="139.76183481"><ele>48.884</ele><time>2026-10-04T05:09:12Z</time><sat>30</sat></trkpt>
  <trkpt lat="35.66270070" lon="139.76188116"><ele>49.241</ele><time>2026-10-04T05:09:18Z</time><sat>27</sat></trkpt>
  <trkpt lat="35.66276154" lon="139.76192368"><ele>50.422</ele><time>2026-10-04T05:09:24Z</time><sat>28</sat></trkpt>
  <trkpt lat="35.66282067" lon="139.76195712"><ele>56.080</ele><time>2026-10-04T05:09:30Z</time><sat>29</sat></trkpt>
  <trkpt lat="35.66287789" lon="139.76202135"><ele>56.843</ele><time>2026-10-04T05:09:36Z</time><sat>28</sat></trkpt>
  <trkpt lat="35.66294149" lon="139.76203519"><ele>59.264</ele><time>2026-10-04T05:09:42Z</time><sat>29</sat></trkpt>
  <trkpt lat="35.66297466" lon="139.76209593"><ele>60.547</ele><time>2026-10-04T05:09:48Z</time><sat>32</sat></trkpt>
  <trkpt lat="35.66301859" lon="139.76215897"><ele>56.663</ele><time>2026-10-04T05:09:54Z</time><sat>30</sat></trkpt>
  <trkpt lat="35.66306374" lon="139.76223432"><ele>56.974</ele><time>2026-10-04T05:10:00Z</time><sat>31</sat></trkpt>
  <trkpt lat="35.66311684" lon="139.76227244"><ele>55.022</ele><time>2026-10-04T05:10:06Z</time><sat>31</sat></trkpt>
  <trkpt lat="35.66316375" lon="139.76231845"><ele>54.668</ele><time>2026-10-04T05:10:12Z</time><sat>30</sat></trkpt>
  <trkpt lat="35.66323219" lon="139.76237708"><ele>53.733</ele><time>2026-10-04T05:10:18Z</time><sat>34</sat></trkpt>
  <trkpt lat="35.66330214" lon="139.76238433"><ele>51.015</ele><time>2026-10-04T05:10:24Z</time><sat>34</sat></trkpt>
  <trkpt lat="35.66340921" lon="139.76245311"><ele>49.413</ele><time>2026-10-04T05:10:33Z</time></trkpt>
  <trkpt lat="35.66346796" lon="139.76248002"><ele>50.282</ele><time>2026-10-04T05:10:39Z</time><sat>35</sat></trkpt>
  <trkpt lat="35.66353428" lon="139.76250217"><ele>51.742</ele><time>2026-10-04T05:10:45Z</time><sat>39</sat></trkpt>
  <trkpt lat="35.66357255" lon="139.76256274"><ele>52.476</ele><time>2026-10-04T05:10:51Z</time><sat>39</sat></trkpt>
  <trkpt lat="35.66358598" lon="139.76265755"><ele>52.916</ele><time>2026-10-04T05:10:57Z</time><sat>34</sat></trkpt>
  <trkpt lat="35.66365762" lon="139.76269861"><ele>54.245</ele><time>2026-10-04T05:11:03Z</time><sat>33</sat></trkpt>
  <trkpt lat="35.66371684" lon="139.76271451"><ele>55.233</ele><time>2026-10-04T05:11:09Z</time><sat>37</sat></trkpt>
  <trkpt lat="35.66376158" lon="139.76276096"><ele>53.622</ele><time>2026-10-04T05:11:15Z</time><sat>36</sat></trkpt>
  <trkpt lat="35.66381605" lon="139.76280281"><ele>54.570</ele><time>2026-10-04T05:11:21Z</time><sat>32</sat></trkpt>
  <trkpt lat="35.66387803" lon="139.76286689"><ele>56.561</ele><time>2026-10-04T05:11:27Z</time><sat>35</sat></trkpt>
  <trkpt lat="35.66391559" lon="139.76296232"><ele>56.323</ele><time>2026-10-04T05:11:33Z</time><sat>31</sat></trkpt>
  <trkpt lat="35.66397635" lon="139.76301950"><ele>60.871</ele><time>2026-10-04T05:11:39Z</time><sat>36</sat></trkpt>
  <trkpt lat="35.66404500" lon="139.76299721"><ele>61.824</ele><time>2026-10-04T05:11:45Z</time><sat>35</sat></trkpt>
  <trkpt lat="35.66412688" lon="139.76302785"><ele>58.908</ele><time>2026-10-04T05:11:51Z</time><sat>33</sat></trkpt>
  <trkpt lat="35.66415513" lon="139.76303462"><ele>58.359</ele><time>2026-10-04T05:11:54Z</time><sat>29</sat></trkpt>
  <trkpt lat="35.66415700" lon="139.76300404"><ele>55.725</ele><time>2026-10-04T05:11:57Z</time><sat>31</sat></trkpt>
  <trkpt lat="35.66415856" lon="139.76298304"><ele>55.702</ele><time>2026-10-04T05:12:09Z</time><sat>27</sat></trkpt>
  <trkpt lat="35.66415899" lon="139.76298192"><ele>55.992</ele><time>2026-10-04T05:12:12Z</time><sat>28</sat></trkpt>
  <trkpt lat="35.66415002" lon="139.76297890"><ele>55.773</ele><time>2026-10-04T05:12:18Z</time><sat>29</sat></trkpt>
  <trkpt lat="35.66415522" lon="139.76299614"><ele>57.822</ele><time>2026-10-04T05:12:21Z</time><sat>30</sat></trkpt>
  <trkpt lat="35.66415922" lon="139.76299983"><ele>57.940</ele><time>2026-10-04T05:12:30Z</time><sat>28</sat></trkpt>
  <trkpt lat="35.66415881" lon="139.76300940"><ele>58.786</ele><time>2026-10-04T05:12:33Z</time><sat>31</sat></trkpt>
  <trkpt lat="35.66412799" lon="139.76305805"><ele>59.435</ele><time>2026-10-04T05:12:39Z</time><sat>32</sat></trkpt>
  <trkpt lat="35.66409396" lon="139.76309635"><ele>57.703</ele><time>2026-10-04T05:12:42Z</time><sat>33</sat></trkpt>
  <trkpt lat="35.66409404" lon="139.76314554"><ele>54.444</ele><time>2026-10-04T05:12:51Z</time><sat>32</sat></trkpt>
  <trkpt lat="35.66410569" lon="139.76317958"><ele>52.084</ele><time>2026-10-04T05:12:54Z</time><sat>35</sat></trkpt>
  <trkpt lat="35.66408303" lon="139.76322279"><ele>47.723</ele><time>2026-10-04T05:12:57Z</time><sat>33</sat></trkpt>
  <trkpt lat="35.66406589" lon="139.76328635"><ele>47.087</ele><time>2026-10-04T05:13:00Z</time><sat>30</sat></trkpt>
  <trkpt lat="35.66406825" lon="139.76340120"><ele>47.396</ele><time>2026-10-04T05:13:06Z</time><sat>32</sat></trkpt>
  <trkpt lat="35.66407143" lon="139.76346886"><ele>44.120</ele><time>2026-10-04T05:13:09Z</time><sat>30</sat></trkpt>
  <trkpt lat="35.66406058" lon="139.76354031"><ele>48.666</ele><time>2026-10-04T05:13:15Z</time><sat>29</sat></trkpt>
  <trkpt lat="35.66401905" lon="139.76357887"><ele>52.344</ele><time>2026-10-04T05:13:18Z</time><sat>29</sat></trkpt>
  <trkpt lat="35.66408501" lon="139.76364342"><ele>51.336</ele><time>2026-10-04T05:13:27Z</time><sat>31</sat></trkpt>
  <trkpt lat="35.66412653" lon="139.76367420"><ele>48.999</ele><time>2026-10-04T05:13:30Z</time><sat>32</sat></trkpt>
  <trkpt lat="35.66417469" lon="139.76371006"><ele>47.283</ele><time>2026-10-04T05:13:33Z</time><sat>31</sat></trkpt>
  <trkpt lat="35.66423348" lon="139.76374124"><ele>44.419</ele><time>2026-10-04T05:13:36Z</time><sat>30</sat></trkpt>
  <trkpt lat="35.66427900" lon="139.76374655"><ele>42.983</ele><time>2026-10-04T05:13:39Z</time><sat>31</sat></trkpt>
  <trkpt lat="35.66435073" lon="139.76376617"><ele>44.239</ele><time>2026-10-04T05:13:45Z</time><sat>33</sat></trkpt>
  <trkpt lat="35.66441443" lon="139.76373487"><ele>47.339</ele><time>2026-10-04T05:13:54Z</time><sat>29</sat></trkpt>
  <trkpt lat="35.66448296" lon="139.76369258"><ele>50.843</ele><time>2026-10-04T05:14:03Z</time><sat>31</sat></trkpt>
  <trkpt lat="35.66454527" lon="139.76367826"><ele>54.117</ele><time>2026-10-04T05:14:12Z</time><sat>36</sat></trkpt>
  <trkpt lat="35.66457275" lon="139.76360824"><ele>55.490</ele><time>2026-10-04T05:14:18Z</time><sat>33</sat></trkpt>
  <trkpt lat="35.66463127" lon="139.76353930"><ele>55.391</ele><time>2026-10-04T05:14:24Z</time><sat>35</sat></trkpt>
  <trkpt lat="35.66470169" lon="139.76351352"><ele>58.165</ele><time>2026-10-04T05:14:30Z</time><sat>37</sat></trkpt>
  <trkpt lat="35.66477203" lon="139.76350498"><ele>57.549</ele><time>2026-10-04T05:14:36Z</time><sat>34</sat></trkpt>
  <trkpt lat="35.66481971" lon="139.76351033"><ele>56.511</ele><time>2026-10-04T05:14:39Z</time><sat>35</sat></trkpt>
  <trkpt lat="35.66486996" lon="139.76345289"><ele>54.995</ele><time>2026-10-04T05:14:45Z</time><sat>32</sat></trkpt>
  <trkpt lat="35.66493532" lon="139.76341248"><ele>50.791</ele><time>2026-10-04T05:14:51Z</time><sat>34</sat></trkpt>
  <trkpt lat="35.66500092" lon="139.76335724"><ele>46.962</ele><time>2026-10-04T05:14:57Z</time><sat>28</sat></trkpt>
  <trkpt lat="35.66504980" lon="139.76337382"><ele>47.196</ele><time>2026-10-04T05:15:00Z</time><sat>27</sat></trkpt>
  <trkpt lat="35.66509630" lon="139.76338023"><ele>48.048</ele><time>2026-10-04T05:15:03Z</time><sat>31</sat></trkpt>
  <trkpt lat="35.66514876" lon="139.76337601"><ele>46.821</ele><time>2026-10-04T05:15:06Z</time><sat>31</sat></trkpt>
  <trkpt lat="35.66521730" lon="139.76338889"><ele>46.521</ele><time>2026-10-04T05:15:12Z</time><sat>29</sat></trkpt>
  <trkpt lat="35.66528119" lon="139.76344403"><ele>44.736</ele><time>2026-10-04T05:15:18Z</time><sat>31</sat></trkpt>
  <trkpt lat="35.66534669" lon="139.76344549"><ele>44.412</ele><time>2026-10-04T05:15:24Z</time><sat>24</sat></trkpt>
  <trkpt lat="35.66542538" lon="139.76345584"><ele>43.503</ele><time>2026-10-04T05:15:30Z</time><sat>28</sat></trkpt>
  <trkpt lat="35.66547038" lon="139.76343683"><ele>46.354</ele><time>2026-10-04T05:15:33Z</time><sat>26</sat></trkpt>
  <trkpt lat="35.66553391" lon="139.76343041"><ele>42.985</ele><time>2026-10-04T05:15:39Z</time><sat>30</sat></trkpt>
  <trkpt lat="35.66557966" lon="139.76339675"><ele>41.388</ele><time>2026-10-04T05:15:45Z</time><sat>30</sat></trkpt>
  <trkpt lat="35.66563788" lon="139.76335950"><ele>42.100</ele><time>2026-10-04T05:15:51Z</time><sat>25</sat></trkpt>
  <trkpt lat="35.66569744" lon="139.76331358"><ele>41.679</ele><time>2026-10-04T05:15:57Z</time><sat>27</sat></trkpt>
  <trkpt lat="35.66580397" lon="139.76326759"><ele>44.998</ele><time>2026-10-04T05:16:03Z</time><sat>28</sat></trkpt>
  <trkpt lat="35.66586106" lon="139.76323932"><ele>44.706</ele><time>2026-10-04T05:16:09Z</time><sat>33</sat></trkpt>
  <trkpt lat="35.66589605" lon="139.76319506"><ele>45.102</ele><time>2026-10-04T05:16:15Z</time><sat>30</sat></trkpt>
  <trkpt lat="35.66594855" lon="139.76317611"><ele>44.547</ele><time>2026-10-04T05:16:21Z</time><sat>27</sat></trkpt>
  <trkpt lat="35.66600355" lon="139.76312055"><ele>45.138</ele><time>2026-10-04T05:16:27Z</time><sat>25</sat></trkpt>
  <trkpt lat="35.66608466" lon="139.76312226"><ele>44.522</ele><time>2026-10-04T05:16:33Z</time><sat>25</sat></trkpt>
  <trkpt lat="35.66614334" lon="139.76310807"><ele>45.349</ele><time>2026-10-04T05:16:39Z</time><sat>29</sat></trkpt>
  <trkpt lat="35.66620571" lon="139.76306198"><ele>45.680</ele><time>2026-10-04T05:16:45Z</time><sat>30</sat></trkpt>
  <trkpt lat="35.66627326" lon="139.76305731"><ele>49.640</ele><time>2026-10-04T05:16:51Z</time><sat>31</sat></trkpt>
  <trkpt lat="35.66632656" lon="139.76307047"><ele>54.952</ele><time>2026-10-04T05:16:57Z</time><sat>35</sat></trkpt>
  <trkpt lat="35.66636484" lon="139.76311516"><ele>56.687</ele><time>2026-10-04T05:17:03Z</time><sat>36</sat></trkpt>
  <trkpt lat="35.66642294" lon="139.76311809"><ele>54.985</ele><time>2026-10-04T05:17:09Z</time><sat>35</sat></trkpt>
  <trkpt lat="35.66645865" lon="139.76316632"><ele>51.254</ele><time>2026-10-04T05:17:12Z</time><sat>35</sat></trkpt>
  <trkpt lat="35.66649668" lon="139.76320906"><ele>51.005</ele><time>2026-10-04T05:17:15Z</time><sat>37</sat></trkpt>
  <trkpt lat="35.66652876" lon="139.76325117"><ele>51.751</ele><time>2026-10-04T05:17:18Z</time><sat>35</sat></trkpt>
  <trkpt lat="35.66656421" lon="139.76333436"><ele>47.795</ele><time>2026-10-04T05:17:24Z</time><sat>36</sat></trkpt>
  <trkpt lat="35.66659185" lon="139.76338618"><ele>45.102</ele><time>2026-10-04T05:17:30Z</time><sat>34</sat></trkpt>
  <trkpt lat="35.66660216" lon="139.76345795"><ele>43.024</ele><time>2026-10-04T05:17:36Z</time><sat>33</sat></trkpt>
  <trkpt lat="35.66668069" lon="139.76351967"><ele>43.578</ele><time>2026-10-04T05:17:42Z</time><sat>30</sat></trkpt>
  <trkpt lat="35.66672738" lon="139.76355659"><ele>44.249</ele><time>2026-10-04T05:17:45Z</time><sat>30</sat></trkpt>
  <trkpt lat="35.66673232" lon="139.76361597"><ele>45.439</ele><time>2026-10-04T05:17:48Z</time><sat>31</sat></trkpt>
  <trkpt lat="35.66676678" lon="139.76366254"><ele>44.908</ele><time>2026-10-04T05:17:54Z</time><sat>29</sat></trkpt>
  <trkpt lat="35.66680040" lon="139.76371464"><ele>47.047</ele><time>2026-10-04T05:18:00Z</time><sat>31</sat></trkpt>
  <trkpt lat="35.66685146" lon="139.76375492"><ele>47.846</ele><time>2026-10-04T05:18:06Z</time><sat>29</sat></trkpt>
  <trkpt lat="35.66688376" lon="139.76383293"><ele>47.390</ele><time>2026-10-04T05:18:12Z</time><sat>27</sat></trkpt>
  <trkpt lat="35.66690920" lon="139.76388414"><ele>46.339</ele><time>2026-10-04T05:18:15Z</time><sat>27</sat></trkpt>
  <trkpt lat="35.66696773" lon="139.76392176"><ele>44.847</ele><time>2026-10-04T05:18:21Z</time><sat>28</sat></trkpt>
  <trkpt lat="35.66703632" lon="139.76396938"><ele>42.919</ele><time>2026-10-04T05:18:27Z</time><sat>32</sat></trkpt>
  <trkpt lat="35.66707364" lon="139.76400963"><ele>54.415</ele><time>2026-10-04T05:18:33Z</time><sat>34</sat></trkpt>
  <trkpt lat="35.66711251" lon="139.76401695"><ele>63.605</ele><time>2026-10-04T05:18:39Z</time><sat>34</sat></trkpt>
  <trkpt lat="35.66711429" lon="139.76400897"><ele>65.771</ele><time>2026-10-04T05:18:42Z</time><sat>34</sat></trkpt>
  <trkpt lat="35.66709874" lon="139.76399179"><ele>71.084</ele><time>2026-10-04T05:18:48Z</time><sat>33</sat></trkpt>
  <trkpt lat="35.66709489" lon="139.76398735"><ele>73.133</ele><time>2026-10-04T05:18:51Z</time><sat>32</sat></trkpt>
  <trkpt lat="35.66709496" lon="139.76400037"><ele>73.310</ele><time>2026-10-04T05:18:55Z</time><sat>28</sat></trkpt>
  <trkpt lat="35.66708333" lon="139.76402566"><ele>74.092</ele><time>2026-10-04T05:18:58Z</time><sat>31</sat></trkpt>
  <trkpt lat="35.66708651" lon="139.76405240"><ele>75.198</ele><time>2026-10-04T05:19:01Z</time><sat>35</sat></trkpt>
  <trkpt lat="35.66707300" lon="139.76408941"><ele>70.554</ele><time>2026-10-04T05:19:04Z</time><sat>35</sat></trkpt>
  <trkpt lat="35.66704859" lon="139.76414707"><ele>67.384</ele><time>2026-10-04T05:19:10Z</time><sat>34</sat></trkpt>
  <trkpt lat="35.66705898" lon="139.76412530"><ele>65.246</ele><time>2026-10-04T05:19:22Z</time><sat>34</sat></trkpt>
  <trkpt lat="35.66712099" lon="139.76414093"><ele>63.767</ele><time>2026-10-04T05:19:31Z</time><sat>39</sat></trkpt>
  <trkpt lat="35.66713816" lon="139.76421218"><ele>61.665</ele><time>2026-10-04T05:19:37Z</time><sat>40</sat></trkpt>
  <trkpt lat="35.66715428" lon="139.76428791"><ele>61.857</ele><time>2026-10-04T05:19:43Z</time><sat>39</sat></trkpt>
  <trkpt lat="35.66718461" lon="139.76434738"><ele>61.459</ele><time>2026-10-04T05:19:49Z</time><sat>39</sat></trkpt>
  <trkpt lat="35.66720397" lon="139.76439776"><ele>58.881</ele><time>2026-10-04T05:19:55Z</time><sat>39</sat></trkpt>
  <trkpt lat="35.66718612" lon="139.76448667"><ele>57.985</ele><time>2026-10-04T05:20:04Z</time><sat>33</sat></trkpt>
  <trkpt lat="35.66720528" lon="139.76451217"><ele>54.668</ele><time>2026-10-04T05:20:16Z</time><sat>33</sat></trkpt>
  <trkpt lat="35.66722143" lon="139.76441954"><ele>56.435</ele><time>2026-10-04T05:20:22Z</time><sat>34</sat></trkpt>
  <trkpt lat="35.66726377" lon="139.76451066"><ele>57.572</ele><time>2026-10-04T05:20:34Z</time><sat>33</sat></trkpt>
  <trkpt lat="35.66729495" lon="139.76459817"><ele>53.423</ele><time>2026-10-04T05:20:40Z</time><sat>35</sat></trkpt>
  <trkpt lat="35.66733548" lon="139.76464427"><ele>48.409</ele><time>2026-10-04T05:20:46Z</time><sat>32</sat></trkpt>
  <trkpt lat="35.66736225" lon="139.76469290"><ele>47.091</ele><time>2026-10-04T05:20:49Z</time><sat>32</sat></trkpt>
  <trkpt lat="35.66721082" lon="139.76441860"><ele>18.000</ele><time>2026-10-04T05:20:25Z</time><sat>32</sat></trkpt>
  <trkpt lat="35.66743834" lon="139.76476993"><ele>48.523</ele><time>2026-10-04T05:20:58Z</time></trkpt>
  <trkpt lat="35.66747758" lon="139.76484465"><ele>48.544</ele><time>2026-10-04T05:21:04Z</time><sat>24</sat></trkpt>
  <trkpt lat="35.66753255" lon="139.76489052"><ele>49.192</ele><time>2026-10-04T05:21:10Z</time><sat>27</sat></trkpt>
  <trkpt lat="35.66758577" lon="139.76494397"><ele>48.595</ele><time>2026-10-04T05:21:16Z</time><sat>27</sat></trkpt>
  <trkpt lat="35.66761111" lon="139.76503208"><ele>52.202</ele><time>2026-10-04T05:21:22Z</time><sat>21</sat></trkpt>
  <trkpt lat="35.66769155" lon="139.76508540"><ele>48.617</ele><time>2026-10-04T05:21:28Z</time><sat>26</sat></trkpt>
  <trkpt lat="35.66773536" lon="139.76512861"><ele>46.742</ele><time>2026-10-04T05:21:31Z</time><sat>25</sat></trkpt>
  <trkpt lat="35.66777627" lon="139.76515594"><ele>45.508</ele><time>2026-10-04T05:21:34Z</time><sat>28</sat></trkpt>
  <trkpt lat="35.66782938" lon="139.76517253"><ele>50.174</ele><time>2026-10-04T05:21:40Z</time><sat>32</sat></trkpt>
  <trkpt lat="35.66783150" lon="139.76526483"><ele>48.516</ele><time>2026-10-04T05:21:46Z</time><sat>28</sat></trkpt>
  <trkpt lat="35.66783396" lon="139.76533767"><ele>51.713</ele><time>2026-10-04T05:21:49Z</time><sat>29</sat></trkpt>
  <trkpt lat="35.66784840" lon="139.76539107"><ele>51.838</ele><time>2026-10-04T05:21:52Z</time><sat>30</sat></trkpt>
  <trkpt lat="35.66789295" lon="139.76543545"><ele>52.306</ele><time>2026-10-04T05:21:58Z</time><sat>28</sat></trkpt>
  <trkpt lat="35.66793960" lon="139.76546678"><ele>50.922</ele><time>2026-10-04T05:22:04Z</time><sat>34</sat></trkpt>
  <trkpt lat="35.66798445" lon="139.76552367"><ele>48.072</ele><time>2026-10-04T05:22:10Z</time><sat>28</sat></trkpt>
  <trkpt lat="35.66803292" lon="139.76557230"><ele>44.150</ele><time>2026-10-04T05:22:16Z</time><sat>27</sat></trkpt>
  <trkpt lat="35.66808687" lon="139.76561508"><ele>38.759</ele><time>2026-10-04T05:22:22Z</time><sat>26</sat></trkpt>
  <trkpt lat="35.66812983" lon="139.76568179"><ele>38.167</ele><time>2026-10-04T05:22:28Z</time><sat>26</sat></trkpt>
  <trkpt lat="35.66818391" lon="139.76574906"><ele>37.724</ele><time>2026-10-04T05:22:34Z</time><sat>26</sat></trkpt>
  <trkpt lat="35.66824575" lon="139.76579818"><ele>39.871</ele><time>2026-10-04T05:22:40Z</time><sat>30</sat></trkpt>
  <trkpt lat="35.66830254" lon="139.76583859"><ele>39.161</ele><time>2026-10-04T05:22:46Z</time><sat>28</sat></trkpt>
  <trkpt lat="35.66829775" lon="139.76590998"><ele>36.406</ele><time>2026-10-04T05:22:52Z</time><sat>24</sat></trkpt>
  <trkpt lat="35.66834560" lon="139.76597762"><ele>40.211</ele><time>2026-10-04T05:22:58Z</time><sat>26</sat></trkpt>
  <trkpt lat="35.66839785" lon="139.76605114"><ele>43.880</ele><time>2026-10-04T05:23:07Z</time><sat>30</sat></trkpt>
  <trkpt lat="35.66842158" lon="139.76613326"><ele>48.865</ele><time>2026-10-04T05:23:13Z</time><sat>30</sat></trkpt>
  <trkpt lat="35.66845117" lon="139.76621546"><ele>50.896</ele><time>2026-10-04T05:23:19Z</time><sat>31</sat></trkpt>
  <trkpt lat="35.66847201" lon="139.76627835"><ele>49.018</ele><time>2026-10-04T05:23:25Z</time><sat>33</sat></trkpt>
  <trkpt lat="35.66851217" lon="139.76630431"><ele>48.224</ele><time>2026-10-04T05:23:28Z</time><sat>33</sat></trkpt>
  <trkpt lat="35.66854099" lon="139.76633729"><ele>49.224</ele><time>2026-10-04T05:23:31Z</time><sat>34</sat></trkpt>
  <trkpt lat="35.66855767" lon="139.76636511"><ele>48.669</ele><time>2026-10-04T05:23:43Z</time><sat>30</sat></trkpt>
  <trkpt lat="35.66856087" lon="139.76636550"><ele>49.850</ele><time>2026-10-04T05:23:55Z</time><sat>35</sat></trkpt>
  <trkpt lat="35.66856313" lon="139.76636621"><ele>50.883</ele><time>2026-10-04T05:24:07Z</time><sat>35</sat></trkpt>
  <trkpt lat="35.66856392" lon="139.76636570"><ele>51.327</ele><time>2026-10-04T05:24:19Z</time><sat>35</sat></trkpt>
  <trkpt lat="35.66856466" lon="139.76636571"><ele>51.508</ele><time>2026-10-04T05:24:25Z</time><sat>34</sat></trkpt>
  <trkpt lat="35.66857777" lon="139.76636849"><ele>51.077</ele><time>2026-10-04T05:24:28Z</time><sat>33</sat></trkpt>
  <trkpt lat="35.66865219" lon="139.76638528"><ele>44.406</ele><time>2026-10-04T05:24:34Z</time><sat>34</sat></trkpt>
  <trkpt lat="35.66869135" lon="139.76642436"><ele>45.737</ele><time>2026-10-04T05:24:40Z</time><sat>32</sat></trkpt>
  <trkpt lat="35.66872786" lon="139.76649506"><ele>47.048</ele><time>2026-10-04T05:24:46Z</time><sat>30</sat></trkpt>
  <trkpt lat="35.66878422" lon="139.76656084"><ele>51.392</ele><time>2026-10-04T05:24:52Z</time><sat>32</sat></trkpt>
  <trkpt lat="35.66883840" lon="139.76660922"><ele>51.321</ele><time>2026-10-04T05:24:58Z</time><sat>30</sat></trkpt>
  <trkpt lat="35.66889762" lon="139.76663604"><ele>53.796</ele><time>2026-10-04T05:25:04Z</time><sat>30</sat></trkpt>
  <trkpt lat="35.66895772" lon="139.76667681"><ele>60.682</ele><time>2026-10-04T05:25:10Z</time><sat>31</sat></trkpt>
  <trkpt lat="35.66901832" lon="139.76671995"><ele>63.392</ele><time>2026-10-04T05:25:16Z</time><sat>29</sat></trkpt>
  <trkpt lat="35.66906622" lon="139.76673401"><ele>64.359</ele><time>2026-10-04T05:25:19Z</time><sat>33</sat></trkpt>
  <trkpt lat="35.66914465" lon="139.76672991"><ele>65.287</ele><time>2026-10-04T05:25:25Z</time><sat>26</sat></trkpt>
  <trkpt lat="35.66919617" lon="139.76675768"><ele>65.461</ele><time>2026-10-04T05:25:31Z</time><sat>28</sat></trkpt>
  <trkpt lat="35.66924179" lon="139.76677773"><ele>63.100</ele><time>2026-10-04T05:25:34Z</time><sat>29</sat></trkpt>
  <trkpt lat="35.66926614" lon="139.76684938"><ele>67.254</ele><time>2026-10-04T05:25:37Z</time><sat>29</sat></trkpt>
  <trkpt lat="35.66930330" lon="139.76691302"><ele>69.284</ele><time>2026-10-04T05:25:43Z</time><sat>33</sat></trkpt>
  <trkpt lat="35.66938190" lon="139.76692882"><ele>70.563</ele><time>2026-10-04T05:25:49Z</time><sat>31</sat></trkpt>
  <trkpt lat="35.66942565" lon="139.76694462"><ele>72.610</ele><time>2026-10-04T05:25:52Z</time><sat>29</sat></trkpt>
  <trkpt lat="35.66944232" lon="139.76699712"><ele>71.008</ele><time>2026-10-04T05:25:58Z</time><sat>31</sat></trkpt>
  <trkpt lat="35.66944410" lon="139.76706095"><ele>69.091</ele><time>2026-10-04T05:26:01Z</time><sat>31</sat></trkpt>
  <trkpt lat="35.66945590" lon="139.76709490"><ele>67.570</ele><time>2026-10-04T05:26:04Z</time><sat>29</sat></trkpt>
  <trkpt lat="35.66945562" lon="139.76710804"><ele>65.147</ele><time>2026-10-04T05:26:07Z</time><sat>30</sat></trkpt>
  <trkpt lat="35.66945436" lon="139.76711083"><ele>64.983</ele><time>2026-10-04T05:26:19Z</time><sat>24</sat></trkpt>
  <trkpt lat="35.66945573" lon="139.76711201"><ele>64.855</ele><time>2026-10-04T05:26:33Z</time><sat>26</sat></trkpt>
  <trkpt lat="35.66945602" lon="139.76711199"><ele>64.871</ele><time>2026-10-04T05:26:36Z</time><sat>29</sat></trkpt>
  <trkpt lat="35.66945476" lon="139.76711114"><ele>63.942</ele><time>2026-10-04T05:26:39Z</time><sat>29</sat></trkpt>
  <trkpt lat="35.66945701" lon="139.76711031"><ele>65.518</ele><time>2026-10-04T05:26:42Z</time><sat>30</sat></trkpt>
  <trkpt lat="35.66947799" lon="139.76711953"><ele>65.785</ele><time>2026-10-04T05:26:54Z</time><sat>27</sat></trkpt>
  <trkpt lat="35.66946797" lon="139.76712237"><ele>65.616</ele><time>2026-10-04T05:27:06Z</time><sat>30</sat></trkpt>
  <trkpt lat="35.66947055" lon="139.76712406"><ele>65.839</ele><time>2026-10-04T05:27:15Z</time><sat>28</sat></trkpt>
  <trkpt lat="35.66947893" lon="139.76714714"><ele>65.964</ele><time>2026-10-04T05:27:18Z</time><sat>30</sat></trkpt>
  <trkpt lat="35.66946314" lon="139.76722762"><ele>58.728</ele><time>2026-10-04T05:27:21Z</time><sat>31</sat></trkpt>
  <trkpt lat="35.66945264" lon="139.76730026"><ele>61.124</ele><time>2026-10-04T05:27:24Z</time><sat>28</sat></trkpt>
  <trkpt lat="35.66945958" lon="139.76737609"><ele>58.884</ele><time>2026-10-04T05:27:27Z</time><sat>27</sat></trkpt>
  <trkpt lat="35.66948306" lon="139.76745141"><ele>60.296</ele><time>2026-10-04T05:27:30Z</time><sat>30</sat></trkpt>
  <trkpt lat="35.66954945" lon="139.76749378"><ele>57.952</ele><time>2026-10-04T05:27:36Z</time><sat>32</sat></trkpt>
  <trkpt lat="35.66959543" lon="139.76747683"><ele>54.641</ele><time>2026-10-04T05:27:42Z</time><sat>31</sat></trkpt>
  <trkpt lat="35.66967280" lon="139.76743766"><ele>52.985</ele><time>2026-10-04T05:27:48Z</time><sat>31</sat></trkpt>
  <trkpt lat="35.66971407" lon="139.76747695"><ele>52.419</ele><time>2026-10-04T05:27:51Z</time><sat>24</sat></trkpt>
  <trkpt lat="35.66976975" lon="139.76751239"><ele>53.052</ele><time>2026-10-04T05:27:54Z</time><sat>21</sat></trkpt>
  <trkpt lat="35.66982884" lon="139.76753393"><ele>53.144</ele><time>2026-10-04T05:28:00Z</time><sat>21</sat></trkpt>
  <trkpt lat="35.66985627" lon="139.76759758"><ele>53.720</ele><time>2026-10-04T05:28:06Z</time><sat>25</sat></trkpt>
  <trkpt lat="35.66988102" lon="139.76765278"><ele>54.030</ele><time>2026-10-04T05:28:12Z</time><sat>31</sat></trkpt>
  <trkpt lat="35.66991016" lon="139.76770827"><ele>55.874</ele><time>2026-10-04T05:28:18Z</time><sat>30</sat></trkpt>
  <trkpt lat="35.67000788" lon="139.76774893"><ele>62.474</ele><time>2026-10-04T05:28:24Z</time><sat>26</sat></trkpt>
  <trkpt lat="35.67005559" lon="139.76779487"><ele>65.600</ele><time>2026-10-04T05:28:30Z</time><sat>29</sat></trkpt>
  <trkpt lat="35.67008894" lon="139.76784768"><ele>64.582</ele><time>2026-10-04T05:28:36Z</time><sat>30</sat></trkpt>
  <trkpt lat="35.67012254" lon="139.76789896"><ele>62.270</ele><time>2026-10-04T05:28:42Z</time><sat>31</sat></trkpt>
  <trkpt lat="35.67017180" lon="139.76795675"><ele>61.885</ele><time>2026-10-04T05:28:48Z</time><sat>31</sat></trkpt>
  <trkpt lat="35.67021759" lon="139.76798923"><ele>60.829</ele><time>2026-10-04T05:28:54Z</time><sat>33</sat></trkpt>
  <trkpt lat="35.67027836" lon="139.76800737"><ele>61.483</ele><time>2026-10-04T05:29:00Z</time><sat>32</sat></trkpt>
  <trkpt lat="35.67033669" lon="139.76805148"><ele>59.653</ele><time>2026-10-04T05:29:06Z</time><sat>30</sat></trkpt>
  <trkpt lat="35.67040379" lon="139.76809407"><ele>56.185</ele><time>2026-10-04T05:29:12Z</time><sat>31</sat></trkpt>
  <trkpt lat="35.67042751" lon="139.76812662"><ele>55.296</ele><time>2026-10-04T05:29:15Z</time><sat>33</sat></trkpt>
  <trkpt lat="35.67044879" lon="139.76812429"><ele>53.882</ele><time>2026-10-04T05:29:18Z</time><sat>35</sat></trkpt>
  <trkpt lat="35.67046116" lon="139.76811429"><ele>53.296</ele><time>2026-10-04T05:29:30Z</time><sat>26</sat></trkpt>
  <trkpt lat="35.67046461" lon="139.76812017"><ele>53.514</ele><time>2026-10-04T05:29:42Z</time><sat>31</sat></trkpt>
  <trkpt lat="35.67046586" lon="139.76811916"><ele>53.955</ele><time>2026-10-04T05:29:54Z</time><sat>33</sat></trkpt>
  <trkpt lat="35.67048130" lon="139.76813324"><ele>51.948</ele><time>2026-10-04T05:29:57Z</time><sat>36</sat></trkpt>
  <trkpt lat="35.67053812" lon="139.76817921"><ele>52.863</ele><time>2026-10-04T05:30:03Z</time><sat>34</sat></trkpt>
  <trkpt lat="35.67056151" lon="139.76828740"><ele>58.593</ele><time>2026-10-04T05:30:09Z</time><sat>34</sat></trkpt>
  <trkpt lat="35.67060468" lon="139.76833317"><ele>58.826</ele><time>2026-10-04T05:30:15Z</time><sat>35</sat></trkpt>
  <trkpt lat="35.67066956" lon="139.76837038"><ele>57.488</ele><time>2026-10-04T05:30:21Z</time><sat>29</sat></trkpt>
  <trkpt lat="35.67073418" lon="139.76840905"><ele>56.547</ele><time>2026-10-04T05:30:27Z</time><sat>28</sat></trkpt>
  <trkpt lat="35.67078652" lon="139.76846487"><ele>54.242</ele><time>2026-10-04T05:30:33Z</time><sat>29</sat></trkpt>
  <trkpt lat="35.67083263" lon="139.76846673"><ele>55.450</ele><time>2026-10-04T05:30:36Z</time><sat>30</sat></trkpt>
  <trkpt lat="35.67089438" lon="139.76849266"><ele>55.940</ele><time>2026-10-04T05:30:42Z</time><sat>31</sat></trkpt>
  <trkpt lat="35.67095496" lon="139.76854552"><ele>57.200</ele><time>2026-10-04T05:30:48Z</time><sat>32</sat></trkpt>
  <trkpt lat="35.67099978" lon="139.76860116"><ele>60.463</ele><time>2026-10-04T05:30:54Z</time><sat>29</sat></trkpt>
  <trkpt lat="35.67104095" lon="139.76865647"><ele>66.015</ele><time>2026-10-04T05:31:03Z</time><sat>33</sat></trkpt>
  <trkpt lat="35.67109260" lon="139.76869543"><ele>66.821</ele><time>2026-10-04T05:31:09Z</time><sat>32</sat></trkpt>
  <trkpt lat="35.67115525" lon="139.76873097"><ele>61.715</ele><time>2026-10-04T05:31:15Z</time><sat>32</sat></trkpt>
  <trkpt lat="35.67122908" lon="139.76875507"><ele>62.826</ele><time>2026-10-04T05:31:21Z</time><sat>33</sat></trkpt>
  <trkpt lat="35.67128282" lon="139.76882207"><ele>62.627</ele><time>2026-10-04T05:31:27Z</time><sat>28</sat></trkpt>
  <trkpt lat="35.67132189" lon="139.76886031"><ele>62.248</ele><time>2026-10-04T05:31:30Z</time><sat>27</sat></trkpt>
  <trkpt lat="35.67137004" lon="139.76888812"><ele>62.314</ele><time>2026-10-04T05:31:33Z</time><sat>24</sat></trkpt>
  <trkpt lat="35.67142286" lon="139.76895390"><ele>60.291</ele><time>2026-10-04T05:31:39Z</time><sat>27</sat></trkpt>
  <trkpt lat="35.67145319" lon="139.76899678"><ele>58.423</ele><time>2026-10-04T05:31:45Z</time><sat>30</sat></trkpt>
  <trkpt lat="35.67144940" lon="139.76901086"><ele>55.163</ele><time>2026-10-04T05:31:48Z</time><sat>31</sat></trkpt>
  <trkpt lat="35.67144122" lon="139.76902645"><ele>55.097</ele><time>2026-10-04T05:32:00Z</time><sat>32</sat></trkpt>
  <trkpt lat="35.67144306" lon="139.76902548"><ele>55.426</ele><time>2026-10-04T05:32:12Z</time><sat>28</sat></trkpt>
  <trkpt lat="35.67144402" lon="139.76902569"><ele>55.533</ele><time>2026-10-04T05:32:18Z</time><sat>28</sat></trkpt>
  <trkpt lat="35.67144972" lon="139.76903291"><ele>54.565</ele><time>2026-10-04T05:32:21Z</time><sat>26</sat></trkpt>
  <trkpt lat="35.67148786" lon="139.76907451"><ele>52.365</ele><time>2026-10-04T05:32:27Z</time><sat>35</sat></trkpt>
  <trkpt lat="35.67154213" lon="139.76911568"><ele>50.396</ele><time>2026-10-04T05:32:36Z</time><sat>34</sat></trkpt>
  <trkpt lat="35.67158165" lon="139.76917730"><ele>54.129</ele><time>2026-10-04T05:32:45Z</time><sat>31</sat></trkpt>
  <trkpt lat="35.67162545" lon="139.76920532"><ele>58.163</ele><time>2026-10-04T05:32:51Z</time><sat>28</sat></trkpt>
  <trkpt lat="35.67166793" lon="139.76923880"><ele>62.198</ele><time>2026-10-04T05:32:57Z</time><sat>29</sat></trkpt>
  <trkpt lat="35.67173734" lon="139.76927144"><ele>63.162</ele><time>2026-10-04T05:33:03Z</time><sat>27</sat></trkpt>
  <trkpt lat="35.67178869" lon="139.76932223"><ele>56.841</ele><time>2026-10-04T05:33:09Z</time><sat>24</sat></trkpt>
  <trkpt lat="35.67185820" lon="139.76937678"><ele>61.963</ele><time>2026-10-04T05:33:15Z</time><sat>26</sat></trkpt>
  <trkpt lat="35.67192137" lon="139.76938932"><ele>64.952</ele><time>2026-10-04T05:33:21Z</time><sat>26</sat></trkpt>
  <trkpt lat="35.67197298" lon="139.76942144"><ele>65.592</ele><time>2026-10-04T05:33:27Z</time><sat>29</sat></trkpt>
  <trkpt lat="35.67201938" lon="139.76948039"><ele>65.056</ele><time>2026-10-04T05:33:33Z</time><sat>29</sat></trkpt>
  <trkpt lat="35.67208151" lon="139.76954023"><ele>69.969</ele><time>2026-10-04T05:33:39Z</time><sat>28</sat></trkpt>
  <trkpt lat="35.67212058" lon="139.76960657"><ele>70.052</ele><time>2026-10-04T05:33:45Z</time><sat>31</sat></trkpt>
  <trkpt lat="35.67218213" lon="139.76965873"><ele>69.257</ele><time>2026-10-04T05:33:51Z</time><sat>28</sat></trkpt>
  <trkpt lat="35.67224449" lon="139.76971180"><ele>66.849</ele><time>2026-10-04T05:33:57Z</time><sat>27</sat></trkpt>
  <trkpt lat="35.67230416" lon="139.76974365"><ele>68.489</ele><time>2026-10-04T05:34:03Z</time><sat>28</sat></trkpt>
  <trkpt lat="35.67235116" lon="139.76979916"><ele>68.504</ele><time>2026-10-04T05:34:09Z</time><sat>32</sat></trkpt>
  <trkpt lat="35.67239436" lon="139.76986694"><ele>60.327</ele><time>2026-10-04T05:34:15Z</time><sat>36</sat></trkpt>
  <trkpt lat="35.67242117" lon="139.76994370"><ele>57.252</ele><time>2026-10-04T05:34:18Z</time><sat>35</sat></trkpt>
  <trkpt lat="35.67245078" lon="139.76999638"><ele>56.205</ele><time>2026-10-04T05:34:24Z</time><sat>34</sat></trkpt>
  <trkpt lat="35.67250622" lon="139.77003949"><ele>57.332</ele><time>2026-10-04T05:34:30Z</time><sat>33</sat></trkpt>
  <trkpt lat="35.67257091" lon="139.77006192"><ele>60.121</ele><time>2026-10-04T05:34:36Z</time><sat>30</sat></trkpt>
  <trkpt lat="35.67264566" lon="139.77008048"><ele>62.630</ele><time>2026-10-04T05:34:42Z</time><sat>29</sat></trkpt>
  <trkpt lat="35.67271146" lon="139.77012530"><ele>60.017</ele><time>2026-10-04T05:34:48Z</time><sat>30</sat></trkpt>
  <trkpt lat="35.67276197" lon="139.77018193"><ele>60.840</ele><time>2026-10-04T05:34:54Z</time><sat>27</sat></trkpt>
  <trkpt lat="35.67281855" lon="139.77022084"><ele>57.111</ele><time>2026-10-04T05:35:00Z</time><sat>28</sat></trkpt>
  <trkpt lat="35.67287865" lon="139.77028557"><ele>53.864</ele><time>2026-10-04T05:35:06Z</time><sat>29</sat></trkpt>
  <trkpt lat="35.67292185" lon="139.77034843"><ele>54.384</ele><time>2026-10-04T05:35:12Z</time><sat>32</sat></trkpt>
  <trkpt lat="35.67295893" lon="139.77040550"><ele>54.782</ele><time>2026-10-04T05:35:18Z</time><sat>31</sat></trkpt>
  <trkpt lat="35.67302082" lon="139.77045342"><ele>53.041</ele><time>2026-10-04T05:35:24Z</time><sat>29</sat></trkpt>
  <trkpt lat="35.67307086" lon="139.77050460"><ele>51.901</ele><time>2026-10-04T05:35:30Z</time><sat>36</sat></trkpt>
  <trkpt lat="35.67312324" lon="139.77056598"><ele>50.698</ele><time>2026-10-04T05:35:36Z</time><sat>34</sat></trkpt>
  <trkpt lat="35.67317791" lon="139.77059619"><ele>47.427</ele><time>2026-10-04T05:35:42Z</time><sat>37</sat></trkpt>
  <trkpt lat="35.67320706" lon="139.77065704"><ele>52.237</ele><time>2026-10-04T05:35:48Z</time><sat>33</sat></trkpt>
  <trkpt lat="35.67327447" lon="139.77070828"><ele>56.492</ele><time>2026-10-04T05:35:57Z</time><sat>30</sat></trkpt>
  <trkpt lat="35.67331077" lon="139.77071393"><ele>57.239</ele><time>2026-10-04T05:36:00Z</time><sat>29</sat></trkpt>
  <trkpt lat="35.67334019" lon="139.77072288"><ele>57.639</ele><time>2026-10-04T05:36:03Z</time><sat>29</sat></trkpt>
  <trkpt lat="35.67340877" lon="139.77076650"><ele>57.721</ele><time>2026-10-04T05:36:09Z</time><sat>30</sat></trkpt>
  <trkpt lat="35.67345197" lon="139.77081016"><ele>57.052</ele><time>2026-10-04T05:36:12Z</time><sat>30</sat></trkpt>
  <trkpt lat="35.67351381" lon="139.77086090"><ele>56.823</ele><time>2026-10-04T05:36:18Z</time><sat>28</sat></trkpt>
  <trkpt lat="35.67356939" lon="139.77091188"><ele>56.662</ele><time>2026-10-04T05:36:24Z</time><sat>32</sat></trkpt>
  <trkpt lat="35.67363317" lon="139.77096062"><ele>54.813</ele><time>2026-10-04T05:36:30Z</time><sat>31</sat></trkpt>
  <trkpt lat="35.67370603" lon="139.77098594"><ele>57.567</ele><time>2026-10-04T05:36:36Z</time><sat>33</sat></trkpt>
  <trkpt lat="35.67375188" lon="139.77100986"><ele>58.933</ele><time>2026-10-04T05:36:42Z</time><sat>30</sat></trkpt>
  <trkpt lat="35.67375030" lon="139.77103653"><ele>58.828</ele><time>2026-10-04T05:36:45Z</time><sat>33</sat></trkpt>
  <trkpt lat="35.67375148" lon="139.77103799"><ele>58.361</ele><time>2026-10-04T05:36:48Z</time><sat>33</sat></trkpt>
  <trkpt lat="35.67375272" lon="139.77103744"><ele>58.365</ele><time>2026-10-04T05:36:51Z</time><sat>32</sat></trkpt>
  <trkpt lat="35.67375420" lon="139.77103745"><ele>57.133</ele><time>2026-10-04T05:36:54Z</time><sat>32</sat></trkpt>
  <trkpt lat="35.67375557" lon="139.77103657"><ele>57.150</ele><time>2026-10-04T05:36:57Z</time><sat>31</sat></trkpt>
  <trkpt lat="35.67375537" lon="139.77103627"><ele>57.077</ele><time>2026-10-04T05:37:09Z</time><sat>31</sat></trkpt>
  <trkpt lat="35.67375547" lon="139.77103621"><ele>57.207</ele><time>2026-10-04T05:37:21Z</time><sat>29</sat></trkpt>
  <trkpt lat="35.67375707" lon="139.77104867"><ele>58.503</ele><time>2026-10-04T05:37:33Z</time><sat>34</sat></trkpt>
  <trkpt lat="35.67375323" lon="139.77104563"><ele>58.228</ele><time>2026-10-04T05:37:45Z</time><sat>34</sat></trkpt>
  <trkpt lat="35.67375303" lon="139.77104534"><ele>58.373</ele><time>2026-10-04T05:37:48Z</time><sat>33</sat></trkpt>
  <trkpt lat="35.67375290" lon="139.77105880"><ele>57.692</ele><time>2026-10-04T05:37:51Z</time><sat>33</sat></trkpt>
  <trkpt lat="35.67377753" lon="139.77112512"><ele>58.562</ele><time>2026-10-04T05:38:00Z</time><sat>36</sat></trkpt>
  <trkpt lat="35.67385461" lon="139.77115577"><ele>55.193</ele><time>2026-10-04T05:38:09Z</time><sat>34</sat></trkpt>
  <trkpt lat="35.67389400" lon="139.77119049"><ele>52.059</ele><time>2026-10-04T05:38:12Z</time><sat>32</sat></trkpt>
  <trkpt lat="35.67394040" lon="139.77124670"><ele>51.235</ele><time>2026-10-04T05:38:18Z</time><sat>32</sat></trkpt>
  <trkpt lat="35.67401306" lon="139.77128851"><ele>46.989</ele><time>2026-10-04T05:38:24Z</time><sat>30</sat></trkpt>
  <trkpt lat="35.67405952" lon="139.77130929"><ele>50.070</ele><time>2026-10-04T05:38:30Z</time><sat>32</sat></trkpt>
  <trkpt lat="35.67404916" lon="139.77137152"><ele>52.098</ele><time>2026-10-04T05:38:39Z</time><sat>31</sat></trkpt>
  <trkpt lat="35.67410095" lon="139.77141232"><ele>56.467</ele><time>2026-10-04T05:38:45Z</time><sat>29</sat></trkpt>
  <trkpt lat="35.67416730" lon="139.77145890"><ele>53.828</ele><time>2026-10-04T05:38:51Z</time><sat>27</sat></trkpt>
  <trkpt lat="35.67422313" lon="139.77146418"><ele>49.056</ele><time>2026-10-04T05:38:54Z</time><sat>29</sat></trkpt>
  <trkpt lat="35.67427387" lon="139.77147725"><ele>47.283</ele><time>2026-10-04T05:38:57Z</time><sat>31</sat></trkpt>
  <trkpt lat="35.67433466" lon="139.77151387"><ele>42.658</ele><time>2026-10-04T05:39:00Z</time><sat>31</sat></trkpt>
  <trkpt lat="35.67438796" lon="139.77155751"><ele>38.551</ele><time>2026-10-04T05:39:03Z</time><sat>33</sat></trkpt>
  <trkpt lat="35.67442307" lon="139.77159540"><ele>36.877</ele><time>2026-10-04T05:39:06Z</time><sat>30</sat></trkpt>
  <trkpt lat="35.67449154" lon="139.77164357"><ele>35.263</ele><time>2026-10-04T05:39:12Z</time><sat>33</sat></trkpt>
  <trkpt lat="35.67458161" lon="139.77166911"><ele>38.608</ele><time>2026-10-04T05:39:18Z</time><sat>35</sat></trkpt>
  <trkpt lat="35.67461758" lon="139.77169086"><ele>39.682</ele><time>2026-10-04T05:39:21Z</time><sat>32</sat></trkpt>
  <trkpt lat="35.67464296" lon="139.77169632"><ele>39.597</ele><time>2026-10-04T05:39:24Z</time><sat>33</sat></trkpt>
  <trkpt lat="35.67466420" lon="139.77169925"><ele>40.250</ele><time>2026-10-04T05:39:27Z</time><sat>32</sat></trkpt>
  <trkpt lat="35.67472567" lon="139.77174208"><ele>40.614</ele><time>2026-10-04T05:39:33Z</time><sat>32</sat></trkpt>
  <trkpt lat="35.67478386" lon="139.77177124"><ele>43.379</ele><time>2026-10-04T05:39:39Z</time><sat>27</sat></trkpt>
  <trkpt lat="35.67484330" lon="139.77180360"><ele>46.853</ele><time>2026-10-04T05:39:45Z</time><sat>31</sat></trkpt>
  <trkpt lat="35.67491456" lon="139.77180448"><ele>46.412</ele><time>2026-10-04T05:39:51Z</time><sat>32</sat></trkpt>
  <trkpt lat="35.67496360" lon="139.77186305"><ele>45.855</ele><time>2026-10-04T05:39:57Z</time><sat>29</sat></trkpt>
  <trkpt lat="35.67500559" lon="139.77188396"><ele>44.875</ele><time>2026-10-04T05:40:00Z</time><sat>30</sat></trkpt>
  <trkpt lat="35.67506493" lon="139.77191218"><ele>43.541</ele><time>2026-10-04T05:40:06Z</time><sat>32</sat></trkpt>
  <trkpt lat="35.67511345" lon="139.77192837"><ele>46.847</ele><time>2026-10-04T05:40:12Z</time><sat>33</sat></trkpt>
  <trkpt lat="35.67514332" lon="139.77196458"><ele>49.097</ele><time>2026-10-04T05:40:18Z</time><sat>37</sat></trkpt>
  <trkpt lat="35.67517106" lon="139.77197103"><ele>52.417</ele><time>2026-10-04T05:40:21Z</time><sat>36</sat></trkpt>
  <trkpt lat="35.67521732" lon="139.77194487"><ele>56.324</ele><time>2026-10-04T05:40:30Z</time><sat>38</sat></trkpt>
  <trkpt lat="35.67522060" lon="139.77194310"><ele>56.814</ele><time>2026-10-04T05:40:33Z</time><sat>36</sat></trkpt>
  <trkpt lat="35.67523328" lon="139.77196311"><ele>59.665</ele><time>2026-10-04T05:40:36Z</time><sat>35</sat></trkpt>
  <trkpt lat="35.67527120" lon="139.77200113"><ele>62.479</ele><time>2026-10-04T05:40:42Z</time><sat>35</sat></trkpt>
  <trkpt lat="35.67529365" lon="139.77206043"><ele>60.403</ele><time>2026-10-04T05:40:45Z</time><sat>34</sat></trkpt>
  <trkpt lat="35.67531276" lon="139.77212314"><ele>58.335</ele><time>2026-10-04T05:40:48Z</time><sat>35</sat></trkpt>
  <trkpt lat="35.67531372" lon="139.77215841"><ele>58.520</ele><time>2026-10-04T05:40:51Z</time><sat>33</sat></trkpt>
  <trkpt lat="35.67532509" lon="139.77219492"><ele>60.463</ele><time>2026-10-04T05:40:54Z</time><sat>33</sat></trkpt>
  <trkpt lat="35.67536996" lon="139.77224537"><ele>55.958</ele><time>2026-10-04T05:41:00Z</time></trkpt>
  <trkpt lat="35.67543849" lon="139.77223547"><ele>56.187</ele><time>2026-10-04T05:41:07Z</time><sat>29</sat></trkpt>
  <trkpt lat="35.67550950" lon="139.77228381"><ele>52.356</ele><time>2026-10-04T05:41:13Z</time><sat>27</sat></trkpt>
  <trkpt lat="35.67558498" lon="139.77231535"><ele>51.104</ele><time>2026-10-04T05:41:19Z</time><sat>26</sat></trkpt>
  <trkpt lat="35.67565418" lon="139.77230780"><ele>50.792</ele><time>2026-10-04T05:41:25Z</time><sat>29</sat></trkpt>
  <trkpt lat="35.67570651" lon="139.77232785"><ele>49.573</ele><time>2026-10-04T05:41:31Z</time><sat>30</sat></trkpt>
  <trkpt lat="35.67575825" lon="139.77233180"><ele>52.483</ele><time>2026-10-04T05:41:37Z</time><sat>32</sat></trkpt>
  <trkpt lat="35.67581276" lon="139.77231281"><ele>60.590</ele><time>2026-10-04T05:41:46Z</time><sat>35</sat></trkpt>
  <trkpt lat="35.67585304" lon="139.77237477"><ele>62.848</ele><time>2026-10-04T05:41:52Z</time><sat>30</sat></trkpt>
  <trkpt lat="35.67590365" lon="139.77237627"><ele>71.389</ele><time>2026-10-04T05:41:58Z</time><sat>31</sat></trkpt>
  <trkpt lat="35.67597161" lon="139.77236287"><ele>74.876</ele><time>2026-10-04T05:42:04Z</time><sat>31</sat></trkpt>
  <trkpt lat="35.67603117" lon="139.77237754"><ele>78.408</ele><time>2026-10-04T05:42:10Z</time><sat>31</sat></trkpt>
  <trkpt lat="35.67608275" lon="139.77242436"><ele>87.993</ele><time>2026-10-04T05:42:16Z</time><sat>33</sat></trkpt>
  <trkpt lat="35.67611873" lon="139.77248881"><ele>87.272</ele><time>2026-10-04T05:42:22Z</time><sat>36</sat></trkpt>
  <trkpt lat="35.67615477" lon="139.77256209"><ele>85.802</ele><time>2026-10-04T05:42:28Z</time><sat>36</sat></trkpt>
  <trkpt lat="35.67616108" lon="139.77265058"><ele>80.262</ele><time>2026-10-04T05:42:31Z</time><sat>37</sat></trkpt>
  <trkpt lat="35.67623053" lon="139.77263829"><ele>78.517</ele><time>2026-10-04T05:42:40Z</time><sat>23</sat></trkpt>
  <trkpt lat="35.67632574" lon="139.77269360"><ele>75.785</ele><time>2026-10-04T05:42:46Z</time><sat>31</sat></trkpt>
  <trkpt lat="35.67639009" lon="139.77276222"><ele>72.820</ele><time>2026-10-04T05:42:52Z</time><sat>29</sat></trkpt>
  <trkpt lat="35.67642174" lon="139.77280725"><ele>74.317</ele><time>2026-10-04T05:42:55Z</time><sat>28</sat></trkpt>
  <trkpt lat="35.67646609" lon="139.77289394"><ele>73.706</ele><time>2026-10-04T05:43:01Z</time><sat>30</sat></trkpt>
  <trkpt lat="35.67650084" lon="139.77294158"><ele>71.401</ele><time>2026-10-04T05:43:04Z</time><sat>28</sat></trkpt>
  <trkpt lat="35.67658343" lon="139.77295016"><ele>69.144</ele><time>2026-10-04T05:43:10Z</time><sat>28</sat></trkpt>
  <trkpt lat="35.67663806" lon="139.77293247"><ele>65.663</ele><time>2026-10-04T05:43:16Z</time><sat>27</sat></trkpt>
  <trkpt lat="35.67670610" lon="139.77292091"><ele>66.377</ele><time>2026-10-04T05:43:22Z</time><sat>29</sat></trkpt>
  <trkpt lat="35.67677231" lon="139.77290224"><ele>64.532</ele><time>2026-10-04T05:43:28Z</time><sat>33</sat></trkpt>
  <trkpt lat="35.67682810" lon="139.77292630"><ele>54.802</ele><time>2026-10-04T05:43:34Z</time><sat>34</sat></trkpt>
  <trkpt lat="35.67688472" lon="139.77302022"><ele>50.817</ele><time>2026-10-04T05:43:40Z</time><sat>33</sat></trkpt>
  <trkpt lat="35.67694556" lon="139.77306551"><ele>60.165</ele><time>2026-10-04T05:43:46Z</time><sat>33</sat></trkpt>
  <trkpt lat="35.67702042" lon="139.77311191"><ele>62.747</ele><time>2026-10-04T05:43:52Z</time><sat>32</sat></trkpt>
  <trkpt lat="35.67707853" lon="139.77316513"><ele>69.133</ele><time>2026-10-04T05:43:58Z</time><sat>30</sat></trkpt>
  <trkpt lat="35.67713376" lon="139.77319628"><ele>72.030</ele><time>2026-10-04T05:44:07Z</time><sat>30</sat></trkpt>
  <trkpt lat="35.67722280" lon="139.77320471"><ele>70.415</ele><time>2026-10-04T05:44:13Z</time><sat>30</sat></trkpt>
  <trkpt lat="35.67730757" lon="139.77320508"><ele>78.846</ele><time>2026-10-04T05:44:19Z</time><sat>29</sat></trkpt>
  <trkpt lat="35.67737960" lon="139.77322777"><ele>85.285</ele><time>2026-10-04T05:44:25Z</time><sat>34</sat></trkpt>
  <trkpt lat="35.67742007" lon="139.77328459"><ele>88.264</ele><time>2026-10-04T05:44:31Z</time><sat>33</sat></trkpt>
  <trkpt lat="35.67748575" lon="139.77334001"><ele>91.566</ele><time>2026-10-04T05:44:37Z</time><sat>33</sat></trkpt>
  <trkpt lat="35.67754673" lon="139.77338478"><ele>89.526</ele><time>2026-10-04T05:44:43Z</time><sat>28</sat></trkpt>
  <trkpt lat="35.67759626" lon="139.77338169"><ele>86.028</ele><time>2026-10-04T05:44:46Z</time><sat>28</sat></trkpt>
  <trkpt lat="35.67764960" lon="139.77342091"><ele>83.256</ele><time>2026-10-04T05:44:49Z</time><sat>29</sat></trkpt>
  <trkpt lat="35.67771067" lon="139.77349738"><ele>80.288</ele><time>2026-10-04T05:44:55Z</time><sat>28</sat></trkpt>
  <trkpt lat="35.67775308" lon="139.77352234"><ele>78.952</ele><time>2026-10-04T05:44:58Z</time><sat>25</sat></trkpt>
  <trkpt lat="35.67780148" lon="139.77357687"><ele>73.350</ele><time>2026-10-04T05:45:04Z</time><sat>30</sat></trkpt>
  <trkpt lat="35.67786528" lon="139.77360716"><ele>79.582</ele><time>2026-10-04T05:45:10Z</time><sat>28</sat></trkpt>
  <trkpt lat="35.67792017" lon="139.77363529"><ele>72.789</ele><time>2026-10-04T05:45:19Z</time><sat>35</sat></trkpt>
  <trkpt lat="35.67797577" lon="139.77371333"><ele>66.439</ele><time>2026-10-04T05:45:25Z</time><sat>30</sat></trkpt>
  <trkpt lat="35.67802345" lon="139.77375726"><ele>62.118</ele><time>2026-10-04T05:45:28Z</time><sat>30</sat></trkpt>
  <trkpt lat="35.67806555" lon="139.77378137"><ele>61.586</ele><time>2026-10-04T05:45:31Z</time><sat>30</sat></trkpt>
  <trkpt lat="35.67812938" lon="139.77382233"><ele>61.885</ele><time>2026-10-04T05:45:37Z</time><sat>30</sat></trkpt>
  <trkpt lat="35.67815586" lon="139.77386754"><ele>61.081</ele><time>2026-10-04T05:45:43Z</time><sat>33</sat></trkpt>
  <trkpt lat="35.67815817" lon="139.77394352"><ele>62.362</ele><time>2026-10-04T05:45:49Z</time><sat>32</sat></trkpt>
  <trkpt lat="35.67816452" lon="139.77398468"><ele>62.737</ele><time>2026-10-04T05:45:52Z</time><sat>34</sat></trkpt>
  <trkpt lat="35.67815019" lon="139.77400307"><ele>64.630</ele><time>2026-10-04T05:45:55Z</time><sat>34</sat></trkpt>
  <trkpt lat="35.67814140" lon="139.77399778"><ele>65.967</ele><time>2026-10-04T05:45:58Z</time><sat>33</sat></trkpt>
  <trkpt lat="35.67811183" lon="139.77400234"><ele>65.819</ele><time>2026-10-04T05:46:04Z</time><sat>22</sat></trkpt>
  <trkpt lat="35.67808289" lon="139.77402922"><ele>65.907</ele><time>2026-10-04T05:46:07Z</time><sat>11</sat></trkpt>
  <trkpt lat="35.67808893" lon="139.77403729"><ele>65.952</ele><time>2026-10-04T05:46:10Z</time><sat>7</sat></trkpt>
  <trkpt lat="35.67803189" lon="139.77402740"><ele>64.280</ele><time>2026-10-04T05:46:13Z</time><sat>11</sat></trkpt>
  <trkpt lat="35.67798878" lon="139.77400823"><ele>63.178</ele><time>2026-10-04T05:46:16Z</time><sat>14</sat></trkpt>
  <trkpt lat="35.67857001" lon="139.77368344"><ele>123.613</ele><time>2026-10-04T05:47:42Z</time><sat>28</sat></trkpt>
  <trkpt lat="35.67860841" lon="139.77371581"><ele>124.134</ele><time>2026-10-04T05:47:45Z</time><sat>31</sat></trkpt>
  <trkpt lat="35.67860859" lon="139.77375095"><ele>121.062</ele><time>2026-10-04T05:47:48Z</time><sat>30</sat></trkpt>
  <trkpt lat="35.67856742" lon="139.77382470"><ele>115.151</ele><time>2026-10-04T05:47:51Z</time><sat>33</sat></trkpt>
  <trkpt lat="35.67856503" lon="139.77382935"><ele>113.914</ele><time>2026-10-04T05:47:54Z</time><sat>37</sat></trkpt>
  <trkpt lat="35.67855445" lon="139.77383399"><ele>111.372</ele><time>2026-10-04T05:47:57Z</time><sat>35</sat></trkpt>
  <trkpt lat="35.67853194" lon="139.77384455"><ele>111.416</ele><time>2026-10-04T05:48:00Z</time><sat>37</sat></trkpt>
  <trkpt lat="35.67849111" lon="139.77387162"><ele>103.476</ele><time>2026-10-04T05:48:06Z</time><sat>39</sat></trkpt>
  <trkpt lat="35.67848247" lon="139.77387367"><ele>103.902</ele><time>2026-10-04T05:48:18Z</time><sat>35</sat></trkpt>
  <trkpt lat="35.67848129" lon="139.77387385"><ele>103.818</ele><time>2026-10-04T05:48:30Z</time><sat>35</sat></trkpt>
  <trkpt lat="35.67847711" lon="139.77388234"><ele>104.226</ele><time>2026-10-04T05:48:42Z</time><sat>37</sat></trkpt>
  <trkpt lat="35.67847675" lon="139.77388149"><ele>104.454</ele><time>2026-10-04T05:48:45Z</time><sat>36</sat></trkpt>
  <trkpt lat="35.67847641" lon="139.77387776"><ele>103.341</ele><time>2026-10-04T05:48:48Z</time><sat>34</sat></trkpt>
  <trkpt lat="35.67846546" lon="139.77387248"><ele>101.059</ele><time>2026-10-04T05:48:53Z</time><sat>35</sat></trkpt>
  <trkpt lat="35.67846307" lon="139.77387283"><ele>101.145</ele><time>2026-10-04T05:48:59Z</time><sat>35</sat></trkpt>
  <trkpt lat="35.67846219" lon="139.77388200"><ele>98.361</ele><time>2026-10-04T05:49:02Z</time><sat>37</sat></trkpt>
  <trkpt lat="35.67841767" lon="139.77398847"><ele>89.541</ele><time>2026-10-04T05:49:08Z</time><sat>38</sat></trkpt>
  <trkpt lat="35.67836201" lon="139.77407438"><ele>84.933</ele><time>2026-10-04T05:49:11Z</time><sat>37</sat></trkpt>
  <trkpt lat="35.67838027" lon="139.77413544"><ele>67.479</ele><time>2026-10-04T05:49:17Z</time><sat>36</sat></trkpt>
  <trkpt lat="35.67842818" lon="139.77407572"><ele>54.290</ele><time>2026-10-04T05:49:23Z</time><sat>37</sat></trkpt>
  <trkpt lat="35.67850401" lon="139.77404830"><ele>50.428</ele><time>2026-10-04T05:49:29Z</time><sat>37</sat></trkpt>
  <trkpt lat="35.67856247" lon="139.77404563"><ele>56.187</ele><time>2026-10-04T05:49:35Z</time><sat>34</sat></trkpt>
  <trkpt lat="35.67861523" lon="139.77406609"><ele>65.088</ele><time>2026-10-04T05:49:41Z</time><sat>34</sat></trkpt>
  <trkpt lat="35.67867242" lon="139.77406542"><ele>67.278</ele><time>2026-10-04T05:49:47Z</time><sat>34</sat></trkpt>
  <trkpt lat="35.67873574" lon="139.77407157"><ele>70.668</ele><time>2026-10-04T05:49:53Z</time><sat>30</sat></trkpt>
  <trkpt lat="35.67879972" lon="139.77411010"><ele>75.351</ele><time>2026-10-04T05:49:59Z</time><sat>35</sat></trkpt>
  <trkpt lat="35.67884760" lon="139.77418648"><ele>77.561</ele><time>2026-10-04T05:50:05Z</time><sat>32</sat></trkpt>
  <trkpt lat="35.67890266" lon="139.77424892"><ele>79.999</ele><time>2026-10-04T05:50:11Z</time><sat>30</sat></trkpt>
  <trkpt lat="35.67893244" lon="139.77429161"><ele>79.079</ele><time>2026-10-04T05:50:14Z</time><sat>30</sat></trkpt>
  <trkpt lat="35.67897881" lon="139.77434756"><ele>81.059</ele><time>2026-10-04T05:50:20Z</time><sat>35</sat></trkpt>
  <trkpt lat="35.67903028" lon="139.77433650"><ele>76.040</ele><time>2026-10-04T05:50:29Z</time><sat>38</sat></trkpt>
  <trkpt lat="35.67910355" lon="139.77434261"><ele>72.365</ele><time>2026-10-04T05:50:38Z</time><sat>38</sat></trkpt>
  <trkpt lat="35.67919758" lon="139.77434915"><ele>68.757</ele><time>2026-10-04T05:50:44Z</time><sat>35</sat></trkpt>
  <trkpt lat="35.67926618" lon="139.77436399"><ele>68.736</ele><time>2026-10-04T05:50:50Z</time><sat>29</sat></trkpt>
  <trkpt lat="35.67932509" lon="139.77443573"><ele>68.678</ele><time>2026-10-04T05:50:56Z</time><sat>33</sat></trkpt>
  <trkpt lat="35.67936592" lon="139.77446966"><ele>66.214</ele><time>2026-10-04T05:50:59Z</time><sat>33</sat></trkpt>
  <trkpt lat="35.67941789" lon="139.77454751"><ele>67.164</ele><time>2026-10-04T05:51:05Z</time><sat>33</sat></trkpt>
  <trkpt lat="35.67945474" lon="139.77458223"><ele>67.301</ele><time>2026-10-04T05:51:08Z</time><sat>33</sat></trkpt>
  <trkpt lat="35.67950003" lon="139.77459511"><ele>65.158</ele><time>2026-10-04T05:51:11Z</time><sat>32</sat></trkpt>
  <trkpt lat="35.67958978" lon="139.77461801"><ele>54.586</ele><time>2026-10-04T05:51:17Z</time><sat>33</sat></trkpt>
  <trkpt lat="35.67963648" lon="139.77465799"><ele>54.334</ele><time>2026-10-04T05:51:20Z</time><sat>32</sat></trkpt>
  <trkpt lat="35.67967283" lon="139.77470386"><ele>53.814</ele><time>2026-10-04T05:51:23Z</time><sat>33</sat></trkpt>
  <trkpt lat="35.67971611" lon="139.77473953"><ele>53.042</ele><time>2026-10-04T05:51:29Z</time><sat>32</sat></trkpt>
  <trkpt lat="35.67976682" lon="139.77475326"><ele>52.219</ele><time>2026-10-04T05:51:38Z</time><sat>32</sat></trkpt>
  <trkpt lat="35.67981327" lon="139.77480100"><ele>52.036</ele><time>2026-10-04T05:51:44Z</time><sat>31</sat></trkpt>
  <trkpt lat="35.67984546" lon="139.77484308"><ele>52.662</ele><time>2026-10-04T05:51:47Z</time><sat>30</sat></trkpt>
  <trkpt lat="35.67988780" lon="139.77487126"><ele>54.380</ele><time>2026-10-04T05:51:50Z</time><sat>28</sat></trkpt>
  <trkpt lat="35.67996064" lon="139.77494507"><ele>54.852</ele><time>2026-10-04T05:51:56Z</time><sat>26</sat></trkpt>
  <trkpt lat="35.68001077" lon="139.77495548"><ele>54.284</ele><time>2026-10-04T05:51:59Z</time><sat>23</sat></trkpt>
  <trkpt lat="35.68006336" lon="139.77494433"><ele>55.718</ele><time>2026-10-04T05:52:02Z</time><sat>23</sat></trkpt>
  <trkpt lat="35.68010983" lon="139.77494044"><ele>52.150</ele><time>2026-10-04T05:52:05Z</time><sat>27</sat></trkpt>
  <trkpt lat="35.68015455" lon="139.77492668"><ele>53.184</ele><time>2026-10-04T05:52:08Z</time><sat>27</sat></trkpt>
  <trkpt lat="35.68020172" lon="139.77490652"><ele>51.861</ele><time>2026-10-04T05:52:11Z</time><sat>25</sat></trkpt>
  <trkpt lat="35.68026250" lon="139.77491617"><ele>52.921</ele><time>2026-10-04T05:52:17Z</time><sat>27</sat></trkpt>
  <trkpt lat="35.68033358" lon="139.77490522"><ele>51.451</ele><time>2026-10-04T05:52:23Z</time><sat>27</sat></trkpt>
  <trkpt lat="35.68040252" lon="139.77493474"><ele>52.312</ele><time>2026-10-04T05:52:29Z</time><sat>25</sat></trkpt>
  <trkpt lat="35.68045545" lon="139.77498107"><ele>54.921</ele><time>2026-10-04T05:52:35Z</time><sat>28</sat></trkpt>
  <trkpt lat="35.68046974" lon="139.77506719"><ele>57.937</ele><time>2026-10-04T05:52:41Z</time><sat>34</sat></trkpt>
  <trkpt lat="35.68050331" lon="139.77512843"><ele>62.714</ele><time>2026-10-04T05:52:47Z</time><sat>34</sat></trkpt>
  <trkpt lat="35.68054760" lon="139.77514824"><ele>64.777</ele><time>2026-10-04T05:52:53Z</time><sat>32</sat></trkpt>
  <trkpt lat="35.68060061" lon="139.77513453"><ele>63.077</ele><time>2026-10-04T05:52:59Z</time><sat>28</sat></trkpt>
  <trkpt lat="35.68063343" lon="139.77518664"><ele>63.327</ele><time>2026-10-04T05:53:05Z</time><sat>31</sat></trkpt>
  <trkpt lat="35.68069614" lon="139.77525875"><ele>61.839</ele><time>2026-10-04T05:53:11Z</time><sat>32</sat></trkpt>
  <trkpt lat="35.68075826" lon="139.77529705"><ele>60.564</ele><time>2026-10-04T05:53:17Z</time><sat>29</sat></trkpt>
  <trkpt lat="35.68081648" lon="139.77534743"><ele>60.805</ele><time>2026-10-04T05:53:23Z</time><sat>31</sat></trkpt>
  <trkpt lat="35.68086895" lon="139.77540549"><ele>66.195</ele><time>2026-10-04T05:53:29Z</time><sat>31</sat></trkpt>
  <trkpt lat="35.68092023" lon="139.77546728"><ele>66.411</ele><time>2026-10-04T05:53:35Z</time><sat>25</sat></trkpt>
  <trkpt lat="35.68097385" lon="139.77553707"><ele>68.888</ele><time>2026-10-04T05:53:41Z</time><sat>31</sat></trkpt>
  <trkpt lat="35.68104858" lon="139.77557761"><ele>71.680</ele><time>2026-10-04T05:53:47Z</time><sat>30</sat></trkpt>
  <trkpt lat="35.68112804" lon="139.77558367"><ele>68.577</ele><time>2026-10-04T05:53:53Z</time><sat>33</sat></trkpt>
  <trkpt lat="35.68119153" lon="139.77560082"><ele>68.954</ele><time>2026-10-04T05:53:59Z</time><sat>28</sat></trkpt>
  <trkpt lat="35.68126368" lon="139.77562859"><ele>66.541</ele><time>2026-10-04T05:54:05Z</time><sat>30</sat></trkpt>
  <trkpt lat="35.68131947" lon="139.77563448"><ele>66.194</ele><time>2026-10-04T05:54:11Z</time><sat>31</sat></trkpt>
  <trkpt lat="35.68138865" lon="139.77567923"><ele>73.570</ele><time>2026-10-04T05:54:17Z</time><sat>29</sat></trkpt>
  <trkpt lat="35.68144401" lon="139.77576457"><ele>80.333</ele><time>2026-10-04T05:54:23Z</time><sat>28</sat></trkpt>
  <trkpt lat="35.68147785" lon="139.77581685"><ele>86.861</ele><time>2026-10-04T05:54:29Z</time><sat>32</sat></trkpt>
  <trkpt lat="35.68151428" lon="139.77581306"><ele>88.086</ele><time>2026-10-04T05:54:32Z</time><sat>34</sat></trkpt>
  <trkpt lat="35.68154048" lon="139.77582339"><ele>89.317</ele><time>2026-10-04T05:54:44Z</time><sat>36</sat></trkpt>
  <trkpt lat="35.68155617" lon="139.77582952"><ele>88.516</ele><time>2026-10-04T05:54:56Z</time><sat>36</sat></trkpt>
  <trkpt lat="35.68156530" lon="139.77582606"><ele>89.229</ele><time>2026-10-04T05:55:08Z</time><sat>40</sat></trkpt>
  <trkpt lat="35.68158194" lon="139.77583428"><ele>90.616</ele><time>2026-10-04T05:55:19Z</time><sat>37</sat></trkpt>
  <trkpt lat="35.68160478" lon="139.77584262"><ele>92.619</ele><time>2026-10-04T05:55:31Z</time><sat>32</sat></trkpt>
  <trkpt lat="35.68161742" lon="139.77586123"><ele>93.487</ele><time>2026-10-04T05:55:34Z</time><sat>34</sat></trkpt>
  <trkpt lat="35.68163683" lon="139.77591689"><ele>91.325</ele><time>2026-10-04T05:55:40Z</time><sat>38</sat></trkpt>
  <trkpt lat="35.68166166" lon="139.77597772"><ele>85.521</ele><time>2026-10-04T05:55:49Z</time><sat>35</sat></trkpt>
  <trkpt lat="35.68170208" lon="139.77594599"><ele>75.898</ele><time>2026-10-04T05:55:55Z</time><sat>35</sat></trkpt>
  <trkpt lat="35.68176306" lon="139.77591699"><ele>81.506</ele><time>2026-10-04T05:56:01Z</time><sat>36</sat></trkpt>
  <trkpt lat="35.68181114" lon="139.77596221"><ele>82.694</ele><time>2026-10-04T05:56:07Z</time><sat>34</sat></trkpt>
  <trkpt lat="35.68182979" lon="139.77603007"><ele>84.729</ele><time>2026-10-04T05:56:13Z</time><sat>32</sat></trkpt>
  <trkpt lat="35.68185389" lon="139.77608235"><ele>86.430</ele><time>2026-10-04T05:56:19Z</time><sat>31</sat></trkpt>
  <trkpt lat="35.68190510" lon="139.77609325"><ele>83.538</ele><time>2026-10-04T05:56:25Z</time><sat>31</sat></trkpt>
  <trkpt lat="35.68198532" lon="139.77611077"><ele>81.582</ele><time>2026-10-04T05:56:31Z</time><sat>31</sat></trkpt>
  <trkpt lat="35.68204162" lon="139.77610745"><ele>82.730</ele><time>2026-10-04T05:56:34Z</time><sat>32</sat></trkpt>
  <trkpt lat="35.68209405" lon="139.77610072"><ele>81.174</ele><time>2026-10-04T05:56:37Z</time><sat>34</sat></trkpt>
  <trkpt lat="35.68213036" lon="139.77609723"><ele>83.227</ele><time>2026-10-04T05:56:40Z</time><sat>33</sat></trkpt>
  <trkpt lat="35.68221207" lon="139.77612755"><ele>81.791</ele><time>2026-10-04T05:56:46Z</time><sat>33</sat></trkpt>
  <trkpt lat="35.68225853" lon="139.77620548"><ele>81.924</ele><time>2026-10-04T05:56:52Z</time><sat>34</sat></trkpt>
  <trkpt lat="35.68231355" lon="139.77627597"><ele>80.266</ele><time>2026-10-04T05:56:58Z</time><sat>29</sat></trkpt>
  <trkpt lat="35.68235179" lon="139.77631256"><ele>79.609</ele><time>2026-10-04T05:57:01Z</time><sat>27</sat></trkpt>
  <trkpt lat="35.68240970" lon="139.77637535"><ele>79.824</ele><time>2026-10-04T05:57:07Z</time><sat>28</sat></trkpt>
  <trkpt lat="35.68246537" lon="139.77638635"><ele>79.128</ele><time>2026-10-04T05:57:13Z</time><sat>26</sat></trkpt>
  <trkpt lat="35.68253107" lon="139.77640735"><ele>81.028</ele><time>2026-10-04T05:57:22Z</time><sat>27</sat></trkpt>
  <trkpt lat="35.68260364" lon="139.77638691"><ele>84.293</ele><time>2026-10-04T05:57:28Z</time><sat>26</sat></trkpt>
  <trkpt lat="35.68267079" lon="139.77634756"><ele>82.894</ele><time>2026-10-04T05:57:34Z</time><sat>32</sat></trkpt>
  <trkpt lat="35.68275844" lon="139.77636281"><ele>77.249</ele><time>2026-10-04T05:57:40Z</time><sat>31</sat></trkpt>
  <trkpt lat="35.68284051" lon="139.77637628"><ele>73.226</ele><time>2026-10-04T05:57:46Z</time><sat>33</sat></trkpt>
  <trkpt lat="35.68288575" lon="139.77639057"><ele>71.258</ele><time>2026-10-04T05:57:49Z</time><sat>32</sat></trkpt>
  <trkpt lat="35.68295494" lon="139.77639125"><ele>71.284</ele><time>2026-10-04T05:57:55Z</time><sat>36</sat></trkpt>
  <trkpt lat="35.68299295" lon="139.77642550"><ele>70.422</ele><time>2026-10-04T05:57:58Z</time><sat>35</sat></trkpt>
  <trkpt lat="35.68304912" lon="139.77646307"><ele>71.182</ele><time>2026-10-04T05:58:04Z</time><sat>36</sat></trkpt>
  <trkpt lat="35.68309898" lon="139.77651437"><ele>71.046</ele><time>2026-10-04T05:58:10Z</time><sat>34</sat></trkpt>
  <trkpt lat="35.68312726" lon="139.77653681"><ele>72.286</ele><time>2026-10-04T05:58:13Z</time><sat>36</sat></trkpt>
  <trkpt lat="35.68315292" lon="139.77656698"><ele>73.163</ele><time>2026-10-04T05:58:16Z</time><sat>36</sat></trkpt>
  <trkpt lat="35.68321289" lon="139.77665275"><ele>75.181</ele><time>2026-10-04T05:58:22Z</time><sat>35</sat></trkpt>
  <trkpt lat="35.68324835" lon="139.77670310"><ele>74.959</ele><time>2026-10-04T05:58:25Z</time><sat>35</sat></trkpt>
  <trkpt lat="35.68330581" lon="139.77677503"><ele>74.082</ele><time>2026-10-04T05:58:31Z</time><sat>29</sat></trkpt>
  <trkpt lat="35.68335525" lon="139.77677207"><ele>71.046</ele><time>2026-10-04T05:58:34Z</time><sat>31</sat></trkpt>
  <trkpt lat="35.68342795" lon="139.77684241"><ele>66.573</ele><time>2026-10-04T05:58:40Z</time><sat>34</sat></trkpt>
  <trkpt lat="35.68345450" lon="139.77692612"><ele>64.824</ele><time>2026-10-04T05:58:43Z</time><sat>33</sat></trkpt>
  <trkpt lat="35.68347922" lon="139.77700603"><ele>61.621</ele><time>2026-10-04T05:58:46Z</time><sat>32</sat></trkpt>
  <trkpt lat="35.68352520" lon="139.77707202"><ele>56.766</ele><time>2026-10-04T05:58:49Z</time><sat>35</sat></trkpt>
  <trkpt lat="35.68356480" lon="139.77711764"><ele>52.589</ele><time>2026-10-04T05:58:52Z</time><sat>34</sat></trkpt>
  <trkpt lat="35.68362424" lon="139.77718046"><ele>46.487</ele><time>2026-10-04T05:58:58Z</time><sat>33</sat></trkpt>
  <trkpt lat="35.68369192" lon="139.77722003"><ele>46.445</ele><time>2026-10-04T05:59:04Z</time><sat>34</sat></trkpt>
  <trkpt lat="35.68376863" lon="139.77721832"><ele>41.882</ele><time>2026-10-04T05:59:10Z</time><sat>31</sat></trkpt>
  <trkpt lat="35.68381639" lon="139.77721394"><ele>42.891</ele><time>2026-10-04T05:59:13Z</time><sat>34</sat></trkpt>
  <trkpt lat="35.68387741" lon="139.77719890"><ele>42.186</ele><time>2026-10-04T05:59:19Z</time><sat>30</sat></trkpt>
  <trkpt lat="35.68394815" lon="139.77720684"><ele>43.453</ele><time>2026-10-04T05:59:25Z</time><sat>30</sat></trkpt>
  <trkpt lat="35.68401751" lon="139.77718912"><ele>44.578</ele><time>2026-10-04T05:59:31Z</time><sat>34</sat></trkpt>
  <trkpt lat="35.68409192" lon="139.77720735"><ele>43.810</ele><time>2026-10-04T05:59:37Z</time><sat>30</sat></trkpt>
  <trkpt lat="35.68417027" lon="139.77717711"><ele>44.161</ele><time>2026-10-04T05:59:43Z</time><sat>31</sat></trkpt>
  <trkpt lat="35.68423225" lon="139.77717370"><ele>42.883</ele><time>2026-10-04T05:59:49Z</time><sat>34</sat></trkpt>
  <trkpt lat="35.68424697" lon="139.77719125"><ele>46.588</ele><time>2026-10-04T06:00:01Z</time><sat>35</sat></trkpt>
  <trkpt lat="35.68425194" lon="139.77719331"><ele>43.079</ele><time>2026-10-04T06:00:04Z</time><sat>32</sat></trkpt>
  <trkpt lat="35.68428337" lon="139.77716737"><ele>41.130</ele><time>2026-10-04T06:00:07Z</time><sat>33</sat></trkpt>
  <trkpt lat="35.68435170" lon="139.77712473"><ele>42.063</ele><time>2026-10-04T06:00:13Z</time><sat>37</sat></trkpt>
  <trkpt lat="35.68438222" lon="139.77711754"><ele>43.426</ele><time>2026-10-04T06:00:16Z</time><sat>34</sat></trkpt>
  <trkpt lat="35.68441049" lon="139.77709984"><ele>45.358</ele><time>2026-10-04T06:00:19Z</time><sat>35</sat></trkpt>
  <trkpt lat="35.68445154" lon="139.77706616"><ele>44.332</ele><time>2026-10-04T06:00:22Z</time><sat>36</sat></trkpt>
  <trkpt lat="35.68451138" lon="139.77702747"><ele>48.862</ele><time>2026-10-04T06:00:28Z</time><sat>37</sat></trkpt>
  <trkpt lat="35.68455009" lon="139.77699742"><ele>50.846</ele><time>2026-10-04T06:00:31Z</time><sat>37</sat></trkpt>
  <trkpt lat="35.68459831" lon="139.77700589"><ele>51.071</ele><time>2026-10-04T06:00:37Z</time><sat>36</sat></trkpt>
  <trkpt lat="35.68460296" lon="139.77710425"><ele>49.126</ele><time>2026-10-04T06:00:46Z</time><sat>30</sat></trkpt>
  <trkpt lat="35.68459306" lon="139.77714299"><ele>46.022</ele><time>2026-10-04T06:00:49Z</time><sat>32</sat></trkpt>
  <trkpt lat="35.68462230" lon="139.77718105"><ele>46.539</ele><time>2026-10-04T06:00:52Z</time><sat>32</sat></trkpt>
  <trkpt lat="35.68466377" lon="139.77723274"><ele>47.681</ele><time>2026-10-04T06:00:55Z</time><sat>29</sat></trkpt>
  <trkpt lat="35.68469569" lon="139.77725828"><ele>49.186</ele><time>2026-10-04T06:00:58Z</time><sat>33</sat></trkpt>
  <trkpt lat="35.68473803" lon="139.77727208"><ele>53.833</ele><time>2026-10-04T06:01:01Z</time><sat>36</sat></trkpt>
  <trkpt lat="35.68480014" lon="139.77725676"><ele>56.072</ele><time>2026-10-04T06:01:07Z</time><sat>30</sat></trkpt>
  <trkpt lat="35.68482461" lon="139.77725041"><ele>58.469</ele><time>2026-10-04T06:01:19Z</time><sat>32</sat></trkpt>
  <trkpt lat="35.68483251" lon="139.77724666"><ele>59.752</ele><time>2026-10-04T06:01:28Z</time><sat>34</sat></trkpt>
  <trkpt lat="35.68483825" lon="139.77724231"><ele>61.140</ele><time>2026-10-04T06:01:31Z</time><sat>34</sat></trkpt>
  <trkpt lat="35.68485407" lon="139.77722823"><ele>62.149</ele><time>2026-10-04T06:01:36Z</time><sat>33</sat></trkpt>
  <trkpt lat="35.68487046" lon="139.77722795"><ele>61.547</ele><time>2026-10-04T06:01:41Z</time><sat>33</sat></trkpt>
  <trkpt lat="35.68488952" lon="139.77722186"><ele>62.985</ele><time>2026-10-04T06:01:44Z</time><sat>32</sat></trkpt>
  <trkpt lat="35.68489361" lon="139.77722059"><ele>63.794</ele><time>2026-10-04T06:01:47Z</time><sat>34</sat></trkpt>
  <trkpt lat="35.68490792" lon="139.77720983"><ele>64.919</ele><time>2026-10-04T06:01:50Z</time><sat>37</sat></trkpt>
  <trkpt lat="35.68491877" lon="139.77719826"><ele>65.821</ele><time>2026-10-04T06:02:02Z</time><sat>36</sat></trkpt>
  <trkpt lat="35.68491896" lon="139.77719831"><ele>65.819</ele><time>2026-10-04T06:02:11Z</time><sat>31</sat></trkpt>
  <trkpt lat="35.68491999" lon="139.77719538"><ele>66.401</ele><time>2026-10-04T06:02:14Z</time><sat>31</sat></trkpt>
  <trkpt lat="35.68492053" lon="139.77719209"><ele>65.943</ele><time>2026-10-04T06:02:17Z</time><sat>30</sat></trkpt>
  <trkpt lat="35.68492195" lon="139.77718971"><ele>67.212</ele><time>2026-10-04T06:02:29Z</time><sat>27</sat></trkpt>
  <trkpt lat="35.68494474" lon="139.77718401"><ele>63.522</ele><time>2026-10-04T06:02:32Z</time><sat>34</sat></trkpt>
  <trkpt lat="35.68497169" lon="139.77716710"><ele>63.086</ele><time>2026-10-04T06:02:35Z</time><sat>33</sat></trkpt>
  <trkpt lat="35.68498175" lon="139.77713540"><ele>64.443</ele><time>2026-10-04T06:02:38Z</time><sat>32</sat></trkpt>
  <trkpt lat="35.68493313" lon="139.77711760"><ele>60.436</ele><time>2026-10-04T06:02:47Z</time><sat>37</sat></trkpt>
  <trkpt lat="35.68492803" lon="139.77717523"><ele>61.127</ele><time>2026-10-04T06:02:50Z</time><sat>36</sat></trkpt>
  <trkpt lat="35.68491877" lon="139.77723488"><ele>62.010</ele><time>2026-10-04T06:02:53Z</time><sat>37</sat></trkpt>
  <trkpt lat="35.68491624" lon="139.77731175"><ele>60.034</ele><time>2026-10-04T06:02:56Z</time><sat>31</sat></trkpt>
  <trkpt lat="35.68491970" lon="139.77736966"><ele>61.785</ele><time>2026-10-04T06:02:59Z</time><sat>36</sat></trkpt>
  <trkpt lat="35.68490457" lon="139.77747171"><ele>66.428</ele><time>2026-10-04T06:03:05Z</time><sat>37</sat></trkpt>
  <trkpt lat="35.68489727" lon="139.77757415"><ele>67.353</ele><time>2026-10-04T06:03:11Z</time><sat>34</sat></trkpt>
  <trkpt lat="35.68491045" lon="139.77766504"><ele>69.955</ele><time>2026-10-04T06:03:17Z</time><sat>36</sat></trkpt>
  <trkpt lat="35.68490759" lon="139.77773229"><ele>70.565</ele><time>2026-10-04T06:03:23Z</time><sat>36</sat></trkpt>
  <trkpt lat="35.68489766" lon="139.77781523"><ele>76.964</ele><time>2026-10-04T06:03:29Z</time><sat>37</sat></trkpt>
  <trkpt lat="35.68487750" lon="139.77792763"><ele>78.770</ele><time>2026-10-04T06:03:35Z</time><sat>38</sat></trkpt>
  <trkpt lat="35.68489044" lon="139.77801739"><ele>76.436</ele><time>2026-10-04T06:03:41Z</time><sat>37</sat></trkpt>
  <trkpt lat="35.68488916" lon="139.77811727"><ele>72.010</ele><time>2026-10-04T06:03:47Z</time><sat>39</sat></trkpt>
  <trkpt lat="35.68487953" lon="139.77818511"><ele>71.228</ele><time>2026-10-04T06:03:50Z</time><sat>38</sat></trkpt>
  <trkpt lat="35.68488501" lon="139.77824816"><ele>68.401</ele><time>2026-10-04T06:03:53Z</time><sat>36</sat></trkpt>
  <trkpt lat="35.68490240" lon="139.77834095"><ele>65.897</ele><time>2026-10-04T06:03:59Z</time><sat>37</sat></trkpt>
  <trkpt lat="35.68492583" lon="139.77842193"><ele>64.529</ele><time>2026-10-04T06:04:05Z</time><sat>38</sat></trkpt>
  <trkpt lat="35.68489492" lon="139.77848375"><ele>64.018</ele><time>2026-10-04T06:04:11Z</time><sat>39</sat></trkpt>
  <trkpt lat="35.68488707" lon="139.77856793"><ele>69.650</ele><time>2026-10-04T06:04:20Z</time><sat>38</sat></trkpt>
  <trkpt lat="35.68488684" lon="139.77862493"><ele>73.998</ele><time>2026-10-04T06:04:26Z</time><sat>38</sat></trkpt>
  <trkpt lat="35.68484988" lon="139.77867764"><ele>81.177</ele><time>2026-10-04T06:04:32Z</time><sat>37</sat></trkpt>
  <trkpt lat="35.68485169" lon="139.77874029"><ele>91.689</ele><time>2026-10-04T06:04:41Z</time><sat>38</sat></trkpt>
  <trkpt lat="35.68489749" lon="139.77882969"><ele>100.549</ele><time>2026-10-04T06:04:47Z</time><sat>37</sat></trkpt>
  <trkpt lat="35.68492158" lon="139.77887737"><ele>103.418</ele><time>2026-10-04T06:04:50Z</time><sat>37</sat></trkpt>
  <trkpt lat="35.68491897" lon="139.77895533"><ele>95.832</ele><time>2026-10-04T06:04:53Z</time><sat>35</sat></trkpt>
  <trkpt lat="35.68492387" lon="139.77903129"><ele>87.930</ele><time>2026-10-04T06:04:56Z</time><sat>35</sat></trkpt>
  <trkpt lat="35.68493624" lon="139.77914047"><ele>84.391</ele><time>2026-10-04T06:05:02Z</time><sat>35</sat></trkpt>
  <trkpt lat="35.68496149" lon="139.77923389"><ele>82.956</ele><time>2026-10-04T06:05:08Z</time><sat>34</sat></trkpt>
  <trkpt lat="35.68496955" lon="139.77930454"><ele>73.839</ele><time>2026-10-04T06:05:14Z</time><sat>36</sat></trkpt>
  <trkpt lat="35.68500761" lon="139.77937681"><ele>71.886</ele><time>2026-10-04T06:05:20Z</time><sat>34</sat></trkpt>
  <trkpt lat="35.68503508" lon="139.77946613"><ele>75.906</ele><time>2026-10-04T06:05:26Z</time><sat>31</sat></trkpt>
  <trkpt lat="35.68507514" lon="139.77953470"><ele>78.976</ele><time>2026-10-04T06:05:32Z</time><sat>27</sat></trkpt>
  <trkpt lat="35.68513385" lon="139.77957730"><ele>74.769</ele><time>2026-10-04T06:05:38Z</time><sat>36</sat></trkpt>
  <trkpt lat="35.68514152" lon="139.77965177"><ele>73.190</ele><time>2026-10-04T06:05:50Z</time><sat>34</sat></trkpt>
  <trkpt lat="35.68513294" lon="139.77972366"><ele>76.188</ele><time>2026-10-04T06:05:56Z</time><sat>31</sat></trkpt>
  <trkpt lat="35.68512994" lon="139.77980357"><ele>76.560</ele><time>2026-10-04T06:06:02Z</time><sat>34</sat></trkpt>
  <trkpt lat="35.68514929" lon="139.77986796"><ele>77.156</ele><time>2026-10-04T06:06:08Z</time><sat>35</sat></trkpt>
  <trkpt lat="35.68517180" lon="139.77994734"><ele>78.394</ele><time>2026-10-04T06:06:14Z</time><sat>36</sat></trkpt>
  <trkpt lat="35.68516207" lon="139.78001753"><ele>76.957</ele><time>2026-10-04T06:06:20Z</time><sat>33</sat></trkpt>
  <trkpt lat="35.68515864" lon="139.78007297"><ele>75.422</ele><time>2026-10-04T06:06:23Z</time><sat>33</sat></trkpt>
  <trkpt lat="35.68518799" lon="139.78017074"><ele>72.667</ele><time>2026-10-04T06:06:29Z</time><sat>30</sat></trkpt>
  <trkpt lat="35.68525211" lon="139.78020876"><ele>74.320</ele><time>2026-10-04T06:06:35Z</time><sat>34</sat></trkpt>
  <trkpt lat="35.68529901" lon="139.78019682"><ele>73.515</ele><time>2026-10-04T06:06:38Z</time><sat>31</sat></trkpt>
  <trkpt lat="35.68534304" lon="139.78026337"><ele>74.571</ele><time>2026-10-04T06:06:44Z</time><sat>35</sat></trkpt>
  <trkpt lat="35.68535258" lon="139.78038413"><ele>69.313</ele><time>2026-10-04T06:06:50Z</time><sat>32</sat></trkpt>
  <trkpt lat="35.68537063" lon="139.78044011"><ele>70.832</ele><time>2026-10-04T06:06:53Z</time><sat>32</sat></trkpt>
  <trkpt lat="35.68538287" lon="139.78052301"><ele>74.150</ele><time>2026-10-04T06:06:59Z</time><sat>34</sat></trkpt>
  <trkpt lat="35.68539290" lon="139.78061893"><ele>72.929</ele><time>2026-10-04T06:07:05Z</time><sat>32</sat></trkpt>
  <trkpt lat="35.68540912" lon="139.78068696"><ele>71.463</ele><time>2026-10-04T06:07:11Z</time><sat>26</sat></trkpt>
  <trkpt lat="35.68543324" lon="139.78075721"><ele>69.026</ele><time>2026-10-04T06:07:17Z</time><sat>35</sat></trkpt>
  <trkpt lat="35.68544732" lon="139.78082333"><ele>67.998</ele><time>2026-10-04T06:07:23Z</time><sat>33</sat></trkpt>
  <trkpt lat="35.68550710" lon="139.78088903"><ele>62.239</ele><time>2026-10-04T06:07:29Z</time><sat>34</sat></trkpt>
  <trkpt lat="35.68553402" lon="139.78094996"><ele>62.329</ele><time>2026-10-04T06:07:32Z</time><sat>34</sat></trkpt>
  <trkpt lat="35.68556342" lon="139.78100070"><ele>64.707</ele><time>2026-10-04T06:07:35Z</time><sat>32</sat></trkpt>
  <trkpt lat="35.68559780" lon="139.78108160"><ele>58.834</ele><time>2026-10-04T06:07:41Z</time><sat>38</sat></trkpt>
  <trkpt lat="35.68567870" lon="139.78106508"><ele>55.673</ele><time>2026-10-04T06:07:50Z</time><sat>39</sat></trkpt>
  <trkpt lat="35.68574457" lon="139.78103885"><ele>54.937</ele><time>2026-10-04T06:07:56Z</time><sat>37</sat></trkpt>
  <trkpt lat="35.68579541" lon="139.78109080"><ele>52.686</ele><time>2026-10-04T06:08:02Z</time><sat>37</sat></trkpt>
  <trkpt lat="35.68582792" lon="139.78116588"><ele>57.548</ele><time>2026-10-04T06:08:08Z</time><sat>33</sat></trkpt>
  <trkpt lat="35.68585492" lon="139.78123348"><ele>66.293</ele><time>2026-10-04T06:08:14Z</time><sat>35</sat></trkpt>
  <trkpt lat="35.68587939" lon="139.78132864"><ele>59.950</ele><time>2026-10-04T06:08:20Z</time><sat>31</sat></trkpt>
  <trkpt lat="35.68589909" lon="139.78139057"><ele>56.723</ele><time>2026-10-04T06:08:26Z</time><sat>36</sat></trkpt>
  <trkpt lat="35.68590473" lon="139.78142686"><ele>59.330</ele><time>2026-10-04T06:08:29Z</time><sat>36</sat></trkpt>
  <trkpt lat="35.68589846" lon="139.78145739"><ele>59.834</ele><time>2026-10-04T06:08:32Z</time><sat>38</sat></trkpt>
  <trkpt lat="35.68589310" lon="139.78146476"><ele>60.004</ele><time>2026-10-04T06:08:38Z</time><sat>33</sat></trkpt>
  <trkpt lat="35.68588669" lon="139.78146984"><ele>59.324</ele><time>2026-10-04T06:08:42Z</time><sat>36</sat></trkpt>
  <trkpt lat="35.68584508" lon="139.78139548"><ele>59.102</ele><time>2026-10-04T06:08:48Z</time><sat>35</sat></trkpt>
  <trkpt lat="35.68579408" lon="139.78133919"><ele>59.493</ele><time>2026-10-04T06:08:54Z</time><sat>27</sat></trkpt>
  <trkpt lat="35.68575055" lon="139.78131697"><ele>61.566</ele><time>2026-10-04T06:08:57Z</time><sat>25</sat></trkpt>
  <trkpt lat="35.68571216" lon="139.78131687"><ele>60.574</ele><time>2026-10-04T06:09:00Z</time><sat>30</sat></trkpt>
  <trkpt lat="35.68568953" lon="139.78131621"><ele>60.580</ele><time>2026-10-04T06:09:03Z</time><sat>32</sat></trkpt>
  <trkpt lat="35.68568522" lon="139.78131404"><ele>60.345</ele><time>2026-10-04T06:09:06Z</time><sat>14</sat></trkpt>
  <trkpt lat="35.68568732" lon="139.78131250"><ele>59.780</ele><time>2026-10-04T06:09:09Z</time><sat>5</sat></trkpt>
  <trkpt lat="35.68568472" lon="139.78125695"><ele>64.863</ele><time>2026-10-04T06:09:12Z</time><sat>9</sat></trkpt>
  <trkpt lat="35.68573637" lon="139.78134534"><ele>73.894</ele><time>2026-10-04T06:09:21Z</time><sat>33</sat></trkpt>
  <trkpt lat="35.68580566" lon="139.78142323"><ele>64.964</ele><time>2026-10-04T06:09:27Z</time><sat>32</sat></trkpt>
  <trkpt lat="35.68583785" lon="139.78148017"><ele>63.913</ele><time>2026-10-04T06:09:33Z</time><sat>35</sat></trkpt>
  <trkpt lat="35.68586926" lon="139.78151983"><ele>63.669</ele><time>2026-10-04T06:09:36Z</time><sat>37</sat></trkpt>
  <trkpt lat="35.68592440" lon="139.78165134"><ele>63.995</ele><time>2026-10-04T06:09:44Z</time><sat>36</sat></trkpt>
  <trkpt lat="35.68593980" lon="139.78173971"><ele>64.173</ele><time>2026-10-04T06:09:50Z</time><sat>37</sat></trkpt>
  <trkpt lat="35.68598928" lon="139.78175549"><ele>63.495</ele><time>2026-10-04T06:09:53Z</time><sat>39</sat></trkpt>
  <trkpt lat="35.68604100" lon="139.78177025"><ele>62.521</ele><time>2026-10-04T06:09:56Z</time><sat>39</sat></trkpt>
  <trkpt lat="35.68608898" lon="139.78182036"><ele>59.447</ele><time>2026-10-04T06:10:02Z</time><sat>38</sat></trkpt>
  <trkpt lat="35.68609442" lon="139.78189145"><ele>57.474</ele><time>2026-10-04T06:10:08Z</time><sat>36</sat></trkpt>
  <trkpt lat="35.68608903" lon="139.78199336"><ele>59.971</ele><time>2026-10-04T06:10:14Z</time><sat>36</sat></trkpt>
  <trkpt lat="35.68611643" lon="139.78207508"><ele>62.675</ele><time>2026-10-04T06:10:20Z</time><sat>33</sat></trkpt>
  <trkpt lat="35.68617228" lon="139.78215403"><ele>63.856</ele><time>2026-10-04T06:10:26Z</time><sat>35</sat></trkpt>
  <trkpt lat="35.68622197" lon="139.78219279"><ele>66.820</ele><time>2026-10-04T06:10:32Z</time><sat>35</sat></trkpt>
  <trkpt lat="35.68628748" lon="139.78211828"><ele>69.131</ele><time>2026-10-04T06:10:41Z</time><sat>38</sat></trkpt>
  <trkpt lat="35.68631239" lon="139.78211373"><ele>68.840</ele><time>2026-10-04T06:10:44Z</time><sat>34</sat></trkpt>
  <trkpt lat="35.68634888" lon="139.78210411"><ele>67.193</ele><time>2026-10-04T06:10:56Z</time><sat>37</sat></trkpt>
  <trkpt lat="35.68635426" lon="139.78209962"><ele>67.272</ele><time>2026-10-04T06:11:08Z</time><sat>31</sat></trkpt>
  <trkpt lat="35.68634710" lon="139.78210556"><ele>67.610</ele><time>2026-10-04T06:11:11Z</time><sat>36</sat></trkpt>
  <trkpt lat="35.68627626" lon="139.78211355"><ele>60.226</ele><time>2026-10-04T06:11:20Z</time><sat>37</sat></trkpt>
  <trkpt lat="35.68621829" lon="139.78214987"><ele>57.159</ele><time>2026-10-04T06:11:26Z</time><sat>36</sat></trkpt>
  <trkpt lat="35.68616679" lon="139.78221382"><ele>54.422</ele><time>2026-10-04T06:11:32Z</time><sat>37</sat></trkpt>
  <trkpt lat="35.68613480" lon="139.78228733"><ele>51.725</ele><time>2026-10-04T06:11:38Z</time><sat>37</sat></trkpt>
  <trkpt lat="35.68609217" lon="139.78235543"><ele>51.492</ele><time>2026-10-04T06:11:44Z</time><sat>36</sat></trkpt>
  <trkpt lat="35.68603708" lon="139.78240517"><ele>50.841</ele><time>2026-10-04T06:11:50Z</time><sat>33</sat></trkpt>
  <trkpt lat="35.68598393" lon="139.78245217"><ele>50.894</ele><time>2026-10-04T06:11:56Z</time><sat>34</sat></trkpt>
  <trkpt lat="35.68593944" lon="139.78251123"><ele>50.220</ele><time>2026-10-04T06:12:02Z</time><sat>38</sat></trkpt>
  <trkpt lat="35.68588377" lon="139.78255348"><ele>50.060</ele><time>2026-10-04T06:12:08Z</time><sat>35</sat></trkpt>
  <trkpt lat="35.68583599" lon="139.78260490"><ele>50.053</ele><time>2026-10-04T06:12:14Z</time><sat>38</sat></trkpt>
  <trkpt lat="35.68579046" lon="139.78263705"><ele>49.048</ele><time>2026-10-04T06:12:20Z</time><sat>37</sat></trkpt>
  <trkpt lat="35.68573777" lon="139.78266375"><ele>47.964</ele><time>2026-10-04T06:12:29Z</time><sat>36</sat></trkpt>
  <trkpt lat="35.68569196" lon="139.78272332"><ele>47.236</ele><time>2026-10-04T06:12:35Z</time><sat>37</sat></trkpt>
  <trkpt lat="35.68563845" lon="139.78276519"><ele>47.809</ele><time>2026-10-04T06:12:41Z</time><sat>34</sat></trkpt>
  <trkpt lat="35.68558597" lon="139.78281807"><ele>48.510</ele><time>2026-10-04T06:12:47Z</time><sat>35</sat></trkpt>
  <trkpt lat="35.68558167" lon="139.78289104"><ele>47.925</ele><time>2026-10-04T06:12:56Z</time><sat>37</sat></trkpt>
  <trkpt lat="35.68561774" lon="139.78293485"><ele>46.961</ele><time>2026-10-04T06:12:59Z</time><sat>38</sat></trkpt>
  <trkpt lat="35.68567065" lon="139.78300324"><ele>45.820</ele><time>2026-10-04T06:13:05Z</time><sat>40</sat></trkpt>
  <trkpt lat="35.68573469" lon="139.78297786"><ele>46.078</ele><time>2026-10-04T06:13:11Z</time><sat>39</sat></trkpt>
  <trkpt lat="35.68578678" lon="139.78292336"><ele>46.426</ele><time>2026-10-04T06:13:17Z</time><sat>38</sat></trkpt>
  <trkpt lat="35.68583857" lon="139.78287352"><ele>46.627</ele><time>2026-10-04T06:13:23Z</time><sat>37</sat></trkpt>
  <trkpt lat="35.68588911" lon="139.78282694"><ele>46.710</ele><time>2026-10-04T06:13:29Z</time><sat>38</sat></trkpt>
  <trkpt lat="35.68593259" lon="139.78277669"><ele>46.361</ele><time>2026-10-04T06:13:35Z</time><sat>37</sat></trkpt>
  <trkpt lat="35.68598033" lon="139.78274135"><ele>46.309</ele><time>2026-10-04T06:13:41Z</time><sat>39</sat></trkpt>
  <trkpt lat="35.68601958" lon="139.78269145"><ele>47.721</ele><time>2026-10-04T06:13:47Z</time><sat>38</sat></trkpt>
  <trkpt lat="35.68606350" lon="139.78263563"><ele>47.243</ele><time>2026-10-04T06:13:53Z</time><sat>37</sat></trkpt>
  <trkpt lat="35.68611969" lon="139.78259240"><ele>47.737</ele><time>2026-10-04T06:13:59Z</time><sat>39</sat></trkpt>
  <trkpt lat="35.68619764" lon="139.78254383"><ele>48.470</ele><time>2026-10-04T06:14:07Z</time><sat>38</sat></trkpt>
  <trkpt lat="35.68624471" lon="139.78250526"><ele>48.026</ele><time>2026-10-04T06:14:13Z</time><sat>39</sat></trkpt>
  <trkpt lat="35.68628690" lon="139.78247174"><ele>49.189</ele><time>2026-10-04T06:14:19Z</time><sat>38</sat></trkpt>
  <trkpt lat="35.68633725" lon="139.78245423"><ele>50.251</ele><time>2026-10-04T06:14:25Z</time><sat>38</sat></trkpt>
  <trkpt lat="35.68636402" lon="139.78251349"><ele>48.492</ele><time>2026-10-04T06:14:28Z</time><sat>39</sat></trkpt>
  <trkpt lat="35.68640500" lon="139.78256930"><ele>49.499</ele><time>2026-10-04T06:14:31Z</time><sat>39</sat></trkpt>
  <trkpt lat="35.68647285" lon="139.78263732"><ele>47.364</ele><time>2026-10-04T06:14:37Z</time><sat>33</sat></trkpt>
  <trkpt lat="35.68652555" lon="139.78270708"><ele>44.967</ele><time>2026-10-04T06:14:43Z</time><sat>31</sat></trkpt>
  <trkpt lat="35.68655393" lon="139.78275242"><ele>46.070</ele><time>2026-10-04T06:14:46Z</time><sat>30</sat></trkpt>
  <trkpt lat="35.68659198" lon="139.78282495"><ele>46.325</ele><time>2026-10-04T06:14:52Z</time><sat>32</sat></trkpt>
  <trkpt lat="35.68661881" lon="139.78295033"><ele>50.188</ele><time>2026-10-04T06:14:58Z</time><sat>35</sat></trkpt>
  <trkpt lat="35.68666643" lon="139.78303739"><ele>50.421</ele><time>2026-10-04T06:15:04Z</time><sat>28</sat></trkpt>
  <trkpt lat="35.68673309" lon="139.78309132"><ele>50.256</ele><time>2026-10-04T06:15:10Z</time><sat>19</sat></trkpt>
  <trkpt lat="35.68677298" lon="139.78311747"><ele>50.110</ele><time>2026-10-04T06:15:13Z</time><sat>17</sat></trkpt>
  <trkpt lat="35.68682163" lon="139.78313958"><ele>49.595</ele><time>2026-10-04T06:15:16Z</time><sat>16</sat></trkpt>
  <trkpt lat="35.68685916" lon="139.78319046"><ele>49.406</ele><time>2026-10-04T06:15:19Z</time><sat>15</sat></trkpt>
  <trkpt lat="35.68689655" lon="139.78324183"><ele>49.220</ele><time>2026-10-04T06:15:25Z</time><sat>28</sat></trkpt>
  <trkpt lat="35.68695247" lon="139.78324070"><ele>49.253</ele><time>2026-10-04T06:15:28Z</time><sat>19</sat></trkpt>
  <trkpt lat="35.68701506" lon="139.78323545"><ele>50.035</ele><time>2026-10-04T06:15:31Z</time><sat>28</sat></trkpt>
  <trkpt lat="35.68706705" lon="139.78324670"><ele>50.508</ele><time>2026-10-04T06:15:34Z</time><sat>30</sat></trkpt>
  <trkpt lat="35.68709900" lon="139.78328777"><ele>52.257</ele><time>2026-10-04T06:15:37Z</time><sat>30</sat></trkpt>
  <trkpt lat="35.68708200" lon="139.78338620"><ele>51.301</ele><time>2026-10-04T06:15:43Z</time><sat>30</sat></trkpt>
  <trkpt lat="35.68705528" lon="139.78344347"><ele>50.546</ele><time>2026-10-04T06:15:46Z</time><sat>38</sat></trkpt>
  <trkpt lat="35.68700307" lon="139.78349639"><ele>46.641</ele><time>2026-10-04T06:15:49Z</time><sat>38</sat></trkpt>
  <trkpt lat="35.68702490" lon="139.78357722"><ele>46.208</ele><time>2026-10-04T06:15:55Z</time><sat>37</sat></trkpt>
  <trkpt lat="35.68708896" lon="139.78362224"><ele>45.723</ele><time>2026-10-04T06:16:01Z</time><sat>28</sat></trkpt>
  <trkpt lat="35.68715211" lon="139.78363155"><ele>46.950</ele><time>2026-10-04T06:16:07Z</time><sat>29</sat></trkpt>
  <trkpt lat="35.68722214" lon="139.78368548"><ele>48.362</ele><time>2026-10-04T06:16:13Z</time><sat>23</sat></trkpt>
  <trkpt lat="35.68728504" lon="139.78375480"><ele>48.252</ele><time>2026-10-04T06:16:19Z</time><sat>20</sat></trkpt>
  <trkpt lat="35.68732545" lon="139.78382366"><ele>49.412</ele><time>2026-10-04T06:16:25Z</time><sat>22</sat></trkpt>
  <trkpt lat="35.68736640" lon="139.78384945"><ele>48.787</ele><time>2026-10-04T06:16:28Z</time><sat>21</sat></trkpt>
  <trkpt lat="35.68741524" lon="139.78391545"><ele>49.912</ele><time>2026-10-04T06:16:34Z</time><sat>24</sat></trkpt>
  <trkpt lat="35.68742356" lon="139.78399094"><ele>51.455</ele><time>2026-10-04T06:16:37Z</time><sat>23</sat></trkpt>
  <trkpt lat="35.68745467" lon="139.78403808"><ele>50.271</ele><time>2026-10-04T06:16:40Z</time><sat>21</sat></trkpt>
  <trkpt lat="35.68752058" lon="139.78406658"><ele>50.149</ele><time>2026-10-04T06:16:43Z</time><sat>21</sat></trkpt>
  <trkpt lat="35.68752760" lon="139.78415041"><ele>51.766</ele><time>2026-10-04T06:16:52Z</time><sat>24</sat></trkpt>
  <trkpt lat="35.68756181" lon="139.78421813"><ele>51.106</ele><time>2026-10-04T06:16:58Z</time><sat>25</sat></trkpt>
  <trkpt lat="35.68757832" lon="139.78427429"><ele>52.129</ele><time>2026-10-04T06:17:01Z</time><sat>22</sat></trkpt>
  <trkpt lat="35.68762797" lon="139.78429404"><ele>52.080</ele><time>2026-10-04T06:17:04Z</time><sat>23</sat></trkpt>
  <trkpt lat="35.68767730" lon="139.78431008"><ele>51.272</ele><time>2026-10-04T06:17:07Z</time><sat>24</sat></trkpt>
  <trkpt lat="35.68772142" lon="139.78433328"><ele>49.855</ele><time>2026-10-04T06:17:10Z</time><sat>20</sat></trkpt>
  <trkpt lat="35.68778262" lon="139.78434566"><ele>47.924</ele><time>2026-10-04T06:17:13Z</time><sat>20</sat></trkpt>
  <trkpt lat="35.68786190" lon="139.78436609"><ele>50.413</ele><time>2026-10-04T06:17:19Z</time><sat>29</sat></trkpt>
  <trkpt lat="35.68789759" lon="139.78441887"><ele>47.912</ele><time>2026-10-04T06:17:25Z</time><sat>25</sat></trkpt>
  <trkpt lat="35.68789262" lon="139.78452676"><ele>47.557</ele><time>2026-10-04T06:17:34Z</time><sat>35</sat></trkpt>
  <trkpt lat="35.68786573" lon="139.78459993"><ele>47.257</ele><time>2026-10-04T06:17:37Z</time><sat>29</sat></trkpt>
  <trkpt lat="35.68784736" lon="139.78469002"><ele>48.700</ele><time>2026-10-04T06:17:43Z</time><sat>24</sat></trkpt>
  <trkpt lat="35.68785739" lon="139.78475224"><ele>50.737</ele><time>2026-10-04T06:17:49Z</time><sat>38</sat></trkpt>
  <trkpt lat="35.68788388" lon="139.78481161"><ele>50.874</ele><time>2026-10-04T06:17:55Z</time><sat>37</sat></trkpt>
  <trkpt lat="35.68788487" lon="139.78483447"><ele>50.579</ele><time>2026-10-04T06:17:58Z</time><sat>35</sat></trkpt>
  <trkpt lat="35.68787854" lon="139.78484356"><ele>48.814</ele><time>2026-10-04T06:18:04Z</time><sat>36</sat></trkpt>
  <trkpt lat="35.68787196" lon="139.78484817"><ele>48.470</ele><time>2026-10-04T06:18:07Z</time><sat>36</sat></trkpt>
  <trkpt lat="35.68791068" lon="139.78491266"><ele>47.865</ele><time>2026-10-04T06:18:13Z</time><sat>37</sat></trkpt>
  <trkpt lat="35.68796570" lon="139.78490135"><ele>46.126</ele><time>2026-10-04T06:18:19Z</time><sat>37</sat></trkpt>
  <trkpt lat="35.68803811" lon="139.78484711"><ele>46.213</ele><time>2026-10-04T06:18:25Z</time><sat>36</sat></trkpt>
  <trkpt lat="35.68808679" lon="139.78484616"><ele>44.615</ele><time>2026-10-04T06:18:31Z</time><sat>38</sat></trkpt>
  <trkpt lat="35.68811457" lon="139.78491197"><ele>44.407</ele><time>2026-10-04T06:18:37Z</time><sat>37</sat></trkpt>
  <trkpt lat="35.68812232" lon="139.78496649"><ele>45.186</ele><time>2026-10-04T06:18:40Z</time><sat>35</sat></trkpt>
  <trkpt lat="35.68816148" lon="139.78506354"><ele>47.856</ele><time>2026-10-04T06:18:46Z</time><sat>38</sat></trkpt>
  <trkpt lat="35.68818653" lon="139.78511119"><ele>46.815</ele><time>2026-10-04T06:18:49Z</time><sat>36</sat></trkpt>
  <trkpt lat="35.68824333" lon="139.78517211"><ele>50.375</ele><time>2026-10-04T06:18:55Z</time><sat>39</sat></trkpt>
  <trkpt lat="35.68828859" lon="139.78521476"><ele>49.616</ele><time>2026-10-04T06:19:01Z</time><sat>37</sat></trkpt>
  <trkpt lat="35.68832986" lon="139.78527245"><ele>48.506</ele><time>2026-10-04T06:19:10Z</time><sat>40</sat></trkpt>
  <trkpt lat="35.68836953" lon="139.78531004"><ele>44.031</ele><time>2026-10-04T06:19:16Z</time><sat>40</sat></trkpt>
  <trkpt lat="35.68841451" lon="139.78535476"><ele>43.354</ele><time>2026-10-04T06:19:22Z</time><sat>39</sat></trkpt>
  <trkpt lat="35.68844445" lon="139.78544424"><ele>46.689</ele><time>2026-10-04T06:19:28Z</time><sat>41</sat></trkpt>
  <trkpt lat="35.68844330" lon="139.78551302"><ele>48.031</ele><time>2026-10-04T06:19:31Z</time><sat>39</sat></trkpt>
  <trkpt lat="35.68844195" lon="139.78558133"><ele>49.950</ele><time>2026-10-04T06:19:34Z</time><sat>37</sat></trkpt>
  <trkpt lat="35.68843553" lon="139.78569962"><ele>49.419</ele><time>2026-10-04T06:19:40Z</time><sat>38</sat></trkpt>
  <trkpt lat="35.68844747" lon="139.78577952"><ele>53.168</ele><time>2026-10-04T06:19:43Z</time><sat>34</sat></trkpt>
  <trkpt lat="35.68846085" lon="139.78584523"><ele>53.687</ele><time>2026-10-04T06:19:46Z</time><sat>36</sat></trkpt>
  <trkpt lat="35.68847387" lon="139.78590051"><ele>55.297</ele><time>2026-10-04T06:19:49Z</time><sat>37</sat></trkpt>
  <trkpt lat="35.68852021" lon="139.78595993"><ele>62.793</ele><time>2026-10-04T06:19:55Z</time><sat>35</sat></trkpt>
  <trkpt lat="35.68858847" lon="139.78595174"><ele>62.337</ele><time>2026-10-04T06:20:04Z</time><sat>39</sat></trkpt>
  <trkpt lat="35.68865209" lon="139.78589087"><ele>59.743</ele><time>2026-10-04T06:20:10Z</time><sat>38</sat></trkpt>
  <trkpt lat="35.68868693" lon="139.78585110"><ele>58.668</ele><time>2026-10-04T06:20:13Z</time><sat>38</sat></trkpt>
  <trkpt lat="35.68874165" lon="139.78585552"><ele>56.777</ele><time>2026-10-04T06:20:19Z</time><sat>39</sat></trkpt>
  <trkpt lat="35.68877941" lon="139.78595183"><ele>52.244</ele><time>2026-10-04T06:20:25Z</time><sat>38</sat></trkpt>
  <trkpt lat="35.68880992" lon="139.78602091"><ele>49.462</ele><time>2026-10-04T06:20:28Z</time><sat>39</sat></trkpt>
  <trkpt lat="35.68884178" lon="139.78607164"><ele>50.177</ele><time>2026-10-04T06:20:31Z</time><sat>37</sat></trkpt>
  <trkpt lat="35.68888516" lon="139.78617094"><ele>52.133</ele><time>2026-10-04T06:20:37Z</time><sat>36</sat></trkpt>
  <trkpt lat="35.68890684" lon="139.78622990"><ele>49.464</ele><time>2026-10-04T06:20:40Z</time><sat>35</sat></trkpt>
  <trkpt lat="35.68889806" lon="139.78631547"><ele>50.091</ele><time>2026-10-04T06:20:43Z</time><sat>34</sat></trkpt>
  <trkpt lat="35.68889984" lon="139.78640728"><ele>47.907</ele><time>2026-10-04T06:20:46Z</time><sat>34</sat></trkpt>
  <trkpt lat="35.68891269" lon="139.78646112"><ele>47.003</ele><time>2026-10-04T06:20:49Z</time><sat>35</sat></trkpt>
  <trkpt lat="35.68897234" lon="139.78649179"><ele>45.997</ele><time>2026-10-04T06:20:55Z</time><sat>34</sat></trkpt>
  <trkpt lat="35.68902339" lon="139.78648611"><ele>46.349</ele><time>2026-10-04T06:20:58Z</time><sat>35</sat></trkpt>
  <trkpt lat="35.68910112" lon="139.78650380"><ele>51.211</ele><time>2026-10-04T06:21:04Z</time><sat>37</sat></trkpt>
  <trkpt lat="35.68918018" lon="139.78648656"><ele>48.334</ele><time>2026-10-04T06:21:12Z</time><sat>27</sat></trkpt>
  <trkpt lat="35.68922724" lon="139.78654619"><ele>46.412</ele><time>2026-10-04T06:21:18Z</time><sat>23</sat></trkpt>
  <trkpt lat="35.68927857" lon="139.78660555"><ele>46.767</ele><time>2026-10-04T06:21:24Z</time><sat>29</sat></trkpt>
  <trkpt lat="35.68932246" lon="139.78667021"><ele>46.123</ele><time>2026-10-04T06:21:30Z</time><sat>31</sat></trkpt>
  <trkpt lat="35.68936613" lon="139.78674166"><ele>44.819</ele><time>2026-10-04T06:21:37Z</time><sat>28</sat></trkpt>
  <trkpt lat="35.68941129" lon="139.78679323"><ele>43.682</ele><time>2026-10-04T06:21:43Z</time><sat>25</sat></trkpt>
  <trkpt lat="35.68943744" lon="139.78687176"><ele>43.195</ele><time>2026-10-04T06:21:49Z</time><sat>32</sat></trkpt>
  <trkpt lat="35.68948490" lon="139.78692010"><ele>45.209</ele><time>2026-10-04T06:21:55Z</time><sat>36</sat></trkpt>
  <trkpt lat="35.68952295" lon="139.78698714"><ele>46.712</ele><time>2026-10-04T06:22:01Z</time><sat>36</sat></trkpt>
  <trkpt lat="35.68954348" lon="139.78705933"><ele>43.447</ele><time>2026-10-04T06:22:07Z</time><sat>31</sat></trkpt>
  <trkpt lat="35.68957951" lon="139.78714490"><ele>43.530</ele><time>2026-10-04T06:22:13Z</time><sat>32</sat></trkpt>
  <trkpt lat="35.68965078" lon="139.78719256"><ele>42.122</ele><time>2026-10-04T06:22:19Z</time><sat>32</sat></trkpt>
  <trkpt lat="35.68969076" lon="139.78728102"><ele>42.544</ele><time>2026-10-04T06:22:25Z</time><sat>15</sat></trkpt>
  <trkpt lat="35.68971737" lon="139.78735415"><ele>43.669</ele><time>2026-10-04T06:22:31Z</time><sat>16</sat></trkpt>
  <trkpt lat="35.68972164" lon="139.78748174"><ele>44.786</ele><time>2026-10-04T06:22:37Z</time><sat>23</sat></trkpt>
  <trkpt lat="35.68969170" lon="139.78756225"><ele>41.803</ele><time>2026-10-04T06:22:40Z</time><sat>29</sat></trkpt>
  <trkpt lat="35.68970680" lon="139.78764737"><ele>39.047</ele><time>2026-10-04T06:22:46Z</time><sat>31</sat></trkpt>
  <trkpt lat="35.68980028" lon="139.78762694"><ele>39.271</ele><time>2026-10-04T06:22:52Z</time><sat>27</sat></trkpt>
  <trkpt lat="35.68987520" lon="139.78757055"><ele>39.558</ele><time>2026-10-04T06:22:55Z</time><sat>27</sat></trkpt>
  <trkpt lat="35.68992550" lon="139.78757601"><ele>43.332</ele><time>2026-10-04T06:22:58Z</time><sat>22</sat></trkpt>
  <trkpt lat="35.68994679" lon="139.78766701"><ele>41.033</ele><time>2026-10-04T06:23:04Z</time><sat>27</sat></trkpt>
  <trkpt lat="35.68998208" lon="139.78772501"><ele>43.303</ele><time>2026-10-04T06:23:10Z</time><sat>38</sat></trkpt>
  <trkpt lat="35.69001466" lon="139.78778719"><ele>37.975</ele><time>2026-10-04T06:23:16Z</time><sat>32</sat></trkpt>
  <trkpt lat="35.69003061" lon="139.78788637"><ele>38.942</ele><time>2026-10-04T06:23:22Z</time><sat>37</sat></trkpt>
  <trkpt lat="35.69005513" lon="139.78796738"><ele>43.099</ele><time>2026-10-04T06:23:28Z</time><sat>36</sat></trkpt>
  <trkpt lat="35.69011113" lon="139.78802038"><ele>40.768</ele><time>2026-10-04T06:23:34Z</time><sat>29</sat></trkpt>
  <trkpt lat="35.69017576" lon="139.78805470"><ele>41.594</ele><time>2026-10-04T06:23:40Z</time><sat>25</sat></trkpt>
  <trkpt lat="35.69024107" lon="139.78809157"><ele>43.253</ele><time>2026-10-04T06:23:46Z</time><sat>27</sat></trkpt>
  <trkpt lat="35.69028536" lon="139.78815626"><ele>43.770</ele><time>2026-10-04T06:23:52Z</time><sat>31</sat></trkpt>
  <trkpt lat="35.69030164" lon="139.78814260"><ele>43.163</ele><time>2026-10-04T06:23:58Z</time><sat>31</sat></trkpt>
  <trkpt lat="35.69029747" lon="139.78812469"><ele>40.913</ele><time>2026-10-04T06:24:01Z</time><sat>31</sat></trkpt>
  <trkpt lat="35.69026118" lon="139.78811222"><ele>38.580</ele><time>2026-10-04T06:24:10Z</time><sat>31</sat></trkpt>
  <trkpt lat="35.69026087" lon="139.78812406"><ele>39.917</ele><time>2026-10-04T06:24:13Z</time><sat>31</sat></trkpt>
  <trkpt lat="35.69030907" lon="139.78818702"><ele>42.286</ele><time>2026-10-04T06:24:22Z</time><sat>36</sat></trkpt>
  <trkpt lat="35.69036263" lon="139.78820523"><ele>41.581</ele><time>2026-10-04T06:24:28Z</time><sat>36</sat></trkpt>
  <trkpt lat="35.69042561" lon="139.78822736"><ele>42.021</ele><time>2026-10-04T06:24:34Z</time><sat>28</sat></trkpt>
  <trkpt lat="35.69048018" lon="139.78820681"><ele>42.169</ele><time>2026-10-04T06:24:40Z</time><sat>29</sat></trkpt>
  <trkpt lat="35.69054752" lon="139.78818121"><ele>43.030</ele><time>2026-10-04T06:24:46Z</time><sat>27</sat></trkpt>
  <trkpt lat="35.69059126" lon="139.78820956"><ele>43.333</ele><time>2026-10-04T06:24:49Z</time><sat>21</sat></trkpt>
  <trkpt lat="35.69064924" lon="139.78821069"><ele>44.826</ele><time>2026-10-04T06:24:55Z</time><sat>22</sat></trkpt>
  <trkpt lat="35.69071175" lon="139.78824888"><ele>48.178</ele><time>2026-10-04T06:25:01Z</time><sat>20</sat></trkpt>
  <trkpt lat="35.69077073" lon="139.78823859"><ele>51.883</ele><time>2026-10-04T06:25:07Z</time><sat>20</sat></trkpt>
  <trkpt lat="35.69082565" lon="139.78820676"><ele>53.267</ele><time>2026-10-04T06:25:13Z</time><sat>20</sat></trkpt>
  <trkpt lat="35.69087953" lon="139.78819926"><ele>53.022</ele><time>2026-10-04T06:25:19Z</time><sat>21</sat></trkpt>
  <trkpt lat="35.69091938" lon="139.78817144"><ele>50.054</ele><time>2026-10-04T06:25:22Z</time><sat>24</sat></trkpt>
  <trkpt lat="35.69096761" lon="139.78812285"><ele>49.098</ele><time>2026-10-04T06:25:28Z</time><sat>27</sat></trkpt>
  <trkpt lat="35.69102554" lon="139.78806091"><ele>49.355</ele><time>2026-10-04T06:25:34Z</time><sat>22</sat></trkpt>
  <trkpt lat="35.69108320" lon="139.78805535"><ele>51.235</ele><time>2026-10-04T06:25:40Z</time><sat>21</sat></trkpt>
  <trkpt lat="35.69116537" lon="139.78805778"><ele>51.003</ele><time>2026-10-04T06:25:46Z</time><sat>20</sat></trkpt>
  <trkpt lat="35.69123154" lon="139.78801345"><ele>48.608</ele><time>2026-10-04T06:25:52Z</time><sat>21</sat></trkpt>
  <trkpt lat="35.69128419" lon="139.78795269"><ele>45.779</ele><time>2026-10-04T06:25:58Z</time><sat>21</sat></trkpt>
  <trkpt lat="35.69135489" lon="139.78792815"><ele>48.003</ele><time>2026-10-04T06:26:04Z</time><sat>20</sat></trkpt>
  <trkpt lat="35.69141903" lon="139.78789733"><ele>47.281</ele><time>2026-10-04T06:26:10Z</time><sat>23</sat></trkpt>
  <trkpt lat="35.69148220" lon="139.78786868"><ele>45.897</ele><time>2026-10-04T06:26:16Z</time><sat>29</sat></trkpt>
  <trkpt lat="35.69153562" lon="139.78781935"><ele>44.717</ele><time>2026-10-04T06:26:22Z</time><sat>27</sat></trkpt>
  <trkpt lat="35.69159305" lon="139.78781169"><ele>45.534</ele><time>2026-10-04T06:26:28Z</time><sat>25</sat></trkpt>
  <trkpt lat="35.69166369" lon="139.78778703"><ele>46.310</ele><time>2026-10-04T06:26:34Z</time><sat>24</sat></trkpt>
  <trkpt lat="35.69171577" lon="139.78774954"><ele>46.016</ele><time>2026-10-04T06:26:40Z</time><sat>23</sat></trkpt>
  <trkpt lat="35.69177918" lon="139.78776174"><ele>42.452</ele><time>2026-10-04T06:26:46Z</time><sat>23</sat></trkpt>
  <trkpt lat="35.69183581" lon="139.78776541"><ele>44.631</ele><time>2026-10-04T06:26:52Z</time><sat>24</sat></trkpt>
  <trkpt lat="35.69189953" lon="139.78774938"><ele>44.107</ele><time>2026-10-04T06:26:58Z</time><sat>30</sat></trkpt>
  <trkpt lat="35.69195939" lon="139.78770763"><ele>42.631</ele><time>2026-10-04T06:27:04Z</time><sat>33</sat></trkpt>
  <trkpt lat="35.69198922" lon="139.78770073"><ele>42.280</ele><time>2026-10-04T06:27:07Z</time><sat>33</sat></trkpt>
  <trkpt lat="35.69199412" lon="139.78769833"><ele>43.250</ele><time>2026-10-04T06:27:10Z</time><sat>32</sat></trkpt>
  <trkpt lat="35.69200546" lon="139.78768772"><ele>43.382</ele><time>2026-10-04T06:27:13Z</time><sat>33</sat></trkpt>
  <trkpt lat="35.69197281" lon="139.78768369"><ele>43.554</ele><time>2026-10-04T06:27:25Z</time><sat>33</sat></trkpt>
  <trkpt lat="35.69199183" lon="139.78767113"><ele>44.058</ele><time>2026-10-04T06:27:28Z</time><sat>33</sat></trkpt>
  <trkpt lat="35.69205179" lon="139.78765148"><ele>45.718</ele><time>2026-10-04T06:27:34Z</time><sat>34</sat></trkpt>
  <trkpt lat="35.69211441" lon="139.78764230"><ele>45.943</ele><time>2026-10-04T06:27:40Z</time><sat>36</sat></trkpt>
  <trkpt lat="35.69218414" lon="139.78762826"><ele>45.798</ele><time>2026-10-04T06:27:46Z</time><sat>40</sat></trkpt>
  <trkpt lat="35.69224881" lon="139.78762128"><ele>45.128</ele><time>2026-10-04T06:27:52Z</time><sat>40</sat></trkpt>
  <trkpt lat="35.69231106" lon="139.78762043"><ele>45.779</ele><time>2026-10-04T06:27:58Z</time><sat>39</sat></trkpt>
  <trkpt lat="35.69238428" lon="139.78762554"><ele>46.789</ele><time>2026-10-04T06:28:04Z</time><sat>39</sat></trkpt>
  <trkpt lat="35.69244889" lon="139.78761507"><ele>46.795</ele><time>2026-10-04T06:28:10Z</time><sat>39</sat></trkpt>
  <trkpt lat="35.69251879" lon="139.78761201"><ele>45.286</ele><time>2026-10-04T06:28:16Z</time><sat>38</sat></trkpt>
  <trkpt lat="35.69258882" lon="139.78760770"><ele>46.114</ele><time>2026-10-04T06:28:22Z</time><sat>38</sat></trkpt>
  <trkpt lat="35.69260446" lon="139.78760783"><ele>45.374</ele><time>2026-10-04T06:28:25Z</time><sat>37</sat></trkpt>
  <trkpt lat="35.69259961" lon="139.78761365"><ele>44.316</ele><time>2026-10-04T06:28:28Z</time><sat>34</sat></trkpt>
  <trkpt lat="35.69258673" lon="139.78762260"><ele>44.250</ele><time>2026-10-04T06:28:34Z</time><sat>35</sat></trkpt>
  <trkpt lat="35.69259500" lon="139.78762130"><ele>44.771</ele><time>2026-10-04T06:28:38Z</time><sat>34</sat></trkpt>
  <trkpt lat="35.69264977" lon="139.78761198"><ele>45.553</ele><time>2026-10-04T06:28:44Z</time><sat>39</sat></trkpt>
  <trkpt lat="35.69271609" lon="139.78760100"><ele>45.275</ele><time>2026-10-04T06:28:50Z</time><sat>38</sat></trkpt>
  <trkpt lat="35.69278027" lon="139.78760495"><ele>45.455</ele><time>2026-10-04T06:28:56Z</time><sat>38</sat></trkpt>
  <trkpt lat="35.69284676" lon="139.78758366"><ele>45.116</ele><time>2026-10-04T06:29:02Z</time><sat>35</sat></trkpt>
  <trkpt lat="35.69290906" lon="139.78755111"><ele>46.099</ele><time>2026-10-04T06:29:08Z</time><sat>33</sat></trkpt>
  <trkpt lat="35.69297858" lon="139.78753491"><ele>44.794</ele><time>2026-10-04T06:29:14Z</time><sat>34</sat></trkpt>
  <trkpt lat="35.69304361" lon="139.78752005"><ele>42.883</ele><time>2026-10-04T06:29:20Z</time><sat>30</sat></trkpt>
  <trkpt lat="35.69310047" lon="139.78751561"><ele>42.915</ele><time>2026-10-04T06:29:26Z</time><sat>29</sat></trkpt>
  <trkpt lat="35.69315781" lon="139.78752275"><ele>43.510</ele><time>2026-10-04T06:29:32Z</time><sat>27</sat></trkpt>
  <trkpt lat="35.69321524" lon="139.78750526"><ele>39.028</ele><time>2026-10-04T06:29:38Z</time><sat>23</sat></trkpt>
  <trkpt lat="35.69328101" lon="139.78749209"><ele>39.310</ele><time>2026-10-04T06:29:44Z</time><sat>27</sat></trkpt>
  <trkpt lat="35.69333834" lon="139.78749554"><ele>42.673</ele><time>2026-10-04T06:29:50Z</time><sat>32</sat></trkpt>
  <trkpt lat="35.69341069" lon="139.78751548"><ele>43.173</ele><time>2026-10-04T06:29:56Z</time><sat>34</sat></trkpt>
  <trkpt lat="35.69347835" lon="139.78752338"><ele>43.992</ele><time>2026-10-04T06:30:02Z</time><sat>37</sat></trkpt>
  <trkpt lat="35.69354364" lon="139.78754820"><ele>43.727</ele><time>2026-10-04T06:30:08Z</time><sat>33</sat></trkpt>
  <trkpt lat="35.69360607" lon="139.78758354"><ele>44.095</ele><time>2026-10-04T06:30:14Z</time><sat>30</sat></trkpt>
  <trkpt lat="35.69358924" lon="139.78754956"><ele>42.561</ele><time>2026-10-04T06:30:23Z</time><sat>25</sat></trkpt>
  <trkpt lat="35.69356509" lon="139.78754501"><ele>43.330</ele><time>2026-10-04T06:30:26Z</time><sat>23</sat></trkpt>
  <trkpt lat="35.69356671" lon="139.78753992"><ele>42.241</ele><time>2026-10-04T06:30:29Z</time><sat>23</sat></trkpt>
  <trkpt lat="35.69359275" lon="139.78753447"><ele>42.423</ele><time>2026-10-04T06:30:32Z</time><sat>23</sat></trkpt>
  <trkpt lat="35.69364771" lon="139.78754482"><ele>43.839</ele><time>2026-10-04T06:30:38Z</time><sat>27</sat></trkpt>
  <trkpt lat="35.69370452" lon="139.78755526"><ele>44.302</ele><time>2026-10-04T06:30:44Z</time><sat>27</sat></trkpt>
  <trkpt lat="35.69377450" lon="139.78756630"><ele>45.223</ele><time>2026-10-04T06:30:50Z</time><sat>24</sat></trkpt>
  <trkpt lat="35.69384656" lon="139.78758012"><ele>45.262</ele><time>2026-10-04T06:30:56Z</time><sat>26</sat></trkpt>
  <trkpt lat="35.69391100" lon="139.78761728"><ele>49.426</ele><time>2026-10-04T06:31:02Z</time><sat>27</sat></trkpt>
  <trkpt lat="35.69398113" lon="139.78761379"><ele>52.648</ele><time>2026-10-04T06:31:08Z</time><sat>31</sat></trkpt>
  <trkpt lat="35.69405052" lon="139.78760891"><ele>50.649</ele><time>2026-10-04T06:31:14Z</time><sat>36</sat></trkpt>
  <trkpt lat="35.69411570" lon="139.78758549"><ele>48.837</ele><time>2026-10-04T06:31:20Z</time><sat>35</sat></trkpt>
  <trkpt lat="35.69418471" lon="139.78754964"><ele>46.826</ele><time>2026-10-04T06:31:26Z</time><sat>27</sat></trkpt>
  <trkpt lat="35.69425294" lon="139.78754150"><ele>48.448</ele><time>2026-10-04T06:31:32Z</time><sat>33</sat></trkpt>
  <trkpt lat="35.69428520" lon="139.78755168"><ele>49.026</ele><time>2026-10-04T06:31:35Z</time><sat>35</sat></trkpt>
  <trkpt lat="35.69431003" lon="139.78755612"><ele>48.112</ele><time>2026-10-04T06:31:38Z</time><sat>39</sat></trkpt>
  <trkpt lat="35.69429949" lon="139.78756050"><ele>48.499</ele><time>2026-10-04T06:31:50Z</time><sat>33</sat></trkpt>
  <trkpt lat="35.69429938" lon="139.78756079"><ele>48.520</ele><time>2026-10-04T06:32:02Z</time><sat>30</sat></trkpt>
  <trkpt lat="35.69429882" lon="139.78756366"><ele>48.677</ele><time>2026-10-04T06:32:14Z</time><sat>32</sat></trkpt>
  <trkpt lat="35.69429962" lon="139.78756528"><ele>48.993</ele><time>2026-10-04T06:32:26Z</time><sat>29</sat></trkpt>
  <trkpt lat="35.69429961" lon="139.78756703"><ele>49.306</ele><time>2026-10-04T06:32:32Z</time><sat>32</sat></trkpt>
  <trkpt lat="35.69431113" lon="139.78758441"><ele>49.769</ele><time>2026-10-04T06:32:35Z</time><sat>34</sat></trkpt>
  <trkpt lat="35.69432470" lon="139.78768801"><ele>49.306</ele><time>2026-10-04T06:32:41Z</time><sat>39</sat></trkpt>
  <trkpt lat="35.69432583" lon="139.78777138"><ele>49.544</ele><time>2026-10-04T06:32:47Z</time><sat>35</sat></trkpt>
  <trkpt lat="35.69433362" lon="139.78784435"><ele>49.758</ele><time>2026-10-04T06:32:53Z</time><sat>38</sat></trkpt>
  <trkpt lat="35.69432901" lon="139.78790129"><ele>49.261</ele><time>2026-10-04T06:32:59Z</time><sat>39</sat></trkpt>
  <trkpt lat="35.69432305" lon="139.78789426"><ele>49.341</ele><time>2026-10-04T06:33:02Z</time><sat>39</sat></trkpt>
  <trkpt lat="35.69432172" lon="139.78789125"><ele>48.794</ele><time>2026-10-04T06:33:11Z</time><sat>37</sat></trkpt>
  <trkpt lat="35.69432225" lon="139.78789139"><ele>49.135</ele><time>2026-10-04T06:33:14Z</time><sat>35</sat></trkpt>
  <trkpt lat="35.69432934" lon="139.78788824"><ele>49.340</ele><time>2026-10-04T06:33:17Z</time><sat>36</sat></trkpt>
  <trkpt lat="35.69433587" lon="139.78788421"><ele>48.747</ele><time>2026-10-04T06:33:20Z</time><sat>38</sat></trkpt>
  <trkpt lat="35.69434026" lon="139.78788817"><ele>47.652</ele><time>2026-10-04T06:33:26Z</time><sat>37</sat></trkpt>
  <trkpt lat="35.69434340" lon="139.78789734"><ele>48.162</ele><time>2026-10-04T06:33:29Z</time><sat>37</sat></trkpt>
  <trkpt lat="35.69434582" lon="139.78789949"><ele>48.173</ele><time>2026-10-04T06:33:32Z</time><sat>38</sat></trkpt>
  <trkpt lat="35.69434901" lon="139.78789770"><ele>47.912</ele><time>2026-10-04T06:33:35Z</time><sat>39</sat></trkpt>
  <trkpt lat="35.69434881" lon="139.78790238"><ele>48.158</ele><time>2026-10-04T06:33:38Z</time><sat>40</sat></trkpt>
  <trkpt lat="35.69435868" lon="139.78796914"><ele>48.471</ele><time>2026-10-04T06:33:44Z</time><sat>43</sat></trkpt>
  <trkpt lat="35.69435689" lon="139.78804511"><ele>47.782</ele><time>2026-10-04T06:33:50Z</time><sat>41</sat></trkpt>
  <trkpt lat="35.69434494" lon="139.78812335"><ele>47.127</ele><time>2026-10-04T06:33:56Z</time><sat>39</sat></trkpt>
  <trkpt lat="35.69430403" lon="139.78817788"><ele>48.236</ele><time>2026-10-04T06:34:02Z</time><sat>39</sat></trkpt>
  <trkpt lat="35.69431053" lon="139.78817451"><ele>48.206</ele><time>2026-10-04T06:34:05Z</time><sat>40</sat></trkpt>
  <trkpt lat="35.69431207" lon="139.78817113"><ele>47.960</ele><time>2026-10-04T06:34:12Z</time><sat>41</sat></trkpt>
  <trkpt lat="35.69431336" lon="139.78819204"><ele>47.636</ele><time>2026-10-04T06:34:15Z</time><sat>42</sat></trkpt>
  <trkpt lat="35.69431998" lon="139.78826429"><ele>48.257</ele><time>2026-10-04T06:34:24Z</time><sat>43</sat></trkpt>
  <trkpt lat="35.69431418" lon="139.78828899"><ele>48.010</ele><time>2026-10-04T06:34:27Z</time><sat>43</sat></trkpt>
  <trkpt lat="35.69431616" lon="139.78829338"><ele>48.658</ele><time>2026-10-04T06:34:30Z</time><sat>43</sat></trkpt>
  <trkpt lat="35.69432094" lon="139.78830018"><ele>48.076</ele><time>2026-10-04T06:34:36Z</time><sat>43</sat></trkpt>
  <trkpt lat="35.69432095" lon="139.78830106"><ele>48.090</ele><time>2026-10-04T06:34:42Z</time><sat>43</sat></trkpt>
  <trkpt lat="35.69431776" lon="139.78830622"><ele>48.843</ele><time>2026-10-04T06:34:45Z</time><sat>43</sat></trkpt>
  <trkpt lat="35.69430518" lon="139.78836781"><ele>49.825</ele><time>2026-10-04T06:34:51Z</time><sat>43</sat></trkpt>
  <trkpt lat="35.69429441" lon="139.78843872"><ele>50.334</ele><time>2026-10-04T06:34:57Z</time><sat>43</sat></trkpt>
  <trkpt lat="35.69428668" lon="139.78849339"><ele>50.892</ele><time>2026-10-04T06:35:03Z</time><sat>43</sat></trkpt>
  <trkpt lat="35.69428402" lon="139.78850028"><ele>50.812</ele><time>2026-10-04T06:35:06Z</time><sat>43</sat></trkpt>
  <trkpt lat="35.69427737" lon="139.78851308"><ele>50.855</ele><time>2026-10-04T06:35:09Z</time><sat>42</sat></trkpt>
  <trkpt lat="35.69426198" lon="139.78851922"><ele>50.710</ele><time>2026-10-04T06:35:12Z</time><sat>43</sat></trkpt>
  <trkpt lat="35.69423482" lon="139.78852314"><ele>50.040</ele><time>2026-10-04T06:35:15Z</time><sat>43</sat></trkpt>
  <trkpt lat="35.69422523" lon="139.78851979"><ele>49.405</ele><time>2026-10-04T06:35:18Z</time><sat>43</sat></trkpt>
  <trkpt lat="35.69423663" lon="139.78852255"><ele>50.239</ele><time>2026-10-04T06:35:21Z</time><sat>42</sat></trkpt>
  <trkpt lat="35.69425324" lon="139.78852846"><ele>49.875</ele><time>2026-10-04T06:35:26Z</time><sat>43</sat></trkpt>
  <trkpt lat="35.69425367" lon="139.78852647"><ele>49.870</ele><time>2026-10-04T06:35:29Z</time><sat>43</sat></trkpt>
  <trkpt lat="35.69425346" lon="139.78852651"><ele>49.887</ele><time>2026-10-04T06:35:32Z</time><sat>43</sat></trkpt>
  <trkpt lat="35.69425698" lon="139.78852842"><ele>49.660</ele><time>2026-10-04T06:35:35Z</time><sat>43</sat></trkpt>
  <trkpt lat="35.69426415" lon="139.78858530"><ele>50.563</ele><time>2026-10-04T06:35:41Z</time><sat>42</sat></trkpt>
  <trkpt lat="35.69425284" lon="139.78866668"><ele>51.034</ele><time>2026-10-04T06:35:47Z</time><sat>42</sat></trkpt>
  <trkpt lat="35.69425029" lon="139.78874870"><ele>51.138</ele><time>2026-10-04T06:35:53Z</time><sat>42</sat></trkpt>
  <trkpt lat="35.69424005" lon="139.78882965"><ele>49.943</ele><time>2026-10-04T06:35:59Z</time><sat>41</sat></trkpt>
  <trkpt lat="35.69422987" lon="139.78892061"><ele>50.737</ele><time>2026-10-04T06:36:05Z</time><sat>38</sat></trkpt>
  <trkpt lat="35.69421721" lon="139.78901802"><ele>51.052</ele><time>2026-10-04T06:36:11Z</time><sat>38</sat></trkpt>
  <trkpt lat="35.69419812" lon="139.78910505"><ele>51.947</ele><time>2026-10-04T06:36:17Z</time><sat>36</sat></trkpt>
  <trkpt lat="35.69418624" lon="139.78919715"><ele>51.472</ele><time>2026-10-04T06:36:23Z</time><sat>38</sat></trkpt>
  <trkpt lat="35.69416741" lon="139.78929411"><ele>50.953</ele><time>2026-10-04T06:36:29Z</time><sat>39</sat></trkpt>
  <trkpt lat="35.69415380" lon="139.78938662"><ele>51.062</ele><time>2026-10-04T06:36:35Z</time><sat>39</sat></trkpt>
  <trkpt lat="35.69413856" lon="139.78947956"><ele>48.420</ele><time>2026-10-04T06:36:41Z</time><sat>39</sat></trkpt>
  <trkpt lat="35.69410657" lon="139.78955751"><ele>50.798</ele><time>2026-10-04T06:36:47Z</time><sat>38</sat></trkpt>
  <trkpt lat="35.69410313" lon="139.78961664"><ele>47.489</ele><time>2026-10-04T06:36:53Z</time><sat>37</sat></trkpt>
  <trkpt lat="35.69410900" lon="139.78972224"><ele>41.071</ele><time>2026-10-04T06:36:59Z</time><sat>37</sat></trkpt>
  <trkpt lat="35.69407643" lon="139.78980559"><ele>44.857</ele><time>2026-10-04T06:37:05Z</time><sat>39</sat></trkpt>
  <trkpt lat="35.69404641" lon="139.78989678"><ele>48.023</ele><time>2026-10-04T06:37:11Z</time><sat>33</sat></trkpt>
  <trkpt lat="35.69405789" lon="139.78990812"><ele>49.507</ele><time>2026-10-04T06:37:14Z</time><sat>33</sat></trkpt>
  <trkpt lat="35.69405403" lon="139.78990437"><ele>50.838</ele><time>2026-10-04T06:37:17Z</time><sat>32</sat></trkpt>
  <trkpt lat="35.69404751" lon="139.78990195"><ele>50.832</ele><time>2026-10-04T06:37:20Z</time><sat>37</sat></trkpt>
  <trkpt lat="35.69404330" lon="139.78991040"><ele>51.538</ele><time>2026-10-04T06:37:23Z</time><sat>37</sat></trkpt>
  <trkpt lat="35.69403996" lon="139.78992039"><ele>49.641</ele><time>2026-10-04T06:37:26Z</time><sat>38</sat></trkpt>
  <trkpt lat="35.69403127" lon="139.78992231"><ele>48.088</ele><time>2026-10-04T06:37:29Z</time><sat>38</sat></trkpt>
  <trkpt lat="35.69403535" lon="139.78992581"><ele>48.184</ele><time>2026-10-04T06:37:32Z</time><sat>35</sat></trkpt>
  <trkpt lat="35.69403614" lon="139.78992607"><ele>48.273</ele><time>2026-10-04T06:37:37Z</time><sat>37</sat></trkpt>
  <trkpt lat="35.69403617" lon="139.78992571"><ele>48.551</ele><time>2026-10-04T06:37:49Z</time><sat>37</sat></trkpt>
  <trkpt lat="35.69403613" lon="139.78992567"><ele>48.638</ele><time>2026-10-04T06:37:52Z</time><sat>39</sat></trkpt>
  <trkpt lat="35.69403901" lon="139.78991866"><ele>48.397</ele><time>2026-10-04T06:37:55Z</time><sat>39</sat></trkpt>
  <trkpt lat="35.69403770" lon="139.78988090"><ele>48.609</ele><time>2026-10-04T06:37:58Z</time><sat>40</sat></trkpt>
  <trkpt lat="35.69402564" lon="139.78986878"><ele>48.716</ele><time>2026-10-04T06:38:01Z</time><sat>39</sat></trkpt>
  <trkpt lat="35.69400740" lon="139.78986494"><ele>48.581</ele><time>2026-10-04T06:38:04Z</time><sat>40</sat></trkpt>
  <trkpt lat="35.69397002" lon="139.78979832"><ele>48.694</ele><time>2026-10-04T06:38:10Z</time><sat>40</sat></trkpt>
  <trkpt lat="35.69393844" lon="139.78975779"><ele>49.425</ele><time>2026-10-04T06:38:16Z</time><sat>36</sat></trkpt>
  <trkpt lat="35.69386479" lon="139.78972213"><ele>38.835</ele><time>2026-10-04T06:38:25Z</time><sat>37</sat></trkpt>
  <trkpt lat="35.69381872" lon="139.78966965"><ele>40.674</ele><time>2026-10-04T06:38:31Z</time><sat>36</sat></trkpt>
  <trkpt lat="35.69374595" lon="139.78964734"><ele>36.803</ele><time>2026-10-04T06:38:37Z</time><sat>37</sat></trkpt>
  <trkpt lat="35.69367146" lon="139.78963955"><ele>31.253</ele><time>2026-10-04T06:38:43Z</time><sat>37</sat></trkpt>
  <trkpt lat="35.69362903" lon="139.78961743"><ele>26.483</ele><time>2026-10-04T06:38:49Z</time><sat>36</sat></trkpt>
  <trkpt lat="35.69368640" lon="139.78955554"><ele>30.752</ele><time>2026-10-04T06:38:58Z</time><sat>36</sat></trkpt>
  <trkpt lat="35.69373727" lon="139.78952864"><ele>33.798</ele><time>2026-10-04T06:39:04Z</time><sat>37</sat></trkpt>
  <trkpt lat="35.69378750" lon="139.78954703"><ele>34.584</ele><time>2026-10-04T06:39:10Z</time><sat>31</sat></trkpt>
  <trkpt lat="35.69385116" lon="139.78953655"><ele>34.326</ele><time>2026-10-04T06:39:16Z</time><sat>32</sat></trkpt>
  <trkpt lat="35.69393176" lon="139.78952557"><ele>35.992</ele><time>2026-10-04T06:39:22Z</time><sat>25</sat></trkpt>
  <trkpt lat="35.69397533" lon="139.78950641"><ele>37.380</ele><time>2026-10-04T06:39:25Z</time><sat>24</sat></trkpt>
  <trkpt lat="35.69402061" lon="139.78952875"><ele>37.533</ele><time>2026-10-04T06:39:28Z</time><sat>30</sat></trkpt>
  <trkpt lat="35.69408918" lon="139.78955220"><ele>39.192</ele><time>2026-10-04T06:39:34Z</time><sat>33</sat></trkpt>
  <trkpt lat="35.69413389" lon="139.78954962"><ele>37.681</ele><time>2026-10-04T06:39:46Z</time><sat>29</sat></trkpt>
  <trkpt lat="35.69422390" lon="139.78960007"><ele>33.974</ele><time>2026-10-04T06:39:54Z</time><sat>26</sat></trkpt>
  <trkpt lat="35.69425804" lon="139.78962201"><ele>33.748</ele><time>2026-10-04T06:39:57Z</time><sat>27</sat></trkpt>
  <trkpt lat="35.69428274" lon="139.78962224"><ele>32.903</ele><time>2026-10-04T06:40:00Z</time><sat>26</sat></trkpt>
  <trkpt lat="35.69429294" lon="139.78962407"><ele>32.044</ele><time>2026-10-04T06:40:03Z</time><sat>23</sat></trkpt>
  <trkpt lat="35.69429870" lon="139.78962627"><ele>31.711</ele><time>2026-10-04T06:40:06Z</time><sat>18</sat></trkpt>
  <trkpt lat="35.69429752" lon="139.78963896"><ele>31.534</ele><time>2026-10-04T06:40:15Z</time><sat>34</sat></trkpt>
  <trkpt lat="35.69430494" lon="139.78964721"><ele>33.575</ele><time>2026-10-04T06:40:18Z</time><sat>35</sat></trkpt>
  <trkpt lat="35.69435966" lon="139.78964269"><ele>37.626</ele><time>2026-10-04T06:40:24Z</time><sat>27</sat></trkpt>
  <trkpt lat="35.69441262" lon="139.78964799"><ele>38.026</ele><time>2026-10-04T06:40:30Z</time><sat>27</sat></trkpt>
  <trkpt lat="35.69447476" lon="139.78968284"><ele>38.315</ele><time>2026-10-04T06:40:36Z</time><sat>32</sat></trkpt>
  <trkpt lat="35.69454412" lon="139.78967690"><ele>38.566</ele><time>2026-10-04T06:40:42Z</time><sat>27</sat></trkpt>
  <trkpt lat="35.69456819" lon="139.78966574"><ele>37.705</ele><time>2026-10-04T06:40:45Z</time><sat>24</sat></trkpt>
  <trkpt lat="35.69457034" lon="139.78965765"><ele>38.708</ele><time>2026-10-04T06:40:48Z</time><sat>25</sat></trkpt>
  <trkpt lat="35.69457644" lon="139.78964731"><ele>38.854</ele><time>2026-10-04T06:40:51Z</time><sat>25</sat></trkpt>
  <trkpt lat="35.69457696" lon="139.78963741"><ele>38.792</ele><time>2026-10-04T06:40:54Z</time><sat>25</sat></trkpt>
  <trkpt lat="35.69457640" lon="139.78963597"><ele>38.836</ele><time>2026-10-04T06:40:57Z</time><sat>24</sat></trkpt>
  <trkpt lat="35.69458879" lon="139.78965320"><ele>39.914</ele><time>2026-10-04T06:41:01Z</time><sat>24</sat></trkpt>
  <trkpt lat="35.69465251" lon="139.78970061"><ele>39.605</ele><time>2026-10-04T06:41:07Z</time><sat>27</sat></trkpt>
  <trkpt lat="35.69466890" lon="139.78968880"><ele>40.043</ele><time>2026-10-04T06:41:10Z</time><sat>25</sat></trkpt>
  <trkpt lat="35.69466995" lon="139.78967640"><ele>40.061</ele><time>2026-10-04T06:41:13Z</time><sat>22</sat></trkpt>
  <trkpt lat="35.69468109" lon="139.78967594"><ele>41.178</ele><time>2026-10-04T06:41:17Z</time><sat>23</sat></trkpt>
  <trkpt lat="35.69473775" lon="139.78971465"><ele>42.334</ele><time>2026-10-04T06:41:23Z</time><sat>26</sat></trkpt>
  <trkpt lat="35.69474853" lon="139.78971667"><ele>41.984</ele><time>2026-10-04T06:41:26Z</time><sat>26</sat></trkpt>
  <trkpt lat="35.69474552" lon="139.78970786"><ele>42.194</ele><time>2026-10-04T06:41:29Z</time><sat>26</sat></trkpt>
  <trkpt lat="35.69474423" lon="139.78970589"><ele>42.166</ele><time>2026-10-04T06:41:41Z</time><sat>27</sat></trkpt>
  <trkpt lat="35.69474385" lon="139.78970617"><ele>42.207</ele><time>2026-10-04T06:41:53Z</time><sat>25</sat></trkpt>
  <trkpt lat="35.69474361" lon="139.78970613"><ele>42.251</ele><time>2026-10-04T06:42:05Z</time><sat>25</sat></trkpt>
  <trkpt lat="35.69474330" lon="139.78970624"><ele>42.282</ele><time>2026-10-04T06:42:17Z</time><sat>26</sat></trkpt>
  <trkpt lat="35.69474044" lon="139.78971092"><ele>42.232</ele><time>2026-10-04T06:42:31Z</time><sat>21</sat></trkpt>
  <trkpt lat="35.69473995" lon="139.78971109"><ele>42.263</ele><time>2026-10-04T06:42:43Z</time><sat>26</sat></trkpt>
  <trkpt lat="35.69473956" lon="139.78971118"><ele>42.307</ele><time>2026-10-04T06:42:55Z</time><sat>22</sat></trkpt>
  <trkpt lat="35.69473935" lon="139.78971149"><ele>42.347</ele><time>2026-10-04T06:43:07Z</time><sat>28</sat></trkpt>
  <trkpt lat="35.69473911" lon="139.78971187"><ele>42.393</ele><time>2026-10-04T06:43:19Z</time><sat>25</sat></trkpt>
  <trkpt lat="35.69473902" lon="139.78971197"><ele>42.396</ele><time>2026-10-04T06:43:22Z</time><sat>24</sat></trkpt>
  <trkpt lat="35.69474306" lon="139.78971205"><ele>43.521</ele><time>2026-10-04T06:43:25Z</time><sat>24</sat></trkpt>
  <trkpt lat="35.69476361" lon="139.78971714"><ele>44.456</ele><time>2026-10-04T06:43:28Z</time><sat>27</sat></trkpt>
  <trkpt lat="35.69476604" lon="139.78971506"><ele>44.633</ele><time>2026-10-04T06:43:31Z</time><sat>31</sat></trkpt>
  <trkpt lat="35.69478413" lon="139.78971689"><ele>44.355</ele><time>2026-10-04T06:43:34Z</time><sat>29</sat></trkpt>
  <trkpt lat="35.69482638" lon="139.78977795"><ele>41.697</ele><time>2026-10-04T06:43:40Z</time><sat>26</sat></trkpt>
  <trkpt lat="35.69490437" lon="139.78980896"><ele>42.727</ele><time>2026-10-04T06:43:48Z</time><sat>25</sat></trkpt>
  <trkpt lat="35.69495020" lon="139.78984259"><ele>43.939</ele><time>2026-10-04T06:43:54Z</time><sat>26</sat></trkpt>
  <trkpt lat="35.69501260" lon="139.78985597"><ele>45.598</ele><time>2026-10-04T06:44:00Z</time><sat>28</sat></trkpt>
  <trkpt lat="35.69503376" lon="139.78983121"><ele>44.429</ele><time>2026-10-04T06:44:09Z</time><sat>27</sat></trkpt>
  <trkpt lat="35.69503249" lon="139.78983257"><ele>44.023</ele><time>2026-10-04T06:44:12Z</time><sat>26</sat></trkpt>
  <trkpt lat="35.69503303" lon="139.78983529"><ele>43.795</ele><time>2026-10-04T06:44:15Z</time><sat>24</sat></trkpt>
  <trkpt lat="35.69503361" lon="139.78983524"><ele>43.779</ele><time>2026-10-04T06:44:19Z</time><sat>24</sat></trkpt>
  <trkpt lat="35.69501828" lon="139.78985128"><ele>44.702</ele><time>2026-10-04T06:44:22Z</time><sat>24</sat></trkpt>
  <trkpt lat="35.69495918" lon="139.78986673"><ele>45.298</ele><time>2026-10-04T06:44:28Z</time><sat>26</sat></trkpt>
  <trkpt lat="35.69495053" lon="139.78987059"><ele>44.759</ele><time>2026-10-04T06:44:31Z</time><sat>24</sat></trkpt>
  <trkpt lat="35.69494847" lon="139.78987055"><ele>44.812</ele><time>2026-10-04T06:44:34Z</time><sat>23</sat></trkpt>
  <trkpt lat="35.69494495" lon="139.78986963"><ele>43.975</ele><time>2026-10-04T06:44:37Z</time><sat>27</sat></trkpt>
  <trkpt lat="35.69499699" lon="139.78991442"><ele>41.774</ele><time>2026-10-04T06:44:46Z</time><sat>23</sat></trkpt>
  <trkpt lat="35.69504680" lon="139.78988593"><ele>41.743</ele><time>2026-10-04T06:44:52Z</time><sat>25</sat></trkpt>
  <trkpt lat="35.69505529" lon="139.78986400"><ele>41.627</ele><time>2026-10-04T06:44:55Z</time><sat>25</sat></trkpt>
  <trkpt lat="35.69504580" lon="139.78985331"><ele>41.694</ele><time>2026-10-04T06:44:58Z</time><sat>23</sat></trkpt>
  <trkpt lat="35.69504348" lon="139.78985171"><ele>42.081</ele><time>2026-10-04T06:45:01Z</time><sat>26</sat></trkpt>
  <trkpt lat="35.69503718" lon="139.78985653"><ele>41.892</ele><time>2026-10-04T06:45:04Z</time><sat>27</sat></trkpt>
  <trkpt lat="35.69503526" lon="139.78985744"><ele>41.986</ele><time>2026-10-04T06:45:16Z</time><sat>27</sat></trkpt>
  <trkpt lat="35.69503457" lon="139.78985935"><ele>42.645</ele><time>2026-10-04T06:45:25Z</time><sat>28</sat></trkpt>
  <trkpt lat="35.69504115" lon="139.78986909"><ele>42.353</ele><time>2026-10-04T06:45:28Z</time><sat>26</sat></trkpt>
  <trkpt lat="35.69503670" lon="139.78985014"><ele>42.726</ele><time>2026-10-04T06:45:34Z</time><sat>25</sat></trkpt>
  <trkpt lat="35.69503488" lon="139.78985277"><ele>42.722</ele><time>2026-10-04T06:45:37Z</time><sat>23</sat></trkpt>
  <trkpt lat="35.69503465" lon="139.78985320"><ele>42.725</ele><time>2026-10-04T06:45:40Z</time><sat>26</sat></trkpt>
  <trkpt lat="35.69503861" lon="139.78985152"><ele>43.242</ele><time>2026-10-04T06:45:43Z</time><sat>25</sat></trkpt>
  <trkpt lat="35.69510087" lon="139.78988521"><ele>43.263</ele><time>2026-10-04T06:45:49Z</time><sat>25</sat></trkpt>
  <trkpt lat="35.69513081" lon="139.78992733"><ele>42.633</ele><time>2026-10-04T06:45:55Z</time><sat>23</sat></trkpt>
  <trkpt lat="35.69513648" lon="139.78996766"><ele>39.921</ele><time>2026-10-04T06:46:01Z</time><sat>22</sat></trkpt>
  <trkpt lat="35.69513999" lon="139.78996633"><ele>39.959</ele><time>2026-10-04T06:46:04Z</time><sat>23</sat></trkpt>
  <trkpt lat="35.69514089" lon="139.78996157"><ele>39.913</ele><time>2026-10-04T06:46:16Z</time><sat>21</sat></trkpt>
  <trkpt lat="35.69513872" lon="139.78995989"><ele>39.779</ele><time>2026-10-04T06:46:28Z</time><sat>22</sat></trkpt>
  <trkpt lat="35.69513866" lon="139.78995978"><ele>39.779</ele><time>2026-10-04T06:46:34Z</time><sat>21</sat></trkpt>
  <trkpt lat="35.69514174" lon="139.78996856"><ele>38.055</ele><time>2026-10-04T06:46:37Z</time><sat>21</sat></trkpt>
  <trkpt lat="35.69514872" lon="139.78997464"><ele>38.223</ele><time>2026-10-04T06:46:40Z</time><sat>21</sat></trkpt>
  <trkpt lat="35.69515892" lon="139.78998128"><ele>38.422</ele><time>2026-10-04T06:46:43Z</time><sat>23</sat></trkpt>
  <trkpt lat="35.69516234" lon="139.78997208"><ele>38.326</ele><time>2026-10-04T06:46:46Z</time><sat>24</sat></trkpt>
  <trkpt lat="35.69515907" lon="139.78996567"><ele>38.312</ele><time>2026-10-04T06:46:49Z</time><sat>23</sat></trkpt>
  <trkpt lat="35.69516302" lon="139.78996287"><ele>38.321</ele><time>2026-10-04T06:46:52Z</time><sat>24</sat></trkpt>
  <trkpt lat="35.69515776" lon="139.78993779"><ele>39.804</ele><time>2026-10-04T06:46:58Z</time><sat>23</sat></trkpt>
  <trkpt lat="35.69514689" lon="139.78992200"><ele>40.912</ele><time>2026-10-04T06:47:01Z</time><sat>23</sat></trkpt>
  <trkpt lat="35.69514692" lon="139.78991811"><ele>40.903</ele><time>2026-10-04T06:47:04Z</time><sat>22</sat></trkpt>
  <trkpt lat="35.69514683" lon="139.78991763"><ele>40.898</ele><time>2026-10-04T06:47:07Z</time><sat>22</sat></trkpt>
  <trkpt lat="35.69515248" lon="139.78991405"><ele>40.920</ele><time>2026-10-04T06:47:10Z</time><sat>22</sat></trkpt>
  <trkpt lat="35.69521579" lon="139.78990908"><ele>42.118</ele><time>2026-10-04T06:47:16Z</time><sat>22</sat></trkpt>
  <trkpt lat="35.69521955" lon="139.78991039"><ele>42.247</ele><time>2026-10-04T06:47:19Z</time><sat>26</sat></trkpt>
  <trkpt lat="35.69523535" lon="139.78990098"><ele>41.369</ele><time>2026-10-04T06:47:22Z</time><sat>26</sat></trkpt>
  <trkpt lat="35.69526524" lon="139.78995205"><ele>40.939</ele><time>2026-10-04T06:47:28Z</time><sat>23</sat></trkpt>
  <trkpt lat="35.69525742" lon="139.78995568"><ele>40.644</ele><time>2026-10-04T06:47:31Z</time><sat>25</sat></trkpt>
  <trkpt lat="35.69525743" lon="139.78996175"><ele>40.639</ele><time>2026-10-04T06:47:34Z</time><sat>24</sat></trkpt>
  <trkpt lat="35.69525622" lon="139.78996542"><ele>40.412</ele><time>2026-10-04T06:47:37Z</time><sat>22</sat></trkpt>
  <trkpt lat="35.69525401" lon="139.78997506"><ele>40.142</ele><time>2026-10-04T06:47:40Z</time><sat>22</sat></trkpt>
  <trkpt lat="35.69525367" lon="139.78997673"><ele>40.121</ele><time>2026-10-04T06:47:48Z</time><sat>23</sat></trkpt>
  <trkpt lat="35.69525592" lon="139.78997516"><ele>40.611</ele><time>2026-10-04T06:47:51Z</time><sat>23</sat></trkpt>
  <trkpt lat="35.69523410" lon="139.78999472"><ele>40.763</ele><time>2026-10-04T06:48:03Z</time><sat>23</sat></trkpt>
  <trkpt lat="35.69520494" lon="139.78999864"><ele>41.096</ele><time>2026-10-04T06:48:06Z</time><sat>24</sat></trkpt>
  <trkpt lat="35.69519557" lon="139.78998957"><ele>41.172</ele><time>2026-10-04T06:48:09Z</time><sat>25</sat></trkpt>
  <trkpt lat="35.69519603" lon="139.78999065"><ele>41.855</ele><time>2026-10-04T06:48:21Z</time><sat>24</sat></trkpt>
  <trkpt lat="35.69519704" lon="139.78999245"><ele>41.789</ele><time>2026-10-04T06:48:24Z</time><sat>23</sat></trkpt>
  <trkpt lat="35.69519756" lon="139.78999637"><ele>41.778</ele><time>2026-10-04T06:48:30Z</time><sat>24</sat></trkpt>
  <trkpt lat="35.69520127" lon="139.78999683"><ele>41.453</ele><time>2026-10-04T06:48:33Z</time><sat>23</sat></trkpt>
  <trkpt lat="35.69526723" lon="139.78997160"><ele>41.558</ele><time>2026-10-04T06:48:39Z</time><sat>27</sat></trkpt>
  <trkpt lat="35.69527489" lon="139.78995603"><ele>41.437</ele><time>2026-10-04T06:48:42Z</time><sat>29</sat></trkpt>
  <trkpt lat="35.69527235" lon="139.78995609"><ele>41.437</ele><time>2026-10-04T06:48:45Z</time><sat>26</sat></trkpt>
  <trkpt lat="35.69527136" lon="139.78995414"><ele>41.987</ele><time>2026-10-04T06:48:53Z</time><sat>26</sat></trkpt>
  <trkpt lat="35.69527115" lon="139.78995380"><ele>41.977</ele><time>2026-10-04T06:48:56Z</time><sat>26</sat></trkpt>
  <trkpt lat="35.69527194" lon="139.78995650"><ele>41.998</ele><time>2026-10-04T06:48:59Z</time><sat>25</sat></trkpt>
  <trkpt lat="35.69529324" lon="139.79001794"><ele>41.599</ele><time>2026-10-04T06:49:05Z</time><sat>25</sat></trkpt>
  <trkpt lat="35.69529742" lon="139.79002545"><ele>42.434</ele><time>2026-10-04T06:49:08Z</time><sat>25</sat></trkpt>
  <trkpt lat="35.69530093" lon="139.79002283"><ele>42.569</ele><time>2026-10-04T06:49:11Z</time><sat>23</sat></trkpt>
  <trkpt lat="35.69530302" lon="139.79002207"><ele>42.174</ele><time>2026-10-04T06:49:14Z</time><sat>23</sat></trkpt>
  <trkpt lat="35.69530455" lon="139.79002096"><ele>42.382</ele><time>2026-10-04T06:49:17Z</time><sat>25</sat></trkpt>
  <trkpt lat="35.69530464" lon="139.79002085"><ele>42.385</ele><time>2026-10-04T06:49:20Z</time><sat>25</sat></trkpt>
  <trkpt lat="35.69532739" lon="139.79002610"><ele>42.809</ele><time>2026-10-04T06:49:23Z</time><sat>24</sat></trkpt>
  <trkpt lat="35.69535299" lon="139.78999475"><ele>40.906</ele><time>2026-10-04T06:49:32Z</time><sat>28</sat></trkpt>
  <trkpt lat="35.69535179" lon="139.79000471"><ele>40.920</ele><time>2026-10-04T06:49:35Z</time><sat>26</sat></trkpt>
  <trkpt lat="35.69536648" lon="139.79000249"><ele>40.384</ele><time>2026-10-04T06:49:38Z</time><sat>27</sat></trkpt>
  <trkpt lat="35.69536413" lon="139.79001318"><ele>39.666</ele><time>2026-10-04T06:49:41Z</time><sat>32</sat></trkpt>
  <trkpt lat="35.69536598" lon="139.79002651"><ele>39.360</ele><time>2026-10-04T06:49:44Z</time><sat>28</sat></trkpt>
  <trkpt lat="35.69535716" lon="139.79005598"><ele>37.775</ele><time>2026-10-04T06:49:47Z</time><sat>25</sat></trkpt>
  <trkpt lat="35.69534067" lon="139.79007343"><ele>38.431</ele><time>2026-10-04T06:49:50Z</time><sat>26</sat></trkpt>
  <trkpt lat="35.69532560" lon="139.79006655"><ele>39.099</ele><time>2026-10-04T06:49:53Z</time><sat>25</sat></trkpt>
  <trkpt lat="35.69532335" lon="139.79004709"><ele>39.823</ele><time>2026-10-04T06:50:05Z</time><sat>27</sat></trkpt>
  <trkpt lat="35.69532339" lon="139.79004828"><ele>39.785</ele><time>2026-10-04T06:50:08Z</time><sat>24</sat></trkpt>
  <trkpt lat="35.69532478" lon="139.79003027"><ele>40.366</ele><time>2026-10-04T06:50:11Z</time><sat>26</sat></trkpt>
  <trkpt lat="35.69534067" lon="139.79002593"><ele>38.675</ele><time>2026-10-04T06:50:14Z</time><sat>28</sat></trkpt>
  <trkpt lat="35.69534048" lon="139.79004543"><ele>38.846</ele><time>2026-10-04T06:50:17Z</time><sat>27</sat></trkpt>
  <trkpt lat="35.69533731" lon="139.79005214"><ele>38.840</ele><time>2026-10-04T06:50:22Z</time><sat>25</sat></trkpt>
  <trkpt lat="35.69533735" lon="139.79005262"><ele>38.880</ele><time>2026-10-04T06:50:25Z</time><sat>26</sat></trkpt>
  <trkpt lat="35.69534054" lon="139.79005950"><ele>38.867</ele><time>2026-10-04T06:50:28Z</time><sat>29</sat></trkpt>
  <trkpt lat="35.69539684" lon="139.79010826"><ele>40.675</ele><time>2026-10-04T06:50:34Z</time><sat>32</sat></trkpt>
  <trkpt lat="35.69545942" lon="139.79009284"><ele>41.682</ele><time>2026-10-04T06:50:40Z</time><sat>35</sat></trkpt>
  <trkpt lat="35.69550614" lon="139.79014981"><ele>40.806</ele><time>2026-10-04T06:50:46Z</time><sat>33</sat></trkpt>
  <trkpt lat="35.69555856" lon="139.79015537"><ele>41.111</ele><time>2026-10-04T06:50:58Z</time><sat>26</sat></trkpt>
  <trkpt lat="35.69561538" lon="139.79016517"><ele>41.540</ele><time>2026-10-04T06:51:04Z</time><sat>29</sat></trkpt>
  <trkpt lat="35.69563206" lon="139.79019782"><ele>40.831</ele><time>2026-10-04T06:51:13Z</time><sat>33</sat></trkpt>
  <trkpt lat="35.69562724" lon="139.79018060"><ele>41.250</ele><time>2026-10-04T06:51:16Z</time><sat>32</sat></trkpt>
  <trkpt lat="35.69561987" lon="139.79016867"><ele>42.804</ele><time>2026-10-04T06:51:28Z</time><sat>25</sat></trkpt>
  <trkpt lat="35.69561946" lon="139.79016768"><ele>42.818</ele><time>2026-10-04T06:51:31Z</time><sat>24</sat></trkpt>
  <trkpt lat="35.69562069" lon="139.79015951"><ele>42.114</ele><time>2026-10-04T06:51:34Z</time><sat>19</sat></trkpt>
  <trkpt lat="35.69560777" lon="139.79016807"><ele>44.572</ele><time>2026-10-04T06:51:40Z</time><sat>27</sat></trkpt>
  <trkpt lat="35.69560804" lon="139.79016677"><ele>44.469</ele><time>2026-10-04T06:51:43Z</time><sat>28</sat></trkpt>
  <trkpt lat="35.69560706" lon="139.79016116"><ele>44.906</ele><time>2026-10-04T06:51:46Z</time><sat>31</sat></trkpt>
  <trkpt lat="35.69560488" lon="139.79016472"><ele>44.563</ele><time>2026-10-04T06:51:49Z</time><sat>30</sat></trkpt>
  <trkpt lat="35.69560860" lon="139.79018711"><ele>43.838</ele><time>2026-10-04T06:51:52Z</time><sat>25</sat></trkpt>
  <trkpt lat="35.69561252" lon="139.79018493"><ele>43.872</ele><time>2026-10-04T06:51:55Z</time><sat>23</sat></trkpt>
  <trkpt lat="35.69561231" lon="139.79018493"><ele>44.003</ele><time>2026-10-04T06:52:04Z</time><sat>21</sat></trkpt>
  <trkpt lat="35.69563580" lon="139.79019977"><ele>42.327</ele><time>2026-10-04T06:52:09Z</time><sat>22</sat></trkpt>
  <trkpt lat="35.69566159" lon="139.79018813"><ele>42.286</ele><time>2026-10-04T06:52:12Z</time><sat>23</sat></trkpt>
  <trkpt lat="35.69566203" lon="139.79016554"><ele>42.077</ele><time>2026-10-04T06:52:15Z</time><sat>24</sat></trkpt>
  <trkpt lat="35.69565357" lon="139.79016153"><ele>41.796</ele><time>2026-10-04T06:52:18Z</time><sat>26</sat></trkpt>
  <trkpt lat="35.69564859" lon="139.79015682"><ele>41.306</ele><time>2026-10-04T06:52:21Z</time><sat>27</sat></trkpt>
  <trkpt lat="35.69563688" lon="139.79015053"><ele>40.991</ele><time>2026-10-04T06:52:24Z</time><sat>25</sat></trkpt>
  <trkpt lat="35.69563142" lon="139.79015309"><ele>41.381</ele><time>2026-10-04T06:52:27Z</time><sat>25</sat></trkpt>
  <trkpt lat="35.69563779" lon="139.79015887"><ele>40.019</ele><time>2026-10-04T06:52:38Z</time><sat>25</sat></trkpt>
  <trkpt lat="35.69563840" lon="139.79016228"><ele>39.877</ele><time>2026-10-04T06:52:41Z</time><sat>23</sat></trkpt>
  <trkpt lat="35.69563860" lon="139.79016683"><ele>39.882</ele><time>2026-10-04T06:52:46Z</time><sat>22</sat></trkpt>
  <trkpt lat="35.69563844" lon="139.79016703"><ele>39.895</ele><time>2026-10-04T06:52:55Z</time><sat>23</sat></trkpt>
  <trkpt lat="35.69563695" lon="139.79016631"><ele>41.039</ele><time>2026-10-04T06:52:58Z</time><sat>28</sat></trkpt>
  <trkpt lat="35.69563250" lon="139.79016726"><ele>40.874</ele><time>2026-10-04T06:53:01Z</time><sat>28</sat></trkpt>
  <trkpt lat="35.69563773" lon="139.79017186"><ele>40.571</ele><time>2026-10-04T06:53:04Z</time><sat>25</sat></trkpt>
  <trkpt lat="35.69560590" lon="139.79016631"><ele>39.883</ele><time>2026-10-04T06:53:13Z</time><sat>30</sat></trkpt>
  <trkpt lat="35.69560804" lon="139.79016909"><ele>39.771</ele><time>2026-10-04T06:53:16Z</time><sat>31</sat></trkpt>
  <trkpt lat="35.69560741" lon="139.79017882"><ele>40.049</ele><time>2026-10-04T06:53:28Z</time><sat>23</sat></trkpt>
  <trkpt lat="35.69560727" lon="139.79017981"><ele>40.056</ele><time>2026-10-04T06:53:37Z</time><sat>26</sat></trkpt>
  <trkpt lat="35.69561611" lon="139.79019167"><ele>40.216</ele><time>2026-10-04T06:53:40Z</time><sat>25</sat></trkpt>
  <trkpt lat="35.69563157" lon="139.79020059"><ele>39.965</ele><time>2026-10-04T06:53:43Z</time><sat>32</sat></trkpt>
  <trkpt lat="35.69564412" lon="139.79019953"><ele>40.096</ele><time>2026-10-04T06:53:46Z</time><sat>30</sat></trkpt>
  <trkpt lat="35.69564624" lon="139.79019529"><ele>40.063</ele><time>2026-10-04T06:53:49Z</time><sat>27</sat></trkpt>
  <trkpt lat="35.69564866" lon="139.79019045"><ele>39.233</ele><time>2026-10-04T06:53:52Z</time><sat>30</sat></trkpt>
  <trkpt lat="35.69567381" lon="139.79026058"><ele>40.439</ele><time>2026-10-04T06:54:02Z</time><sat>29</sat></trkpt>
  <trkpt lat="35.69572369" lon="139.79028392"><ele>40.792</ele><time>2026-10-04T06:54:08Z</time><sat>28</sat></trkpt>
  <trkpt lat="35.69578706" lon="139.79026444"><ele>41.572</ele><time>2026-10-04T06:54:14Z</time><sat>25</sat></trkpt>
  <trkpt lat="35.69580648" lon="139.79027056"><ele>40.882</ele><time>2026-10-04T06:54:20Z</time><sat>24</sat></trkpt>
  <trkpt lat="35.69580131" lon="139.79026535"><ele>40.900</ele><time>2026-10-04T06:54:23Z</time><sat>22</sat></trkpt>
  <trkpt lat="35.69580030" lon="139.79026491"><ele>40.914</ele><time>2026-10-04T06:54:26Z</time><sat>23</sat></trkpt>
  <trkpt lat="35.69580091" lon="139.79026413"><ele>41.147</ele><time>2026-10-04T06:54:29Z</time><sat>21</sat></trkpt>
  <trkpt lat="35.69585468" lon="139.79025661"><ele>40.436</ele><time>2026-10-04T06:54:35Z</time><sat>21</sat></trkpt>
  <trkpt lat="35.69590389" lon="139.79022259"><ele>39.582</ele><time>2026-10-04T06:54:38Z</time><sat>23</sat></trkpt>
  <trkpt lat="35.69595095" lon="139.79023703"><ele>37.977</ele><time>2026-10-04T06:54:41Z</time><sat>24</sat></trkpt>
  <trkpt lat="35.69595947" lon="139.79033212"><ele>34.167</ele><time>2026-10-04T06:54:47Z</time><sat>28</sat></trkpt>
  <trkpt lat="35.69593874" lon="139.79033844"><ele>36.785</ele><time>2026-10-04T06:54:50Z</time><sat>30</sat></trkpt>
  <trkpt lat="35.69592526" lon="139.79032890"><ele>38.094</ele><time>2026-10-04T06:54:53Z</time><sat>25</sat></trkpt>
  <trkpt lat="35.69591734" lon="139.79032117"><ele>39.340</ele><time>2026-10-04T06:55:02Z</time><sat>18</sat></trkpt>
  <trkpt lat="35.69594011" lon="139.79029692"><ele>37.790</ele><time>2026-10-04T06:55:05Z</time><sat>18</sat></trkpt>
  <trkpt lat="35.69599492" lon="139.79029342"><ele>36.884</ele><time>2026-10-04T06:55:11Z</time><sat>22</sat></trkpt>
  <trkpt lat="35.69602656" lon="139.79035087"><ele>35.685</ele><time>2026-10-04T06:55:14Z</time><sat>31</sat></trkpt>
  <trkpt lat="35.69604764" lon="139.79040166"><ele>35.939</ele><time>2026-10-04T06:55:17Z</time><sat>36</sat></trkpt>
  <trkpt lat="35.69605946" lon="139.79047599"><ele>38.545</ele><time>2026-10-04T06:55:29Z</time><sat>38</sat></trkpt>
  <trkpt lat="35.69608176" lon="139.79048911"><ele>38.407</ele><time>2026-10-04T06:55:35Z</time><sat>38</sat></trkpt>
  <trkpt lat="35.69607216" lon="139.79046719"><ele>39.106</ele><time>2026-10-04T06:55:38Z</time><sat>36</sat></trkpt>
  <trkpt lat="35.69606908" lon="139.79046484"><ele>39.850</ele><time>2026-10-04T06:55:41Z</time><sat>28</sat></trkpt>
  <trkpt lat="35.69605898" lon="139.79046925"><ele>41.421</ele><time>2026-10-04T06:55:44Z</time><sat>28</sat></trkpt>
  <trkpt lat="35.69605883" lon="139.79048457"><ele>43.607</ele><time>2026-10-04T06:55:47Z</time><sat>33</sat></trkpt>
  <trkpt lat="35.69606245" lon="139.79049440"><ele>42.844</ele><time>2026-10-04T06:55:50Z</time><sat>31</sat></trkpt>
  <trkpt lat="35.69606810" lon="139.79047919"><ele>42.113</ele><time>2026-10-04T06:55:55Z</time><sat>30</sat></trkpt>
  <trkpt lat="35.69605858" lon="139.79047620"><ele>41.878</ele><time>2026-10-04T06:55:58Z</time><sat>29</sat></trkpt>
  <trkpt lat="35.69605664" lon="139.79047466"><ele>42.128</ele><time>2026-10-04T06:56:04Z</time><sat>30</sat></trkpt>
  <trkpt lat="35.69606508" lon="139.79047538"><ele>43.069</ele><time>2026-10-04T06:56:07Z</time><sat>30</sat></trkpt>
  <trkpt lat="35.69611475" lon="139.79048128"><ele>44.316</ele><time>2026-10-04T06:56:13Z</time><sat>30</sat></trkpt>
  <trkpt lat="35.69613874" lon="139.79055028"><ele>41.800</ele><time>2026-10-04T06:56:19Z</time><sat>38</sat></trkpt>
  <trkpt lat="35.69617072" lon="139.79054242"><ele>38.437</ele><time>2026-10-04T06:56:31Z</time><sat>33</sat></trkpt>
  <trkpt lat="35.69623506" lon="139.79056084"><ele>40.524</ele><time>2026-10-04T06:56:37Z</time><sat>35</sat></trkpt>
  <trkpt lat="35.69627397" lon="139.79059049"><ele>35.307</ele><time>2026-10-04T06:56:43Z</time><sat>36</sat></trkpt>
  <trkpt lat="35.69632163" lon="139.79065377"><ele>31.043</ele><time>2026-10-04T06:56:49Z</time><sat>36</sat></trkpt>
  <trkpt lat="35.69637672" lon="139.79070751"><ele>30.710</ele><time>2026-10-04T06:56:55Z</time><sat>36</sat></trkpt>
  <trkpt lat="35.69640877" lon="139.79074897"><ele>32.235</ele><time>2026-10-04T06:56:58Z</time><sat>36</sat></trkpt>
  <trkpt lat="35.69647104" lon="139.79081757"><ele>32.391</ele><time>2026-10-04T06:57:04Z</time><sat>36</sat></trkpt>
  <trkpt lat="35.69650600" lon="139.79089964"><ele>35.039</ele><time>2026-10-04T06:57:10Z</time><sat>37</sat></trkpt>
  <trkpt lat="35.69650557" lon="139.79091339"><ele>33.480</ele><time>2026-10-04T06:57:13Z</time><sat>34</sat></trkpt>
  <trkpt lat="35.69650403" lon="139.79090691"><ele>33.186</ele><time>2026-10-04T06:57:19Z</time><sat>31</sat></trkpt>
  <trkpt lat="35.69650903" lon="139.79091515"><ele>33.478</ele><time>2026-10-04T06:57:22Z</time><sat>29</sat></trkpt>
  <trkpt lat="35.69657754" lon="139.79092492"><ele>34.305</ele><time>2026-10-04T06:57:28Z</time><sat>30</sat></trkpt>
  <trkpt lat="35.69664163" lon="139.79096042"><ele>31.798</ele><time>2026-10-04T06:57:34Z</time><sat>30</sat></trkpt>
  <trkpt lat="35.69669420" lon="139.79100645"><ele>32.994</ele><time>2026-10-04T06:57:40Z</time><sat>33</sat></trkpt>
  <trkpt lat="35.69668875" lon="139.79106170"><ele>31.692</ele><time>2026-10-04T06:57:49Z</time><sat>31</sat></trkpt>
  <trkpt lat="35.69674506" lon="139.79110433"><ele>33.013</ele><time>2026-10-04T06:57:55Z</time><sat>28</sat></trkpt>
  <trkpt lat="35.69676926" lon="139.79113111"><ele>35.775</ele><time>2026-10-04T06:58:01Z</time><sat>33</sat></trkpt>
  <trkpt lat="35.69678069" lon="139.79113287"><ele>38.065</ele><time>2026-10-04T06:58:04Z</time><sat>30</sat></trkpt>
  <trkpt lat="35.69678947" lon="139.79113906"><ele>39.571</ele><time>2026-10-04T06:58:07Z</time><sat>29</sat></trkpt>
  <trkpt lat="35.69684650" lon="139.79113979"><ele>35.296</ele><time>2026-10-04T06:58:13Z</time><sat>35</sat></trkpt>
  <trkpt lat="35.69677856" lon="139.79109510"><ele>36.896</ele><time>2026-10-04T06:58:19Z</time><sat>29</sat></trkpt>
  <trkpt lat="35.69682239" lon="139.79115615"><ele>34.445</ele><time>2026-10-04T06:58:28Z</time><sat>31</sat></trkpt>
  <trkpt lat="35.69688544" lon="139.79119811"><ele>36.455</ele><time>2026-10-04T06:58:34Z</time><sat>24</sat></trkpt>
  <trkpt lat="35.69696041" lon="139.79122309"><ele>37.036</ele><time>2026-10-04T06:58:40Z</time><sat>25</sat></trkpt>
  <trkpt lat="35.69699007" lon="139.79130511"><ele>30.314</ele><time>2026-10-04T06:58:46Z</time><sat>27</sat></trkpt>
  <trkpt lat="35.69703168" lon="139.79133888"><ele>29.202</ele><time>2026-10-04T06:58:49Z</time><sat>26</sat></trkpt>
  <trkpt lat="35.69705129" lon="139.79141838"><ele>25.895</ele><time>2026-10-04T06:58:55Z</time><sat>25</sat></trkpt>
  <trkpt lat="35.69708770" lon="139.79147569"><ele>26.737</ele><time>2026-10-04T06:59:01Z</time><sat>29</sat></trkpt>
  <trkpt lat="35.69712346" lon="139.79151747"><ele>28.374</ele><time>2026-10-04T06:59:07Z</time><sat>28</sat></trkpt>
  <trkpt lat="35.69715561" lon="139.79155829"><ele>27.387</ele><time>2026-10-04T06:59:13Z</time><sat>30</sat></trkpt>
  <trkpt lat="35.69719151" lon="139.79162144"><ele>28.722</ele><time>2026-10-04T06:59:19Z</time><sat>29</sat></trkpt>
  <trkpt lat="35.69721773" lon="139.79164336"><ele>30.646</ele><time>2026-10-04T06:59:22Z</time><sat>31</sat></trkpt>
  <trkpt lat="35.69722426" lon="139.79164846"><ele>31.119</ele><time>2026-10-04T06:59:34Z</time><sat>34</sat></trkpt>
  <trkpt lat="35.69722880" lon="139.79165129"><ele>30.729</ele><time>2026-10-04T06:59:37Z</time><sat>36</sat></trkpt>
  <trkpt lat="35.69723685" lon="139.79165575"><ele>30.705</ele><time>2026-10-04T06:59:40Z</time><sat>36</sat></trkpt>
  <trkpt lat="35.69729168" lon="139.79169444"><ele>33.481</ele><time>2026-10-04T06:59:46Z</time><sat>31</sat></trkpt>
  <trkpt lat="35.69735744" lon="139.79174375"><ele>34.879</ele><time>2026-10-04T06:59:52Z</time><sat>33</sat></trkpt>
  <trkpt lat="35.69740463" lon="139.79179733"><ele>35.416</ele><time>2026-10-04T06:59:58Z</time><sat>35</sat></trkpt>
  <trkpt lat="35.69743451" lon="139.79188122"><ele>33.475</ele><time>2026-10-04T07:00:04Z</time><sat>33</sat></trkpt>
  <trkpt lat="35.69748623" lon="139.79195389"><ele>31.399</ele><time>2026-10-04T07:00:10Z</time><sat>33</sat></trkpt>
  <trkpt lat="35.69744321" lon="139.79198420"><ele>39.132</ele><time>2026-10-04T07:00:16Z</time><sat>33</sat></trkpt>
  <trkpt lat="35.69745665" lon="139.79201125"><ele>37.240</ele><time>2026-10-04T07:00:22Z</time><sat>35</sat></trkpt>
  <trkpt lat="35.69746197" lon="139.79200463"><ele>36.352</ele><time>2026-10-04T07:00:25Z</time><sat>36</sat></trkpt>
  <trkpt lat="35.69745859" lon="139.79200067"><ele>36.270</ele><time>2026-10-04T07:00:28Z</time><sat>37</sat></trkpt>
  <trkpt lat="35.69746755" lon="139.79200186"><ele>34.703</ele><time>2026-10-04T07:00:31Z</time><sat>34</sat></trkpt>
  <trkpt lat="35.69748958" lon="139.79206795"><ele>26.415</ele><time>2026-10-04T07:00:43Z</time><sat>33</sat></trkpt>
  <trkpt lat="35.69754113" lon="139.79214788"><ele>27.946</ele><time>2026-10-04T07:00:49Z</time><sat>34</sat></trkpt>
  <trkpt lat="35.69759321" lon="139.79219830"><ele>31.266</ele><time>2026-10-04T07:00:55Z</time><sat>37</sat></trkpt>
  <trkpt lat="35.69761888" lon="139.79226326"><ele>33.840</ele><time>2026-10-04T07:01:01Z</time><sat>28</sat></trkpt>
  <trkpt lat="35.69760919" lon="139.79229930"><ele>35.289</ele><time>2026-10-04T07:01:10Z</time><sat>36</sat></trkpt>
  <trkpt lat="35.69759869" lon="139.79232356"><ele>35.401</ele><time>2026-10-04T07:01:13Z</time><sat>40</sat></trkpt>
  <trkpt lat="35.69758434" lon="139.79233691"><ele>37.868</ele><time>2026-10-04T07:01:16Z</time><sat>35</sat></trkpt>
  <trkpt lat="35.69753555" lon="139.79237358"><ele>44.521</ele><time>2026-10-04T07:01:22Z</time><sat>23</sat></trkpt>
  <trkpt lat="35.69760690" lon="139.79238931"><ele>43.689</ele><time>2026-10-04T07:01:28Z</time><sat>27</sat></trkpt>
  <trkpt lat="35.69765088" lon="139.79241127"><ele>44.279</ele><time>2026-10-04T07:01:31Z</time><sat>26</sat></trkpt>
  <trkpt lat="35.69771663" lon="139.79245632"><ele>44.435</ele><time>2026-10-04T07:01:37Z</time><sat>26</sat></trkpt>
  <trkpt lat="35.69778544" lon="139.79250298"><ele>45.306</ele><time>2026-10-04T07:01:43Z</time><sat>24</sat></trkpt>
  <trkpt lat="35.69785831" lon="139.79254397"><ele>43.914</ele><time>2026-10-04T07:01:49Z</time><sat>23</sat></trkpt>
  <trkpt lat="35.69793034" lon="139.79257757"><ele>41.473</ele><time>2026-10-04T07:01:55Z</time><sat>22</sat></trkpt>
  <trkpt lat="35.69800478" lon="139.79261208"><ele>42.356</ele><time>2026-10-04T07:02:01Z</time><sat>26</sat></trkpt>
  <trkpt lat="35.69805262" lon="139.79267979"><ele>42.323</ele><time>2026-10-04T07:02:07Z</time><sat>26</sat></trkpt>
  <trkpt lat="35.69808683" lon="139.79274365"><ele>43.474</ele><time>2026-10-04T07:02:13Z</time><sat>32</sat></trkpt>
  <trkpt lat="35.69807323" lon="139.79283305"><ele>45.950</ele><time>2026-10-04T07:02:19Z</time><sat>35</sat></trkpt>
  <trkpt lat="35.69804555" lon="139.79290655"><ele>48.636</ele><time>2026-10-04T07:02:25Z</time><sat>37</sat></trkpt>
  <trkpt lat="35.69809607" lon="139.79293608"><ele>48.664</ele><time>2026-10-04T07:02:31Z</time><sat>37</sat></trkpt>
  <trkpt lat="35.69816111" lon="139.79298473"><ele>48.204</ele><time>2026-10-04T07:02:37Z</time><sat>36</sat></trkpt>
  <trkpt lat="35.69824300" lon="139.79301256"><ele>50.117</ele><time>2026-10-04T07:02:43Z</time><sat>37</sat></trkpt>
  <trkpt lat="35.69831019" lon="139.79304768"><ele>48.842</ele><time>2026-10-04T07:02:49Z</time><sat>39</sat></trkpt>
  <trkpt lat="35.69836004" lon="139.79308606"><ele>46.711</ele><time>2026-10-04T07:02:55Z</time><sat>38</sat></trkpt>
  <trkpt lat="35.69842525" lon="139.79312498"><ele>47.108</ele><time>2026-10-04T07:03:01Z</time><sat>40</sat></trkpt>
  <trkpt lat="35.69849593" lon="139.79316333"><ele>45.816</ele><time>2026-10-04T07:03:07Z</time><sat>39</sat></trkpt>
  <trkpt lat="35.69855462" lon="139.79319706"><ele>47.381</ele><time>2026-10-04T07:03:13Z</time><sat>40</sat></trkpt>
  <trkpt lat="35.69862001" lon="139.79322212"><ele>46.247</ele><time>2026-10-04T07:03:19Z</time><sat>40</sat></trkpt>
  <trkpt lat="35.69867712" lon="139.79324701"><ele>47.161</ele><time>2026-10-04T07:03:25Z</time><sat>40</sat></trkpt>
  <trkpt lat="35.69875192" lon="139.79328633"><ele>48.240</ele><time>2026-10-04T07:03:31Z</time><sat>42</sat></trkpt>
  <trkpt lat="35.69883183" lon="139.79332937"><ele>45.711</ele><time>2026-10-04T07:03:37Z</time><sat>41</sat></trkpt>
  <trkpt lat="35.69888974" lon="139.79339207"><ele>48.417</ele><time>2026-10-04T07:03:43Z</time><sat>38</sat></trkpt>
  <trkpt lat="35.69893696" lon="139.79344210"><ele>49.255</ele><time>2026-10-04T07:03:49Z</time><sat>39</sat></trkpt>
  <trkpt lat="35.69899938" lon="139.79348458"><ele>49.716</ele><time>2026-10-04T07:03:55Z</time><sat>39</sat></trkpt>
  <trkpt lat="35.69906463" lon="139.79351151"><ele>50.088</ele><time>2026-10-04T07:04:01Z</time><sat>40</sat></trkpt>
  <trkpt lat="35.69913473" lon="139.79354365"><ele>49.050</ele><time>2026-10-04T07:04:07Z</time><sat>40</sat></trkpt>
  <trkpt lat="35.69919853" lon="139.79355729"><ele>46.445</ele><time>2026-10-04T07:04:13Z</time><sat>40</sat></trkpt>
  <trkpt lat="35.69925985" lon="139.79357571"><ele>46.850</ele><time>2026-10-04T07:04:19Z</time><sat>42</sat></trkpt>
  <trkpt lat="35.69931630" lon="139.79361967"><ele>45.359</ele><time>2026-10-04T07:04:25Z</time><sat>40</sat></trkpt>
  <trkpt lat="35.69937678" lon="139.79365849"><ele>44.047</ele><time>2026-10-04T07:04:31Z</time><sat>37</sat></trkpt>
  <trkpt lat="35.69944878" lon="139.79369373"><ele>44.360</ele><time>2026-10-04T07:04:37Z</time><sat>38</sat></trkpt>
  <trkpt lat="35.69950891" lon="139.79371937"><ele>48.056</ele><time>2026-10-04T07:04:43Z</time><sat>38</sat></trkpt>
  <trkpt lat="35.69956762" lon="139.79374022"><ele>47.642</ele><time>2026-10-04T07:04:49Z</time><sat>41</sat></trkpt>
  <trkpt lat="35.69963874" lon="139.79377198"><ele>47.494</ele><time>2026-10-04T07:04:55Z</time><sat>36</sat></trkpt>
  <trkpt lat="35.69971634" lon="139.79378905"><ele>46.157</ele><time>2026-10-04T07:05:01Z</time><sat>38</sat></trkpt>
  <trkpt lat="35.69978253" lon="139.79382356"><ele>45.124</ele><time>2026-10-04T07:05:07Z</time><sat>34</sat></trkpt>
  <trkpt lat="35.69982575" lon="139.79384889"><ele>47.573</ele><time>2026-10-04T07:05:13Z</time><sat>40</sat></trkpt>
  <trkpt lat="35.69988787" lon="139.79391039"><ele>46.407</ele><time>2026-10-04T07:05:19Z</time><sat>36</sat></trkpt>
  <trkpt lat="35.69995670" lon="139.79395877"><ele>46.136</ele><time>2026-10-04T07:05:25Z</time><sat>37</sat></trkpt>
  <trkpt lat="35.70002854" lon="139.79398785"><ele>45.308</ele><time>2026-10-04T07:05:31Z</time><sat>37</sat></trkpt>
  <trkpt lat="35.70009476" lon="139.79401443"><ele>46.392</ele><time>2026-10-04T07:05:37Z</time><sat>36</sat></trkpt>
  <trkpt lat="35.70017122" lon="139.79403495"><ele>47.706</ele><time>2026-10-04T07:05:43Z</time><sat>38</sat></trkpt>
  <trkpt lat="35.70024922" lon="139.79406104"><ele>51.452</ele><time>2026-10-04T07:05:49Z</time><sat>37</sat></trkpt>
  <trkpt lat="35.70030625" lon="139.79408854"><ele>49.356</ele><time>2026-10-04T07:05:55Z</time><sat>37</sat></trkpt>
  <trkpt lat="35.70035913" lon="139.79413451"><ele>45.931</ele><time>2026-10-04T07:06:01Z</time><sat>39</sat></trkpt>
  <trkpt lat="35.70040883" lon="139.79416168"><ele>46.856</ele><time>2026-10-04T07:06:07Z</time><sat>39</sat></trkpt>
  <trkpt lat="35.70046574" lon="139.79419268"><ele>49.006</ele><time>2026-10-04T07:06:13Z</time><sat>35</sat></trkpt>
  <trkpt lat="35.70050959" lon="139.79421139"><ele>49.863</ele><time>2026-10-04T07:06:16Z</time><sat>31</sat></trkpt>
  <trkpt lat="35.70055508" lon="139.79422669"><ele>50.293</ele><time>2026-10-04T07:06:19Z</time><sat>29</sat></trkpt>
  <trkpt lat="35.70059561" lon="139.79423318"><ele>50.345</ele><time>2026-10-04T07:06:22Z</time><sat>14</sat></trkpt>
  <trkpt lat="35.70061858" lon="139.79428770"><ele>50.126</ele><time>2026-10-04T07:06:25Z</time><sat>8</sat></trkpt>
  <trkpt lat="35.70059659" lon="139.79438162"><ele>43.660</ele><time>2026-10-04T07:06:31Z</time><sat>12</sat></trkpt>
  <trkpt lat="35.70063039" lon="139.79444832"><ele>44.216</ele><time>2026-10-04T07:06:34Z</time><sat>19</sat></trkpt>
  <trkpt lat="35.70071543" lon="139.79446936"><ele>46.123</ele><time>2026-10-04T07:06:37Z</time><sat>29</sat></trkpt>
  <trkpt lat="35.70078304" lon="139.79447833"><ele>48.022</ele><time>2026-10-04T07:06:40Z</time><sat>32</sat></trkpt>
  <trkpt lat="35.70083408" lon="139.79448013"><ele>51.201</ele><time>2026-10-04T07:06:43Z</time><sat>34</sat></trkpt>
  <trkpt lat="35.70089631" lon="139.79449277"><ele>49.456</ele><time>2026-10-04T07:06:49Z</time><sat>35</sat></trkpt>
  <trkpt lat="35.70094735" lon="139.79450716"><ele>48.782</ele><time>2026-10-04T07:06:55Z</time><sat>34</sat></trkpt>
  <trkpt lat="35.70099408" lon="139.79452959"><ele>49.101</ele><time>2026-10-04T07:07:01Z</time><sat>35</sat></trkpt>
  <trkpt lat="35.70104265" lon="139.79455133"><ele>49.641</ele><time>2026-10-04T07:07:07Z</time><sat>35</sat></trkpt>
  <trkpt lat="35.70110092" lon="139.79458689"><ele>52.766</ele><time>2026-10-04T07:07:13Z</time><sat>34</sat></trkpt>
  <trkpt lat="35.70118269" lon="139.79462492"><ele>54.488</ele><time>2026-10-04T07:07:19Z</time><sat>35</sat></trkpt>
  <trkpt lat="35.70124147" lon="139.79468077"><ele>54.285</ele><time>2026-10-04T07:07:25Z</time><sat>34</sat></trkpt>
  <trkpt lat="35.70126148" lon="139.79469291"><ele>54.959</ele><time>2026-10-04T07:07:28Z</time><sat>36</sat></trkpt>
  <trkpt lat="35.70126544" lon="139.79469601"><ele>53.937</ele><time>2026-10-04T07:07:31Z</time><sat>37</sat></trkpt>
  <trkpt lat="35.70126428" lon="139.79469370"><ele>53.213</ele><time>2026-10-04T07:07:42Z</time><sat>39</sat></trkpt>
  <trkpt lat="35.70127014" lon="139.79469166"><ele>52.648</ele><time>2026-10-04T07:07:54Z</time><sat>38</sat></trkpt>
  <trkpt lat="35.70127026" lon="139.79469144"><ele>52.633</ele><time>2026-10-04T07:08:06Z</time><sat>37</sat></trkpt>
  <trkpt lat="35.70127659" lon="139.79468955"><ele>52.159</ele><time>2026-10-04T07:08:12Z</time><sat>40</sat></trkpt>
  <trkpt lat="35.70130549" lon="139.79468476"><ele>48.814</ele><time>2026-10-04T07:08:15Z</time><sat>39</sat></trkpt>
  <trkpt lat="35.70135192" lon="139.79466477"><ele>48.392</ele><time>2026-10-04T07:08:18Z</time><sat>38</sat></trkpt>
  <trkpt lat="35.70139365" lon="139.79463962"><ele>48.359</ele><time>2026-10-04T07:08:21Z</time><sat>39</sat></trkpt>
  <trkpt lat="35.70145216" lon="139.79465393"><ele>47.068</ele><time>2026-10-04T07:08:27Z</time><sat>27</sat></trkpt>
  <trkpt lat="35.70141101" lon="139.79461927"><ele>36.464</ele><time>2026-10-04T07:08:33Z</time><sat>37</sat></trkpt>
  <trkpt lat="35.70132728" lon="139.79458688"><ele>29.886</ele><time>2026-10-04T07:08:39Z</time><sat>35</sat></trkpt>
  <trkpt lat="35.70139157" lon="139.79457683"><ele>28.576</ele><time>2026-10-04T07:08:51Z</time><sat>32</sat></trkpt>
  <trkpt lat="35.70145461" lon="139.79463210"><ele>27.960</ele><time>2026-10-04T07:08:57Z</time><sat>33</sat></trkpt>
  <trkpt lat="35.70152558" lon="139.79464829"><ele>26.683</ele><time>2026-10-04T07:09:03Z</time><sat>37</sat></trkpt>
  <trkpt lat="35.70157268" lon="139.79460554"><ele>31.425</ele><time>2026-10-04T07:09:09Z</time><sat>33</sat></trkpt>
  <trkpt lat="35.70161330" lon="139.79461298"><ele>31.728</ele><time>2026-10-04T07:09:15Z</time><sat>36</sat></trkpt>
  <trkpt lat="35.70162828" lon="139.79462024"><ele>32.772</ele><time>2026-10-04T07:09:18Z</time><sat>35</sat></trkpt>
  <trkpt lat="35.70165191" lon="139.79461890"><ele>33.510</ele><time>2026-10-04T07:09:21Z</time><sat>34</sat></trkpt>
  <trkpt lat="35.70173255" lon="139.79462402"><ele>35.456</ele><time>2026-10-04T07:09:27Z</time><sat>30</sat></trkpt>
  <trkpt lat="35.70181129" lon="139.79465426"><ele>34.785</ele><time>2026-10-04T07:09:33Z</time><sat>30</sat></trkpt>
  <trkpt lat="35.70187130" lon="139.79468583"><ele>36.942</ele><time>2026-10-04T07:09:39Z</time><sat>30</sat></trkpt>
  <trkpt lat="35.70192328" lon="139.79471308"><ele>36.184</ele><time>2026-10-04T07:09:45Z</time><sat>33</sat></trkpt>
  <trkpt lat="35.70196961" lon="139.79473627"><ele>36.216</ele><time>2026-10-04T07:09:51Z</time><sat>31</sat></trkpt>
  <trkpt lat="35.70202273" lon="139.79474806"><ele>36.131</ele><time>2026-10-04T07:09:57Z</time><sat>31</sat></trkpt>
  <trkpt lat="35.70209005" lon="139.79478142"><ele>35.629</ele><time>2026-10-04T07:10:03Z</time><sat>34</sat></trkpt>
  <trkpt lat="35.70215003" lon="139.79481696"><ele>37.063</ele><time>2026-10-04T07:10:09Z</time><sat>34</sat></trkpt>
  <trkpt lat="35.70221646" lon="139.79481805"><ele>38.459</ele><time>2026-10-04T07:10:15Z</time><sat>32</sat></trkpt>
  <trkpt lat="35.70227301" lon="139.79481428"><ele>37.497</ele><time>2026-10-04T07:10:21Z</time><sat>30</sat></trkpt>
  <trkpt lat="35.70231504" lon="139.79484375"><ele>39.781</ele><time>2026-10-04T07:10:27Z</time><sat>38</sat></trkpt>
  <trkpt lat="35.70231847" lon="139.79484723"><ele>39.397</ele><time>2026-10-04T07:10:30Z</time><sat>37</sat></trkpt>
  <trkpt lat="35.70231388" lon="139.79484274"><ele>39.053</ele><time>2026-10-04T07:10:33Z</time><sat>31</sat></trkpt>
  <trkpt lat="35.70231390" lon="139.79483985"><ele>39.727</ele><time>2026-10-04T07:10:36Z</time><sat>30</sat></trkpt>
  <trkpt lat="35.70231011" lon="139.79484272"><ele>40.172</ele><time>2026-10-04T07:10:39Z</time><sat>33</sat></trkpt>
  <trkpt lat="35.70230596" lon="139.79484555"><ele>40.890</ele><time>2026-10-04T07:10:45Z</time><sat>32</sat></trkpt>
  <trkpt lat="35.70231231" lon="139.79484702"><ele>41.809</ele><time>2026-10-04T07:10:48Z</time><sat>32</sat></trkpt>
  <trkpt lat="35.70230886" lon="139.79484658"><ele>41.815</ele><time>2026-10-04T07:10:51Z</time><sat>34</sat></trkpt>
  <trkpt lat="35.70230694" lon="139.79483821"><ele>43.302</ele><time>2026-10-04T07:10:54Z</time><sat>35</sat></trkpt>
  <trkpt lat="35.70229309" lon="139.79483369"><ele>43.809</ele><time>2026-10-04T07:10:57Z</time><sat>33</sat></trkpt>
  <trkpt lat="35.70228854" lon="139.79483233"><ele>42.947</ele><time>2026-10-04T07:11:00Z</time><sat>31</sat></trkpt>
  <trkpt lat="35.70228702" lon="139.79482965"><ele>43.028</ele><time>2026-10-04T07:11:05Z</time><sat>31</sat></trkpt>
  <trkpt lat="35.70228711" lon="139.79482944"><ele>43.012</ele><time>2026-10-04T07:11:11Z</time><sat>32</sat></trkpt>
  <trkpt lat="35.70230779" lon="139.79484431"><ele>43.196</ele><time>2026-10-04T07:11:14Z</time><sat>30</sat></trkpt>
  <trkpt lat="35.70237507" lon="139.79486407"><ele>42.874</ele><time>2026-10-04T07:11:20Z</time><sat>34</sat></trkpt>
  <trkpt lat="35.70243131" lon="139.79488497"><ele>42.136</ele><time>2026-10-04T07:11:26Z</time><sat>32</sat></trkpt>
  <trkpt lat="35.70248583" lon="139.79490991"><ele>38.206</ele><time>2026-10-04T07:11:32Z</time><sat>32</sat></trkpt>
  <trkpt lat="35.70254322" lon="139.79493125"><ele>37.495</ele><time>2026-10-04T07:11:38Z</time><sat>38</sat></trkpt>
  <trkpt lat="35.70259639" lon="139.79495846"><ele>38.577</ele><time>2026-10-04T07:11:44Z</time><sat>34</sat></trkpt>
  <trkpt lat="35.70265588" lon="139.79500270"><ele>37.299</ele><time>2026-10-04T07:11:50Z</time><sat>36</sat></trkpt>
  <trkpt lat="35.70273174" lon="139.79503407"><ele>35.063</ele><time>2026-10-04T07:11:56Z</time><sat>32</sat></trkpt>
  <trkpt lat="35.70280485" lon="139.79507216"><ele>32.665</ele><time>2026-10-04T07:12:02Z</time><sat>32</sat></trkpt>
  <trkpt lat="35.70284629" lon="139.79509677"><ele>33.878</ele><time>2026-10-04T07:12:05Z</time><sat>32</sat></trkpt>
  <trkpt lat="35.70291332" lon="139.79512490"><ele>36.241</ele><time>2026-10-04T07:12:11Z</time><sat>33</sat></trkpt>
  <trkpt lat="35.70296630" lon="139.79515159"><ele>38.249</ele><time>2026-10-04T07:12:17Z</time><sat>34</sat></trkpt>
  <trkpt lat="35.70302508" lon="139.79517140"><ele>38.378</ele><time>2026-10-04T07:12:23Z</time><sat>34</sat></trkpt>
  <trkpt lat="35.70309375" lon="139.79521267"><ele>39.741</ele><time>2026-10-04T07:12:29Z</time><sat>33</sat></trkpt>
  <trkpt lat="35.70316121" lon="139.79523983"><ele>39.790</ele><time>2026-10-04T07:12:35Z</time><sat>35</sat></trkpt>
  <trkpt lat="35.70322663" lon="139.79527346"><ele>37.703</ele><time>2026-10-04T07:12:41Z</time><sat>33</sat></trkpt>
  <trkpt lat="35.70328251" lon="139.79528541"><ele>36.709</ele><time>2026-10-04T07:12:47Z</time><sat>33</sat></trkpt>
  <trkpt lat="35.70334149" lon="139.79531020"><ele>37.524</ele><time>2026-10-04T07:12:53Z</time><sat>31</sat></trkpt>
  <trkpt lat="35.70340207" lon="139.79533366"><ele>36.853</ele><time>2026-10-04T07:12:59Z</time><sat>32</sat></trkpt>
  <trkpt lat="35.70345380" lon="139.79537855"><ele>35.849</ele><time>2026-10-04T07:13:05Z</time><sat>32</sat></trkpt>
  <trkpt lat="35.70350437" lon="139.79539784"><ele>37.543</ele><time>2026-10-04T07:13:11Z</time><sat>29</sat></trkpt>
  <trkpt lat="35.70355484" lon="139.79542811"><ele>39.123</ele><time>2026-10-04T07:13:17Z</time><sat>27</sat></trkpt>
  <trkpt lat="35.70361855" lon="139.79546591"><ele>35.751</ele><time>2026-10-04T07:13:26Z</time><sat>38</sat></trkpt>
  <trkpt lat="35.70367264" lon="139.79550117"><ele>38.490</ele><time>2026-10-04T07:13:32Z</time><sat>36</sat></trkpt>
  <trkpt lat="35.70372558" lon="139.79553485"><ele>40.127</ele><time>2026-10-04T07:13:38Z</time><sat>31</sat></trkpt>
  <trkpt lat="35.70377663" lon="139.79555390"><ele>42.203</ele><time>2026-10-04T07:13:44Z</time><sat>33</sat></trkpt>
  <trkpt lat="35.70382557" lon="139.79559534"><ele>41.526</ele><time>2026-10-04T07:13:50Z</time><sat>33</sat></trkpt>
  <trkpt lat="35.70384348" lon="139.79560418"><ele>41.083</ele><time>2026-10-04T07:13:53Z</time><sat>33</sat></trkpt>
  <trkpt lat="35.70384349" lon="139.79560046"><ele>41.290</ele><time>2026-10-04T07:13:56Z</time><sat>28</sat></trkpt>
  <trkpt lat="35.70384272" lon="139.79560141"><ele>41.290</ele><time>2026-10-04T07:14:02Z</time><sat>25</sat></trkpt>
  <trkpt lat="35.70385035" lon="139.79562071"><ele>41.221</ele><time>2026-10-04T07:14:05Z</time><sat>31</sat></trkpt>
  <trkpt lat="35.70388261" lon="139.79570271"><ele>38.298</ele><time>2026-10-04T07:14:11Z</time><sat>36</sat></trkpt>
  <trkpt lat="35.70393938" lon="139.79571954"><ele>39.047</ele><time>2026-10-04T07:14:17Z</time><sat>33</sat></trkpt>
  <trkpt lat="35.70398936" lon="139.79571451"><ele>38.945</ele><time>2026-10-04T07:14:23Z</time><sat>33</sat></trkpt>
  <trkpt lat="35.70401742" lon="139.79571400"><ele>38.281</ele><time>2026-10-04T07:14:26Z</time><sat>33</sat></trkpt>
  <trkpt lat="35.70403876" lon="139.79571188"><ele>37.881</ele><time>2026-10-04T07:14:29Z</time><sat>34</sat></trkpt>
  <trkpt lat="35.70403654" lon="139.79570866"><ele>38.382</ele><time>2026-10-04T07:14:38Z</time><sat>26</sat></trkpt>
  <trkpt lat="35.70403275" lon="139.79571090"><ele>38.449</ele><time>2026-10-04T07:14:43Z</time><sat>29</sat></trkpt>
  <trkpt lat="35.70402117" lon="139.79570807"><ele>38.274</ele><time>2026-10-04T07:14:46Z</time><sat>31</sat></trkpt>
  <trkpt lat="35.70401787" lon="139.79570579"><ele>38.399</ele><time>2026-10-04T07:14:49Z</time><sat>34</sat></trkpt>
  <trkpt lat="35.70400266" lon="139.79569743"><ele>38.223</ele><time>2026-10-04T07:14:55Z</time><sat>33</sat></trkpt>
  <trkpt lat="35.70400640" lon="139.79570091"><ele>38.237</ele><time>2026-10-04T07:14:58Z</time><sat>37</sat></trkpt>
  <trkpt lat="35.70400678" lon="139.79570157"><ele>38.241</ele><time>2026-10-04T07:15:01Z</time><sat>38</sat></trkpt>
  <trkpt lat="35.70399608" lon="139.79569877"><ele>39.051</ele><time>2026-10-04T07:15:04Z</time><sat>35</sat></trkpt>
  <trkpt lat="35.70394338" lon="139.79567002"><ele>41.467</ele><time>2026-10-04T07:15:10Z</time><sat>37</sat></trkpt>
  <trkpt lat="35.70389979" lon="139.79569475"><ele>43.742</ele><time>2026-10-04T07:15:19Z</time><sat>30</sat></trkpt>
  <trkpt lat="35.70390741" lon="139.79569920"><ele>43.730</ele><time>2026-10-04T07:15:22Z</time><sat>28</sat></trkpt>
  <trkpt lat="35.70391792" lon="139.79569274"><ele>43.534</ele><time>2026-10-04T07:15:28Z</time><sat>21</sat></trkpt>
  <trkpt lat="35.70391972" lon="139.79568909"><ele>43.554</ele><time>2026-10-04T07:15:34Z</time><sat>33</sat></trkpt>
  <trkpt lat="35.70392241" lon="139.79568810"><ele>44.149</ele><time>2026-10-04T07:15:37Z</time><sat>32</sat></trkpt>
  <trkpt lat="35.70395616" lon="139.79565536"><ele>43.870</ele><time>2026-10-04T07:15:43Z</time><sat>34</sat></trkpt>
  <trkpt lat="35.70396129" lon="139.79565415"><ele>43.594</ele><time>2026-10-04T07:15:46Z</time><sat>33</sat></trkpt>
  <trkpt lat="35.70395824" lon="139.79564549"><ele>43.779</ele><time>2026-10-04T07:15:49Z</time><sat>30</sat></trkpt>
  <trkpt lat="35.70395189" lon="139.79563763"><ele>43.739</ele><time>2026-10-04T07:15:52Z</time><sat>31</sat></trkpt>
  <trkpt lat="35.70394709" lon="139.79562308"><ele>44.340</ele><time>2026-10-04T07:15:58Z</time><sat>33</sat></trkpt>
  <trkpt lat="35.70394712" lon="139.79562523"><ele>45.215</ele><time>2026-10-04T07:16:03Z</time><sat>31</sat></trkpt>
  <trkpt lat="35.70399027" lon="139.79566087"><ele>46.317</ele><time>2026-10-04T07:16:09Z</time><sat>35</sat></trkpt>
  <trkpt lat="35.70404201" lon="139.79567226"><ele>45.617</ele><time>2026-10-04T07:16:15Z</time><sat>37</sat></trkpt>
  <trkpt lat="35.70408948" lon="139.79571866"><ele>33.604</ele><time>2026-10-04T07:16:27Z</time><sat>30</sat></trkpt>
  <trkpt lat="35.70414325" lon="139.79581164"><ele>28.789</ele><time>2026-10-04T07:16:33Z</time><sat>23</sat></trkpt>
  <trkpt lat="35.70419609" lon="139.79585012"><ele>24.816</ele><time>2026-10-04T07:16:36Z</time><sat>25</sat></trkpt>
  <trkpt lat="35.70426744" lon="139.79584454"><ele>24.771</ele><time>2026-10-04T07:16:39Z</time><sat>33</sat></trkpt>
  <trkpt lat="35.70431902" lon="139.79583432"><ele>23.719</ele><time>2026-10-04T07:16:45Z</time><sat>31</sat></trkpt>
  <trkpt lat="35.70427670" lon="139.79584230"><ele>22.658</ele><time>2026-10-04T07:16:48Z</time><sat>30</sat></trkpt>
  <trkpt lat="35.70428321" lon="139.79586202"><ele>22.711</ele><time>2026-10-04T07:16:56Z</time><sat>33</sat></trkpt>
  <trkpt lat="35.70428678" lon="139.79586587"><ele>23.273</ele><time>2026-10-04T07:16:59Z</time><sat>30</sat></trkpt>
  <trkpt lat="35.70432247" lon="139.79592391"><ele>30.023</ele><time>2026-10-04T07:17:08Z</time><sat>29</sat></trkpt>
  <trkpt lat="35.70436288" lon="139.79595822"><ele>31.578</ele><time>2026-10-04T07:17:14Z</time><sat>30</sat></trkpt>
  <trkpt lat="35.70441627" lon="139.79599007"><ele>32.809</ele><time>2026-10-04T07:17:20Z</time><sat>28</sat></trkpt>
  <trkpt lat="35.70436115" lon="139.79592302"><ele>37.752</ele><time>2026-10-04T07:17:32Z</time><sat>22</sat></trkpt>
  <trkpt lat="35.70430336" lon="139.79589291"><ele>41.901</ele><time>2026-10-04T07:17:38Z</time><sat>23</sat></trkpt>
  <trkpt lat="35.70426911" lon="139.79593143"><ele>44.163</ele><time>2026-10-04T07:17:44Z</time><sat>30</sat></trkpt>
  <trkpt lat="35.70424788" lon="139.79600589"><ele>35.719</ele><time>2026-10-04T07:17:56Z</time><sat>37</sat></trkpt>
  <trkpt lat="35.70424512" lon="139.79608479"><ele>29.354</ele><time>2026-10-04T07:17:59Z</time><sat>37</sat></trkpt>
  <trkpt lat="35.70424731" lon="139.79615021"><ele>34.228</ele><time>2026-10-04T07:18:02Z</time><sat>35</sat></trkpt>
  <trkpt lat="35.70424614" lon="139.79622419"><ele>38.337</ele><time>2026-10-04T07:18:05Z</time><sat>38</sat></trkpt>
  <trkpt lat="35.70423887" lon="139.79631715"><ele>41.061</ele><time>2026-10-04T07:18:11Z</time><sat>34</sat></trkpt>
  <trkpt lat="35.70424204" lon="139.79634719"><ele>42.248</ele><time>2026-10-04T07:18:14Z</time><sat>38</sat></trkpt>
  <trkpt lat="35.70424778" lon="139.79636574"><ele>40.140</ele><time>2026-10-04T07:18:17Z</time><sat>40</sat></trkpt>
  <trkpt lat="35.70425270" lon="139.79638645"><ele>45.754</ele><time>2026-10-04T07:18:20Z</time><sat>39</sat></trkpt>
  <trkpt lat="35.70426496" lon="139.79640391"><ele>46.492</ele><time>2026-10-04T07:18:23Z</time><sat>40</sat></trkpt>
  <trkpt lat="35.70426734" lon="139.79640618"><ele>46.525</ele><time>2026-10-04T07:18:26Z</time><sat>38</sat></trkpt>
  <trkpt lat="35.70426763" lon="139.79640929"><ele>46.942</ele><time>2026-10-04T07:18:29Z</time><sat>32</sat></trkpt>
  <trkpt lat="35.70431291" lon="139.79644224"><ele>47.745</ele><time>2026-10-04T07:18:35Z</time><sat>36</sat></trkpt>
  <trkpt lat="35.70436615" lon="139.79646857"><ele>50.717</ele><time>2026-10-04T07:18:40Z</time><sat>37</sat></trkpt>
  <trkpt lat="35.70440162" lon="139.79653307"><ele>55.307</ele><time>2026-10-04T07:18:46Z</time><sat>32</sat></trkpt>
  <trkpt lat="35.70440767" lon="139.79660591"><ele>55.245</ele><time>2026-10-04T07:18:58Z</time><sat>35</sat></trkpt>
  <trkpt lat="35.70439945" lon="139.79666036"><ele>54.326</ele><time>2026-10-04T07:19:04Z</time><sat>34</sat></trkpt>
  <trkpt lat="35.70440006" lon="139.79674258"><ele>54.982</ele><time>2026-10-04T07:19:10Z</time><sat>32</sat></trkpt>
  <trkpt lat="35.70442424" lon="139.79682071"><ele>51.312</ele><time>2026-10-04T07:19:16Z</time><sat>26</sat></trkpt>
  <trkpt lat="35.70449113" lon="139.79683670"><ele>49.664</ele><time>2026-10-04T07:19:22Z</time><sat>30</sat></trkpt>
  <trkpt lat="35.70456413" lon="139.79683526"><ele>46.451</ele><time>2026-10-04T07:19:28Z</time><sat>29</sat></trkpt>
  <trkpt lat="35.70462855" lon="139.79686781"><ele>46.940</ele><time>2026-10-04T07:19:34Z</time><sat>22</sat></trkpt>
  <trkpt lat="35.70468676" lon="139.79692733"><ele>47.989</ele><time>2026-10-04T07:19:40Z</time><sat>23</sat></trkpt>
  <trkpt lat="35.70474704" lon="139.79689428"><ele>54.628</ele><time>2026-10-04T07:19:49Z</time><sat>30</sat></trkpt>
  <trkpt lat="35.70478594" lon="139.79692300"><ele>54.929</ele><time>2026-10-04T07:19:52Z</time><sat>29</sat></trkpt>
  <trkpt lat="35.70484183" lon="139.79696642"><ele>55.861</ele><time>2026-10-04T07:19:58Z</time><sat>28</sat></trkpt>
  <trkpt lat="35.70492513" lon="139.79702404"><ele>51.391</ele><time>2026-10-04T07:20:04Z</time><sat>28</sat></trkpt>
  <trkpt lat="35.70496330" lon="139.79706007"><ele>49.211</ele><time>2026-10-04T07:20:07Z</time><sat>25</sat></trkpt>
  <trkpt lat="35.70500375" lon="139.79708865"><ele>47.810</ele><time>2026-10-04T07:20:10Z</time><sat>25</sat></trkpt>
  <trkpt lat="35.70504530" lon="139.79711226"><ele>49.172</ele><time>2026-10-04T07:20:16Z</time><sat>27</sat></trkpt>
  <trkpt lat="35.70506294" lon="139.79719522"><ele>45.784</ele><time>2026-10-04T07:20:22Z</time><sat>25</sat></trkpt>
  <trkpt lat="35.70511671" lon="139.79720073"><ele>47.555</ele><time>2026-10-04T07:20:28Z</time><sat>34</sat></trkpt>
  <trkpt lat="35.70518958" lon="139.79718334"><ele>51.392</ele><time>2026-10-04T07:20:34Z</time><sat>31</sat></trkpt>
  <trkpt lat="35.70526590" lon="139.79719138"><ele>55.127</ele><time>2026-10-04T07:20:40Z</time><sat>29</sat></trkpt>
  <trkpt lat="35.70534271" lon="139.79721582"><ele>54.964</ele><time>2026-10-04T07:20:46Z</time><sat>27</sat></trkpt>
  <trkpt lat="35.70539446" lon="139.79723610"><ele>57.846</ele><time>2026-10-04T07:20:52Z</time><sat>30</sat></trkpt>
  <trkpt lat="35.70545017" lon="139.79724267"><ele>57.097</ele><time>2026-10-04T07:21:04Z</time><sat>32</sat></trkpt>
  <trkpt lat="35.70552053" lon="139.79725174"><ele>58.397</ele><time>2026-10-04T07:21:10Z</time><sat>33</sat></trkpt>
  <trkpt lat="35.70557035" lon="139.79727671"><ele>57.038</ele><time>2026-10-04T07:21:13Z</time><sat>32</sat></trkpt>
  <trkpt lat="35.70561724" lon="139.79730299"><ele>56.411</ele><time>2026-10-04T07:21:16Z</time><sat>33</sat></trkpt>
  <trkpt lat="35.70567583" lon="139.79733950"><ele>56.213</ele><time>2026-10-04T07:21:22Z</time><sat>35</sat></trkpt>
  <trkpt lat="35.70571683" lon="139.79737805"><ele>59.011</ele><time>2026-10-04T07:21:28Z</time><sat>32</sat></trkpt>
  <trkpt lat="35.70577515" lon="139.79742122"><ele>55.830</ele><time>2026-10-04T07:21:34Z</time><sat>36</sat></trkpt>
  <trkpt lat="35.70583470" lon="139.79741106"><ele>53.772</ele><time>2026-10-04T07:21:40Z</time><sat>34</sat></trkpt>
  <trkpt lat="35.70590412" lon="139.79739506"><ele>49.394</ele><time>2026-10-04T07:21:46Z</time><sat>23</sat></trkpt>
  <trkpt lat="35.70598181" lon="139.79741670"><ele>48.361</ele><time>2026-10-04T07:21:49Z</time><sat>22</sat></trkpt>
  <trkpt lat="35.70608096" lon="139.79743874"><ele>50.517</ele><time>2026-10-04T07:21:52Z</time><sat>18</sat></trkpt>
  <trkpt lat="35.70611146" lon="139.79747975"><ele>52.368</ele><time>2026-10-04T07:22:04Z</time><sat>24</sat></trkpt>
  <trkpt lat="35.70614375" lon="139.79749231"><ele>52.584</ele><time>2026-10-04T07:22:16Z</time><sat>26</sat></trkpt>
  <trkpt lat="35.70621845" lon="139.79756415"><ele>45.733</ele><time>2026-10-04T07:22:22Z</time><sat>27</sat></trkpt>
  <trkpt lat="35.70624948" lon="139.79763593"><ele>46.338</ele><time>2026-10-04T07:22:28Z</time><sat>35</sat></trkpt>
  <trkpt lat="35.70631880" lon="139.79768346"><ele>51.393</ele><time>2026-10-04T07:22:34Z</time><sat>29</sat></trkpt>
  <trkpt lat="35.70636888" lon="139.79768287"><ele>49.178</ele><time>2026-10-04T07:22:37Z</time><sat>36</sat></trkpt>
  <trkpt lat="35.70643955" lon="139.79765532"><ele>51.651</ele><time>2026-10-04T07:22:43Z</time><sat>41</sat></trkpt>
  <trkpt lat="35.70650577" lon="139.79762332"><ele>54.736</ele><time>2026-10-04T07:22:49Z</time><sat>39</sat></trkpt>
  <trkpt lat="35.70652767" lon="139.79762402"><ele>53.258</ele><time>2026-10-04T07:22:52Z</time><sat>38</sat></trkpt>
  <trkpt lat="35.70654872" lon="139.79762404"><ele>53.068</ele><time>2026-10-04T07:22:55Z</time><sat>40</sat></trkpt>
  <trkpt lat="35.70657185" lon="139.79761620"><ele>53.637</ele><time>2026-10-04T07:22:58Z</time><sat>40</sat></trkpt>
  <trkpt lat="35.70662141" lon="139.79763420"><ele>56.393</ele><time>2026-10-04T07:23:01Z</time><sat>39</sat></trkpt>
  <trkpt lat="35.70668395" lon="139.79763681"><ele>53.340</ele><time>2026-10-04T07:23:07Z</time><sat>33</sat></trkpt>
  <trkpt lat="35.70672787" lon="139.79771429"><ele>50.164</ele><time>2026-10-04T07:23:13Z</time><sat>32</sat></trkpt>
  <trkpt lat="35.70676582" lon="139.79776895"><ele>45.744</ele><time>2026-10-04T07:23:19Z</time><sat>36</sat></trkpt>
  <trkpt lat="35.70682854" lon="139.79775531"><ele>42.295</ele><time>2026-10-04T07:23:25Z</time><sat>36</sat></trkpt>
  <trkpt lat="35.70688404" lon="139.79775031"><ele>39.890</ele><time>2026-10-04T07:23:31Z</time><sat>30</sat></trkpt>
  <trkpt lat="35.70693945" lon="139.79776089"><ele>39.246</ele><time>2026-10-04T07:23:37Z</time><sat>30</sat></trkpt>
  <trkpt lat="35.70700749" lon="139.79776334"><ele>41.839</ele><time>2026-10-04T07:23:43Z</time><sat>33</sat></trkpt>
  <trkpt lat="35.70709941" lon="139.79776783"><ele>43.660</ele><time>2026-10-04T07:23:49Z</time><sat>34</sat></trkpt>
  <trkpt lat="35.70716594" lon="139.79778397"><ele>44.296</ele><time>2026-10-04T07:23:55Z</time><sat>36</sat></trkpt>
  <trkpt lat="35.70722348" lon="139.79783516"><ele>43.078</ele><time>2026-10-04T07:24:01Z</time><sat>35</sat></trkpt>
  <trkpt lat="35.70725884" lon="139.79787503"><ele>44.544</ele><time>2026-10-04T07:24:04Z</time><sat>36</sat></trkpt>
  <trkpt lat="35.70730502" lon="139.79791011"><ele>43.641</ele><time>2026-10-04T07:24:07Z</time><sat>37</sat></trkpt>
  <trkpt lat="35.70735900" lon="139.79795608"><ele>46.594</ele><time>2026-10-04T07:24:13Z</time><sat>37</sat></trkpt>
  <trkpt lat="35.70741146" lon="139.79799743"><ele>43.611</ele><time>2026-10-04T07:24:22Z</time><sat>38</sat></trkpt>
  <trkpt lat="35.70746632" lon="139.79799513"><ele>43.426</ele><time>2026-10-04T07:24:28Z</time><sat>37</sat></trkpt>
  <trkpt lat="35.70751813" lon="139.79799181"><ele>47.743</ele><time>2026-10-04T07:24:34Z</time><sat>39</sat></trkpt>
  <trkpt lat="35.70758901" lon="139.79802493"><ele>47.864</ele><time>2026-10-04T07:24:40Z</time><sat>36</sat></trkpt>
  <trkpt lat="35.70761758" lon="139.79806774"><ele>48.589</ele><time>2026-10-04T07:24:43Z</time><sat>38</sat></trkpt>
  <trkpt lat="35.70765250" lon="139.79812627"><ele>48.040</ele><time>2026-10-04T07:24:52Z</time><sat>23</sat></trkpt>
  <trkpt lat="35.70763404" lon="139.79819247"><ele>50.119</ele><time>2026-10-04T07:24:55Z</time><sat>34</sat></trkpt>
  <trkpt lat="35.70760783" lon="139.79824756"><ele>51.657</ele><time>2026-10-04T07:24:58Z</time><sat>36</sat></trkpt>
  <trkpt lat="35.70756584" lon="139.79834194"><ele>51.171</ele><time>2026-10-04T07:25:05Z</time><sat>40</sat></trkpt>
  <trkpt lat="35.70750260" lon="139.79835400"><ele>49.580</ele><time>2026-10-04T07:25:11Z</time><sat>37</sat></trkpt>
  <trkpt lat="35.70747423" lon="139.79834111"><ele>49.236</ele><time>2026-10-04T07:25:14Z</time><sat>38</sat></trkpt>
  <trkpt lat="35.70747349" lon="139.79833779"><ele>48.793</ele><time>2026-10-04T07:25:17Z</time><sat>38</sat></trkpt>
  <trkpt lat="35.70747429" lon="139.79833895"><ele>47.833</ele><time>2026-10-04T07:25:20Z</time><sat>37</sat></trkpt>
  <trkpt lat="35.70747445" lon="139.79834282"><ele>47.393</ele><time>2026-10-04T07:25:23Z</time><sat>32</sat></trkpt>
  <trkpt lat="35.70747627" lon="139.79834616"><ele>47.395</ele><time>2026-10-04T07:25:26Z</time><sat>36</sat></trkpt>
  <trkpt lat="35.70747785" lon="139.79834903"><ele>47.247</ele><time>2026-10-04T07:25:38Z</time><sat>38</sat></trkpt>
  <trkpt lat="35.70747774" lon="139.79835053"><ele>47.198</ele><time>2026-10-04T07:25:50Z</time><sat>35</sat></trkpt>
  <trkpt lat="35.70747858" lon="139.79835333"><ele>47.228</ele><time>2026-10-04T07:26:02Z</time><sat>35</sat></trkpt>
  <trkpt lat="35.70747840" lon="139.79835649"><ele>47.194</ele><time>2026-10-04T07:26:14Z</time><sat>36</sat></trkpt>
  <trkpt lat="35.70747838" lon="139.79835691"><ele>47.194</ele><time>2026-10-04T07:26:17Z</time><sat>31</sat></trkpt>
  <trkpt lat="35.70747598" lon="139.79836263"><ele>46.615</ele><time>2026-10-04T07:26:20Z</time><sat>35</sat></trkpt>
  <trkpt lat="35.70744902" lon="139.79844174"><ele>47.362</ele><time>2026-10-04T07:26:26Z</time><sat>38</sat></trkpt>
  <trkpt lat="35.70741877" lon="139.79851512"><ele>47.182</ele><time>2026-10-04T07:26:32Z</time><sat>37</sat></trkpt>
  <trkpt lat="35.70739866" lon="139.79858496"><ele>42.434</ele><time>2026-10-04T07:26:38Z</time><sat>40</sat></trkpt>
  <trkpt lat="35.70739371" lon="139.79860974"><ele>43.844</ele><time>2026-10-04T07:26:41Z</time><sat>37</sat></trkpt>
  <trkpt lat="35.70739470" lon="139.79860626"><ele>43.787</ele><time>2026-10-04T07:26:53Z</time><sat>36</sat></trkpt>
  <trkpt lat="35.70739165" lon="139.79861116"><ele>44.767</ele><time>2026-10-04T07:27:05Z</time><sat>40</sat></trkpt>
  <trkpt lat="35.70739320" lon="139.79861400"><ele>45.069</ele><time>2026-10-04T07:27:17Z</time><sat>34</sat></trkpt>
  <trkpt lat="35.70739681" lon="139.79861458"><ele>45.918</ele><time>2026-10-04T07:27:29Z</time><sat>39</sat></trkpt>
  <trkpt lat="35.70740476" lon="139.79861372"><ele>44.400</ele><time>2026-10-04T07:27:41Z</time><sat>32</sat></trkpt>
  <trkpt lat="35.70740510" lon="139.79861370"><ele>44.390</ele><time>2026-10-04T07:27:44Z</time><sat>35</sat></trkpt>
  <trkpt lat="35.70741449" lon="139.79862721"><ele>45.594</ele><time>2026-10-04T07:27:47Z</time><sat>36</sat></trkpt>
  <trkpt lat="35.70747419" lon="139.79868826"><ele>47.128</ele><time>2026-10-04T07:27:53Z</time><sat>39</sat></trkpt>
  <trkpt lat="35.70754101" lon="139.79874123"><ele>47.269</ele><time>2026-10-04T07:27:59Z</time><sat>40</sat></trkpt>
  <trkpt lat="35.70759742" lon="139.79878865"><ele>46.475</ele><time>2026-10-04T07:28:05Z</time><sat>40</sat></trkpt>
  <trkpt lat="35.70762297" lon="139.79879430"><ele>45.850</ele><time>2026-10-04T07:28:08Z</time><sat>40</sat></trkpt>
  <trkpt lat="35.70762615" lon="139.79878944"><ele>46.417</ele><time>2026-10-04T07:28:11Z</time><sat>38</sat></trkpt>
  <trkpt lat="35.70763805" lon="139.79878895"><ele>46.337</ele><time>2026-10-04T07:28:14Z</time><sat>39</sat></trkpt>
  <trkpt lat="35.70765413" lon="139.79879198"><ele>46.436</ele><time>2026-10-04T07:28:17Z</time><sat>40</sat></trkpt>
  <trkpt lat="35.70765469" lon="139.79878901"><ele>46.194</ele><time>2026-10-04T07:28:20Z</time><sat>39</sat></trkpt>
  <trkpt lat="35.70765697" lon="139.79878970"><ele>46.119</ele><time>2026-10-04T07:28:32Z</time><sat>40</sat></trkpt>
  <trkpt lat="35.70765817" lon="139.79878901"><ele>45.682</ele><time>2026-10-04T07:28:35Z</time><sat>39</sat></trkpt>
  <trkpt lat="35.70765925" lon="139.79878719"><ele>45.688</ele><time>2026-10-04T07:28:38Z</time><sat>38</sat></trkpt>
  <trkpt lat="35.70765933" lon="139.79878641"><ele>45.674</ele><time>2026-10-04T07:28:50Z</time><sat>40</sat></trkpt>
  <trkpt lat="35.70766671" lon="139.79878790"><ele>45.300</ele><time>2026-10-04T07:28:54Z</time><sat>40</sat></trkpt>
  <trkpt lat="35.70767554" lon="139.79878389"><ele>45.301</ele><time>2026-10-04T07:28:57Z</time><sat>43</sat></trkpt>
  <trkpt lat="35.70767738" lon="139.79878329"><ele>45.309</ele><time>2026-10-04T07:29:00Z</time><sat>41</sat></trkpt>
  <trkpt lat="35.70768143" lon="139.79878234"><ele>44.902</ele><time>2026-10-04T07:29:03Z</time><sat>40</sat></trkpt>
  <trkpt lat="35.70768368" lon="139.79878266"><ele>44.887</ele><time>2026-10-04T07:29:06Z</time><sat>35</sat></trkpt>
  <trkpt lat="35.70768583" lon="139.79878413"><ele>45.096</ele><time>2026-10-04T07:29:18Z</time><sat>35</sat></trkpt>
  <trkpt lat="35.70768561" lon="139.79878374"><ele>45.097</ele><time>2026-10-04T07:29:30Z</time><sat>36</sat></trkpt>
  <trkpt lat="35.70768561" lon="139.79878377"><ele>45.094</ele><time>2026-10-04T07:29:36Z</time><sat>34</sat></trkpt>
  <trkpt lat="35.70768841" lon="139.79878200"><ele>44.411</ele><time>2026-10-04T07:29:39Z</time><sat>32</sat></trkpt>
  <trkpt lat="35.70776366" lon="139.79873256"><ele>43.481</ele><time>2026-10-04T07:29:48Z</time><sat>40</sat></trkpt>
  <trkpt lat="35.70784046" lon="139.79871015"><ele>44.433</ele><time>2026-10-04T07:29:54Z</time><sat>40</sat></trkpt>
  <trkpt lat="35.70791545" lon="139.79868621"><ele>44.474</ele><time>2026-10-04T07:30:00Z</time><sat>41</sat></trkpt>
  <trkpt lat="35.70794697" lon="139.79863581"><ele>45.962</ele><time>2026-10-04T07:30:06Z</time><sat>41</sat></trkpt>
  <trkpt lat="35.70801394" lon="139.79860681"><ele>44.935</ele><time>2026-10-04T07:30:12Z</time><sat>38</sat></trkpt>
  <trkpt lat="35.70803788" lon="139.79854770"><ele>46.159</ele><time>2026-10-04T07:30:15Z</time><sat>38</sat></trkpt>
  <trkpt lat="35.70807396" lon="139.79849961"><ele>51.706</ele><time>2026-10-04T07:30:21Z</time><sat>41</sat></trkpt>
  <trkpt lat="35.70812374" lon="139.79851541"><ele>51.704</ele><time>2026-10-04T07:30:27Z</time><sat>41</sat></trkpt>
  <trkpt lat="35.70819902" lon="139.79855014"><ele>51.546</ele><time>2026-10-04T07:30:33Z</time><sat>42</sat></trkpt>
  <trkpt lat="35.70824156" lon="139.79859225"><ele>49.529</ele><time>2026-10-04T07:30:36Z</time><sat>42</sat></trkpt>
  <trkpt lat="35.70829732" lon="139.79866064"><ele>47.805</ele><time>2026-10-04T07:30:42Z</time><sat>39</sat></trkpt>
  <trkpt lat="35.70833589" lon="139.79875197"><ele>44.556</ele><time>2026-10-04T07:30:48Z</time><sat>43</sat></trkpt>
  <trkpt lat="35.70837837" lon="139.79881494"><ele>46.635</ele><time>2026-10-04T07:30:54Z</time><sat>40</sat></trkpt>
  <trkpt lat="35.70842971" lon="139.79887394"><ele>46.365</ele><time>2026-10-04T07:31:00Z</time><sat>40</sat></trkpt>
  <trkpt lat="35.70848160" lon="139.79889502"><ele>47.599</ele><time>2026-10-04T07:31:06Z</time><sat>39</sat></trkpt>
  <trkpt lat="35.70852824" lon="139.79890000"><ele>46.731</ele><time>2026-10-04T07:31:09Z</time><sat>40</sat></trkpt>
  <trkpt lat="35.70857478" lon="139.79891038"><ele>47.468</ele><time>2026-10-04T07:31:12Z</time><sat>42</sat></trkpt>
  <trkpt lat="35.70862165" lon="139.79892407"><ele>47.551</ele><time>2026-10-04T07:31:15Z</time><sat>43</sat></trkpt>
  <trkpt lat="35.70866561" lon="139.79893739"><ele>47.518</ele><time>2026-10-04T07:31:18Z</time><sat>40</sat></trkpt>
  <trkpt lat="35.70873258" lon="139.79898264"><ele>49.142</ele><time>2026-10-04T07:31:24Z</time><sat>41</sat></trkpt>
  <trkpt lat="35.70878846" lon="139.79903207"><ele>45.864</ele><time>2026-10-04T07:31:30Z</time><sat>41</sat></trkpt>
  <trkpt lat="35.70885733" lon="139.79906648"><ele>44.910</ele><time>2026-10-04T07:31:36Z</time><sat>40</sat></trkpt>
  <trkpt lat="35.70890280" lon="139.79908724"><ele>45.961</ele><time>2026-10-04T07:31:39Z</time><sat>40</sat></trkpt>
  <trkpt lat="35.70896708" lon="139.79911822"><ele>44.153</ele><time>2026-10-04T07:31:45Z</time><sat>37</sat></trkpt>
  <trkpt lat="35.70901859" lon="139.79920327"><ele>41.357</ele><time>2026-10-04T07:31:51Z</time><sat>38</sat></trkpt>
  <trkpt lat="35.70904502" lon="139.79925193"><ele>40.177</ele><time>2026-10-04T07:31:54Z</time><sat>37</sat></trkpt>
  <trkpt lat="35.70908742" lon="139.79928905"><ele>45.064</ele><time>2026-10-04T07:32:00Z</time><sat>36</sat></trkpt>
  <trkpt lat="35.70914345" lon="139.79934324"><ele>42.115</ele><time>2026-10-04T07:32:06Z</time><sat>38</sat></trkpt>
  <trkpt lat="35.70918537" lon="139.79940748"><ele>44.144</ele><time>2026-10-04T07:32:12Z</time><sat>39</sat></trkpt>
  <trkpt lat="35.70922521" lon="139.79947913"><ele>44.031</ele><time>2026-10-04T07:32:18Z</time><sat>37</sat></trkpt>
  <trkpt lat="35.70931419" lon="139.79954582"><ele>41.425</ele><time>2026-10-04T07:32:24Z</time><sat>38</sat></trkpt>
  <trkpt lat="35.70936128" lon="139.79957250"><ele>41.707</ele><time>2026-10-04T07:32:27Z</time><sat>38</sat></trkpt>
  <trkpt lat="35.70941838" lon="139.79959000"><ele>46.948</ele><time>2026-10-04T07:32:36Z</time><sat>41</sat></trkpt>
  <trkpt lat="35.70946634" lon="139.79958388"><ele>50.031</ele><time>2026-10-04T07:32:45Z</time><sat>42</sat></trkpt>
  <trkpt lat="35.70946945" lon="139.79957774"><ele>50.422</ele><time>2026-10-04T07:32:48Z</time><sat>41</sat></trkpt>
  <trkpt lat="35.70947106" lon="139.79958092"><ele>48.430</ele><time>2026-10-04T07:32:51Z</time><sat>40</sat></trkpt>
  <trkpt lat="35.70951379" lon="139.79961474"><ele>44.604</ele><time>2026-10-04T07:32:56Z</time><sat>36</sat></trkpt>
  <trkpt lat="35.70955922" lon="139.79964231"><ele>41.827</ele><time>2026-10-04T07:32:59Z</time><sat>36</sat></trkpt>
  <trkpt lat="35.70957694" lon="139.79970300"><ele>41.698</ele><time>2026-10-04T07:33:02Z</time><sat>36</sat></trkpt>
  <trkpt lat="35.70955342" lon="139.79976156"><ele>43.494</ele><time>2026-10-04T07:33:05Z</time><sat>37</sat></trkpt>
  <trkpt lat="35.70951864" lon="139.79979937"><ele>45.632</ele><time>2026-10-04T07:33:08Z</time><sat>37</sat></trkpt>
  <trkpt lat="35.70950754" lon="139.79981148"><ele>46.419</ele><time>2026-10-04T07:33:11Z</time><sat>32</sat></trkpt>
  <trkpt lat="35.70950873" lon="139.79982104"><ele>47.055</ele><time>2026-10-04T07:33:14Z</time><sat>37</sat></trkpt>
  <trkpt lat="35.70950300" lon="139.79982825"><ele>47.844</ele><time>2026-10-04T07:33:17Z</time><sat>38</sat></trkpt>
  <trkpt lat="35.70948452" lon="139.79983796"><ele>48.337</ele><time>2026-10-04T07:33:20Z</time><sat>39</sat></trkpt>
  <trkpt lat="35.70948237" lon="139.79984828"><ele>48.444</ele><time>2026-10-04T07:33:23Z</time><sat>40</sat></trkpt>
  <trkpt lat="35.70948301" lon="139.79985117"><ele>48.589</ele><time>2026-10-04T07:33:26Z</time><sat>41</sat></trkpt>
  <trkpt lat="35.70948281" lon="139.79985348"><ele>49.005</ele><time>2026-10-04T07:33:29Z</time><sat>39</sat></trkpt>
  <trkpt lat="35.70948264" lon="139.79985383"><ele>49.024</ele><time>2026-10-04T07:33:32Z</time><sat>39</sat></trkpt>
  <trkpt lat="35.70948079" lon="139.79985414"><ele>49.444</ele><time>2026-10-04T07:33:41Z</time><sat>40</sat></trkpt>
  <trkpt lat="35.70947981" lon="139.79985677"><ele>49.821</ele><time>2026-10-04T07:33:44Z</time><sat>43</sat></trkpt>
  <trkpt lat="35.70947899" lon="139.79985816"><ele>49.865</ele><time>2026-10-04T07:33:47Z</time><sat>43</sat></trkpt>
  <trkpt lat="35.70948512" lon="139.79986190"><ele>50.145</ele><time>2026-10-04T07:34:01Z</time><sat>41</sat></trkpt>
  <trkpt lat="35.70948694" lon="139.79986585"><ele>50.271</ele><time>2026-10-04T07:34:04Z</time><sat>41</sat></trkpt>
  <trkpt lat="35.70948577" lon="139.79986765"><ele>50.156</ele><time>2026-10-04T07:34:07Z</time><sat>40</sat></trkpt>
  <trkpt lat="35.70948356" lon="139.79986228"><ele>50.353</ele><time>2026-10-04T07:34:10Z</time><sat>41</sat></trkpt>
  <trkpt lat="35.70948487" lon="139.79987184"><ele>51.225</ele><time>2026-10-04T07:34:13Z</time><sat>36</sat></trkpt>
  <trkpt lat="35.70948400" lon="139.79987918"><ele>51.499</ele><time>2026-10-04T07:34:16Z</time><sat>33</sat></trkpt>
  <trkpt lat="35.70948267" lon="139.79988333"><ele>51.589</ele><time>2026-10-04T07:34:19Z</time><sat>35</sat></trkpt>
  <trkpt lat="35.70948262" lon="139.79988794"><ele>51.755</ele><time>2026-10-04T07:34:22Z</time><sat>30</sat></trkpt>
  <trkpt lat="35.70946969" lon="139.79989397"><ele>52.765</ele><time>2026-10-04T07:34:25Z</time><sat>30</sat></trkpt>
  <trkpt lat="35.70944031" lon="139.79995693"><ele>50.188</ele><time>2026-10-04T07:34:31Z</time><sat>33</sat></trkpt>
  <trkpt lat="35.70949911" lon="139.80001929"><ele>50.414</ele><time>2026-10-04T07:34:37Z</time><sat>38</sat></trkpt>
  <trkpt lat="35.70955239" lon="139.80005452"><ele>49.622</ele><time>2026-10-04T07:34:43Z</time><sat>40</sat></trkpt>
  <trkpt lat="35.70958935" lon="139.80010141"><ele>50.174</ele><time>2026-10-04T07:34:49Z</time><sat>42</sat></trkpt>
  <trkpt lat="35.70956804" lon="139.80017923"><ele>47.927</ele><time>2026-10-04T07:34:55Z</time><sat>40</sat></trkpt>
  <trkpt lat="35.70952709" lon="139.80024973"><ele>46.252</ele><time>2026-10-04T07:35:01Z</time><sat>41</sat></trkpt>
  <trkpt lat="35.70948936" lon="139.80032113"><ele>45.548</ele><time>2026-10-04T07:35:07Z</time><sat>41</sat></trkpt>
  <trkpt lat="35.70944289" lon="139.80038605"><ele>47.514</ele><time>2026-10-04T07:35:13Z</time><sat>43</sat></trkpt>
  <trkpt lat="35.70940576" lon="139.80042640"><ele>48.682</ele><time>2026-10-04T07:35:19Z</time><sat>39</sat></trkpt>
  <trkpt lat="35.70936359" lon="139.80049598"><ele>49.268</ele><time>2026-10-04T07:35:25Z</time><sat>39</sat></trkpt>
  <trkpt lat="35.70932677" lon="139.80057284"><ele>49.150</ele><time>2026-10-04T07:35:31Z</time><sat>35</sat></trkpt>
  <trkpt lat="35.70929958" lon="139.80064148"><ele>50.851</ele><time>2026-10-04T07:35:37Z</time><sat>34</sat></trkpt>
  <trkpt lat="35.70926595" lon="139.80068641"><ele>53.285</ele><time>2026-10-04T07:35:43Z</time><sat>39</sat></trkpt>
  <trkpt lat="35.70926434" lon="139.80075478"><ele>50.145</ele><time>2026-10-04T07:35:49Z</time><sat>35</sat></trkpt>
  <trkpt lat="35.70925905" lon="139.80083886"><ele>50.989</ele><time>2026-10-04T07:35:55Z</time><sat>38</sat></trkpt>
  <trkpt lat="35.70927417" lon="139.80094527"><ele>51.055</ele><time>2026-10-04T07:36:01Z</time><sat>39</sat></trkpt>
  <trkpt lat="35.70927500" lon="139.80104175"><ele>49.714</ele><time>2026-10-04T07:36:07Z</time><sat>28</sat></trkpt>
  <trkpt lat="35.70930929" lon="139.80112302"><ele>49.513</ele><time>2026-10-04T07:36:13Z</time><sat>33</sat></trkpt>
  <trkpt lat="35.70933646" lon="139.80118540"><ele>49.601</ele><time>2026-10-04T07:36:19Z</time><sat>35</sat></trkpt>
  <trkpt lat="35.70934050" lon="139.80126508"><ele>50.161</ele><time>2026-10-04T07:36:25Z</time><sat>33</sat></trkpt>
  <trkpt lat="35.70937060" lon="139.80133863"><ele>49.322</ele><time>2026-10-04T07:36:31Z</time><sat>32</sat></trkpt>
  <trkpt lat="35.70941073" lon="139.80139180"><ele>49.106</ele><time>2026-10-04T07:36:37Z</time><sat>33</sat></trkpt>
  <trkpt lat="35.70947198" lon="139.80142054"><ele>47.117</ele><time>2026-10-04T07:36:43Z</time><sat>29</sat></trkpt>
  <trkpt lat="35.70952052" lon="139.80146162"><ele>47.539</ele><time>2026-10-04T07:36:49Z</time><sat>30</sat></trkpt>
  <trkpt lat="35.70958380" lon="139.80147509"><ele>43.225</ele><time>2026-10-04T07:36:55Z</time><sat>33</sat></trkpt>
  <trkpt lat="35.70964601" lon="139.80150140"><ele>40.731</ele><time>2026-10-04T07:37:01Z</time><sat>36</sat></trkpt>
  <trkpt lat="35.70971096" lon="139.80154522"><ele>41.317</ele><time>2026-10-04T07:37:07Z</time><sat>36</sat></trkpt>
  <trkpt lat="35.70976680" lon="139.80159241"><ele>42.146</ele><time>2026-10-04T07:37:13Z</time><sat>35</sat></trkpt>
  <trkpt lat="35.70981859" lon="139.80165803"><ele>44.114</ele><time>2026-10-04T07:37:19Z</time><sat>36</sat></trkpt>
  <trkpt lat="35.70986740" lon="139.80172948"><ele>45.385</ele><time>2026-10-04T07:37:25Z</time><sat>37</sat></trkpt>
  <trkpt lat="35.70991162" lon="139.80178264"><ele>45.091</ele><time>2026-10-04T07:37:30Z</time><sat>37</sat></trkpt>
  <trkpt lat="35.70997064" lon="139.80182561"><ele>46.631</ele><time>2026-10-04T07:37:36Z</time><sat>34</sat></trkpt>
  <trkpt lat="35.71001482" lon="139.80187809"><ele>46.132</ele><time>2026-10-04T07:37:42Z</time><sat>36</sat></trkpt>
  <trkpt lat="35.71005782" lon="139.80192947"><ele>47.258</ele><time>2026-10-04T07:37:48Z</time><sat>35</sat></trkpt>
  <trkpt lat="35.71007841" lon="139.80199360"><ele>47.923</ele><time>2026-10-04T07:37:54Z</time><sat>38</sat></trkpt>
  <trkpt lat="35.71009128" lon="139.80205652"><ele>48.385</ele><time>2026-10-04T07:38:00Z</time><sat>41</sat></trkpt>
  <trkpt lat="35.71009459" lon="139.80206556"><ele>48.810</ele><time>2026-10-04T07:38:03Z</time><sat>38</sat></trkpt>
  <trkpt lat="35.71009211" lon="139.80206160"><ele>48.833</ele><time>2026-10-04T07:38:06Z</time><sat>37</sat></trkpt>
  <trkpt lat="35.71009557" lon="139.80206385"><ele>48.553</ele><time>2026-10-04T07:38:09Z</time><sat>34</sat></trkpt>
  <trkpt lat="35.71014485" lon="139.80205186"><ele>48.932</ele><time>2026-10-04T07:38:15Z</time><sat>38</sat></trkpt>
  <trkpt lat="35.71021456" lon="139.80203496"><ele>46.842</ele><time>2026-10-04T07:38:21Z</time><sat>40</sat></trkpt>
  <trkpt lat="35.71028857" lon="139.80201234"><ele>46.701</ele><time>2026-10-04T07:38:27Z</time><sat>38</sat></trkpt>
  <trkpt lat="35.71036305" lon="139.80199260"><ele>47.470</ele><time>2026-10-04T07:38:33Z</time><sat>38</sat></trkpt>
  <trkpt lat="35.71044050" lon="139.80198268"><ele>50.122</ele><time>2026-10-04T07:38:40Z</time><sat>38</sat></trkpt>
  <trkpt lat="35.71050301" lon="139.80196417"><ele>53.854</ele><time>2026-10-04T07:38:46Z</time><sat>39</sat></trkpt>
  <trkpt lat="35.71055833" lon="139.80197674"><ele>52.668</ele><time>2026-10-04T07:38:52Z</time><sat>36</sat></trkpt>
  <trkpt lat="35.71060383" lon="139.80200434"><ele>53.526</ele><time>2026-10-04T07:38:58Z</time><sat>34</sat></trkpt>
  <trkpt lat="35.71066738" lon="139.80200328"><ele>51.452</ele><time>2026-10-04T07:39:04Z</time><sat>33</sat></trkpt>
  <trkpt lat="35.71070969" lon="139.80198172"><ele>44.233</ele><time>2026-10-04T07:39:07Z</time><sat>32</sat></trkpt>
  <trkpt lat="35.71075294" lon="139.80195566"><ele>40.509</ele><time>2026-10-04T07:39:10Z</time><sat>38</sat></trkpt>
  <trkpt lat="35.71081222" lon="139.80194254"><ele>44.043</ele><time>2026-10-04T07:39:16Z</time><sat>39</sat></trkpt>
  <trkpt lat="35.71081519" lon="139.80195022"><ele>43.453</ele><time>2026-10-04T07:39:19Z</time><sat>37</sat></trkpt>
  <trkpt lat="35.71081820" lon="139.80196969"><ele>42.940</ele><time>2026-10-04T07:39:31Z</time><sat>32</sat></trkpt>
  <trkpt lat="35.71081801" lon="139.80197070"><ele>42.009</ele><time>2026-10-04T07:39:34Z</time><sat>29</sat></trkpt>
  <trkpt lat="35.71080698" lon="139.80204800"><ele>43.931</ele><time>2026-10-04T07:39:40Z</time><sat>33</sat></trkpt>
  <trkpt lat="35.71079638" lon="139.80213834"><ele>44.965</ele><time>2026-10-04T07:39:46Z</time><sat>36</sat></trkpt>
  <trkpt lat="35.71079995" lon="139.80219509"><ele>47.357</ele><time>2026-10-04T07:39:52Z</time><sat>35</sat></trkpt>
  <trkpt lat="35.71079923" lon="139.80219027"><ele>47.368</ele><time>2026-10-04T07:39:55Z</time><sat>37</sat></trkpt>
  <trkpt lat="35.71080765" lon="139.80219313"><ele>47.385</ele><time>2026-10-04T07:40:07Z</time><sat>35</sat></trkpt>
  <trkpt lat="35.71083502" lon="139.80219404"><ele>45.491</ele><time>2026-10-04T07:40:10Z</time><sat>35</sat></trkpt>
  <trkpt lat="35.71088041" lon="139.80219086"><ele>45.186</ele><time>2026-10-04T07:40:13Z</time><sat>37</sat></trkpt>
  <trkpt lat="35.71095020" lon="139.80217207"><ele>40.339</ele><time>2026-10-04T07:40:19Z</time><sat>37</sat></trkpt>
  <trkpt lat="35.71099729" lon="139.80215153"><ele>41.138</ele><time>2026-10-04T07:40:25Z</time><sat>40</sat></trkpt>
  <trkpt lat="35.71107006" lon="139.80217495"><ele>41.897</ele><time>2026-10-04T07:40:31Z</time><sat>39</sat></trkpt>
  <trkpt lat="35.71112912" lon="139.80217585"><ele>41.778</ele><time>2026-10-04T07:40:37Z</time><sat>39</sat></trkpt>
  <trkpt lat="35.71117140" lon="139.80222074"><ele>40.119</ele><time>2026-10-04T07:40:46Z</time><sat>38</sat></trkpt>
  <trkpt lat="35.71117694" lon="139.80222370"><ele>42.443</ele><time>2026-10-04T07:40:49Z</time><sat>40</sat></trkpt>
  <trkpt lat="35.71118980" lon="139.80222008"><ele>42.457</ele><time>2026-10-04T07:40:55Z</time><sat>40</sat></trkpt>
  <trkpt lat="35.71119330" lon="139.80222546"><ele>43.339</ele><time>2026-10-04T07:40:58Z</time><sat>43</sat></trkpt>
  <trkpt lat="35.71119889" lon="139.80223440"><ele>43.555</ele><time>2026-10-04T07:41:01Z</time><sat>43</sat></trkpt>
  <trkpt lat="35.71124308" lon="139.80225236"><ele>46.088</ele><time>2026-10-04T07:41:13Z</time><sat>41</sat></trkpt>
  <trkpt lat="35.71126786" lon="139.80226767"><ele>46.649</ele><time>2026-10-04T07:41:19Z</time><sat>40</sat></trkpt>
  <trkpt lat="35.71126809" lon="139.80226503"><ele>47.285</ele><time>2026-10-04T07:41:22Z</time><sat>42</sat></trkpt>
  <trkpt lat="35.71128288" lon="139.80226205"><ele>48.159</ele><time>2026-10-04T07:41:25Z</time><sat>43</sat></trkpt>
  <trkpt lat="35.71133952" lon="139.80228454"><ele>48.905</ele><time>2026-10-04T07:41:31Z</time><sat>42</sat></trkpt>
  <trkpt lat="35.71140108" lon="139.80230496"><ele>48.784</ele><time>2026-10-04T07:41:37Z</time><sat>41</sat></trkpt>
  <trkpt lat="35.71139803" lon="139.80231528"><ele>48.300</ele><time>2026-10-04T07:41:40Z</time><sat>42</sat></trkpt>
  <trkpt lat="35.71139665" lon="139.80232523"><ele>47.415</ele><time>2026-10-04T07:41:44Z</time><sat>39</sat></trkpt>
  <trkpt lat="35.71139354" lon="139.80232978"><ele>47.044</ele><time>2026-10-04T07:41:47Z</time><sat>40</sat></trkpt>
  <trkpt lat="35.71140347" lon="139.80233033"><ele>46.735</ele><time>2026-10-04T07:41:50Z</time><sat>34</sat></trkpt>
  <trkpt lat="35.71147802" lon="139.80232903"><ele>46.721</ele><time>2026-10-04T07:41:56Z</time><sat>44</sat></trkpt>
  <trkpt lat="35.71153774" lon="139.80237459"><ele>46.463</ele><time>2026-10-04T07:42:02Z</time><sat>44</sat></trkpt>
  <trkpt lat="35.71159370" lon="139.80240706"><ele>47.558</ele><time>2026-10-04T07:42:08Z</time><sat>44</sat></trkpt>
  <trkpt lat="35.71165084" lon="139.80246379"><ele>46.359</ele><time>2026-10-04T07:42:14Z</time><sat>44</sat></trkpt>
  <trkpt lat="35.71169413" lon="139.80253411"><ele>45.273</ele><time>2026-10-04T07:42:20Z</time><sat>42</sat></trkpt>
  <trkpt lat="35.71169452" lon="139.80262767"><ele>44.573</ele><time>2026-10-04T07:42:26Z</time><sat>43</sat></trkpt>
  <trkpt lat="35.71167902" lon="139.80272019"><ele>45.121</ele><time>2026-10-04T07:42:32Z</time><sat>43</sat></trkpt>
  <trkpt lat="35.71168581" lon="139.80279869"><ele>44.382</ele><time>2026-10-04T07:42:38Z</time><sat>42</sat></trkpt>
  <trkpt lat="35.71176470" lon="139.80280777"><ele>44.608</ele><time>2026-10-04T07:42:44Z</time><sat>42</sat></trkpt>
  <trkpt lat="35.71183390" lon="139.80285212"><ele>44.664</ele><time>2026-10-04T07:42:50Z</time><sat>42</sat></trkpt>
  <trkpt lat="35.71188275" lon="139.80287266"><ele>45.642</ele><time>2026-10-04T07:42:54Z</time><sat>42</sat></trkpt>
  <trkpt lat="35.71194521" lon="139.80291576"><ele>42.906</ele><time>2026-10-04T07:43:00Z</time><sat>41</sat></trkpt>
  <trkpt lat="35.71198623" lon="139.80294335"><ele>42.931</ele><time>2026-10-04T07:43:03Z</time><sat>44</sat></trkpt>
  <trkpt lat="35.71204168" lon="139.80297711"><ele>39.614</ele><time>2026-10-04T07:43:09Z</time><sat>43</sat></trkpt>
  <trkpt lat="35.71209242" lon="139.80302974"><ele>38.333</ele><time>2026-10-04T07:43:15Z</time><sat>44</sat></trkpt>
  <trkpt lat="35.71213822" lon="139.80307734"><ele>38.887</ele><time>2026-10-04T07:43:21Z</time><sat>43</sat></trkpt>
  <trkpt lat="35.71217141" lon="139.80314017"><ele>40.095</ele><time>2026-10-04T07:43:27Z</time><sat>44</sat></trkpt>
  <trkpt lat="35.71222315" lon="139.80320593"><ele>40.426</ele><time>2026-10-04T07:43:33Z</time><sat>41</sat></trkpt>
  <trkpt lat="35.71225778" lon="139.80329350"><ele>38.864</ele><time>2026-10-04T07:43:39Z</time><sat>38</sat></trkpt>
  <trkpt lat="35.71229426" lon="139.80336336"><ele>37.115</ele><time>2026-10-04T07:43:45Z</time><sat>44</sat></trkpt>
  <trkpt lat="35.71231120" lon="139.80343114"><ele>38.782</ele><time>2026-10-04T07:43:51Z</time><sat>40</sat></trkpt>
  <trkpt lat="35.71228396" lon="139.80350192"><ele>38.880</ele><time>2026-10-04T07:44:03Z</time><sat>41</sat></trkpt>
  <trkpt lat="35.71224648" lon="139.80355032"><ele>38.938</ele><time>2026-10-04T07:44:09Z</time><sat>44</sat></trkpt>
  <trkpt lat="35.71224842" lon="139.80358026"><ele>40.959</ele><time>2026-10-04T07:44:18Z</time><sat>42</sat></trkpt>
  <trkpt lat="35.71224971" lon="139.80357605"><ele>41.484</ele><time>2026-10-04T07:44:21Z</time><sat>44</sat></trkpt>
  <trkpt lat="35.71224916" lon="139.80357511"><ele>41.505</ele><time>2026-10-04T07:44:24Z</time><sat>42</sat></trkpt>
  <trkpt lat="35.71224778" lon="139.80356716"><ele>41.451</ele><time>2026-10-04T07:44:27Z</time><sat>40</sat></trkpt>
  <trkpt lat="35.71224742" lon="139.80354842"><ele>42.385</ele><time>2026-10-04T07:44:30Z</time><sat>40</sat></trkpt>
  <trkpt lat="35.71224777" lon="139.80355159"><ele>42.438</ele><time>2026-10-04T07:44:33Z</time><sat>39</sat></trkpt>
  <trkpt lat="35.71224359" lon="139.80355222"><ele>42.175</ele><time>2026-10-04T07:44:36Z</time><sat>38</sat></trkpt>
  <trkpt lat="35.71224134" lon="139.80356634"><ele>43.005</ele><time>2026-10-04T07:44:39Z</time><sat>38</sat></trkpt>
  <trkpt lat="35.71224282" lon="139.80357095"><ele>42.966</ele><time>2026-10-04T07:44:45Z</time><sat>39</sat></trkpt>
  <trkpt lat="35.71224788" lon="139.80359263"><ele>42.872</ele><time>2026-10-04T07:44:48Z</time><sat>37</sat></trkpt>
  <trkpt lat="35.71229563" lon="139.80364471"><ele>43.342</ele><time>2026-10-04T07:44:54Z</time><sat>42</sat></trkpt>
  <trkpt lat="35.71234090" lon="139.80371648"><ele>42.863</ele><time>2026-10-04T07:45:00Z</time><sat>42</sat></trkpt>
  <trkpt lat="35.71239989" lon="139.80375694"><ele>40.886</ele><time>2026-10-04T07:45:06Z</time><sat>43</sat></trkpt>
  <trkpt lat="35.71244263" lon="139.80379688"><ele>41.324</ele><time>2026-10-04T07:45:12Z</time><sat>44</sat></trkpt>
  <trkpt lat="35.71239623" lon="139.80376100"><ele>41.879</ele><time>2026-10-04T07:45:24Z</time><sat>41</sat></trkpt>
  <trkpt lat="35.71240205" lon="139.80376756"><ele>42.779</ele><time>2026-10-04T07:45:27Z</time><sat>41</sat></trkpt>
  <trkpt lat="35.71240184" lon="139.80377093"><ele>43.727</ele><time>2026-10-04T07:45:36Z</time><sat>42</sat></trkpt>
  <trkpt lat="35.71239850" lon="139.80375959"><ele>42.787</ele><time>2026-10-04T07:45:39Z</time><sat>41</sat></trkpt>
  <trkpt lat="35.71241843" lon="139.80375406"><ele>43.848</ele><time>2026-10-04T07:45:42Z</time><sat>41</sat></trkpt>
  <trkpt lat="35.71245889" lon="139.80379743"><ele>44.919</ele><time>2026-10-04T07:45:48Z</time><sat>43</sat></trkpt>
  <trkpt lat="35.71248957" lon="139.80385679"><ele>43.998</ele><time>2026-10-04T07:45:54Z</time><sat>43</sat></trkpt>
  <trkpt lat="35.71252761" lon="139.80390117"><ele>42.121</ele><time>2026-10-04T07:46:00Z</time><sat>42</sat></trkpt>
  <trkpt lat="35.71256932" lon="139.80395235"><ele>42.537</ele><time>2026-10-04T07:46:06Z</time><sat>41</sat></trkpt>
  <trkpt lat="35.71260706" lon="139.80400349"><ele>41.809</ele><time>2026-10-04T07:46:12Z</time><sat>42</sat></trkpt>
  <trkpt lat="35.71261715" lon="139.80403016"><ele>41.801</ele><time>2026-10-04T07:46:15Z</time><sat>42</sat></trkpt>
  <trkpt lat="35.71261095" lon="139.80404854"><ele>41.052</ele><time>2026-10-04T07:46:18Z</time><sat>40</sat></trkpt>
  <trkpt lat="35.71260854" lon="139.80405168"><ele>40.620</ele><time>2026-10-04T07:46:21Z</time><sat>41</sat></trkpt>
  <trkpt lat="35.71260844" lon="139.80404954"><ele>40.630</ele><time>2026-10-04T07:46:24Z</time><sat>39</sat></trkpt>
  <trkpt lat="35.71260933" lon="139.80404781"><ele>41.747</ele><time>2026-10-04T07:46:35Z</time><sat>40</sat></trkpt>
  <trkpt lat="35.71260937" lon="139.80404796"><ele>41.773</ele><time>2026-10-04T07:46:38Z</time><sat>43</sat></trkpt>
  <trkpt lat="35.71261667" lon="139.80404851"><ele>42.840</ele><time>2026-10-04T07:46:41Z</time><sat>41</sat></trkpt>
  <trkpt lat="35.71267121" lon="139.80405438"><ele>43.472</ele><time>2026-10-04T07:46:47Z</time><sat>41</sat></trkpt>
  <trkpt lat="35.71270166" lon="139.80410445"><ele>42.292</ele><time>2026-10-04T07:46:53Z</time><sat>43</sat></trkpt>
  <trkpt lat="35.71270144" lon="139.80418467"><ele>42.652</ele><time>2026-10-04T07:46:59Z</time><sat>41</sat></trkpt>
  <trkpt lat="35.71269776" lon="139.80419229"><ele>43.072</ele><time>2026-10-04T07:47:02Z</time><sat>40</sat></trkpt>
  <trkpt lat="35.71269880" lon="139.80417699"><ele>43.542</ele><time>2026-10-04T07:47:14Z</time><sat>36</sat></trkpt>
  <trkpt lat="35.71270115" lon="139.80417679"><ele>43.919</ele><time>2026-10-04T07:47:17Z</time><sat>36</sat></trkpt>
  <trkpt lat="35.71270515" lon="139.80417353"><ele>44.094</ele><time>2026-10-04T07:47:21Z</time><sat>37</sat></trkpt>
  <trkpt lat="35.71270484" lon="139.80417085"><ele>44.112</ele><time>2026-10-04T07:47:27Z</time><sat>39</sat></trkpt>
  <trkpt lat="35.71270483" lon="139.80417075"><ele>44.108</ele><time>2026-10-04T07:47:30Z</time><sat>40</sat></trkpt>
  <trkpt lat="35.71270401" lon="139.80417703"><ele>43.644</ele><time>2026-10-04T07:47:33Z</time><sat>41</sat></trkpt>
  <trkpt lat="35.71268684" lon="139.80419817"><ele>44.230</ele><time>2026-10-04T07:47:39Z</time><sat>43</sat></trkpt>
  <trkpt lat="35.71267613" lon="139.80418998"><ele>44.765</ele><time>2026-10-04T07:47:42Z</time><sat>43</sat></trkpt>
  <trkpt lat="35.71267314" lon="139.80420898"><ele>44.254</ele><time>2026-10-04T07:47:45Z</time><sat>42</sat></trkpt>
  <trkpt lat="35.71270705" lon="139.80427675"><ele>43.749</ele><time>2026-10-04T07:47:51Z</time><sat>41</sat></trkpt>
  <trkpt lat="35.71271086" lon="139.80427739"><ele>43.568</ele><time>2026-10-04T07:47:54Z</time><sat>36</sat></trkpt>
  <trkpt lat="35.71271111" lon="139.80427713"><ele>43.563</ele><time>2026-10-04T07:47:57Z</time><sat>38</sat></trkpt>
  <trkpt lat="35.71271029" lon="139.80428799"><ele>43.646</ele><time>2026-10-04T07:48:00Z</time><sat>31</sat></trkpt>
  <trkpt lat="35.71267420" lon="139.80436499"><ele>42.611</ele><time>2026-10-04T07:48:12Z</time><sat>41</sat></trkpt>
  <trkpt lat="35.71262207" lon="139.80442195"><ele>43.134</ele><time>2026-10-04T07:48:18Z</time><sat>42</sat></trkpt>
  <trkpt lat="35.71260457" lon="139.80449492"><ele>43.734</ele><time>2026-10-04T07:48:24Z</time><sat>42</sat></trkpt>
  <trkpt lat="35.71264715" lon="139.80455754"><ele>41.594</ele><time>2026-10-04T07:48:30Z</time><sat>36</sat></trkpt>
  <trkpt lat="35.71271227" lon="139.80460155"><ele>42.125</ele><time>2026-10-04T07:48:36Z</time><sat>41</sat></trkpt>
  <trkpt lat="35.71272755" lon="139.80465412"><ele>41.406</ele><time>2026-10-04T07:48:45Z</time><sat>40</sat></trkpt>
  <trkpt lat="35.71272203" lon="139.80472523"><ele>42.387</ele><time>2026-10-04T07:48:51Z</time><sat>40</sat></trkpt>
  <trkpt lat="35.71272718" lon="139.80479018"><ele>42.632</ele><time>2026-10-04T07:48:57Z</time><sat>42</sat></trkpt>
  <trkpt lat="35.71271782" lon="139.80480858"><ele>42.669</ele><time>2026-10-04T07:49:00Z</time><sat>42</sat></trkpt>
  <trkpt lat="35.71271218" lon="139.80480414"><ele>42.715</ele><time>2026-10-04T07:49:03Z</time><sat>37</sat></trkpt>
  <trkpt lat="35.71271486" lon="139.80479668"><ele>42.310</ele><time>2026-10-04T07:49:06Z</time><sat>38</sat></trkpt>
  <trkpt lat="35.71271634" lon="139.80478795"><ele>41.640</ele><time>2026-10-04T07:49:09Z</time><sat>35</sat></trkpt>
  <trkpt lat="35.71272043" lon="139.80477956"><ele>41.116</ele><time>2026-10-04T07:49:12Z</time><sat>35</sat></trkpt>
  <trkpt lat="35.71272133" lon="139.80477658"><ele>40.823</ele><time>2026-10-04T07:49:15Z</time><sat>37</sat></trkpt>
  <trkpt lat="35.71271812" lon="139.80477853"><ele>40.432</ele><time>2026-10-04T07:49:19Z</time><sat>36</sat></trkpt>
  <trkpt lat="35.71271760" lon="139.80477898"><ele>40.427</ele><time>2026-10-04T07:49:25Z</time><sat>38</sat></trkpt>
  <trkpt lat="35.71271568" lon="139.80478226"><ele>40.731</ele><time>2026-10-04T07:49:28Z</time><sat>37</sat></trkpt>
  <trkpt lat="35.71270544" lon="139.80479848"><ele>39.780</ele><time>2026-10-04T07:49:34Z</time><sat>39</sat></trkpt>
  <trkpt lat="35.71270379" lon="139.80480174"><ele>39.810</ele><time>2026-10-04T07:49:37Z</time><sat>39</sat></trkpt>
  <trkpt lat="35.71270368" lon="139.80480207"><ele>39.807</ele><time>2026-10-04T07:49:40Z</time><sat>32</sat></trkpt>
  <trkpt lat="35.71270537" lon="139.80480352"><ele>39.895</ele><time>2026-10-04T07:49:43Z</time><sat>27</sat></trkpt>
  <trkpt lat="35.71270465" lon="139.80480483"><ele>39.720</ele><time>2026-10-04T07:49:46Z</time><sat>31</sat></trkpt>
  <trkpt lat="35.71272338" lon="139.80481230"><ele>41.269</ele><time>2026-10-04T07:49:58Z</time><sat>29</sat></trkpt>
  <trkpt lat="35.71273546" lon="139.80481384"><ele>39.732</ele><time>2026-10-04T07:50:07Z</time><sat>35</sat></trkpt>
  <trkpt lat="35.71273128" lon="139.80480890"><ele>39.848</ele><time>2026-10-04T07:50:10Z</time><sat>28</sat></trkpt>
  <trkpt lat="35.71271947" lon="139.80475964"><ele>41.200</ele><time>2026-10-04T07:50:16Z</time><sat>33</sat></trkpt>
  <trkpt lat="35.71270897" lon="139.80475917"><ele>41.430</ele><time>2026-10-04T07:50:19Z</time><sat>36</sat></trkpt>
  <trkpt lat="35.71271103" lon="139.80476854"><ele>41.364</ele><time>2026-10-04T07:50:25Z</time><sat>35</sat></trkpt>
  <trkpt lat="35.71271729" lon="139.80477688"><ele>42.065</ele><time>2026-10-04T07:50:28Z</time><sat>33</sat></trkpt>
  <trkpt lat="35.71268167" lon="139.80472283"><ele>41.268</ele><time>2026-10-04T07:50:37Z</time><sat>38</sat></trkpt>
  <trkpt lat="35.71265841" lon="139.80464180"><ele>40.619</ele><time>2026-10-04T07:50:43Z</time><sat>38</sat></trkpt>
  <trkpt lat="35.71261776" lon="139.80457999"><ele>40.027</ele><time>2026-10-04T07:50:49Z</time><sat>39</sat></trkpt>
  <trkpt lat="35.71259394" lon="139.80457197"><ele>39.828</ele><time>2026-10-04T07:50:52Z</time><sat>39</sat></trkpt>
  <trkpt lat="35.71258776" lon="139.80457697"><ele>40.141</ele><time>2026-10-04T07:50:55Z</time><sat>40</sat></trkpt>
  <trkpt lat="35.71257506" lon="139.80459297"><ele>40.812</ele><time>2026-10-04T07:51:07Z</time><sat>37</sat></trkpt>
  <trkpt lat="35.71257636" lon="139.80459814"><ele>40.728</ele><time>2026-10-04T07:51:10Z</time><sat>36</sat></trkpt>
  <trkpt lat="35.71257377" lon="139.80460796"><ele>40.916</ele><time>2026-10-04T07:51:13Z</time><sat>35</sat></trkpt>
  <trkpt lat="35.71255593" lon="139.80470680"><ele>42.147</ele><time>2026-10-04T07:51:20Z</time><sat>39</sat></trkpt>
  <trkpt lat="35.71253121" lon="139.80474873"><ele>41.718</ele><time>2026-10-04T07:51:32Z</time><sat>37</sat></trkpt>
  <trkpt lat="35.71254099" lon="139.80473770"><ele>43.108</ele><time>2026-10-04T07:51:35Z</time><sat>33</sat></trkpt>
  <trkpt lat="35.71250284" lon="139.80470845"><ele>33.988</ele><time>2026-10-04T07:52:12Z</time><sat>31</sat></trkpt>
  <trkpt lat="35.71251959" lon="139.80471149"><ele>35.127</ele><time>2026-10-04T07:52:16Z</time><sat>32</sat></trkpt>
  <trkpt lat="35.71252375" lon="139.80471737"><ele>35.334</ele><time>2026-10-04T07:52:19Z</time><sat>37</sat></trkpt>
  <trkpt lat="35.71251625" lon="139.80472605"><ele>36.520</ele><time>2026-10-04T07:52:22Z</time><sat>36</sat></trkpt>
  <trkpt lat="35.71251826" lon="139.80473821"><ele>34.723</ele><time>2026-10-04T07:52:34Z</time><sat>25</sat></trkpt>
  <trkpt lat="35.71253866" lon="139.80473555"><ele>36.223</ele><time>2026-10-04T07:52:46Z</time><sat>35</sat></trkpt>
  <trkpt lat="35.71253465" lon="139.80474048"><ele>36.177</ele><time>2026-10-04T07:52:49Z</time><sat>33</sat></trkpt>
  <trkpt lat="35.71251821" lon="139.80479462"><ele>37.805</ele><time>2026-10-04T07:52:52Z</time><sat>28</sat></trkpt>
  <trkpt lat="35.71252892" lon="139.80477636"><ele>37.258</ele><time>2026-10-04T07:52:55Z</time><sat>30</sat></trkpt>
  <trkpt lat="35.71253740" lon="139.80477044"><ele>36.914</ele><time>2026-10-04T07:52:58Z</time><sat>29</sat></trkpt>
  <trkpt lat="35.71254028" lon="139.80479558"><ele>35.938</ele><time>2026-10-04T07:53:04Z</time><sat>27</sat></trkpt>
  <trkpt lat="35.71251347" lon="139.80480730"><ele>36.286</ele><time>2026-10-04T07:53:07Z</time><sat>29</sat></trkpt>
  <trkpt lat="35.71245117" lon="139.80482110"><ele>35.052</ele><time>2026-10-04T07:53:13Z</time><sat>30</sat></trkpt>
  <trkpt lat="35.71240057" lon="139.80478711"><ele>35.257</ele><time>2026-10-04T07:53:19Z</time><sat>35</sat></trkpt>
  <trkpt lat="35.71246300" lon="139.80478831"><ele>33.914</ele><time>2026-10-04T07:53:25Z</time><sat>32</sat></trkpt>
  <trkpt lat="35.71245793" lon="139.80489249"><ele>33.432</ele><time>2026-10-04T07:53:31Z</time><sat>37</sat></trkpt>
  <trkpt lat="35.71242829" lon="139.80493437"><ele>35.282</ele><time>2026-10-04T07:53:34Z</time><sat>37</sat></trkpt>
  <trkpt lat="35.71242440" lon="139.80505610"><ele>36.205</ele><time>2026-10-04T07:53:40Z</time><sat>37</sat></trkpt>
  <trkpt lat="35.71239915" lon="139.80510526"><ele>38.644</ele><time>2026-10-04T07:53:43Z</time><sat>33</sat></trkpt>
  <trkpt lat="35.71231109" lon="139.80511833"><ele>38.942</ele><time>2026-10-04T07:53:49Z</time><sat>34</sat></trkpt>
  <trkpt lat="35.71225697" lon="139.80511035"><ele>41.884</ele><time>2026-10-04T07:53:52Z</time><sat>29</sat></trkpt>
  <trkpt lat="35.71221187" lon="139.80511256"><ele>42.664</ele><time>2026-10-04T07:53:55Z</time><sat>31</sat></trkpt>
  <trkpt lat="35.71214391" lon="139.80509333"><ele>44.688</ele><time>2026-10-04T07:54:01Z</time><sat>41</sat></trkpt>
  <trkpt lat="35.71210665" lon="139.80505994"><ele>44.080</ele><time>2026-10-04T07:54:04Z</time><sat>37</sat></trkpt>
  <trkpt lat="35.71204009" lon="139.80502091"><ele>43.542</ele><time>2026-10-04T07:54:10Z</time><sat>28</sat></trkpt>
  <trkpt lat="35.71196631" lon="139.80501564"><ele>44.748</ele><time>2026-10-04T07:54:16Z</time><sat>36</sat></trkpt>
  <trkpt lat="35.71191281" lon="139.80497808"><ele>47.985</ele><time>2026-10-04T07:54:22Z</time><sat>29</sat></trkpt>
  <trkpt lat="35.71188999" lon="139.80497641"><ele>48.161</ele><time>2026-10-04T07:54:25Z</time><sat>33</sat></trkpt>
  <trkpt lat="35.71187314" lon="139.80497952"><ele>48.983</ele><time>2026-10-04T07:54:28Z</time><sat>37</sat></trkpt>
  <trkpt lat="35.71185033" lon="139.80499909"><ele>48.841</ele><time>2026-10-04T07:54:31Z</time><sat>37</sat></trkpt>
  <trkpt lat="35.71183926" lon="139.80501938"><ele>49.997</ele><time>2026-10-04T07:54:43Z</time><sat>40</sat></trkpt>
  <trkpt lat="35.71185079" lon="139.80503096"><ele>47.577</ele><time>2026-10-04T07:54:55Z</time><sat>41</sat></trkpt>
  <trkpt lat="35.71185790" lon="139.80503500"><ele>47.616</ele><time>2026-10-04T07:55:07Z</time><sat>37</sat></trkpt>
  <trkpt lat="35.71185742" lon="139.80503481"><ele>47.729</ele><time>2026-10-04T07:55:19Z</time><sat>32</sat></trkpt>
  <trkpt lat="35.71185343" lon="139.80503990"><ele>48.129</ele><time>2026-10-04T07:55:31Z</time><sat>40</sat></trkpt>
  <trkpt lat="35.71184943" lon="139.80505035"><ele>48.942</ele><time>2026-10-04T07:55:34Z</time><sat>38</sat></trkpt>
  <trkpt lat="35.71180291" lon="139.80505978"><ele>49.964</ele><time>2026-10-04T07:55:40Z</time><sat>40</sat></trkpt>
  <trkpt lat="35.71174267" lon="139.80505551"><ele>47.761</ele><time>2026-10-04T07:55:49Z</time><sat>41</sat></trkpt>
  <trkpt lat="35.71172237" lon="139.80510979"><ele>46.464</ele><time>2026-10-04T07:55:55Z</time><sat>40</sat></trkpt>
  <trkpt lat="35.71170785" lon="139.80519482"><ele>45.858</ele><time>2026-10-04T07:56:01Z</time><sat>32</sat></trkpt>
  <trkpt lat="35.71169513" lon="139.80528992"><ele>46.698</ele><time>2026-10-04T07:56:07Z</time><sat>36</sat></trkpt>
  <trkpt lat="35.71167648" lon="139.80534229"><ele>47.045</ele><time>2026-10-04T07:56:10Z</time><sat>36</sat></trkpt>
  <trkpt lat="35.71166099" lon="139.80541820"><ele>47.457</ele><time>2026-10-04T07:56:16Z</time><sat>29</sat></trkpt>
  <trkpt lat="35.71161328" lon="139.80549888"><ele>45.969</ele><time>2026-10-04T07:56:22Z</time><sat>33</sat></trkpt>
  <trkpt lat="35.71160408" lon="139.80553028"><ele>44.910</ele><time>2026-10-04T07:56:25Z</time><sat>30</sat></trkpt>
  <trkpt lat="35.71160892" lon="139.80554609"><ele>44.379</ele><time>2026-10-04T07:56:29Z</time><sat>37</sat></trkpt>
  <trkpt lat="35.71161409" lon="139.80554558"><ele>43.553</ele><time>2026-10-04T07:56:32Z</time><sat>37</sat></trkpt>
  <trkpt lat="35.71162314" lon="139.80555430"><ele>43.609</ele><time>2026-10-04T07:56:37Z</time><sat>35</sat></trkpt>
  <trkpt lat="35.71162345" lon="139.80555458"><ele>43.611</ele><time>2026-10-04T07:56:40Z</time><sat>34</sat></trkpt>
  <trkpt lat="35.71162120" lon="139.80556376"><ele>43.761</ele><time>2026-10-04T07:56:43Z</time><sat>36</sat></trkpt>
  <trkpt lat="35.71159574" lon="139.80563556"><ele>43.470</ele><time>2026-10-04T07:56:49Z</time><sat>34</sat></trkpt>
  <trkpt lat="35.71156697" lon="139.80571002"><ele>45.053</ele><time>2026-10-04T07:56:55Z</time><sat>37</sat></trkpt>
  <trkpt lat="35.71153199" lon="139.80578193"><ele>45.774</ele><time>2026-10-04T07:57:01Z</time><sat>36</sat></trkpt>
  <trkpt lat="35.71148956" lon="139.80582669"><ele>45.095</ele><time>2026-10-04T07:57:07Z</time><sat>36</sat></trkpt>
  <trkpt lat="35.71147162" lon="139.80589934"><ele>46.169</ele><time>2026-10-04T07:57:13Z</time><sat>35</sat></trkpt>
  <trkpt lat="35.71146650" lon="139.80599255"><ele>44.981</ele><time>2026-10-04T07:57:19Z</time><sat>37</sat></trkpt>
  <trkpt lat="35.71144299" lon="139.80610324"><ele>45.680</ele><time>2026-10-04T07:57:25Z</time><sat>33</sat></trkpt>
  <trkpt lat="35.71144703" lon="139.80617071"><ele>43.820</ele><time>2026-10-04T07:57:28Z</time><sat>33</sat></trkpt>
  <trkpt lat="35.71143870" lon="139.80623233"><ele>45.855</ele><time>2026-10-04T07:57:31Z</time><sat>30</sat></trkpt>
  <trkpt lat="35.71139826" lon="139.80629613"><ele>46.595</ele><time>2026-10-04T07:57:37Z</time><sat>34</sat></trkpt>
  <trkpt lat="35.71135744" lon="139.80635284"><ele>42.469</ele><time>2026-10-04T07:57:43Z</time><sat>34</sat></trkpt>
  <trkpt lat="35.71132866" lon="139.80640466"><ele>42.111</ele><time>2026-10-04T07:57:49Z</time><sat>35</sat></trkpt>
  <trkpt lat="35.71131207" lon="139.80646817"><ele>44.282</ele><time>2026-10-04T07:57:55Z</time><sat>31</sat></trkpt>
  <trkpt lat="35.71126654" lon="139.80653710"><ele>45.139</ele><time>2026-10-04T07:58:01Z</time><sat>26</sat></trkpt>
  <trkpt lat="35.71124650" lon="139.80662386"><ele>43.004</ele><time>2026-10-04T07:58:07Z</time><sat>28</sat></trkpt>
  <trkpt lat="35.71122615" lon="139.80671219"><ele>39.976</ele><time>2026-10-04T07:58:13Z</time><sat>39</sat></trkpt>
  <trkpt lat="35.71121432" lon="139.80677622"><ele>38.905</ele><time>2026-10-04T07:58:19Z</time><sat>35</sat></trkpt>
  <trkpt lat="35.71119234" lon="139.80687141"><ele>39.205</ele><time>2026-10-04T07:58:25Z</time><sat>35</sat></trkpt>
  <trkpt lat="35.71117161" lon="139.80696795"><ele>41.064</ele><time>2026-10-04T07:58:31Z</time><sat>20</sat></trkpt>
  <trkpt lat="35.71115624" lon="139.80707062"><ele>42.295</ele><time>2026-10-04T07:58:37Z</time><sat>30</sat></trkpt>
  <trkpt lat="35.71110673" lon="139.80713748"><ele>41.244</ele><time>2026-10-04T07:58:43Z</time><sat>32</sat></trkpt>
  <trkpt lat="35.71108128" lon="139.80722006"><ele>42.593</ele><time>2026-10-04T07:58:49Z</time><sat>27</sat></trkpt>
  <trkpt lat="35.71105243" lon="139.80729725"><ele>41.310</ele><time>2026-10-04T07:58:55Z</time><sat>18</sat></trkpt>
  <trkpt lat="35.71100119" lon="139.80738224"><ele>40.882</ele><time>2026-10-04T07:59:01Z</time><sat>22</sat></trkpt>
  <trkpt lat="35.71098961" lon="139.80748995"><ele>43.354</ele><time>2026-10-04T07:59:07Z</time><sat>24</sat></trkpt>
  <trkpt lat="35.71098224" lon="139.80757052"><ele>41.089</ele><time>2026-10-04T07:59:13Z</time><sat>34</sat></trkpt>
  <trkpt lat="35.71097022" lon="139.80765091"><ele>42.033</ele><time>2026-10-04T07:59:19Z</time><sat>33</sat></trkpt>
  <trkpt lat="35.71094092" lon="139.80771848"><ele>42.291</ele><time>2026-10-04T07:59:25Z</time><sat>38</sat></trkpt>
  <trkpt lat="35.71092493" lon="139.80781718"><ele>40.886</ele><time>2026-10-04T07:59:31Z</time><sat>35</sat></trkpt>
  <trkpt lat="35.71089654" lon="139.80786256"><ele>41.258</ele><time>2026-10-04T07:59:34Z</time><sat>35</sat></trkpt>
  <trkpt lat="35.71088181" lon="139.80794178"><ele>43.470</ele><time>2026-10-04T07:59:40Z</time><sat>34</sat></trkpt>
  <trkpt lat="35.71085530" lon="139.80801845"><ele>42.246</ele><time>2026-10-04T07:59:46Z</time><sat>34</sat></trkpt>
  <trkpt lat="35.71083898" lon="139.80810377"><ele>43.552</ele><time>2026-10-04T07:59:52Z</time><sat>37</sat></trkpt>
  <trkpt lat="35.71082736" lon="139.80818921"><ele>45.424</ele><time>2026-10-04T07:59:58Z</time><sat>38</sat></trkpt>
  <trkpt lat="35.71080905" lon="139.80826792"><ele>45.501</ele><time>2026-10-04T08:00:04Z</time><sat>34</sat></trkpt>
  <trkpt lat="35.71075567" lon="139.80832949"><ele>45.366</ele><time>2026-10-04T08:00:10Z</time><sat>40</sat></trkpt>
  <trkpt lat="35.71073599" lon="139.80841663"><ele>44.108</ele><time>2026-10-04T08:00:22Z</time><sat>38</sat></trkpt>
  <trkpt lat="35.71073254" lon="139.80849680"><ele>44.213</ele><time>2026-10-04T08:00:28Z</time><sat>36</sat></trkpt>
  <trkpt lat="35.71071769" lon="139.80860006"><ele>42.541</ele><time>2026-10-04T08:00:34Z</time><sat>42</sat></trkpt>
  <trkpt lat="35.71065670" lon="139.80864721"><ele>40.784</ele><time>2026-10-04T08:00:40Z</time><sat>40</sat></trkpt>
  <trkpt lat="35.71059300" lon="139.80863063"><ele>41.752</ele><time>2026-10-04T08:00:46Z</time><sat>37</sat></trkpt>
  <trkpt lat="35.71053328" lon="139.80859881"><ele>40.165</ele><time>2026-10-04T08:00:52Z</time><sat>37</sat></trkpt>
  <trkpt lat="35.71046049" lon="139.80857816"><ele>43.179</ele><time>2026-10-04T08:00:58Z</time><sat>40</sat></trkpt>
  <trkpt lat="35.71039667" lon="139.80857931"><ele>44.739</ele><time>2026-10-04T08:01:04Z</time><sat>38</sat></trkpt>
  <trkpt lat="35.71035957" lon="139.80853103"><ele>47.209</ele><time>2026-10-04T08:01:13Z</time><sat>40</sat></trkpt>
  <trkpt lat="35.71028544" lon="139.80850633"><ele>47.566</ele><time>2026-10-04T08:01:19Z</time><sat>36</sat></trkpt>
  <trkpt lat="35.71021911" lon="139.80850566"><ele>47.585</ele><time>2026-10-04T08:01:25Z</time><sat>40</sat></trkpt>
  <trkpt lat="35.71015495" lon="139.80858731"><ele>45.956</ele><time>2026-10-04T08:01:31Z</time><sat>41</sat></trkpt>
  <trkpt lat="35.71016392" lon="139.80865152"><ele>47.251</ele><time>2026-10-04T08:01:34Z</time><sat>40</sat></trkpt>
  <trkpt lat="35.71018197" lon="139.80870263"><ele>47.289</ele><time>2026-10-04T08:01:40Z</time><sat>38</sat></trkpt>
  <trkpt lat="35.71017304" lon="139.80872472"><ele>47.660</ele><time>2026-10-04T08:01:43Z</time><sat>35</sat></trkpt>
  <trkpt lat="35.71015929" lon="139.80874202"><ele>48.016</ele><time>2026-10-04T08:01:46Z</time><sat>32</sat></trkpt>
  <trkpt lat="35.71009412" lon="139.80873810"><ele>43.769</ele><time>2026-10-04T08:01:52Z</time><sat>35</sat></trkpt>
  <trkpt lat="35.71002767" lon="139.80871205"><ele>43.249</ele><time>2026-10-04T08:01:58Z</time><sat>35</sat></trkpt>
  <trkpt lat="35.70996194" lon="139.80869200"><ele>44.452</ele><time>2026-10-04T08:02:04Z</time><sat>31</sat></trkpt>
  <trkpt lat="35.70989817" lon="139.80871124"><ele>44.904</ele><time>2026-10-04T08:02:10Z</time><sat>35</sat></trkpt>
  <trkpt lat="35.70987622" lon="139.80877765"><ele>46.886</ele><time>2026-10-04T08:02:22Z</time><sat>35</sat></trkpt>
  <trkpt lat="35.70983454" lon="139.80874725"><ele>45.637</ele><time>2026-10-04T08:02:31Z</time><sat>32</sat></trkpt>
  <trkpt lat="35.70982656" lon="139.80874391"><ele>46.149</ele><time>2026-10-04T08:02:34Z</time><sat>32</sat></trkpt>
  <trkpt lat="35.70982799" lon="139.80874724"><ele>46.064</ele><time>2026-10-04T08:02:37Z</time><sat>34</sat></trkpt>
  <trkpt lat="35.70981147" lon="139.80876587"><ele>45.243</ele><time>2026-10-04T08:02:40Z</time><sat>34</sat></trkpt>
  <trkpt lat="35.70976285" lon="139.80883614"><ele>46.782</ele><time>2026-10-04T08:02:46Z</time><sat>28</sat></trkpt>
  <trkpt lat="35.70974876" lon="139.80890619"><ele>50.246</ele><time>2026-10-04T08:02:52Z</time><sat>39</sat></trkpt>
  <trkpt lat="35.70973609" lon="139.80896214"><ele>52.226</ele><time>2026-10-04T08:02:58Z</time><sat>25</sat></trkpt>
  <trkpt lat="35.70974048" lon="139.80903381"><ele>57.127</ele><time>2026-10-04T08:03:07Z</time><sat>28</sat></trkpt>
  <trkpt lat="35.70969700" lon="139.80907627"><ele>55.771</ele><time>2026-10-04T08:03:13Z</time><sat>30</sat></trkpt>
  <trkpt lat="35.70968361" lon="139.80913196"><ele>53.799</ele><time>2026-10-04T08:03:19Z</time><sat>30</sat></trkpt>
  <trkpt lat="35.70966755" lon="139.80919973"><ele>54.059</ele><time>2026-10-04T08:03:25Z</time><sat>33</sat></trkpt>
  <trkpt lat="35.70964121" lon="139.80926849"><ele>54.607</ele><time>2026-10-04T08:03:31Z</time><sat>32</sat></trkpt>
  <trkpt lat="35.70964645" lon="139.80933912"><ele>52.124</ele><time>2026-10-04T08:03:37Z</time><sat>33</sat></trkpt>
  <trkpt lat="35.70966381" lon="139.80942939"><ele>52.842</ele><time>2026-10-04T08:03:43Z</time><sat>31</sat></trkpt>
  <trkpt lat="35.70966039" lon="139.80949487"><ele>53.235</ele><time>2026-10-04T08:03:49Z</time><sat>28</sat></trkpt>
  <trkpt lat="35.70967558" lon="139.80954701"><ele>52.911</ele><time>2026-10-04T08:03:55Z</time><sat>28</sat></trkpt>
  <trkpt lat="35.70967076" lon="139.80958269"><ele>51.675</ele><time>2026-10-04T08:03:58Z</time><sat>30</sat></trkpt>
  <trkpt lat="35.70966853" lon="139.80959270"><ele>52.297</ele><time>2026-10-04T08:04:01Z</time><sat>29</sat></trkpt>
  <trkpt lat="35.70967141" lon="139.80959226"><ele>52.204</ele><time>2026-10-04T08:04:15Z</time><sat>28</sat></trkpt>
  <trkpt lat="35.70967135" lon="139.80959250"><ele>52.207</ele><time>2026-10-04T08:04:18Z</time><sat>31</sat></trkpt>
  <trkpt lat="35.70967227" lon="139.80959013"><ele>52.200</ele><time>2026-10-04T08:04:21Z</time><sat>30</sat></trkpt>
  <trkpt lat="35.70969510" lon="139.80966034"><ele>52.340</ele><time>2026-10-04T08:04:30Z</time><sat>28</sat></trkpt>
  <trkpt lat="35.70969970" lon="139.80975394"><ele>51.756</ele><time>2026-10-04T08:04:36Z</time><sat>26</sat></trkpt>
  <trkpt lat="35.70970682" lon="139.80982918"><ele>50.289</ele><time>2026-10-04T08:04:42Z</time><sat>27</sat></trkpt>
  <trkpt lat="35.70971572" lon="139.80991791"><ele>50.759</ele><time>2026-10-04T08:04:48Z</time><sat>29</sat></trkpt>
  <trkpt lat="35.70970683" lon="139.81001258"><ele>51.851</ele><time>2026-10-04T08:04:54Z</time><sat>27</sat></trkpt>
  <trkpt lat="35.70972822" lon="139.81009205"><ele>50.380</ele><time>2026-10-04T08:05:00Z</time><sat>29</sat></trkpt>
  <trkpt lat="35.70973937" lon="139.81017194"><ele>51.390</ele><time>2026-10-04T08:05:06Z</time><sat>33</sat></trkpt>
  <trkpt lat="35.70974779" lon="139.81025651"><ele>51.722</ele><time>2026-10-04T08:05:12Z</time><sat>28</sat></trkpt>
  <trkpt lat="35.70975066" lon="139.81033283"><ele>50.330</ele><time>2026-10-04T08:05:18Z</time><sat>32</sat></trkpt>
  <trkpt lat="35.70973336" lon="139.81039020"><ele>49.867</ele><time>2026-10-04T08:05:24Z</time><sat>38</sat></trkpt>
  <trkpt lat="35.70973160" lon="139.81038466"><ele>50.062</ele><time>2026-10-04T08:05:27Z</time><sat>38</sat></trkpt>
  <trkpt lat="35.70973491" lon="139.81038845"><ele>52.081</ele><time>2026-10-04T08:05:30Z</time><sat>33</sat></trkpt>
  <trkpt lat="35.70973712" lon="139.81038849"><ele>52.131</ele><time>2026-10-04T08:05:33Z</time><sat>29</sat></trkpt>
  <trkpt lat="35.70973833" lon="139.81038917"><ele>52.732</ele><time>2026-10-04T08:05:36Z</time><sat>30</sat></trkpt>
  <trkpt lat="35.70974321" lon="139.81038398"><ele>53.461</ele><time>2026-10-04T08:05:39Z</time><sat>31</sat></trkpt>
  <trkpt lat="35.70974900" lon="139.81038382"><ele>52.655</ele><time>2026-10-04T08:05:44Z</time><sat>30</sat></trkpt>
 </trkseg>
</trk>

</gpx>
 