<?xml version="1.0" encoding="UTF-8"?>
<!-- Created with BasicAirData GPS Logger for Android - ver. 3.3.0 -->
<!-- Track 14 = 6907 TrackPoints + 70 Placemarks -->

<!-- Track Statistics (based on Total Time | Time in Movement): -->
<!--  Distance = 40.0 km -->
<!--  Duration = 12:01:13 | 09:16:11 -->
<!--  Altitude Gap = 60 m -->
<!--  Max Speed = 11 km/h -->
<!--  Avg Speed = 3.3 | 4.3 km/h -->
<!--  Direction = SW -->
<!--  Activity = walking -->
<!--  Altitudes = Raw -->

<gpx version="1.1"
     creator="BasicAirData GPS Logger 3.3.0"
     xmlns="http://www.topografix.com/GPX/1/1"
     xmlns:xsi="http://www.w3.org/2001/XMLSchema-instance"
     xsi:schemaLocation="http://www.topografix.com/GPX/1/1 http://www.topografix.com/GPX/1/1/gpx.xsd">
<metadata> 
 <name>GPS Logger 20260913-074236</name>
 <desc>東急田園都市線</desc>
 <time>2026-09-13T10:44:10Z</time>
 <keywords>walking</keywords>
 <bounds minlat="35.50695714" minlon="139.44457154" maxlat="35.65957967" maxlon="139.70088097" />
</metadata>

<wpt lat="35.65435722" lon="139.69411076"><ele>78.339</ele><time>2026-09-12T23:00:47Z</time><name>蚤の市</name><sat>32</sat></wpt>

<wpt lat="35.65120192" lon="139.68618556"><ele>59.567</ele><time>2026-09-12T23:12:02Z</time><name>目黒川</name><sat>21</sat></wpt>

<wpt lat="35.65057876" lon="139.68477765"><ele>57.005</ele><time>2026-09-12T23:14:35Z</time><name>池尻大橋駅</name><sat>30</sat></wpt>

<wpt lat="35.64877051" lon="139.68155504"><ele>69.195</ele><time>2026-09-12T23:20:17Z</time><name>池尻稲荷神社</name><sat>24</sat></wpt>

<wpt lat="35.64847108" lon="139.68145269"><ele>62.584</ele><time>2026-09-12T23:21:21Z</time><name>本殿</name><sat>29</sat></wpt>

<wpt lat="35.64858948" lon="139.68105409"><ele>64.480</ele><time>2026-09-12T23:23:11Z</time><name>ワンコイン自販機</name><sat>21</sat></wpt>

<wpt lat="35.64345957" lon="139.67148331"><ele>88.267</ele><time>2026-09-12T23:36:21Z</time><name>三軒茶屋</name><sat>31</sat></wpt>

<wpt lat="35.63310099" lon="139.66146760"><ele>81.849</ele><time>2026-09-13T00:00:23Z</time><name>駒澤大学駅</name><sat>35</sat></wpt>

<wpt lat="35.63353482" lon="139.66162447"><ele>86.709</ele><time>2026-09-13T00:02:20Z</time><name>駒澤大学駅西口</name><sat>36</sat></wpt>

<wpt lat="35.63202382" lon="139.64683598"><ele>79.770</ele><time>2026-09-13T00:22:54Z</time><name>桜神宮</name><sat>41</sat></wpt>

<wpt lat="35.63182079" lon="139.64522819"><ele>81.672</ele><time>2026-09-13T00:26:08Z</time><name>桜新町駅</name><sat>42</sat></wpt>

<wpt lat="35.62744334" lon="139.63562567"><ele>75.041</ele><time>2026-09-13T00:40:27Z</time><name>いい感じの街路樹</name><sat>26</sat></wpt>

<wpt lat="35.62667553" lon="139.63433161"><ele>75.525</ele><time>2026-09-13T00:43:30Z</time><name>用賀駅</name><sat>39</sat></wpt>

<wpt lat="35.61716490" lon="139.62971208"><ele>72.226</ele><time>2026-09-13T01:14:30Z</time><name>田園都市線が地上に出てくるところ</name><sat>38</sat></wpt>

<wpt lat="35.61633981" lon="139.62966210"><ele>72.283</ele><time>2026-09-13T01:16:42Z</time><name>いい感じの道</name><sat>27</sat></wpt>

<wpt lat="35.61254071" lon="139.62712154"><ele>114.885</ele><time>2026-09-13T01:30:21Z</time><name>二子玉川駅</name><sat>18</sat></wpt>

<wpt lat="35.61036180" lon="139.62525472"><ele>55.796</ele><time>2026-09-13T01:35:56Z</time><name>書きにくそうな場所のグラフィティ</name><sat>44</sat></wpt>

<wpt lat="35.60719521" lon="139.62252374"><ele>60.859</ele><time>2026-09-13T01:42:49Z</time><name>川崎歴史ガイド</name><sat>13</sat></wpt>

<wpt lat="35.60721224" lon="139.62248946"><ele>64.109</ele><time>2026-09-13T01:43:44Z</time><name>二子新地駅</name><sat>12</sat></wpt>

<wpt lat="35.60358665" lon="139.61756259"><ele>54.412</ele><time>2026-09-13T01:52:52Z</time><name>高津駅</name><sat>32</sat></wpt>

<wpt lat="35.59956800" lon="139.61060126"><ele>51.122</ele><time>2026-09-13T02:10:38Z</time><name>溝の口駅</name><sat>25</sat></wpt>

<wpt lat="35.59913125" lon="139.61049967"><ele>60.388</ele><time>2026-09-13T02:12:57Z</time><name>ブレイキン・モニュメント</name><sat>34</sat></wpt>

<wpt lat="35.59387231" lon="139.60571913"><ele>84.470</ele><time>2026-09-13T02:49:52Z</time><name>梶が谷駅</name><sat>41</sat></wpt>

<wpt lat="35.59210063" lon="139.60232689"><ele>91.230</ele><time>2026-09-13T02:58:05Z</time><name>再び地下に</name><sat>39</sat></wpt>

<wpt lat="35.58788647" lon="139.59226741"><ele>75.121</ele><time>2026-09-13T03:19:13Z</time><name>電車とバスの博物館</name><sat>30</sat></wpt>

<wpt lat="35.58766511" lon="139.59157134"><ele>84.400</ele><time>2026-09-13T03:20:47Z</time><name>宮崎台駅</name><sat>36</sat></wpt>

<wpt lat="35.58528439" lon="139.58413037"><ele>84.092</ele><time>2026-09-13T03:31:37Z</time><name>いい感じの眺め</name><sat>42</sat></wpt>

<wpt lat="35.58474470" lon="139.58166407"><ele>83.766</ele><time>2026-09-13T03:35:41Z</time><name>宮前平駅</name><sat>33</sat></wpt>

<wpt lat="35.58501104" lon="139.58162750"><ele>72.073</ele><time>2026-09-13T03:37:22Z</time><name>駅前の総合案内板</name><sat>35</sat></wpt>

<wpt lat="35.58452506" lon="139.57885381"><ele>75.683</ele><time>2026-09-13T03:44:21Z</time><name>木の遊び場</name><sat>33</sat></wpt>

<wpt lat="35.58085357" lon="139.57420322"><ele>98.773</ele><time>2026-09-13T03:52:46Z</time><name>フォンテーヌ鷺沼</name><sat>42</sat></wpt>

<wpt lat="35.57925730" lon="139.57316305"><ele>116.904</ele><time>2026-09-13T03:58:20Z</time><name>鷺沼駅</name><sat>38</sat></wpt>

<wpt lat="35.57792225" lon="139.55840942"><ele>106.653</ele><time>2026-09-13T04:26:14Z</time><name>たまプラーザ駅</name><sat>29</sat></wpt>

<wpt lat="35.56842649" lon="139.55399953"><ele>76.679</ele><time>2026-09-13T04:59:35Z</time><name>あざみ野駅</name><sat>31</sat></wpt>

<wpt lat="35.55861536" lon="139.55126173"><ele>71.343</ele><time>2026-09-13T05:18:42Z</time><name>江田駅</name><sat>33</sat></wpt>

<wpt lat="35.55500888" lon="139.54533635"><ele>80.551</ele><time>2026-09-13T05:32:05Z</time><name>いい感じの階段</name><sat>34</sat></wpt>

<wpt lat="35.55150681" lon="139.54096980"><ele>97.190</ele><time>2026-09-13T05:43:53Z</time><name>市が尾駅</name><sat>25</sat></wpt>

<wpt lat="35.54919139" lon="139.53884576"><ele>61.818</ele><time>2026-09-13T05:50:34Z</time><name>変な模様</name><sat>33</sat></wpt>

<wpt lat="35.54906990" lon="139.53874445"><ele>61.773</ele><time>2026-09-13T05:51:58Z</time><name>認知症VR体験のポスター</name><sat>33</sat></wpt>

<wpt lat="35.54846810" lon="139.53824998"><ele>62.344</ele><time>2026-09-13T05:53:41Z</time><name>きれいな水辺</name><sat>38</sat></wpt>

<wpt lat="35.54517821" lon="139.53405371"><ele>61.500</ele><time>2026-09-13T06:03:51Z</time><name>絶望の坂</name><sat>26</sat></wpt>

<wpt lat="35.54334235" lon="139.52814756"><ele>79.147</ele><time>2026-09-13T06:14:03Z</time><name>藤が丘駅</name><sat>30</sat></wpt>

<wpt lat="35.54300537" lon="139.52521321"><ele>78.470</ele><time>2026-09-13T06:19:44Z</time><name>花壇</name><sat>34</sat></wpt>

<wpt lat="35.54292357" lon="139.52391779"><ele>80.535</ele><time>2026-09-13T06:24:25Z</time><name>藤が丘公園</name><sat>33</sat></wpt>

<wpt lat="35.54342226" lon="139.51683650"><ele>84.227</ele><time>2026-09-13T06:43:13Z</time><name>青葉台駅</name><sat>28</sat></wpt>

<wpt lat="35.53923989" lon="139.50827138"><ele>104.814</ele><time>2026-09-13T06:58:55Z</time><name>高低差がすごい</name><sat>36</sat></wpt>

<wpt lat="35.53872092" lon="139.50795500"><ele>99.909</ele><time>2026-09-13T07:00:23Z</time><name>高低差がある階段</name><sat>36</sat></wpt>

<wpt lat="35.53641044" lon="139.50506319"><ele>71.613</ele><time>2026-09-13T07:09:14Z</time><name>田奈駅</name><sat>20</sat></wpt>

<wpt lat="35.53587744" lon="139.50389367"><ele>64.347</ele><time>2026-09-13T07:13:08Z</time><name>カレーの自販機</name><sat>29</sat></wpt>

<wpt lat="35.53585324" lon="139.50387188"><ele>65.895</ele><time>2026-09-13T07:14:01Z</time><name>生搾りオレンジジュースの自販機</name><sat>34</sat></wpt>

<wpt lat="35.53520925" lon="139.50329803"><ele>71.371</ele><time>2026-09-13T07:16:20Z</time><name>恩田川</name><sat>37</sat></wpt>

<wpt lat="35.53193176" lon="139.49784193"><ele>90.980</ele><time>2026-09-13T07:32:19Z</time><name>仕切弁のデザインがよい</name><sat>33</sat></wpt>

<wpt lat="35.53203212" lon="139.49557175"><ele>101.669</ele><time>2026-09-13T07:40:02Z</time><name>長津田駅</name><sat>39</sat></wpt>

<wpt lat="35.53099502" lon="139.49145661"><ele>109.524</ele><time>2026-09-13T08:33:18Z</time><name>御野立落雁</name><sat>37</sat></wpt>

<wpt lat="35.52999716" lon="139.49188324"><ele>112.487</ele><time>2026-09-13T08:35:53Z</time><name>いい感じの小道</name><sat>30</sat></wpt>

<wpt lat="35.52800620" lon="139.48549441"><ele>114.252</ele><time>2026-09-13T08:47:41Z</time><name>つくし野駅</name><sat>35</sat></wpt>

<wpt lat="35.52754207" lon="139.48534773"><ele>111.860</ele><time>2026-09-13T08:48:48Z</time><name>つくし野駅2枚目</name><sat>37</sat></wpt>

<wpt lat="35.51712196" lon="139.48134780"><ele>108.778</ele><time>2026-09-13T09:10:46Z</time><name>すずかけ台駅</name><sat>39</sat></wpt>

<wpt lat="35.51205164" lon="139.47106074"><ele>118.038</ele><time>2026-09-13T09:39:24Z</time><name>南町田グランベリーパーク駅</name><sat>36</sat></wpt>

<wpt lat="35.51124355" lon="139.47098751"><ele>126.158</ele><time>2026-09-13T09:44:11Z</time><name>南町田グランベリーパーク駅</name><sat>41</sat></wpt>

<wpt lat="35.51029720" lon="139.47131425"><ele>123.109</ele><time>2026-09-13T09:46:02Z</time><name>グランベリーパークとスヌーピー</name><sat>39</sat></wpt>

<wpt lat="35.50851654" lon="139.47188496"><ele>126.300</ele><time>2026-09-13T09:51:40Z</time><name>パンプキン</name><sat>39</sat></wpt>

<wpt lat="35.51042142" lon="139.46928455"><ele>118.248</ele><time>2026-09-13T09:59:26Z</time><name>スヌーピー達</name><sat>36</sat></wpt>

<wpt lat="35.51046554" lon="139.46931835"><ele>118.261</ele><time>2026-09-13T09:59:52Z</time><name>地面にスヌーピー</name><sat>41</sat></wpt>

<wpt lat="35.51136170" lon="139.46486278"><ele>107.935</ele><time>2026-09-13T10:07:08Z</time><name>境川</name><sat>42</sat></wpt>

<wpt lat="35.51150696" lon="139.46206717"><ele>114.628</ele><time>2026-09-13T10:11:49Z</time><name>さくらの散歩道</name><sat>40</sat></wpt>

<wpt lat="35.51026855" lon="139.45789065"><ele>119.599</ele><time>2026-09-13T10:20:04Z</time><name>つきみ野駅</name><sat>41</sat></wpt>

<wpt lat="35.50695836" lon="139.44519071"><ele>121.850</ele><time>2026-09-13T10:40:39Z</time><name>中央林間駅中央口</name><sat>31</sat></wpt>

<wpt lat="35.50737468" lon="139.44500619"><ele>124.940</ele><time>2026-09-13T10:41:47Z</time><name>中央林間駅</name><sat>26</sat></wpt>

<wpt lat="35.50772978" lon="139.44458292"><ele>123.100</ele><time>2026-09-13T10:43:40Z</time><name>中央林間駅北口</name><sat>31</sat></wpt>

<trk>
 <name>Track 20260913-074236</name>
 <trkseg>
  <trkpt lat="35.65919249" lon="139.70087598"><ele>62.362</ele><time>2026-09-12T22:42:36Z</time><sat>31</sat></trkpt>
  <trkpt lat="35.65918350" lon="139.70088097"><ele>62.719</ele><time>2026-09-12T22:42:42Z</time><sat>34</sat></trkpt>
  <trkpt lat="35.65918330" lon="139.70087432"><ele>62.540</ele><time>2026-09-12T22:42:45Z</time><sat>33</sat></trkpt>
  <trkpt lat="35.65924209" lon="139.70082693"><ele>60.203</ele><time>2026-09-12T22:42:54Z</time><sat>36</sat></trkpt>
  <trkpt lat="35.65928926" lon="139.70074861"><ele>60.750</ele><time>2026-09-12T22:43:00Z</time><sat>32</sat></trkpt>
  <trkpt lat="35.65930045" lon="139.70067642"><ele>60.022</ele><time>2026-09-12T22:43:06Z</time><sat>36</sat></trkpt>
  <trkpt lat="35.65932022" lon="139.70061582"><ele>60.838</ele><time>2026-09-12T22:43:12Z</time><sat>37</sat></trkpt>
  <trkpt lat="35.65932015" lon="139.70060978"><ele>61.035</ele><time>2026-09-12T22:43:15Z</time><sat>37</sat></trkpt>
  <trkpt lat="35.65932656" lon="139.70059460"><ele>61.769</ele><time>2026-09-12T22:43:18Z</time><sat>36</sat></trkpt>
  <trkpt lat="35.65932718" lon="139.70059030"><ele>61.489</ele><time>2026-09-12T22:43:24Z</time><sat>37</sat></trkpt>
  <trkpt lat="35.65932972" lon="139.70058353"><ele>60.654</ele><time>2026-09-12T22:43:27Z</time><sat>37</sat></trkpt>
  <trkpt lat="35.65932887" lon="139.70057309"><ele>60.760</ele><time>2026-09-12T22:43:30Z</time><sat>37</sat></trkpt>
  <trkpt lat="35.65932779" lon="139.70056083"><ele>61.030</ele><time>2026-09-12T22:43:39Z</time><sat>36</sat></trkpt>
  <trkpt lat="35.65932869" lon="139.70055783"><ele>60.739</ele><time>2026-09-12T22:43:42Z</time><sat>30</sat></trkpt>
  <trkpt lat="35.65933140" lon="139.70055278"><ele>60.611</ele><time>2026-09-12T22:43:45Z</time><sat>30</sat></trkpt>
  <trkpt lat="35.65933314" lon="139.70054657"><ele>61.357</ele><time>2026-09-12T22:43:57Z</time><sat>33</sat></trkpt>
  <trkpt lat="35.65933471" lon="139.70054296"><ele>61.786</ele><time>2026-09-12T22:44:09Z</time><sat>32</sat></trkpt>
  <trkpt lat="35.65933501" lon="139.70054101"><ele>61.981</ele><time>2026-09-12T22:44:21Z</time><sat>32</sat></trkpt>
  <trkpt lat="35.65933521" lon="139.70054074"><ele>62.017</ele><time>2026-09-12T22:44:27Z</time><sat>32</sat></trkpt>
  <trkpt lat="35.65933800" lon="139.70052387"><ele>62.060</ele><time>2026-09-12T22:44:30Z</time><sat>33</sat></trkpt>
  <trkpt lat="35.65936649" lon="139.70044722"><ele>60.596</ele><time>2026-09-12T22:44:36Z</time><sat>35</sat></trkpt>
  <trkpt lat="35.65939475" lon="139.70037382"><ele>60.525</ele><time>2026-09-12T22:44:42Z</time><sat>34</sat></trkpt>
  <trkpt lat="35.65942377" lon="139.70026591"><ele>61.774</ele><time>2026-09-12T22:44:48Z</time><sat>34</sat></trkpt>
  <trkpt lat="35.65945130" lon="139.70017733"><ele>61.333</ele><time>2026-09-12T22:44:54Z</time><sat>34</sat></trkpt>
  <trkpt lat="35.65948403" lon="139.70010650"><ele>61.180</ele><time>2026-09-12T22:45:00Z</time><sat>32</sat></trkpt>
  <trkpt lat="35.65949749" lon="139.70000344"><ele>59.583</ele><time>2026-09-12T22:45:06Z</time><sat>35</sat></trkpt>
  <trkpt lat="35.65949097" lon="139.69991707"><ele>59.380</ele><time>2026-09-12T22:45:12Z</time><sat>35</sat></trkpt>
  <trkpt lat="35.65950781" lon="139.69983940"><ele>59.315</ele><time>2026-09-12T22:45:18Z</time><sat>30</sat></trkpt>
  <trkpt lat="35.65952819" lon="139.69975992"><ele>61.031</ele><time>2026-09-12T22:45:24Z</time><sat>32</sat></trkpt>
  <trkpt lat="35.65954554" lon="139.69968812"><ele>63.587</ele><time>2026-09-12T22:45:30Z</time><sat>30</sat></trkpt>
  <trkpt lat="35.65955495" lon="139.69962206"><ele>67.249</ele><time>2026-09-12T22:45:36Z</time><sat>33</sat></trkpt>
  <trkpt lat="35.65956958" lon="139.69952286"><ele>71.088</ele><time>2026-09-12T22:45:42Z</time><sat>34</sat></trkpt>
  <trkpt lat="35.65957967" lon="139.69943560"><ele>79.060</ele><time>2026-09-12T22:45:48Z</time><sat>34</sat></trkpt>
  <trkpt lat="35.65956844" lon="139.69937687"><ele>78.351</ele><time>2026-09-12T22:45:51Z</time><sat>34</sat></trkpt>
  <trkpt lat="35.65953536" lon="139.69931564"><ele>77.343</ele><time>2026-09-12T22:45:54Z</time><sat>35</sat></trkpt>
  <trkpt lat="35.65951162" lon="139.69926554"><ele>73.914</ele><time>2026-09-12T22:45:57Z</time><sat>36</sat></trkpt>
  <trkpt lat="35.65949470" lon="139.69920989"><ele>72.696</ele><time>2026-09-12T22:46:00Z</time><sat>34</sat></trkpt>
  <trkpt lat="35.65947649" lon="139.69912170"><ele>72.417</ele><time>2026-09-12T22:46:06Z</time><sat>35</sat></trkpt>
  <trkpt lat="35.65944466" lon="139.69904595"><ele>70.701</ele><time>2026-09-12T22:46:12Z</time><sat>36</sat></trkpt>
  <trkpt lat="35.65944204" lon="139.69898683"><ele>68.970</ele><time>2026-09-12T22:46:15Z</time><sat>34</sat></trkpt>
  <trkpt lat="35.65944892" lon="139.69892777"><ele>66.699</ele><time>2026-09-12T22:46:18Z</time><sat>35</sat></trkpt>
  <trkpt lat="35.65947294" lon="139.69885210"><ele>63.131</ele><time>2026-09-12T22:46:24Z</time><sat>34</sat></trkpt>
  <trkpt lat="35.65949203" lon="139.69872750"><ele>57.393</ele><time>2026-09-12T22:46:30Z</time><sat>32</sat></trkpt>
  <trkpt lat="35.65946246" lon="139.69864528"><ele>60.170</ele><time>2026-09-12T22:46:36Z</time><sat>33</sat></trkpt>
  <trkpt lat="35.65942199" lon="139.69857252"><ele>60.598</ele><time>2026-09-12T22:46:42Z</time><sat>34</sat></trkpt>
  <trkpt lat="35.65939115" lon="139.69848346"><ele>60.775</ele><time>2026-09-12T22:46:48Z</time><sat>32</sat></trkpt>
  <trkpt lat="35.65936538" lon="139.69839246"><ele>60.297</ele><time>2026-09-12T22:46:54Z</time><sat>34</sat></trkpt>
  <trkpt lat="35.65936483" lon="139.69829601"><ele>59.597</ele><time>2026-09-12T22:47:00Z</time><sat>28</sat></trkpt>
  <trkpt lat="35.65935537" lon="139.69822592"><ele>58.789</ele><time>2026-09-12T22:47:03Z</time><sat>26</sat></trkpt>
  <trkpt lat="35.65934623" lon="139.69815675"><ele>58.081</ele><time>2026-09-12T22:47:06Z</time><sat>20</sat></trkpt>
  <trkpt lat="35.65932611" lon="139.69809669"><ele>60.476</ele><time>2026-09-12T22:47:09Z</time><sat>24</sat></trkpt>
  <trkpt lat="35.65925853" lon="139.69803559"><ele>62.728</ele><time>2026-09-12T22:47:15Z</time><sat>29</sat></trkpt>
  <trkpt lat="35.65921895" lon="139.69795982"><ele>62.213</ele><time>2026-09-12T22:47:21Z</time><sat>32</sat></trkpt>
  <trkpt lat="35.65921307" lon="139.69788935"><ele>62.122</ele><time>2026-09-12T22:47:27Z</time><sat>31</sat></trkpt>
  <trkpt lat="35.65918980" lon="139.69780319"><ele>63.423</ele><time>2026-09-12T22:47:33Z</time><sat>33</sat></trkpt>
  <trkpt lat="35.65918739" lon="139.69771053"><ele>60.617</ele><time>2026-09-12T22:47:39Z</time><sat>27</sat></trkpt>
  <trkpt lat="35.65912953" lon="139.69765604"><ele>62.311</ele><time>2026-09-12T22:47:45Z</time><sat>30</sat></trkpt>
  <trkpt lat="35.65907857" lon="139.69763961"><ele>64.542</ele><time>2026-09-12T22:47:48Z</time><sat>31</sat></trkpt>
  <trkpt lat="35.65902715" lon="139.69760671"><ele>65.279</ele><time>2026-09-12T22:47:51Z</time><sat>31</sat></trkpt>
  <trkpt lat="35.65898474" lon="139.69757614"><ele>66.739</ele><time>2026-09-12T22:47:54Z</time><sat>30</sat></trkpt>
  <trkpt lat="35.65893055" lon="139.69751511"><ele>69.246</ele><time>2026-09-12T22:48:00Z</time><sat>33</sat></trkpt>
  <trkpt lat="35.65886052" lon="139.69744713"><ele>74.353</ele><time>2026-09-12T22:48:06Z</time><sat>31</sat></trkpt>
  <trkpt lat="35.65881423" lon="139.69739474"><ele>77.907</ele><time>2026-09-12T22:48:12Z</time><sat>30</sat></trkpt>
  <trkpt lat="35.65877990" lon="139.69734130"><ele>77.306</ele><time>2026-09-12T22:48:18Z</time><sat>27</sat></trkpt>
  <trkpt lat="35.65874054" lon="139.69730832"><ele>75.621</ele><time>2026-09-12T22:48:21Z</time><sat>30</sat></trkpt>
  <trkpt lat="35.65870219" lon="139.69726453"><ele>75.702</ele><time>2026-09-12T22:48:24Z</time><sat>28</sat></trkpt>
  <trkpt lat="35.65867006" lon="139.69717856"><ele>70.296</ele><time>2026-09-12T22:48:30Z</time><sat>29</sat></trkpt>
  <trkpt lat="35.65862445" lon="139.69711586"><ele>70.933</ele><time>2026-09-12T22:48:36Z</time><sat>31</sat></trkpt>
  <trkpt lat="35.65855964" lon="139.69705257"><ele>70.816</ele><time>2026-09-12T22:48:42Z</time><sat>29</sat></trkpt>
  <trkpt lat="35.65850717" lon="139.69703530"><ele>69.454</ele><time>2026-09-12T22:48:45Z</time><sat>30</sat></trkpt>
  <trkpt lat="35.65845884" lon="139.69701640"><ele>68.855</ele><time>2026-09-12T22:48:48Z</time><sat>29</sat></trkpt>
  <trkpt lat="35.65837850" lon="139.69696864"><ele>64.905</ele><time>2026-09-12T22:48:54Z</time><sat>29</sat></trkpt>
  <trkpt lat="35.65831339" lon="139.69692242"><ele>64.540</ele><time>2026-09-12T22:49:00Z</time><sat>31</sat></trkpt>
  <trkpt lat="35.65826574" lon="139.69686271"><ele>67.082</ele><time>2026-09-12T22:49:06Z</time><sat>34</sat></trkpt>
  <trkpt lat="35.65821498" lon="139.69680489"><ele>72.631</ele><time>2026-09-12T22:49:12Z</time><sat>35</sat></trkpt>
  <trkpt lat="35.65816950" lon="139.69674396"><ele>78.838</ele><time>2026-09-12T22:49:18Z</time><sat>34</sat></trkpt>
  <trkpt lat="35.65813374" lon="139.69667835"><ele>82.732</ele><time>2026-09-12T22:49:24Z</time><sat>35</sat></trkpt>
  <trkpt lat="35.65808930" lon="139.69661445"><ele>90.504</ele><time>2026-09-12T22:49:30Z</time><sat>36</sat></trkpt>
  <trkpt lat="35.65804373" lon="139.69656133"><ele>96.623</ele><time>2026-09-12T22:49:36Z</time><sat>36</sat></trkpt>
  <trkpt lat="35.65800509" lon="139.69652232"><ele>99.075</ele><time>2026-09-12T22:49:42Z</time><sat>35</sat></trkpt>
  <trkpt lat="35.65793380" lon="139.69646153"><ele>99.755</ele><time>2026-09-12T22:49:48Z</time><sat>34</sat></trkpt>
  <trkpt lat="35.65787180" lon="139.69644091"><ele>100.529</ele><time>2026-09-12T22:49:54Z</time><sat>34</sat></trkpt>
  <trkpt lat="35.65781133" lon="139.69640949"><ele>102.128</ele><time>2026-09-12T22:50:00Z</time><sat>34</sat></trkpt>
  <trkpt lat="35.65775742" lon="139.69640576"><ele>95.045</ele><time>2026-09-12T22:50:07Z</time><sat>35</sat></trkpt>
  <trkpt lat="35.65773465" lon="139.69635263"><ele>91.771</ele><time>2026-09-12T22:50:13Z</time><sat>33</sat></trkpt>
  <trkpt lat="35.65769772" lon="139.69625668"><ele>88.546</ele><time>2026-09-12T22:50:19Z</time><sat>25</sat></trkpt>
  <trkpt lat="35.65762808" lon="139.69619924"><ele>90.346</ele><time>2026-09-12T22:50:25Z</time><sat>30</sat></trkpt>
  <trkpt lat="35.65757752" lon="139.69619030"><ele>91.617</ele><time>2026-09-12T22:50:28Z</time><sat>31</sat></trkpt>
  <trkpt lat="35.65752455" lon="139.69619592"><ele>91.376</ele><time>2026-09-12T22:50:31Z</time><sat>31</sat></trkpt>
  <trkpt lat="35.65747883" lon="139.69619803"><ele>93.636</ele><time>2026-09-12T22:50:34Z</time><sat>30</sat></trkpt>
  <trkpt lat="35.65740072" lon="139.69616947"><ele>97.457</ele><time>2026-09-12T22:50:40Z</time><sat>32</sat></trkpt>
  <trkpt lat="35.65737994" lon="139.69615285"><ele>97.694</ele><time>2026-09-12T22:50:43Z</time><sat>33</sat></trkpt>
  <trkpt lat="35.65737699" lon="139.69615437"><ele>99.770</ele><time>2026-09-12T22:50:55Z</time><sat>33</sat></trkpt>
  <trkpt lat="35.65737524" lon="139.69615165"><ele>99.507</ele><time>2026-09-12T22:50:58Z</time><sat>30</sat></trkpt>
  <trkpt lat="35.65737485" lon="139.69615196"><ele>99.661</ele><time>2026-09-12T22:51:01Z</time><sat>30</sat></trkpt>
  <trkpt lat="35.65737100" lon="139.69615332"><ele>99.808</ele><time>2026-09-12T22:51:04Z</time><sat>31</sat></trkpt>
  <trkpt lat="35.65736773" lon="139.69615475"><ele>100.003</ele><time>2026-09-12T22:51:07Z</time><sat>32</sat></trkpt>
  <trkpt lat="35.65736631" lon="139.69615314"><ele>100.034</ele><time>2026-09-12T22:51:13Z</time><sat>33</sat></trkpt>
  <trkpt lat="35.65736917" lon="139.69615090"><ele>97.819</ele><time>2026-09-12T22:51:17Z</time><sat>32</sat></trkpt>
  <trkpt lat="35.65737920" lon="139.69615314"><ele>97.481</ele><time>2026-09-12T22:51:20Z</time><sat>33</sat></trkpt>
  <trkpt lat="35.65738115" lon="139.69615361"><ele>97.668</ele><time>2026-09-12T22:51:23Z</time><sat>31</sat></trkpt>
  <trkpt lat="35.65732930" lon="139.69608819"><ele>89.870</ele><time>2026-09-12T22:51:35Z</time><sat>33</sat></trkpt>
  <trkpt lat="35.65722105" lon="139.69607845"><ele>86.965</ele><time>2026-09-12T22:51:44Z</time></trkpt>
  <trkpt lat="35.65719452" lon="139.69602904"><ele>86.453</ele><time>2026-09-12T22:51:47Z</time><sat>24</sat></trkpt>
  <trkpt lat="35.65716598" lon="139.69597817"><ele>85.741</ele><time>2026-09-12T22:51:50Z</time><sat>27</sat></trkpt>
  <trkpt lat="35.65713864" lon="139.69592005"><ele>85.907</ele><time>2026-09-12T22:51:53Z</time><sat>27</sat></trkpt>
  <trkpt lat="35.65712080" lon="139.69585790"><ele>85.852</ele><time>2026-09-12T22:51:56Z</time><sat>27</sat></trkpt>
  <trkpt lat="35.65709161" lon="139.69578275"><ele>85.941</ele><time>2026-09-12T22:52:02Z</time><sat>30</sat></trkpt>
  <trkpt lat="35.65700429" lon="139.69577005"><ele>89.715</ele><time>2026-09-12T22:52:08Z</time><sat>28</sat></trkpt>
  <trkpt lat="35.65695906" lon="139.69577148"><ele>90.998</ele><time>2026-09-12T22:52:11Z</time><sat>28</sat></trkpt>
  <trkpt lat="35.65687783" lon="139.69574041"><ele>94.652</ele><time>2026-09-12T22:52:17Z</time><sat>31</sat></trkpt>
  <trkpt lat="35.65681016" lon="139.69566164"><ele>94.865</ele><time>2026-09-12T22:52:23Z</time><sat>33</sat></trkpt>
  <trkpt lat="35.65673214" lon="139.69565360"><ele>93.232</ele><time>2026-09-12T22:52:29Z</time><sat>31</sat></trkpt>
  <trkpt lat="35.65666667" lon="139.69563806"><ele>92.364</ele><time>2026-09-12T22:52:35Z</time><sat>32</sat></trkpt>
  <trkpt lat="35.65658524" lon="139.69561047"><ele>98.452</ele><time>2026-09-12T22:52:41Z</time><sat>29</sat></trkpt>
  <trkpt lat="35.65652023" lon="139.69555252"><ele>98.594</ele><time>2026-09-12T22:52:47Z</time><sat>29</sat></trkpt>
  <trkpt lat="35.65647742" lon="139.69549043"><ele>97.519</ele><time>2026-09-12T22:52:53Z</time><sat>32</sat></trkpt>
  <trkpt lat="35.65641044" lon="139.69546884"><ele>97.189</ele><time>2026-09-12T22:52:59Z</time><sat>27</sat></trkpt>
  <trkpt lat="35.65635397" lon="139.69540268"><ele>99.701</ele><time>2026-09-12T22:53:05Z</time><sat>32</sat></trkpt>
  <trkpt lat="35.65630277" lon="139.69534588"><ele>97.426</ele><time>2026-09-12T22:53:11Z</time><sat>35</sat></trkpt>
  <trkpt lat="35.65622645" lon="139.69529760"><ele>97.292</ele><time>2026-09-12T22:53:17Z</time><sat>33</sat></trkpt>
  <trkpt lat="35.65617927" lon="139.69527283"><ele>96.916</ele><time>2026-09-12T22:53:20Z</time><sat>35</sat></trkpt>
  <trkpt lat="35.65614600" lon="139.69522611"><ele>97.230</ele><time>2026-09-12T22:53:23Z</time><sat>35</sat></trkpt>
  <trkpt lat="35.65608445" lon="139.69516829"><ele>96.342</ele><time>2026-09-12T22:53:29Z</time><sat>32</sat></trkpt>
  <trkpt lat="35.65600253" lon="139.69514011"><ele>96.846</ele><time>2026-09-12T22:53:35Z</time><sat>33</sat></trkpt>
  <trkpt lat="35.65594115" lon="139.69516494"><ele>100.294</ele><time>2026-09-12T22:53:41Z</time><sat>31</sat></trkpt>
  <trkpt lat="35.65592650" lon="139.69513939"><ele>103.383</ele><time>2026-09-12T22:53:44Z</time><sat>32</sat></trkpt>
  <trkpt lat="35.65593356" lon="139.69512467"><ele>104.297</ele><time>2026-09-12T22:53:47Z</time><sat>30</sat></trkpt>
  <trkpt lat="35.65594128" lon="139.69516113"><ele>108.255</ele><time>2026-09-12T22:53:59Z</time><sat>28</sat></trkpt>
  <trkpt lat="35.65594281" lon="139.69516009"><ele>108.284</ele><time>2026-09-12T22:54:02Z</time><sat>28</sat></trkpt>
  <trkpt lat="35.65594315" lon="139.69515819"><ele>108.230</ele><time>2026-09-12T22:54:05Z</time><sat>29</sat></trkpt>
  <trkpt lat="35.65594339" lon="139.69515462"><ele>108.231</ele><time>2026-09-12T22:54:08Z</time><sat>30</sat></trkpt>
  <trkpt lat="35.65594405" lon="139.69515288"><ele>108.290</ele><time>2026-09-12T22:54:20Z</time><sat>28</sat></trkpt>
  <trkpt lat="35.65595462" lon="139.69510982"><ele>108.051</ele><time>2026-09-12T22:54:30Z</time><sat>28</sat></trkpt>
  <trkpt lat="35.65595583" lon="139.69510677"><ele>107.840</ele><time>2026-09-12T22:54:42Z</time><sat>18</sat></trkpt>
  <trkpt lat="35.65595555" lon="139.69510631"><ele>107.798</ele><time>2026-09-12T22:54:54Z</time><sat>19</sat></trkpt>
  <trkpt lat="35.65595520" lon="139.69510601"><ele>107.764</ele><time>2026-09-12T22:55:03Z</time><sat>15</sat></trkpt>
  <trkpt lat="35.65595909" lon="139.69509964"><ele>107.348</ele><time>2026-09-12T22:55:06Z</time><sat>16</sat></trkpt>
  <trkpt lat="35.65597114" lon="139.69508895"><ele>106.355</ele><time>2026-09-12T22:55:09Z</time><sat>19</sat></trkpt>
  <trkpt lat="35.65596744" lon="139.69508948"><ele>106.294</ele><time>2026-09-12T22:55:18Z</time><sat>17</sat></trkpt>
  <trkpt lat="35.65596550" lon="139.69506734"><ele>106.749</ele><time>2026-09-12T22:55:21Z</time><sat>17</sat></trkpt>
  <trkpt lat="35.65597618" lon="139.69500936"><ele>107.394</ele><time>2026-09-12T22:55:24Z</time><sat>21</sat></trkpt>
  <trkpt lat="35.65597273" lon="139.69492712"><ele>103.337</ele><time>2026-09-12T22:55:36Z</time><sat>22</sat></trkpt>
  <trkpt lat="35.65593988" lon="139.69485052"><ele>100.279</ele><time>2026-09-12T22:55:42Z</time><sat>20</sat></trkpt>
  <trkpt lat="35.65584073" lon="139.69482509"><ele>97.891</ele><time>2026-09-12T22:55:45Z</time><sat>16</sat></trkpt>
  <trkpt lat="35.65573264" lon="139.69481735"><ele>96.123</ele><time>2026-09-12T22:55:48Z</time><sat>11</sat></trkpt>
  <trkpt lat="35.65562318" lon="139.69481931"><ele>89.756</ele><time>2026-09-12T22:55:51Z</time><sat>16</sat></trkpt>
  <trkpt lat="35.65553577" lon="139.69481995"><ele>89.233</ele><time>2026-09-12T22:55:54Z</time><sat>19</sat></trkpt>
  <trkpt lat="35.65547567" lon="139.69480278"><ele>89.876</ele><time>2026-09-12T22:55:57Z</time><sat>26</sat></trkpt>
  <trkpt lat="35.65539159" lon="139.69476142"><ele>88.944</ele><time>2026-09-12T22:56:03Z</time><sat>25</sat></trkpt>
  <trkpt lat="35.65531654" lon="139.69476577"><ele>89.332</ele><time>2026-09-12T22:56:09Z</time><sat>22</sat></trkpt>
  <trkpt lat="35.65526654" lon="139.69476578"><ele>90.655</ele><time>2026-09-12T22:56:12Z</time><sat>24</sat></trkpt>
  <trkpt lat="35.65518804" lon="139.69472978"><ele>90.705</ele><time>2026-09-12T22:56:18Z</time><sat>29</sat></trkpt>
  <trkpt lat="35.65512121" lon="139.69468737"><ele>90.744</ele><time>2026-09-12T22:56:24Z</time><sat>25</sat></trkpt>
  <trkpt lat="35.65504539" lon="139.69465904"><ele>90.813</ele><time>2026-09-12T22:56:30Z</time><sat>27</sat></trkpt>
  <trkpt lat="35.65497853" lon="139.69461401"><ele>91.614</ele><time>2026-09-12T22:56:36Z</time><sat>24</sat></trkpt>
  <trkpt lat="35.65491230" lon="139.69456665"><ele>94.808</ele><time>2026-09-12T22:56:42Z</time><sat>27</sat></trkpt>
  <trkpt lat="35.65486119" lon="139.69448695"><ele>91.661</ele><time>2026-09-12T22:56:48Z</time><sat>30</sat></trkpt>
  <trkpt lat="35.65480645" lon="139.69441389"><ele>90.479</ele><time>2026-09-12T22:56:54Z</time><sat>27</sat></trkpt>
  <trkpt lat="35.65473337" lon="139.69435672"><ele>86.368</ele><time>2026-09-12T22:57:00Z</time><sat>26</sat></trkpt>
  <trkpt lat="35.65469315" lon="139.69432021"><ele>87.949</ele><time>2026-09-12T22:57:03Z</time><sat>25</sat></trkpt>
  <trkpt lat="35.65463432" lon="139.69426794"><ele>85.946</ele><time>2026-09-12T22:57:09Z</time><sat>26</sat></trkpt>
  <trkpt lat="35.65458227" lon="139.69426328"><ele>84.331</ele><time>2026-09-12T22:57:12Z</time><sat>24</sat></trkpt>
  <trkpt lat="35.65453238" lon="139.69425340"><ele>81.995</ele><time>2026-09-12T22:57:15Z</time><sat>27</sat></trkpt>
  <trkpt lat="35.65447442" lon="139.69418284"><ele>83.227</ele><time>2026-09-12T22:57:21Z</time><sat>33</sat></trkpt>
  <trkpt lat="35.65442347" lon="139.69413452"><ele>89.075</ele><time>2026-09-12T22:57:27Z</time><sat>30</sat></trkpt>
  <trkpt lat="35.65436992" lon="139.69408962"><ele>86.563</ele><time>2026-09-12T22:57:33Z</time><sat>31</sat></trkpt>
  <trkpt lat="35.65430751" lon="139.69412774"><ele>80.710</ele><time>2026-09-12T22:57:39Z</time><sat>27</sat></trkpt>
  <trkpt lat="35.65428201" lon="139.69422250"><ele>75.352</ele><time>2026-09-12T22:57:45Z</time><sat>27</sat></trkpt>
  <trkpt lat="35.65424469" lon="139.69429700"><ele>71.864</ele><time>2026-09-12T22:57:51Z</time><sat>28</sat></trkpt>
  <trkpt lat="35.65419572" lon="139.69432224"><ele>70.064</ele><time>2026-09-12T22:57:57Z</time><sat>26</sat></trkpt>
  <trkpt lat="35.65417783" lon="139.69439719"><ele>72.960</ele><time>2026-09-12T22:58:03Z</time><sat>30</sat></trkpt>
  <trkpt lat="35.65414235" lon="139.69447353"><ele>74.338</ele><time>2026-09-12T22:58:09Z</time><sat>29</sat></trkpt>
  <trkpt lat="35.65415422" lon="139.69458703"><ele>74.609</ele><time>2026-09-12T22:58:15Z</time><sat>28</sat></trkpt>
  <trkpt lat="35.65413946" lon="139.69464098"><ele>75.438</ele><time>2026-09-12T22:58:18Z</time><sat>29</sat></trkpt>
  <trkpt lat="35.65412088" lon="139.69472787"><ele>76.878</ele><time>2026-09-12T22:58:24Z</time><sat>32</sat></trkpt>
  <trkpt lat="35.65408856" lon="139.69480468"><ele>77.449</ele><time>2026-09-12T22:58:30Z</time><sat>32</sat></trkpt>
  <trkpt lat="35.65403351" lon="139.69482221"><ele>75.401</ele><time>2026-09-12T22:58:36Z</time><sat>27</sat></trkpt>
  <trkpt lat="35.65396778" lon="139.69485859"><ele>82.273</ele><time>2026-09-12T22:58:42Z</time><sat>25</sat></trkpt>
  <trkpt lat="35.65389266" lon="139.69485678"><ele>82.776</ele><time>2026-09-12T22:58:48Z</time><sat>27</sat></trkpt>
  <trkpt lat="35.65385247" lon="139.69482729"><ele>82.910</ele><time>2026-09-12T22:58:51Z</time><sat>28</sat></trkpt>
  <trkpt lat="35.65379347" lon="139.69475677"><ele>81.101</ele><time>2026-09-12T22:58:57Z</time><sat>24</sat></trkpt>
  <trkpt lat="35.65374453" lon="139.69469454"><ele>80.159</ele><time>2026-09-12T22:59:03Z</time><sat>29</sat></trkpt>
  <trkpt lat="35.65372311" lon="139.69466823"><ele>81.286</ele><time>2026-09-12T22:59:06Z</time><sat>29</sat></trkpt>
  <trkpt lat="35.65371670" lon="139.69465232"><ele>81.667</ele><time>2026-09-12T22:59:09Z</time><sat>28</sat></trkpt>
  <trkpt lat="35.65371648" lon="139.69464505"><ele>81.538</ele><time>2026-09-12T22:59:12Z</time><sat>27</sat></trkpt>
  <trkpt lat="35.65376290" lon="139.69472254"><ele>79.231</ele><time>2026-09-12T22:59:21Z</time><sat>26</sat></trkpt>
  <trkpt lat="35.65381841" lon="139.69478695"><ele>78.219</ele><time>2026-09-12T22:59:27Z</time><sat>26</sat></trkpt>
  <trkpt lat="35.65386792" lon="139.69484305"><ele>77.314</ele><time>2026-09-12T22:59:32Z</time><sat>25</sat></trkpt>
  <trkpt lat="35.65391578" lon="139.69486960"><ele>75.773</ele><time>2026-09-12T22:59:38Z</time><sat>26</sat></trkpt>
  <trkpt lat="35.65397518" lon="139.69479687"><ele>76.024</ele><time>2026-09-12T22:59:44Z</time><sat>25</sat></trkpt>
  <trkpt lat="35.65400984" lon="139.69475854"><ele>78.175</ele><time>2026-09-12T22:59:47Z</time><sat>19</sat></trkpt>
  <trkpt lat="35.65404704" lon="139.69465735"><ele>75.974</ele><time>2026-09-12T22:59:53Z</time><sat>30</sat></trkpt>
  <trkpt lat="35.65407743" lon="139.69460618"><ele>78.451</ele><time>2026-09-12T22:59:56Z</time><sat>28</sat></trkpt>
  <trkpt lat="35.65407502" lon="139.69452505"><ele>79.834</ele><time>2026-09-12T23:00:02Z</time><sat>31</sat></trkpt>
  <trkpt lat="35.65410424" lon="139.69445386"><ele>80.058</ele><time>2026-09-12T23:00:08Z</time><sat>27</sat></trkpt>
  <trkpt lat="35.65417595" lon="139.69440024"><ele>81.424</ele><time>2026-09-12T23:00:14Z</time><sat>22</sat></trkpt>
  <trkpt lat="35.65423278" lon="139.69434034"><ele>84.009</ele><time>2026-09-12T23:00:20Z</time><sat>31</sat></trkpt>
  <trkpt lat="35.65426774" lon="139.69428149"><ele>84.724</ele><time>2026-09-12T23:00:26Z</time><sat>33</sat></trkpt>
  <trkpt lat="35.65431323" lon="139.69421695"><ele>84.927</ele><time>2026-09-12T23:00:31Z</time><sat>30</sat></trkpt>
  <trkpt lat="35.65433549" lon="139.69413076"><ele>84.970</ele><time>2026-09-12T23:00:37Z</time><sat>34</sat></trkpt>
  <trkpt lat="35.65435312" lon="139.69409570"><ele>81.219</ele><time>2026-09-12T23:00:40Z</time><sat>34</sat></trkpt>
  <trkpt lat="35.65435750" lon="139.69410568"><ele>78.592</ele><time>2026-09-12T23:00:43Z</time><sat>33</sat></trkpt>
  <trkpt lat="35.65435722" lon="139.69411076"><ele>78.339</ele><time>2026-09-12T23:00:47Z</time><sat>32</sat></trkpt>
  <trkpt lat="35.65434841" lon="139.69411732"><ele>76.927</ele><time>2026-09-12T23:00:56Z</time><sat>30</sat></trkpt>
  <trkpt lat="35.65434445" lon="139.69413166"><ele>76.892</ele><time>2026-09-12T23:00:59Z</time><sat>34</sat></trkpt>
  <trkpt lat="35.65433670" lon="139.69413786"><ele>77.849</ele><time>2026-09-12T23:01:02Z</time><sat>34</sat></trkpt>
  <trkpt lat="35.65433541" lon="139.69415383"><ele>77.464</ele><time>2026-09-12T23:01:07Z</time><sat>32</sat></trkpt>
  <trkpt lat="35.65432693" lon="139.69413928"><ele>78.293</ele><time>2026-09-12T23:01:10Z</time><sat>32</sat></trkpt>
  <trkpt lat="35.65428892" lon="139.69410652"><ele>78.345</ele><time>2026-09-12T23:01:13Z</time><sat>32</sat></trkpt>
  <trkpt lat="35.65424816" lon="139.69407062"><ele>79.795</ele><time>2026-09-12T23:01:16Z</time><sat>33</sat></trkpt>
  <trkpt lat="35.65418562" lon="139.69399074"><ele>84.205</ele><time>2026-09-12T23:01:22Z</time><sat>33</sat></trkpt>
  <trkpt lat="35.65413938" lon="139.69391343"><ele>86.078</ele><time>2026-09-12T23:01:28Z</time><sat>35</sat></trkpt>
  <trkpt lat="35.65410552" lon="139.69391701"><ele>88.494</ele><time>2026-09-12T23:01:34Z</time><sat>31</sat></trkpt>
  <trkpt lat="35.65410873" lon="139.69392237"><ele>89.751</ele><time>2026-09-12T23:01:37Z</time><sat>34</sat></trkpt>
  <trkpt lat="35.65411850" lon="139.69392191"><ele>92.543</ele><time>2026-09-12T23:01:40Z</time><sat>33</sat></trkpt>
  <trkpt lat="35.65412452" lon="139.69390192"><ele>92.950</ele><time>2026-09-12T23:01:43Z</time><sat>35</sat></trkpt>
  <trkpt lat="35.65412305" lon="139.69382499"><ele>94.964</ele><time>2026-09-12T23:01:49Z</time><sat>33</sat></trkpt>
  <trkpt lat="35.65406841" lon="139.69376316"><ele>95.873</ele><time>2026-09-12T23:01:55Z</time><sat>33</sat></trkpt>
  <trkpt lat="35.65401759" lon="139.69369568"><ele>96.789</ele><time>2026-09-12T23:02:01Z</time><sat>34</sat></trkpt>
  <trkpt lat="35.65396592" lon="139.69362242"><ele>94.113</ele><time>2026-09-12T23:02:07Z</time><sat>33</sat></trkpt>
  <trkpt lat="35.65391981" lon="139.69354446"><ele>94.181</ele><time>2026-09-12T23:02:13Z</time><sat>28</sat></trkpt>
  <trkpt lat="35.65388083" lon="139.69348113"><ele>97.520</ele><time>2026-09-12T23:02:19Z</time><sat>31</sat></trkpt>
  <trkpt lat="35.65385578" lon="139.69344152"><ele>95.028</ele><time>2026-09-12T23:02:25Z</time><sat>35</sat></trkpt>
  <trkpt lat="35.65385604" lon="139.69342721"><ele>95.003</ele><time>2026-09-12T23:02:28Z</time><sat>34</sat></trkpt>
  <trkpt lat="35.65385613" lon="139.69342523"><ele>95.033</ele><time>2026-09-12T23:02:40Z</time><sat>23</sat></trkpt>
  <trkpt lat="35.65385582" lon="139.69342473"><ele>95.064</ele><time>2026-09-12T23:02:52Z</time><sat>24</sat></trkpt>
  <trkpt lat="35.65385579" lon="139.69342465"><ele>95.051</ele><time>2026-09-12T23:02:58Z</time><sat>28</sat></trkpt>
  <trkpt lat="35.65384162" lon="139.69339703"><ele>94.993</ele><time>2026-09-12T23:03:01Z</time><sat>27</sat></trkpt>
  <trkpt lat="35.65380445" lon="139.69332058"><ele>92.759</ele><time>2026-09-12T23:03:07Z</time><sat>25</sat></trkpt>
  <trkpt lat="35.65376527" lon="139.69323919"><ele>92.274</ele><time>2026-09-12T23:03:13Z</time><sat>27</sat></trkpt>
  <trkpt lat="35.65376027" lon="139.69317704"><ele>90.616</ele><time>2026-09-12T23:03:16Z</time><sat>23</sat></trkpt>
  <trkpt lat="35.65374898" lon="139.69311636"><ele>89.473</ele><time>2026-09-12T23:03:19Z</time><sat>19</sat></trkpt>
  <trkpt lat="35.65372109" lon="139.69307032"><ele>88.844</ele><time>2026-09-12T23:03:22Z</time><sat>17</sat></trkpt>
  <trkpt lat="35.65367262" lon="139.69308283"><ele>81.461</ele><time>2026-09-12T23:03:25Z</time><sat>22</sat></trkpt>
  <trkpt lat="35.65361856" lon="139.69302358"><ele>81.056</ele><time>2026-09-12T23:03:31Z</time><sat>24</sat></trkpt>
  <trkpt lat="35.65357597" lon="139.69298725"><ele>83.020</ele><time>2026-09-12T23:03:34Z</time><sat>17</sat></trkpt>
  <trkpt lat="35.65354126" lon="139.69294507"><ele>82.948</ele><time>2026-09-12T23:03:37Z</time><sat>19</sat></trkpt>
  <trkpt lat="35.65347782" lon="139.69288785"><ele>80.491</ele><time>2026-09-12T23:03:43Z</time><sat>24</sat></trkpt>
  <trkpt lat="35.65346248" lon="139.69279445"><ele>81.365</ele><time>2026-09-12T23:03:49Z</time><sat>16</sat></trkpt>
  <trkpt lat="35.65346481" lon="139.69273891"><ele>81.139</ele><time>2026-09-12T23:03:52Z</time><sat>16</sat></trkpt>
  <trkpt lat="35.65346594" lon="139.69268225"><ele>81.432</ele><time>2026-09-12T23:03:55Z</time><sat>14</sat></trkpt>
  <trkpt lat="35.65346971" lon="139.69262407"><ele>82.020</ele><time>2026-09-12T23:03:58Z</time><sat>16</sat></trkpt>
  <trkpt lat="35.65344178" lon="139.69253564"><ele>79.886</ele><time>2026-09-12T23:04:04Z</time><sat>21</sat></trkpt>
  <trkpt lat="35.65341885" lon="139.69244801"><ele>79.365</ele><time>2026-09-12T23:04:10Z</time><sat>19</sat></trkpt>
  <trkpt lat="35.65342775" lon="139.69235844"><ele>81.532</ele><time>2026-09-12T23:04:16Z</time><sat>15</sat></trkpt>
  <trkpt lat="35.65343533" lon="139.69227736"><ele>82.738</ele><time>2026-09-12T23:04:19Z</time><sat>14</sat></trkpt>
  <trkpt lat="35.65342933" lon="139.69219997"><ele>85.486</ele><time>2026-09-12T23:04:22Z</time><sat>18</sat></trkpt>
  <trkpt lat="35.65340546" lon="139.69213968"><ele>86.718</ele><time>2026-09-12T23:04:25Z</time><sat>23</sat></trkpt>
  <trkpt lat="35.65338159" lon="139.69207776"><ele>84.826</ele><time>2026-09-12T23:04:31Z</time><sat>31</sat></trkpt>
  <trkpt lat="35.65333121" lon="139.69199190"><ele>82.982</ele><time>2026-09-12T23:04:37Z</time><sat>30</sat></trkpt>
  <trkpt lat="35.65330397" lon="139.69194410"><ele>82.332</ele><time>2026-09-12T23:04:40Z</time><sat>24</sat></trkpt>
  <trkpt lat="35.65326351" lon="139.69181720"><ele>87.124</ele><time>2026-09-12T23:04:46Z</time><sat>25</sat></trkpt>
  <trkpt lat="35.65324525" lon="139.69173468"><ele>87.972</ele><time>2026-09-12T23:04:49Z</time><sat>27</sat></trkpt>
  <trkpt lat="35.65322473" lon="139.69165799"><ele>88.733</ele><time>2026-09-12T23:04:52Z</time><sat>25</sat></trkpt>
  <trkpt lat="35.65320557" lon="139.69158986"><ele>89.191</ele><time>2026-09-12T23:04:55Z</time><sat>23</sat></trkpt>
  <trkpt lat="35.65319531" lon="139.69153407"><ele>88.119</ele><time>2026-09-12T23:04:58Z</time><sat>18</sat></trkpt>
  <trkpt lat="35.65317253" lon="139.69148351"><ele>88.247</ele><time>2026-09-12T23:05:01Z</time><sat>18</sat></trkpt>
  <trkpt lat="35.65313078" lon="139.69138151"><ele>88.412</ele><time>2026-09-12T23:05:07Z</time><sat>13</sat></trkpt>
  <trkpt lat="35.65309432" lon="139.69133003"><ele>88.613</ele><time>2026-09-12T23:05:10Z</time><sat>13</sat></trkpt>
  <trkpt lat="35.65312462" lon="139.69127736"><ele>84.066</ele><time>2026-09-12T23:05:16Z</time><sat>27</sat></trkpt>
  <trkpt lat="35.65309478" lon="139.69120372"><ele>83.180</ele><time>2026-09-12T23:05:25Z</time><sat>34</sat></trkpt>
  <trkpt lat="35.65306290" lon="139.69114170"><ele>83.503</ele><time>2026-09-12T23:05:30Z</time><sat>32</sat></trkpt>
  <trkpt lat="35.65304404" lon="139.69105325"><ele>81.931</ele><time>2026-09-12T23:05:36Z</time><sat>29</sat></trkpt>
  <trkpt lat="35.65302570" lon="139.69098009"><ele>83.091</ele><time>2026-09-12T23:05:39Z</time><sat>26</sat></trkpt>
  <trkpt lat="35.65301874" lon="139.69091217"><ele>83.633</ele><time>2026-09-12T23:05:42Z</time><sat>28</sat></trkpt>
  <trkpt lat="35.65298481" lon="139.69085325"><ele>84.105</ele><time>2026-09-12T23:05:45Z</time><sat>28</sat></trkpt>
  <trkpt lat="35.65295944" lon="139.69079415"><ele>84.778</ele><time>2026-09-12T23:05:48Z</time><sat>23</sat></trkpt>
  <trkpt lat="35.65294986" lon="139.69071783"><ele>85.535</ele><time>2026-09-12T23:05:51Z</time><sat>23</sat></trkpt>
  <trkpt lat="35.65296233" lon="139.69066442"><ele>84.475</ele><time>2026-09-12T23:05:54Z</time><sat>23</sat></trkpt>
  <trkpt lat="35.65292852" lon="139.69058637"><ele>83.963</ele><time>2026-09-12T23:06:00Z</time><sat>27</sat></trkpt>
  <trkpt lat="35.65289892" lon="139.69052195"><ele>85.506</ele><time>2026-09-12T23:06:06Z</time><sat>27</sat></trkpt>
  <trkpt lat="35.65284445" lon="139.69045740"><ele>85.604</ele><time>2026-09-12T23:06:12Z</time><sat>28</sat></trkpt>
  <trkpt lat="35.65282622" lon="139.69036831"><ele>82.901</ele><time>2026-09-12T23:06:18Z</time><sat>28</sat></trkpt>
  <trkpt lat="35.65280156" lon="139.69031403"><ele>82.102</ele><time>2026-09-12T23:06:21Z</time><sat>29</sat></trkpt>
  <trkpt lat="35.65277575" lon="139.69025950"><ele>80.779</ele><time>2026-09-12T23:06:24Z</time><sat>27</sat></trkpt>
  <trkpt lat="35.65273908" lon="139.69016197"><ele>79.464</ele><time>2026-09-12T23:06:30Z</time><sat>23</sat></trkpt>
  <trkpt lat="35.65273795" lon="139.69010543"><ele>79.306</ele><time>2026-09-12T23:06:33Z</time><sat>24</sat></trkpt>
  <trkpt lat="35.65272946" lon="139.69004312"><ele>79.081</ele><time>2026-09-12T23:06:36Z</time><sat>23</sat></trkpt>
  <trkpt lat="35.65271297" lon="139.68998268"><ele>75.829</ele><time>2026-09-12T23:06:39Z</time><sat>23</sat></trkpt>
  <trkpt lat="35.65270658" lon="139.68992567"><ele>76.634</ele><time>2026-09-12T23:06:42Z</time><sat>26</sat></trkpt>
  <trkpt lat="35.65268434" lon="139.68987732"><ele>77.562</ele><time>2026-09-12T23:06:45Z</time><sat>32</sat></trkpt>
  <trkpt lat="35.65266260" lon="139.68981829"><ele>72.531</ele><time>2026-09-12T23:06:51Z</time><sat>33</sat></trkpt>
  <trkpt lat="35.65261825" lon="139.68975841"><ele>73.844</ele><time>2026-09-12T23:06:57Z</time><sat>37</sat></trkpt>
  <trkpt lat="35.65257729" lon="139.68967483"><ele>71.541</ele><time>2026-09-12T23:07:03Z</time><sat>36</sat></trkpt>
  <trkpt lat="35.65254570" lon="139.68958205"><ele>70.298</ele><time>2026-09-12T23:07:09Z</time><sat>35</sat></trkpt>
  <trkpt lat="35.65252530" lon="139.68947629"><ele>69.967</ele><time>2026-09-12T23:07:15Z</time><sat>35</sat></trkpt>
  <trkpt lat="35.65249879" lon="139.68938131"><ele>71.696</ele><time>2026-09-12T23:07:21Z</time><sat>31</sat></trkpt>
  <trkpt lat="35.65242734" lon="139.68931410"><ele>71.431</ele><time>2026-09-12T23:07:27Z</time><sat>25</sat></trkpt>
  <trkpt lat="35.65237187" lon="139.68928527"><ele>71.199</ele><time>2026-09-12T23:07:30Z</time><sat>32</sat></trkpt>
  <trkpt lat="35.65230448" lon="139.68925680"><ele>73.106</ele><time>2026-09-12T23:07:33Z</time><sat>33</sat></trkpt>
  <trkpt lat="35.65227053" lon="139.68920374"><ele>72.647</ele><time>2026-09-12T23:07:36Z</time><sat>29</sat></trkpt>
  <trkpt lat="35.65226035" lon="139.68911737"><ele>78.209</ele><time>2026-09-12T23:07:39Z</time><sat>29</sat></trkpt>
  <trkpt lat="35.65225896" lon="139.68903707"><ele>79.707</ele><time>2026-09-12T23:07:42Z</time><sat>27</sat></trkpt>
  <trkpt lat="35.65231240" lon="139.68897520"><ele>75.833</ele><time>2026-09-12T23:07:45Z</time><sat>30</sat></trkpt>
  <trkpt lat="35.65237412" lon="139.68892221"><ele>73.400</ele><time>2026-09-12T23:07:48Z</time><sat>23</sat></trkpt>
  <trkpt lat="35.65236543" lon="139.68885794"><ele>71.942</ele><time>2026-09-12T23:07:51Z</time><sat>17</sat></trkpt>
  <trkpt lat="35.65231684" lon="139.68880969"><ele>71.933</ele><time>2026-09-12T23:07:54Z</time><sat>26</sat></trkpt>
  <trkpt lat="35.65228267" lon="139.68876220"><ele>72.866</ele><time>2026-09-12T23:07:57Z</time><sat>31</sat></trkpt>
  <trkpt lat="35.65223864" lon="139.68868413"><ele>72.970</ele><time>2026-09-12T23:08:03Z</time><sat>26</sat></trkpt>
  <trkpt lat="35.65220779" lon="139.68858850"><ele>73.188</ele><time>2026-09-12T23:08:09Z</time><sat>27</sat></trkpt>
  <trkpt lat="35.65216716" lon="139.68849508"><ele>75.386</ele><time>2026-09-12T23:08:15Z</time><sat>19</sat></trkpt>
  <trkpt lat="35.65214332" lon="139.68844287"><ele>75.877</ele><time>2026-09-12T23:08:18Z</time><sat>18</sat></trkpt>
  <trkpt lat="35.65211441" lon="139.68839586"><ele>75.169</ele><time>2026-09-12T23:08:21Z</time><sat>26</sat></trkpt>
  <trkpt lat="35.65208224" lon="139.68835123"><ele>77.450</ele><time>2026-09-12T23:08:27Z</time><sat>24</sat></trkpt>
  <trkpt lat="35.65207744" lon="139.68833611"><ele>75.691</ele><time>2026-09-12T23:08:30Z</time><sat>24</sat></trkpt>
  <trkpt lat="35.65206423" lon="139.68832815"><ele>75.748</ele><time>2026-09-12T23:08:33Z</time><sat>28</sat></trkpt>
  <trkpt lat="35.65202556" lon="139.68828230"><ele>79.801</ele><time>2026-09-12T23:08:39Z</time><sat>27</sat></trkpt>
  <trkpt lat="35.65201377" lon="139.68827848"><ele>81.087</ele><time>2026-09-12T23:08:48Z</time><sat>33</sat></trkpt>
  <trkpt lat="35.65200480" lon="139.68827144"><ele>81.686</ele><time>2026-09-12T23:08:51Z</time><sat>32</sat></trkpt>
  <trkpt lat="35.65195944" lon="139.68821490"><ele>80.364</ele><time>2026-09-12T23:08:57Z</time><sat>32</sat></trkpt>
  <trkpt lat="35.65194105" lon="139.68814365"><ele>76.577</ele><time>2026-09-12T23:09:03Z</time><sat>32</sat></trkpt>
  <trkpt lat="35.65192110" lon="139.68807843"><ele>71.046</ele><time>2026-09-12T23:09:09Z</time><sat>32</sat></trkpt>
  <trkpt lat="35.65194109" lon="139.68801288"><ele>68.181</ele><time>2026-09-12T23:09:15Z</time><sat>32</sat></trkpt>
  <trkpt lat="35.65195236" lon="139.68795496"><ele>63.817</ele><time>2026-09-12T23:09:21Z</time><sat>33</sat></trkpt>
  <trkpt lat="35.65194225" lon="139.68789137"><ele>67.438</ele><time>2026-09-12T23:09:27Z</time><sat>34</sat></trkpt>
  <trkpt lat="35.65194168" lon="139.68778925"><ele>64.270</ele><time>2026-09-12T23:09:33Z</time><sat>33</sat></trkpt>
  <trkpt lat="35.65191963" lon="139.68771230"><ele>69.256</ele><time>2026-09-12T23:09:39Z</time><sat>35</sat></trkpt>
  <trkpt lat="35.65190375" lon="139.68763940"><ele>73.716</ele><time>2026-09-12T23:09:45Z</time><sat>34</sat></trkpt>
  <trkpt lat="35.65187881" lon="139.68754377"><ele>75.316</ele><time>2026-09-12T23:09:51Z</time><sat>32</sat></trkpt>
  <trkpt lat="35.65184803" lon="139.68745291"><ele>76.426</ele><time>2026-09-12T23:09:57Z</time><sat>33</sat></trkpt>
  <trkpt lat="35.65182764" lon="139.68734628"><ele>76.338</ele><time>2026-09-12T23:10:03Z</time><sat>35</sat></trkpt>
  <trkpt lat="35.65179425" lon="139.68726366"><ele>68.988</ele><time>2026-09-12T23:10:09Z</time><sat>33</sat></trkpt>
  <trkpt lat="35.65174665" lon="139.68719102"><ele>67.364</ele><time>2026-09-12T23:10:15Z</time><sat>36</sat></trkpt>
  <trkpt lat="35.65171266" lon="139.68711925"><ele>66.718</ele><time>2026-09-12T23:10:21Z</time><sat>36</sat></trkpt>
  <trkpt lat="35.65170815" lon="139.68704203"><ele>68.775</ele><time>2026-09-12T23:10:27Z</time><sat>38</sat></trkpt>
  <trkpt lat="35.65166044" lon="139.68698007"><ele>71.506</ele><time>2026-09-12T23:10:36Z</time><sat>36</sat></trkpt>
  <trkpt lat="35.65162768" lon="139.68691551"><ele>77.140</ele><time>2026-09-12T23:10:42Z</time><sat>29</sat></trkpt>
  <trkpt lat="35.65159651" lon="139.68681930"><ele>78.158</ele><time>2026-09-12T23:10:48Z</time><sat>31</sat></trkpt>
  <trkpt lat="35.65158616" lon="139.68676470"><ele>79.480</ele><time>2026-09-12T23:10:51Z</time><sat>28</sat></trkpt>
  <trkpt lat="35.65153129" lon="139.68670458"><ele>80.817</ele><time>2026-09-12T23:10:55Z</time><sat>27</sat></trkpt>
  <trkpt lat="35.65149030" lon="139.68665520"><ele>81.458</ele><time>2026-09-12T23:10:58Z</time><sat>26</sat></trkpt>
  <trkpt lat="35.65147067" lon="139.68659306"><ele>77.642</ele><time>2026-09-12T23:11:01Z</time><sat>25</sat></trkpt>
  <trkpt lat="35.65147941" lon="139.68652272"><ele>74.461</ele><time>2026-09-12T23:11:04Z</time><sat>24</sat></trkpt>
  <trkpt lat="35.65148714" lon="139.68645066"><ele>67.392</ele><time>2026-09-12T23:11:07Z</time><sat>22</sat></trkpt>
  <trkpt lat="35.65150881" lon="139.68638268"><ele>62.798</ele><time>2026-09-12T23:11:10Z</time><sat>21</sat></trkpt>
  <trkpt lat="35.65152500" lon="139.68631493"><ele>58.754</ele><time>2026-09-12T23:11:13Z</time><sat>24</sat></trkpt>
  <trkpt lat="35.65150176" lon="139.68626190"><ele>56.730</ele><time>2026-09-12T23:11:16Z</time><sat>28</sat></trkpt>
  <trkpt lat="35.65144352" lon="139.68623447"><ele>59.155</ele><time>2026-09-12T23:11:19Z</time><sat>25</sat></trkpt>
  <trkpt lat="35.65138352" lon="139.68618608"><ele>57.268</ele><time>2026-09-12T23:11:22Z</time><sat>23</sat></trkpt>
  <trkpt lat="35.65133099" lon="139.68612725"><ele>58.153</ele><time>2026-09-12T23:11:25Z</time><sat>25</sat></trkpt>
  <trkpt lat="35.65127018" lon="139.68608422"><ele>60.277</ele><time>2026-09-12T23:11:28Z</time><sat>26</sat></trkpt>
  <trkpt lat="35.65121914" lon="139.68604295"><ele>64.228</ele><time>2026-09-12T23:11:34Z</time><sat>30</sat></trkpt>
  <trkpt lat="35.65116653" lon="139.68602691"><ele>64.026</ele><time>2026-09-12T23:11:40Z</time><sat>33</sat></trkpt>
  <trkpt lat="35.65114695" lon="139.68612273"><ele>60.761</ele><time>2026-09-12T23:11:46Z</time><sat>31</sat></trkpt>
  <trkpt lat="35.65116875" lon="139.68615069"><ele>60.720</ele><time>2026-09-12T23:11:49Z</time><sat>28</sat></trkpt>
  <trkpt lat="35.65118158" lon="139.68616949"><ele>61.019</ele><time>2026-09-12T23:11:52Z</time><sat>24</sat></trkpt>
  <trkpt lat="35.65119149" lon="139.68617831"><ele>60.843</ele><time>2026-09-12T23:11:55Z</time><sat>25</sat></trkpt>
  <trkpt lat="35.65120192" lon="139.68618556"><ele>59.567</ele><time>2026-09-12T23:12:02Z</time><sat>21</sat></trkpt>
  <trkpt lat="35.65122538" lon="139.68619239"><ele>59.334</ele><time>2026-09-12T23:12:05Z</time><sat>21</sat></trkpt>
  <trkpt lat="35.65123515" lon="139.68619226"><ele>59.172</ele><time>2026-09-12T23:12:11Z</time><sat>19</sat></trkpt>
  <trkpt lat="35.65123842" lon="139.68618935"><ele>58.888</ele><time>2026-09-12T23:12:14Z</time><sat>23</sat></trkpt>
  <trkpt lat="35.65128075" lon="139.68616414"><ele>56.487</ele><time>2026-09-12T23:12:20Z</time><sat>27</sat></trkpt>
  <trkpt lat="35.65130109" lon="139.68610971"><ele>56.700</ele><time>2026-09-12T23:12:23Z</time><sat>32</sat></trkpt>
  <trkpt lat="35.65130587" lon="139.68601661"><ele>54.560</ele><time>2026-09-12T23:12:29Z</time><sat>33</sat></trkpt>
  <trkpt lat="35.65120781" lon="139.68594861"><ele>59.715</ele><time>2026-09-12T23:12:36Z</time><sat>35</sat></trkpt>
  <trkpt lat="35.65112022" lon="139.68590065"><ele>58.156</ele><time>2026-09-12T23:12:42Z</time><sat>32</sat></trkpt>
  <trkpt lat="35.65108708" lon="139.68583789"><ele>58.749</ele><time>2026-09-12T23:12:45Z</time><sat>23</sat></trkpt>
  <trkpt lat="35.65104275" lon="139.68577267"><ele>61.794</ele><time>2026-09-12T23:12:51Z</time><sat>31</sat></trkpt>
  <trkpt lat="35.65097536" lon="139.68572052"><ele>67.107</ele><time>2026-09-12T23:12:57Z</time><sat>26</sat></trkpt>
  <trkpt lat="35.65092022" lon="139.68564678"><ele>71.047</ele><time>2026-09-12T23:13:03Z</time><sat>31</sat></trkpt>
  <trkpt lat="35.65088764" lon="139.68558014"><ele>69.300</ele><time>2026-09-12T23:13:06Z</time><sat>30</sat></trkpt>
  <trkpt lat="35.65086267" lon="139.68551335"><ele>65.715</ele><time>2026-09-12T23:13:09Z</time><sat>32</sat></trkpt>
  <trkpt lat="35.65082175" lon="139.68543941"><ele>65.872</ele><time>2026-09-12T23:13:15Z</time><sat>31</sat></trkpt>
  <trkpt lat="35.65077907" lon="139.68541447"><ele>62.004</ele><time>2026-09-12T23:13:18Z</time><sat>25</sat></trkpt>
  <trkpt lat="35.65070817" lon="139.68537990"><ele>62.851</ele><time>2026-09-12T23:13:24Z</time><sat>28</sat></trkpt>
  <trkpt lat="35.65065244" lon="139.68534786"><ele>61.894</ele><time>2026-09-12T23:13:30Z</time><sat>30</sat></trkpt>
  <trkpt lat="35.65059995" lon="139.68535095"><ele>62.033</ele><time>2026-09-12T23:13:36Z</time><sat>22</sat></trkpt>
  <trkpt lat="35.65057302" lon="139.68529656"><ele>56.195</ele><time>2026-09-12T23:13:42Z</time><sat>25</sat></trkpt>
  <trkpt lat="35.65059662" lon="139.68523785"><ele>56.172</ele><time>2026-09-12T23:13:45Z</time><sat>25</sat></trkpt>
  <trkpt lat="35.65062130" lon="139.68517066"><ele>58.482</ele><time>2026-09-12T23:13:48Z</time><sat>28</sat></trkpt>
  <trkpt lat="35.65063567" lon="139.68510687"><ele>59.285</ele><time>2026-09-12T23:13:51Z</time><sat>27</sat></trkpt>
  <trkpt lat="35.65062960" lon="139.68502632"><ele>61.387</ele><time>2026-09-12T23:13:57Z</time><sat>30</sat></trkpt>
  <trkpt lat="35.65062548" lon="139.68492205"><ele>58.735</ele><time>2026-09-12T23:14:03Z</time><sat>27</sat></trkpt>
  <trkpt lat="35.65059738" lon="139.68483986"><ele>58.141</ele><time>2026-09-12T23:14:09Z</time><sat>31</sat></trkpt>
  <trkpt lat="35.65057189" lon="139.68476934"><ele>57.403</ele><time>2026-09-12T23:14:15Z</time><sat>31</sat></trkpt>
  <trkpt lat="35.65060502" lon="139.68474767"><ele>54.694</ele><time>2026-09-12T23:14:22Z</time><sat>29</sat></trkpt>
  <trkpt lat="35.65060511" lon="139.68476928"><ele>54.751</ele><time>2026-09-12T23:14:25Z</time><sat>29</sat></trkpt>
  <trkpt lat="35.65059587" lon="139.68477604"><ele>55.473</ele><time>2026-09-12T23:14:28Z</time><sat>31</sat></trkpt>
  <trkpt lat="35.65058464" lon="139.68477986"><ele>56.501</ele><time>2026-09-12T23:14:31Z</time><sat>31</sat></trkpt>
  <trkpt lat="35.65057876" lon="139.68477765"><ele>57.005</ele><time>2026-09-12T23:14:35Z</time><sat>30</sat></trkpt>
  <trkpt lat="35.65057823" lon="139.68477827"><ele>57.216</ele><time>2026-09-12T23:14:44Z</time><sat>29</sat></trkpt>
  <trkpt lat="35.65058055" lon="139.68478354"><ele>57.760</ele><time>2026-09-12T23:14:47Z</time><sat>31</sat></trkpt>
  <trkpt lat="35.65058101" lon="139.68478205"><ele>57.769</ele><time>2026-09-12T23:14:51Z</time><sat>30</sat></trkpt>
  <trkpt lat="35.65057811" lon="139.68477605"><ele>58.722</ele><time>2026-09-12T23:14:54Z</time><sat>32</sat></trkpt>
  <trkpt lat="35.65057727" lon="139.68477438"><ele>58.726</ele><time>2026-09-12T23:14:57Z</time><sat>31</sat></trkpt>
  <trkpt lat="35.65057754" lon="139.68477081"><ele>58.585</ele><time>2026-09-12T23:15:00Z</time><sat>28</sat></trkpt>
  <trkpt lat="35.65056465" lon="139.68470017"><ele>56.631</ele><time>2026-09-12T23:15:06Z</time><sat>34</sat></trkpt>
  <trkpt lat="35.65053087" lon="139.68465417"><ele>56.539</ele><time>2026-09-12T23:15:09Z</time><sat>33</sat></trkpt>
  <trkpt lat="35.65047278" lon="139.68459335"><ele>60.868</ele><time>2026-09-12T23:15:15Z</time><sat>32</sat></trkpt>
  <trkpt lat="35.65042613" lon="139.68458871"><ele>62.590</ele><time>2026-09-12T23:15:18Z</time><sat>33</sat></trkpt>
  <trkpt lat="35.65038575" lon="139.68452744"><ele>60.518</ele><time>2026-09-12T23:15:24Z</time><sat>32</sat></trkpt>
  <trkpt lat="35.65038581" lon="139.68442848"><ele>57.713</ele><time>2026-09-12T23:15:30Z</time><sat>33</sat></trkpt>
  <trkpt lat="35.65035055" lon="139.68436057"><ele>63.042</ele><time>2026-09-12T23:15:36Z</time><sat>33</sat></trkpt>
  <trkpt lat="35.65030820" lon="139.68430179"><ele>62.607</ele><time>2026-09-12T23:15:42Z</time><sat>34</sat></trkpt>
  <trkpt lat="35.65026859" lon="139.68422251"><ele>62.026</ele><time>2026-09-12T23:15:48Z</time><sat>30</sat></trkpt>
  <trkpt lat="35.65024726" lon="139.68413364"><ele>63.766</ele><time>2026-09-12T23:15:54Z</time><sat>26</sat></trkpt>
  <trkpt lat="35.65018927" lon="139.68406867"><ele>60.788</ele><time>2026-09-12T23:16:00Z</time><sat>31</sat></trkpt>
  <trkpt lat="35.65015849" lon="139.68400279"><ele>58.332</ele><time>2026-09-12T23:16:06Z</time><sat>26</sat></trkpt>
  <trkpt lat="35.65008766" lon="139.68395957"><ele>59.869</ele><time>2026-09-12T23:16:12Z</time><sat>26</sat></trkpt>
  <trkpt lat="35.65005056" lon="139.68387141"><ele>59.974</ele><time>2026-09-12T23:16:18Z</time><sat>26</sat></trkpt>
  <trkpt lat="35.65005824" lon="139.68381379"><ele>59.456</ele><time>2026-09-12T23:16:21Z</time><sat>26</sat></trkpt>
  <trkpt lat="35.65000909" lon="139.68375068"><ele>59.239</ele><time>2026-09-12T23:16:28Z</time><sat>26</sat></trkpt>
  <trkpt lat="35.64995083" lon="139.68369401"><ele>59.828</ele><time>2026-09-12T23:16:34Z</time><sat>28</sat></trkpt>
  <trkpt lat="35.64990758" lon="139.68363716"><ele>58.992</ele><time>2026-09-12T23:16:40Z</time><sat>27</sat></trkpt>
  <trkpt lat="35.64988245" lon="139.68357949"><ele>58.234</ele><time>2026-09-12T23:16:46Z</time><sat>21</sat></trkpt>
  <trkpt lat="35.64984008" lon="139.68355256"><ele>58.964</ele><time>2026-09-12T23:16:49Z</time><sat>21</sat></trkpt>
  <trkpt lat="35.64978808" lon="139.68348388"><ele>61.666</ele><time>2026-09-12T23:16:55Z</time><sat>19</sat></trkpt>
  <trkpt lat="35.64976485" lon="139.68338891"><ele>59.314</ele><time>2026-09-12T23:17:01Z</time><sat>24</sat></trkpt>
  <trkpt lat="35.64973614" lon="139.68330466"><ele>57.978</ele><time>2026-09-12T23:17:07Z</time><sat>24</sat></trkpt>
  <trkpt lat="35.64971434" lon="139.68325269"><ele>55.239</ele><time>2026-09-12T23:17:10Z</time><sat>23</sat></trkpt>
  <trkpt lat="35.64967501" lon="139.68315989"><ele>57.276</ele><time>2026-09-12T23:17:16Z</time><sat>27</sat></trkpt>
  <trkpt lat="35.64965818" lon="139.68303542"><ele>59.792</ele><time>2026-09-12T23:17:22Z</time><sat>27</sat></trkpt>
  <trkpt lat="35.64965041" lon="139.68297727"><ele>60.099</ele><time>2026-09-12T23:17:25Z</time><sat>28</sat></trkpt>
  <trkpt lat="35.64963266" lon="139.68288320"><ele>60.342</ele><time>2026-09-12T23:17:31Z</time><sat>32</sat></trkpt>
  <trkpt lat="35.64955032" lon="139.68283467"><ele>59.829</ele><time>2026-09-12T23:17:37Z</time><sat>30</sat></trkpt>
  <trkpt lat="35.64950145" lon="139.68282571"><ele>60.163</ele><time>2026-09-12T23:17:40Z</time><sat>25</sat></trkpt>
  <trkpt lat="35.64944274" lon="139.68276667"><ele>61.500</ele><time>2026-09-12T23:17:46Z</time><sat>22</sat></trkpt>
  <trkpt lat="35.64937067" lon="139.68272297"><ele>64.050</ele><time>2026-09-12T23:17:52Z</time><sat>26</sat></trkpt>
  <trkpt lat="35.64935218" lon="139.68263264"><ele>60.466</ele><time>2026-09-12T23:17:58Z</time><sat>28</sat></trkpt>
  <trkpt lat="35.64932413" lon="139.68258346"><ele>61.880</ele><time>2026-09-12T23:18:01Z</time><sat>28</sat></trkpt>
  <trkpt lat="35.64928228" lon="139.68249940"><ele>61.071</ele><time>2026-09-12T23:18:07Z</time><sat>25</sat></trkpt>
  <trkpt lat="35.64922391" lon="139.68242228"><ele>61.460</ele><time>2026-09-12T23:18:13Z</time><sat>20</sat></trkpt>
  <trkpt lat="35.64916731" lon="139.68233910"><ele>62.264</ele><time>2026-09-12T23:18:19Z</time><sat>25</sat></trkpt>
  <trkpt lat="35.64912046" lon="139.68225380"><ele>61.892</ele><time>2026-09-12T23:18:25Z</time><sat>20</sat></trkpt>
  <trkpt lat="35.64904867" lon="139.68220976"><ele>61.362</ele><time>2026-09-12T23:18:31Z</time><sat>15</sat></trkpt>
  <trkpt lat="35.64904422" lon="139.68210943"><ele>62.615</ele><time>2026-09-12T23:18:37Z</time><sat>12</sat></trkpt>
  <trkpt lat="35.64902865" lon="139.68203239"><ele>62.718</ele><time>2026-09-12T23:18:43Z</time><sat>21</sat></trkpt>
  <trkpt lat="35.64896582" lon="139.68196762"><ele>61.806</ele><time>2026-09-12T23:18:49Z</time><sat>22</sat></trkpt>
  <trkpt lat="35.64894364" lon="139.68189975"><ele>60.167</ele><time>2026-09-12T23:18:55Z</time><sat>21</sat></trkpt>
  <trkpt lat="35.64893399" lon="139.68184432"><ele>58.938</ele><time>2026-09-12T23:18:58Z</time><sat>23</sat></trkpt>
  <trkpt lat="35.64891796" lon="139.68174691"><ele>60.283</ele><time>2026-09-12T23:19:04Z</time><sat>25</sat></trkpt>
  <trkpt lat="35.64892269" lon="139.68168664"><ele>64.475</ele><time>2026-09-12T23:19:10Z</time><sat>28</sat></trkpt>
  <trkpt lat="35.64893388" lon="139.68168170"><ele>64.586</ele><time>2026-09-12T23:19:13Z</time><sat>29</sat></trkpt>
  <trkpt lat="35.64894741" lon="139.68169568"><ele>63.352</ele><time>2026-09-12T23:19:25Z</time><sat>33</sat></trkpt>
  <trkpt lat="35.64895186" lon="139.68170374"><ele>63.701</ele><time>2026-09-12T23:19:37Z</time><sat>34</sat></trkpt>
  <trkpt lat="35.64895347" lon="139.68170262"><ele>63.713</ele><time>2026-09-12T23:19:40Z</time><sat>36</sat></trkpt>
  <trkpt lat="35.64895068" lon="139.68169298"><ele>64.665</ele><time>2026-09-12T23:19:43Z</time><sat>36</sat></trkpt>
  <trkpt lat="35.64889572" lon="139.68160657"><ele>64.527</ele><time>2026-09-12T23:19:49Z</time><sat>31</sat></trkpt>
  <trkpt lat="35.64886349" lon="139.68153845"><ele>67.880</ele><time>2026-09-12T23:19:55Z</time><sat>32</sat></trkpt>
  <trkpt lat="35.64880982" lon="139.68152089"><ele>68.881</ele><time>2026-09-12T23:20:04Z</time><sat>29</sat></trkpt>
  <trkpt lat="35.64876036" lon="139.68155803"><ele>69.898</ele><time>2026-09-12T23:20:10Z</time><sat>32</sat></trkpt>
  <trkpt lat="35.64875905" lon="139.68156806"><ele>69.858</ele><time>2026-09-12T23:20:13Z</time><sat>25</sat></trkpt>
  <trkpt lat="35.64877051" lon="139.68155504"><ele>69.195</ele><time>2026-09-12T23:20:17Z</time><sat>24</sat></trkpt>
  <trkpt lat="35.64877204" lon="139.68155382"><ele>69.158</ele><time>2026-09-12T23:20:23Z</time><sat>25</sat></trkpt>
  <trkpt lat="35.64876423" lon="139.68154986"><ele>66.067</ele><time>2026-09-12T23:20:26Z</time><sat>25</sat></trkpt>
  <trkpt lat="35.64873907" lon="139.68150361"><ele>64.382</ele><time>2026-09-12T23:20:30Z</time><sat>27</sat></trkpt>
  <trkpt lat="35.64872684" lon="139.68143606"><ele>62.523</ele><time>2026-09-12T23:20:33Z</time><sat>28</sat></trkpt>
  <trkpt lat="35.64869405" lon="139.68139234"><ele>62.414</ele><time>2026-09-12T23:20:36Z</time><sat>25</sat></trkpt>
  <trkpt lat="35.64864014" lon="139.68139299"><ele>63.710</ele><time>2026-09-12T23:20:42Z</time><sat>21</sat></trkpt>
  <trkpt lat="35.64855670" lon="139.68142101"><ele>62.559</ele><time>2026-09-12T23:20:48Z</time><sat>23</sat></trkpt>
  <trkpt lat="35.64851509" lon="139.68142420"><ele>63.839</ele><time>2026-09-12T23:20:51Z</time><sat>23</sat></trkpt>
  <trkpt lat="35.64848081" lon="139.68143119"><ele>62.546</ele><time>2026-09-12T23:20:54Z</time><sat>25</sat></trkpt>
  <trkpt lat="35.64847893" lon="139.68143399"><ele>62.245</ele><time>2026-09-12T23:20:57Z</time><sat>28</sat></trkpt>
  <trkpt lat="35.64847737" lon="139.68146655"><ele>61.713</ele><time>2026-09-12T23:21:09Z</time><sat>33</sat></trkpt>
  <trkpt lat="35.64847202" lon="139.68145470"><ele>62.569</ele><time>2026-09-12T23:21:18Z</time><sat>29</sat></trkpt>
  <trkpt lat="35.64847108" lon="139.68145269"><ele>62.584</ele><time>2026-09-12T23:21:21Z</time><sat>29</sat></trkpt>
  <trkpt lat="35.64847044" lon="139.68144617"><ele>63.327</ele><time>2026-09-12T23:21:30Z</time><sat>35</sat></trkpt>
  <trkpt lat="35.64847861" lon="139.68144026"><ele>64.444</ele><time>2026-09-12T23:21:33Z</time><sat>34</sat></trkpt>
  <trkpt lat="35.64853746" lon="139.68148099"><ele>63.839</ele><time>2026-09-12T23:21:39Z</time><sat>31</sat></trkpt>
  <trkpt lat="35.64859841" lon="139.68151833"><ele>65.908</ele><time>2026-09-12T23:21:45Z</time><sat>24</sat></trkpt>
  <trkpt lat="35.64865995" lon="139.68150258"><ele>69.742</ele><time>2026-09-12T23:21:51Z</time><sat>26</sat></trkpt>
  <trkpt lat="35.64872224" lon="139.68150312"><ele>70.237</ele><time>2026-09-12T23:21:54Z</time><sat>21</sat></trkpt>
  <trkpt lat="35.64878031" lon="139.68154131"><ele>72.027</ele><time>2026-09-12T23:21:57Z</time><sat>23</sat></trkpt>
  <trkpt lat="35.64881706" lon="139.68157684"><ele>73.221</ele><time>2026-09-12T23:22:00Z</time><sat>28</sat></trkpt>
  <trkpt lat="35.64885522" lon="139.68152071"><ele>70.610</ele><time>2026-09-12T23:22:06Z</time><sat>34</sat></trkpt>
  <trkpt lat="35.64885796" lon="139.68146547"><ele>70.500</ele><time>2026-09-12T23:22:09Z</time><sat>30</sat></trkpt>
  <trkpt lat="35.64885984" lon="139.68139786"><ele>67.562</ele><time>2026-09-12T23:22:12Z</time><sat>26</sat></trkpt>
  <trkpt lat="35.64882455" lon="139.68134634"><ele>70.156</ele><time>2026-09-12T23:22:15Z</time><sat>21</sat></trkpt>
  <trkpt lat="35.64878240" lon="139.68131073"><ele>69.991</ele><time>2026-09-12T23:22:18Z</time><sat>21</sat></trkpt>
  <trkpt lat="35.64872545" lon="139.68124387"><ele>67.963</ele><time>2026-09-12T23:22:24Z</time><sat>23</sat></trkpt>
  <trkpt lat="35.64866250" lon="139.68116795"><ele>66.138</ele><time>2026-09-12T23:22:30Z</time><sat>25</sat></trkpt>
  <trkpt lat="35.64863796" lon="139.68111469"><ele>66.080</ele><time>2026-09-12T23:22:33Z</time><sat>23</sat></trkpt>
  <trkpt lat="35.64863024" lon="139.68104867"><ele>66.904</ele><time>2026-09-12T23:22:36Z</time><sat>18</sat></trkpt>
  <trkpt lat="35.64864823" lon="139.68098079"><ele>66.042</ele><time>2026-09-12T23:22:39Z</time><sat>20</sat></trkpt>
  <trkpt lat="35.64868161" lon="139.68096146"><ele>64.130</ele><time>2026-09-12T23:22:42Z</time><sat>20</sat></trkpt>
  <trkpt lat="35.64866120" lon="139.68100992"><ele>64.466</ele><time>2026-09-12T23:22:45Z</time><sat>22</sat></trkpt>
  <trkpt lat="35.64863730" lon="139.68103989"><ele>64.694</ele><time>2026-09-12T23:22:48Z</time><sat>22</sat></trkpt>
  <trkpt lat="35.64863569" lon="139.68105344"><ele>64.892</ele><time>2026-09-12T23:22:51Z</time><sat>17</sat></trkpt>
  <trkpt lat="35.64863682" lon="139.68106887"><ele>65.470</ele><time>2026-09-12T23:22:54Z</time><sat>18</sat></trkpt>
  <trkpt lat="35.64861833" lon="139.68105733"><ele>64.994</ele><time>2026-09-12T23:22:57Z</time><sat>19</sat></trkpt>
  <trkpt lat="35.64858155" lon="139.68103131"><ele>64.725</ele><time>2026-09-12T23:23:00Z</time><sat>25</sat></trkpt>
  <trkpt lat="35.64859008" lon="139.68103177"><ele>64.423</ele><time>2026-09-12T23:23:03Z</time><sat>24</sat></trkpt>
  <trkpt lat="35.64859060" lon="139.68104044"><ele>64.584</ele><time>2026-09-12T23:23:06Z</time><sat>22</sat></trkpt>
  <trkpt lat="35.64858948" lon="139.68105409"><ele>64.480</ele><time>2026-09-12T23:23:11Z</time><sat>21</sat></trkpt>
  <trkpt lat="35.64858948" lon="139.68105523"><ele>64.486</ele><time>2026-09-12T23:23:17Z</time><sat>21</sat></trkpt>
  <trkpt lat="35.64859532" lon="139.68104547"><ele>63.668</ele><time>2026-09-12T23:23:20Z</time><sat>21</sat></trkpt>
  <trkpt lat="35.64859885" lon="139.68095254"><ele>63.565</ele><time>2026-09-12T23:23:26Z</time><sat>26</sat></trkpt>
  <trkpt lat="35.64857733" lon="139.68085331"><ele>64.529</ele><time>2026-09-12T23:23:32Z</time><sat>22</sat></trkpt>
  <trkpt lat="35.64852677" lon="139.68077730"><ele>65.576</ele><time>2026-09-12T23:23:38Z</time><sat>18</sat></trkpt>
  <trkpt lat="35.64847443" lon="139.68071033"><ele>65.961</ele><time>2026-09-12T23:23:44Z</time><sat>24</sat></trkpt>
  <trkpt lat="35.64841523" lon="139.68063582"><ele>65.634</ele><time>2026-09-12T23:23:50Z</time><sat>19</sat></trkpt>
  <trkpt lat="35.64842108" lon="139.68057027"><ele>66.195</ele><time>2026-09-12T23:23:53Z</time><sat>15</sat></trkpt>
  <trkpt lat="35.64839681" lon="139.68051851"><ele>66.381</ele><time>2026-09-12T23:23:56Z</time><sat>13</sat></trkpt>
  <trkpt lat="35.64836411" lon="139.68046533"><ele>64.021</ele><time>2026-09-12T23:24:02Z</time><sat>18</sat></trkpt>
  <trkpt lat="35.64831695" lon="139.68041141"><ele>65.395</ele><time>2026-09-12T23:24:08Z</time><sat>23</sat></trkpt>
  <trkpt lat="35.64828185" lon="139.68037029"><ele>64.478</ele><time>2026-09-12T23:24:11Z</time><sat>24</sat></trkpt>
  <trkpt lat="35.64824706" lon="139.68029607"><ele>65.602</ele><time>2026-09-12T23:24:14Z</time><sat>23</sat></trkpt>
  <trkpt lat="35.64822387" lon="139.68023262"><ele>64.209</ele><time>2026-09-12T23:24:17Z</time><sat>20</sat></trkpt>
  <trkpt lat="35.64815213" lon="139.68020372"><ele>62.913</ele><time>2026-09-12T23:24:20Z</time><sat>20</sat></trkpt>
  <trkpt lat="35.64811494" lon="139.68015233"><ele>62.641</ele><time>2026-09-12T23:24:26Z</time><sat>20</sat></trkpt>
  <trkpt lat="35.64813169" lon="139.68006714"><ele>64.409</ele><time>2026-09-12T23:24:29Z</time><sat>20</sat></trkpt>
  <trkpt lat="35.64815500" lon="139.67998246"><ele>63.972</ele><time>2026-09-12T23:24:32Z</time><sat>21</sat></trkpt>
  <trkpt lat="35.64814445" lon="139.67987893"><ele>63.422</ele><time>2026-09-12T23:24:38Z</time><sat>18</sat></trkpt>
  <trkpt lat="35.64810166" lon="139.67985627"><ele>63.298</ele><time>2026-09-12T23:24:41Z</time><sat>19</sat></trkpt>
  <trkpt lat="35.64804237" lon="139.67985264"><ele>63.485</ele><time>2026-09-12T23:24:44Z</time><sat>24</sat></trkpt>
  <trkpt lat="35.64798015" lon="139.67985706"><ele>63.399</ele><time>2026-09-12T23:24:47Z</time><sat>26</sat></trkpt>
  <trkpt lat="35.64791996" lon="139.67987066"><ele>64.646</ele><time>2026-09-12T23:24:50Z</time><sat>22</sat></trkpt>
  <trkpt lat="35.64786358" lon="139.67985042"><ele>65.740</ele><time>2026-09-12T23:24:53Z</time><sat>24</sat></trkpt>
  <trkpt lat="35.64781834" lon="139.67981971"><ele>65.086</ele><time>2026-09-12T23:24:56Z</time><sat>24</sat></trkpt>
  <trkpt lat="35.64778704" lon="139.67977558"><ele>65.128</ele><time>2026-09-12T23:24:59Z</time><sat>18</sat></trkpt>
  <trkpt lat="35.64778457" lon="139.67971126"><ele>65.732</ele><time>2026-09-12T23:25:02Z</time><sat>21</sat></trkpt>
  <trkpt lat="35.64779089" lon="139.67963297"><ele>66.085</ele><time>2026-09-12T23:25:05Z</time><sat>21</sat></trkpt>
  <trkpt lat="35.64779533" lon="139.67957403"><ele>67.505</ele><time>2026-09-12T23:25:08Z</time><sat>20</sat></trkpt>
  <trkpt lat="35.64777025" lon="139.67947794"><ele>68.448</ele><time>2026-09-12T23:25:14Z</time><sat>25</sat></trkpt>
  <trkpt lat="35.64770787" lon="139.67941194"><ele>67.372</ele><time>2026-09-12T23:25:20Z</time><sat>20</sat></trkpt>
  <trkpt lat="35.64767421" lon="139.67937453"><ele>68.125</ele><time>2026-09-12T23:25:23Z</time><sat>24</sat></trkpt>
  <trkpt lat="35.64763479" lon="139.67927664"><ele>68.516</ele><time>2026-09-12T23:25:29Z</time><sat>23</sat></trkpt>
  <trkpt lat="35.64766220" lon="139.67920603"><ele>69.315</ele><time>2026-09-12T23:25:32Z</time><sat>20</sat></trkpt>
  <trkpt lat="35.64765057" lon="139.67915251"><ele>71.293</ele><time>2026-09-12T23:25:35Z</time><sat>23</sat></trkpt>
  <trkpt lat="35.64756926" lon="139.67909364"><ele>72.349</ele><time>2026-09-12T23:25:41Z</time><sat>23</sat></trkpt>
  <trkpt lat="35.64751581" lon="139.67905210"><ele>71.464</ele><time>2026-09-12T23:25:47Z</time><sat>24</sat></trkpt>
  <trkpt lat="35.64751897" lon="139.67898412"><ele>70.385</ele><time>2026-09-12T23:25:50Z</time><sat>28</sat></trkpt>
  <trkpt lat="35.64752590" lon="139.67887647"><ele>70.667</ele><time>2026-09-12T23:25:56Z</time><sat>28</sat></trkpt>
  <trkpt lat="35.64754210" lon="139.67882300"><ele>69.041</ele><time>2026-09-12T23:25:59Z</time><sat>24</sat></trkpt>
  <trkpt lat="35.64749477" lon="139.67879325"><ele>69.228</ele><time>2026-09-12T23:26:02Z</time><sat>22</sat></trkpt>
  <trkpt lat="35.64744861" lon="139.67877382"><ele>69.473</ele><time>2026-09-12T23:26:05Z</time><sat>25</sat></trkpt>
  <trkpt lat="35.64740757" lon="139.67873876"><ele>71.260</ele><time>2026-09-12T23:26:11Z</time><sat>27</sat></trkpt>
  <trkpt lat="35.64737196" lon="139.67865077"><ele>69.955</ele><time>2026-09-12T23:26:17Z</time><sat>27</sat></trkpt>
  <trkpt lat="35.64731337" lon="139.67857511"><ele>67.483</ele><time>2026-09-12T23:26:23Z</time><sat>26</sat></trkpt>
  <trkpt lat="35.64727933" lon="139.67852983"><ele>67.648</ele><time>2026-09-12T23:26:26Z</time><sat>22</sat></trkpt>
  <trkpt lat="35.64727205" lon="139.67845166"><ele>69.239</ele><time>2026-09-12T23:26:29Z</time><sat>16</sat></trkpt>
  <trkpt lat="35.64729412" lon="139.67837686"><ele>70.463</ele><time>2026-09-12T23:26:32Z</time><sat>17</sat></trkpt>
  <trkpt lat="35.64724074" lon="139.67830058"><ele>69.975</ele><time>2026-09-12T23:26:38Z</time><sat>28</sat></trkpt>
  <trkpt lat="35.64717317" lon="139.67825674"><ele>69.053</ele><time>2026-09-12T23:26:44Z</time><sat>21</sat></trkpt>
  <trkpt lat="35.64711675" lon="139.67819602"><ele>69.844</ele><time>2026-09-12T23:26:50Z</time><sat>32</sat></trkpt>
  <trkpt lat="35.64710497" lon="139.67816994"><ele>71.339</ele><time>2026-09-12T23:26:53Z</time><sat>33</sat></trkpt>
  <trkpt lat="35.64712178" lon="139.67813703"><ele>71.844</ele><time>2026-09-12T23:26:56Z</time><sat>32</sat></trkpt>
  <trkpt lat="35.64713652" lon="139.67813473"><ele>71.770</ele><time>2026-09-12T23:26:59Z</time><sat>30</sat></trkpt>
  <trkpt lat="35.64712952" lon="139.67812686"><ele>71.203</ele><time>2026-09-12T23:27:02Z</time><sat>32</sat></trkpt>
  <trkpt lat="35.64711856" lon="139.67812867"><ele>70.977</ele><time>2026-09-12T23:27:05Z</time><sat>30</sat></trkpt>
  <trkpt lat="35.64712219" lon="139.67812432"><ele>71.347</ele><time>2026-09-12T23:27:17Z</time><sat>30</sat></trkpt>
  <trkpt lat="35.64711676" lon="139.67812418"><ele>71.284</ele><time>2026-09-12T23:27:23Z</time><sat>26</sat></trkpt>
  <trkpt lat="35.64710771" lon="139.67812620"><ele>70.331</ele><time>2026-09-12T23:27:26Z</time><sat>29</sat></trkpt>
  <trkpt lat="35.64710624" lon="139.67812252"><ele>70.023</ele><time>2026-09-12T23:27:29Z</time><sat>32</sat></trkpt>
  <trkpt lat="35.64710567" lon="139.67812210"><ele>70.061</ele><time>2026-09-12T23:27:38Z</time><sat>31</sat></trkpt>
  <trkpt lat="35.64709555" lon="139.67810906"><ele>70.658</ele><time>2026-09-12T23:27:41Z</time><sat>33</sat></trkpt>
  <trkpt lat="35.64703405" lon="139.67803651"><ele>69.879</ele><time>2026-09-12T23:27:47Z</time><sat>35</sat></trkpt>
  <trkpt lat="35.64699744" lon="139.67800217"><ele>71.277</ele><time>2026-09-12T23:27:50Z</time><sat>33</sat></trkpt>
  <trkpt lat="35.64696195" lon="139.67796734"><ele>70.505</ele><time>2026-09-12T23:27:53Z</time><sat>32</sat></trkpt>
  <trkpt lat="35.64692075" lon="139.67788088"><ele>69.768</ele><time>2026-09-12T23:27:59Z</time><sat>29</sat></trkpt>
  <trkpt lat="35.64689501" lon="139.67783084"><ele>70.782</ele><time>2026-09-12T23:28:02Z</time><sat>23</sat></trkpt>
  <trkpt lat="35.64686387" lon="139.67778416"><ele>70.431</ele><time>2026-09-12T23:28:05Z</time><sat>13</sat></trkpt>
  <trkpt lat="35.64680548" lon="139.67773248"><ele>73.148</ele><time>2026-09-12T23:28:11Z</time><sat>16</sat></trkpt>
  <trkpt lat="35.64681223" lon="139.67767136"><ele>73.343</ele><time>2026-09-12T23:28:14Z</time><sat>19</sat></trkpt>
  <trkpt lat="35.64680127" lon="139.67760747"><ele>73.597</ele><time>2026-09-12T23:28:17Z</time><sat>25</sat></trkpt>
  <trkpt lat="35.64675616" lon="139.67754581"><ele>74.259</ele><time>2026-09-12T23:28:23Z</time><sat>18</sat></trkpt>
  <trkpt lat="35.64668878" lon="139.67750182"><ele>75.156</ele><time>2026-09-12T23:28:29Z</time><sat>18</sat></trkpt>
  <trkpt lat="35.64664827" lon="139.67739571"><ele>74.215</ele><time>2026-09-12T23:28:35Z</time><sat>18</sat></trkpt>
  <trkpt lat="35.64664269" lon="139.67733528"><ele>74.456</ele><time>2026-09-12T23:28:38Z</time><sat>16</sat></trkpt>
  <trkpt lat="35.64662516" lon="139.67728234"><ele>74.530</ele><time>2026-09-12T23:28:41Z</time><sat>19</sat></trkpt>
  <trkpt lat="35.64654177" lon="139.67723425"><ele>72.212</ele><time>2026-09-12T23:28:47Z</time><sat>23</sat></trkpt>
  <trkpt lat="35.64649759" lon="139.67715064"><ele>71.017</ele><time>2026-09-12T23:28:53Z</time><sat>24</sat></trkpt>
  <trkpt lat="35.64644526" lon="139.67706764"><ele>69.673</ele><time>2026-09-12T23:28:59Z</time><sat>18</sat></trkpt>
  <trkpt lat="35.64639392" lon="139.67704703"><ele>71.752</ele><time>2026-09-12T23:29:02Z</time><sat>19</sat></trkpt>
  <trkpt lat="35.64634838" lon="139.67696494"><ele>73.478</ele><time>2026-09-12T23:29:08Z</time><sat>21</sat></trkpt>
  <trkpt lat="35.64635389" lon="139.67690618"><ele>73.158</ele><time>2026-09-12T23:29:11Z</time><sat>23</sat></trkpt>
  <trkpt lat="35.64634593" lon="139.67684954"><ele>73.010</ele><time>2026-09-12T23:29:14Z</time><sat>22</sat></trkpt>
  <trkpt lat="35.64629741" lon="139.67678061"><ele>73.527</ele><time>2026-09-12T23:29:20Z</time><sat>20</sat></trkpt>
  <trkpt lat="35.64622596" lon="139.67670907"><ele>72.851</ele><time>2026-09-12T23:29:26Z</time><sat>23</sat></trkpt>
  <trkpt lat="35.64617005" lon="139.67665416"><ele>73.676</ele><time>2026-09-12T23:29:32Z</time><sat>18</sat></trkpt>
  <trkpt lat="35.64618905" lon="139.67653279"><ele>72.129</ele><time>2026-09-12T23:29:38Z</time><sat>20</sat></trkpt>
  <trkpt lat="35.64615062" lon="139.67645110"><ele>73.396</ele><time>2026-09-12T23:29:44Z</time><sat>22</sat></trkpt>
  <trkpt lat="35.64609423" lon="139.67639538"><ele>73.535</ele><time>2026-09-12T23:29:50Z</time><sat>24</sat></trkpt>
  <trkpt lat="35.64604668" lon="139.67635988"><ele>73.418</ele><time>2026-09-12T23:29:53Z</time><sat>26</sat></trkpt>
  <trkpt lat="35.64600453" lon="139.67632532"><ele>70.373</ele><time>2026-09-12T23:29:56Z</time><sat>23</sat></trkpt>
  <trkpt lat="35.64595064" lon="139.67625962"><ele>68.296</ele><time>2026-09-12T23:30:02Z</time><sat>22</sat></trkpt>
  <trkpt lat="35.64592131" lon="139.67618593"><ele>69.595</ele><time>2026-09-12T23:30:08Z</time><sat>22</sat></trkpt>
  <trkpt lat="35.64590542" lon="139.67613309"><ele>70.968</ele><time>2026-09-12T23:30:11Z</time><sat>19</sat></trkpt>
  <trkpt lat="35.64586213" lon="139.67605703"><ele>69.939</ele><time>2026-09-12T23:30:17Z</time><sat>33</sat></trkpt>
  <trkpt lat="35.64581572" lon="139.67605425"><ele>69.946</ele><time>2026-09-12T23:30:23Z</time><sat>27</sat></trkpt>
  <trkpt lat="35.64580052" lon="139.67594156"><ele>73.360</ele><time>2026-09-12T23:30:29Z</time><sat>31</sat></trkpt>
  <trkpt lat="35.64578510" lon="139.67588957"><ele>75.090</ele><time>2026-09-12T23:30:32Z</time><sat>32</sat></trkpt>
  <trkpt lat="35.64576435" lon="139.67581588"><ele>79.010</ele><time>2026-09-12T23:30:36Z</time><sat>34</sat></trkpt>
  <trkpt lat="35.64574867" lon="139.67571710"><ele>75.103</ele><time>2026-09-12T23:30:42Z</time><sat>35</sat></trkpt>
  <trkpt lat="35.64572963" lon="139.67560398"><ele>75.055</ele><time>2026-09-12T23:30:49Z</time><sat>34</sat></trkpt>
  <trkpt lat="35.64568879" lon="139.67556186"><ele>73.908</ele><time>2026-09-12T23:30:52Z</time><sat>31</sat></trkpt>
  <trkpt lat="35.64565083" lon="139.67553163"><ele>73.607</ele><time>2026-09-12T23:30:55Z</time><sat>24</sat></trkpt>
  <trkpt lat="35.64560968" lon="139.67549678"><ele>74.085</ele><time>2026-09-12T23:30:58Z</time><sat>8</sat></trkpt>
  <trkpt lat="35.64555662" lon="139.67540692"><ele>75.030</ele><time>2026-09-12T23:31:04Z</time><sat>23</sat></trkpt>
  <trkpt lat="35.64553108" lon="139.67534706"><ele>78.627</ele><time>2026-09-12T23:31:07Z</time><sat>18</sat></trkpt>
  <trkpt lat="35.64551105" lon="139.67529395"><ele>80.244</ele><time>2026-09-12T23:31:10Z</time><sat>22</sat></trkpt>
  <trkpt lat="35.64548433" lon="139.67523994"><ele>78.790</ele><time>2026-09-12T23:31:13Z</time><sat>30</sat></trkpt>
  <trkpt lat="35.64543900" lon="139.67516495"><ele>82.158</ele><time>2026-09-12T23:31:19Z</time><sat>32</sat></trkpt>
  <trkpt lat="35.64541320" lon="139.67507854"><ele>78.230</ele><time>2026-09-12T23:31:25Z</time><sat>34</sat></trkpt>
  <trkpt lat="35.64540639" lon="139.67499622"><ele>78.109</ele><time>2026-09-12T23:31:31Z</time><sat>32</sat></trkpt>
  <trkpt lat="35.64532863" lon="139.67494376"><ele>78.471</ele><time>2026-09-12T23:31:37Z</time><sat>26</sat></trkpt>
  <trkpt lat="35.64527595" lon="139.67493260"><ele>78.320</ele><time>2026-09-12T23:31:40Z</time><sat>21</sat></trkpt>
  <trkpt lat="35.64521072" lon="139.67489887"><ele>79.436</ele><time>2026-09-12T23:31:46Z</time><sat>24</sat></trkpt>
  <trkpt lat="35.64517516" lon="139.67480910"><ele>78.219</ele><time>2026-09-12T23:31:52Z</time><sat>30</sat></trkpt>
  <trkpt lat="35.64516231" lon="139.67475329"><ele>77.818</ele><time>2026-09-12T23:31:55Z</time><sat>22</sat></trkpt>
  <trkpt lat="35.64510814" lon="139.67471322"><ele>75.597</ele><time>2026-09-12T23:32:01Z</time><sat>27</sat></trkpt>
  <trkpt lat="35.64507112" lon="139.67466552"><ele>75.473</ele><time>2026-09-12T23:32:07Z</time><sat>33</sat></trkpt>
  <trkpt lat="35.64502376" lon="139.67463033"><ele>74.741</ele><time>2026-09-12T23:32:13Z</time><sat>21</sat></trkpt>
  <trkpt lat="35.64501116" lon="139.67451025"><ele>79.473</ele><time>2026-09-12T23:32:20Z</time><sat>26</sat></trkpt>
  <trkpt lat="35.64499668" lon="139.67445383"><ele>77.654</ele><time>2026-09-12T23:32:23Z</time><sat>29</sat></trkpt>
  <trkpt lat="35.64499581" lon="139.67439223"><ele>80.281</ele><time>2026-09-12T23:32:26Z</time><sat>28</sat></trkpt>
  <trkpt lat="35.64497342" lon="139.67430729"><ele>80.558</ele><time>2026-09-12T23:32:32Z</time><sat>27</sat></trkpt>
  <trkpt lat="35.64494142" lon="139.67426630"><ele>79.786</ele><time>2026-09-12T23:32:35Z</time><sat>23</sat></trkpt>
  <trkpt lat="35.64489424" lon="139.67424503"><ele>77.763</ele><time>2026-09-12T23:32:38Z</time><sat>24</sat></trkpt>
  <trkpt lat="35.64484470" lon="139.67416364"><ele>75.114</ele><time>2026-09-12T23:32:44Z</time><sat>25</sat></trkpt>
  <trkpt lat="35.64482525" lon="139.67411346"><ele>75.709</ele><time>2026-09-12T23:32:47Z</time><sat>23</sat></trkpt>
  <trkpt lat="35.64480889" lon="139.67405602"><ele>73.875</ele><time>2026-09-12T23:32:50Z</time><sat>19</sat></trkpt>
  <trkpt lat="35.64479584" lon="139.67399455"><ele>74.437</ele><time>2026-09-12T23:32:53Z</time><sat>24</sat></trkpt>
  <trkpt lat="35.64477789" lon="139.67391548"><ele>77.889</ele><time>2026-09-12T23:32:59Z</time><sat>18</sat></trkpt>
  <trkpt lat="35.64474018" lon="139.67384378"><ele>79.541</ele><time>2026-09-12T23:33:05Z</time><sat>25</sat></trkpt>
  <trkpt lat="35.64469685" lon="139.67378339"><ele>77.556</ele><time>2026-09-12T23:33:11Z</time><sat>29</sat></trkpt>
  <trkpt lat="35.64465570" lon="139.67370565"><ele>79.821</ele><time>2026-09-12T23:33:17Z</time><sat>29</sat></trkpt>
  <trkpt lat="35.64459350" lon="139.67362938"><ele>79.560</ele><time>2026-09-12T23:33:23Z</time><sat>19</sat></trkpt>
  <trkpt lat="35.64454968" lon="139.67359327"><ele>81.474</ele><time>2026-09-12T23:33:26Z</time><sat>23</sat></trkpt>
  <trkpt lat="35.64450121" lon="139.67350616"><ele>83.307</ele><time>2026-09-12T23:33:32Z</time><sat>25</sat></trkpt>
  <trkpt lat="35.64446633" lon="139.67346731"><ele>84.555</ele><time>2026-09-12T23:33:35Z</time><sat>22</sat></trkpt>
  <trkpt lat="35.64441072" lon="139.67345608"><ele>80.756</ele><time>2026-09-12T23:33:38Z</time><sat>27</sat></trkpt>
  <trkpt lat="35.64436064" lon="139.67346089"><ele>78.572</ele><time>2026-09-12T23:33:41Z</time><sat>32</sat></trkpt>
  <trkpt lat="35.64433347" lon="139.67341584"><ele>79.588</ele><time>2026-09-12T23:33:44Z</time><sat>31</sat></trkpt>
  <trkpt lat="35.64430630" lon="139.67336714"><ele>77.715</ele><time>2026-09-12T23:33:47Z</time><sat>28</sat></trkpt>
  <trkpt lat="35.64424434" lon="139.67330828"><ele>74.679</ele><time>2026-09-12T23:33:53Z</time><sat>32</sat></trkpt>
  <trkpt lat="35.64421837" lon="139.67326098"><ele>74.326</ele><time>2026-09-12T23:33:56Z</time><sat>28</sat></trkpt>
  <trkpt lat="35.64420555" lon="139.67320596"><ele>73.476</ele><time>2026-09-12T23:33:59Z</time><sat>27</sat></trkpt>
  <trkpt lat="35.64421633" lon="139.67314521"><ele>74.498</ele><time>2026-09-12T23:34:02Z</time><sat>22</sat></trkpt>
  <trkpt lat="35.64418899" lon="139.67304673"><ele>78.701</ele><time>2026-09-12T23:34:08Z</time><sat>32</sat></trkpt>
  <trkpt lat="35.64413996" lon="139.67295742"><ele>80.826</ele><time>2026-09-12T23:34:14Z</time><sat>35</sat></trkpt>
  <trkpt lat="35.64413081" lon="139.67289549"><ele>79.915</ele><time>2026-09-12T23:34:17Z</time><sat>37</sat></trkpt>
  <trkpt lat="35.64413804" lon="139.67283203"><ele>78.184</ele><time>2026-09-12T23:34:20Z</time><sat>38</sat></trkpt>
  <trkpt lat="35.64409018" lon="139.67275116"><ele>76.004</ele><time>2026-09-12T23:34:26Z</time><sat>34</sat></trkpt>
  <trkpt lat="35.64407069" lon="139.67269451"><ele>76.176</ele><time>2026-09-12T23:34:29Z</time><sat>33</sat></trkpt>
  <trkpt lat="35.64402511" lon="139.67263921"><ele>73.319</ele><time>2026-09-12T23:34:35Z</time><sat>37</sat></trkpt>
  <trkpt lat="35.64404370" lon="139.67257523"><ele>72.210</ele><time>2026-09-12T23:34:41Z</time><sat>32</sat></trkpt>
  <trkpt lat="35.64400550" lon="139.67249781"><ele>71.434</ele><time>2026-09-12T23:34:47Z</time><sat>31</sat></trkpt>
  <trkpt lat="35.64396008" lon="139.67242406"><ele>73.549</ele><time>2026-09-12T23:34:53Z</time><sat>28</sat></trkpt>
  <trkpt lat="35.64393552" lon="139.67234109"><ele>74.497</ele><time>2026-09-12T23:34:59Z</time><sat>33</sat></trkpt>
  <trkpt lat="35.64390968" lon="139.67226545"><ele>73.006</ele><time>2026-09-12T23:35:05Z</time><sat>27</sat></trkpt>
  <trkpt lat="35.64387239" lon="139.67219535"><ele>72.673</ele><time>2026-09-12T23:35:11Z</time><sat>28</sat></trkpt>
  <trkpt lat="35.64384265" lon="139.67214657"><ele>73.892</ele><time>2026-09-12T23:35:16Z</time><sat>30</sat></trkpt>
  <trkpt lat="35.64380772" lon="139.67207149"><ele>73.444</ele><time>2026-09-12T23:35:22Z</time><sat>38</sat></trkpt>
  <trkpt lat="35.64376363" lon="139.67205463"><ele>73.661</ele><time>2026-09-12T23:35:25Z</time><sat>34</sat></trkpt>
  <trkpt lat="35.64370784" lon="139.67198572"><ele>73.641</ele><time>2026-09-12T23:35:31Z</time><sat>24</sat></trkpt>
  <trkpt lat="35.64368919" lon="139.67189208"><ele>74.417</ele><time>2026-09-12T23:35:37Z</time><sat>31</sat></trkpt>
  <trkpt lat="35.64368404" lon="139.67183652"><ele>73.406</ele><time>2026-09-12T23:35:40Z</time><sat>27</sat></trkpt>
  <trkpt lat="35.64367987" lon="139.67173187"><ele>72.894</ele><time>2026-09-12T23:35:46Z</time><sat>31</sat></trkpt>
  <trkpt lat="35.64367209" lon="139.67164920"><ele>73.254</ele><time>2026-09-12T23:35:52Z</time><sat>33</sat></trkpt>
  <trkpt lat="35.64365124" lon="139.67159993"><ele>74.823</ele><time>2026-09-12T23:35:55Z</time><sat>33</sat></trkpt>
  <trkpt lat="35.64361491" lon="139.67155215"><ele>75.111</ele><time>2026-09-12T23:35:58Z</time><sat>29</sat></trkpt>
  <trkpt lat="35.64358932" lon="139.67149541"><ele>77.148</ele><time>2026-09-12T23:36:04Z</time><sat>32</sat></trkpt>
  <trkpt lat="35.64356598" lon="139.67143558"><ele>84.867</ele><time>2026-09-12T23:36:10Z</time><sat>33</sat></trkpt>
  <trkpt lat="35.64349595" lon="139.67144465"><ele>85.464</ele><time>2026-09-12T23:36:16Z</time><sat>27</sat></trkpt>
  <trkpt lat="35.64345957" lon="139.67148331"><ele>88.267</ele><time>2026-09-12T23:36:21Z</time><sat>31</sat></trkpt>
  <trkpt lat="35.64345525" lon="139.67148722"><ele>87.943</ele><time>2026-09-12T23:36:24Z</time><sat>32</sat></trkpt>
  <trkpt lat="35.64341368" lon="139.67142759"><ele>87.080</ele><time>2026-09-12T23:36:30Z</time><sat>34</sat></trkpt>
  <trkpt lat="35.64337809" lon="139.67133888"><ele>86.257</ele><time>2026-09-12T23:36:36Z</time><sat>34</sat></trkpt>
  <trkpt lat="35.64334410" lon="139.67129969"><ele>86.622</ele><time>2026-09-12T23:36:39Z</time><sat>35</sat></trkpt>
  <trkpt lat="35.64332101" lon="139.67124917"><ele>84.387</ele><time>2026-09-12T23:36:42Z</time><sat>32</sat></trkpt>
  <trkpt lat="35.64325388" lon="139.67118416"><ele>85.833</ele><time>2026-09-12T23:36:48Z</time><sat>37</sat></trkpt>
  <trkpt lat="35.64320619" lon="139.67114296"><ele>82.150</ele><time>2026-09-12T23:36:54Z</time><sat>31</sat></trkpt>
  <trkpt lat="35.64319504" lon="139.67112496"><ele>82.476</ele><time>2026-09-12T23:36:57Z</time><sat>30</sat></trkpt>
  <trkpt lat="35.64320417" lon="139.67112777"><ele>82.333</ele><time>2026-09-12T23:37:00Z</time><sat>29</sat></trkpt>
  <trkpt lat="35.64320109" lon="139.67115866"><ele>85.610</ele><time>2026-09-12T23:37:12Z</time><sat>24</sat></trkpt>
  <trkpt lat="35.64320184" lon="139.67116672"><ele>86.218</ele><time>2026-09-12T23:37:15Z</time><sat>27</sat></trkpt>
  <trkpt lat="35.64320695" lon="139.67116745"><ele>89.382</ele><time>2026-09-12T23:37:18Z</time><sat>28</sat></trkpt>
  <trkpt lat="35.64320944" lon="139.67116994"><ele>89.968</ele><time>2026-09-12T23:37:24Z</time><sat>28</sat></trkpt>
  <trkpt lat="35.64320708" lon="139.67116839"><ele>89.904</ele><time>2026-09-12T23:37:27Z</time><sat>25</sat></trkpt>
  <trkpt lat="35.64314638" lon="139.67117001"><ele>86.233</ele><time>2026-09-12T23:37:33Z</time><sat>29</sat></trkpt>
  <trkpt lat="35.64312132" lon="139.67110394"><ele>83.704</ele><time>2026-09-12T23:37:37Z</time><sat>36</sat></trkpt>
  <trkpt lat="35.64306763" lon="139.67105536"><ele>82.025</ele><time>2026-09-12T23:37:43Z</time><sat>32</sat></trkpt>
  <trkpt lat="35.64302345" lon="139.67101799"><ele>79.984</ele><time>2026-09-12T23:37:46Z</time><sat>27</sat></trkpt>
  <trkpt lat="35.64297104" lon="139.67100914"><ele>79.274</ele><time>2026-09-12T23:37:49Z</time><sat>23</sat></trkpt>
  <trkpt lat="35.64288042" lon="139.67102409"><ele>74.417</ele><time>2026-09-12T23:37:55Z</time><sat>26</sat></trkpt>
  <trkpt lat="35.64283464" lon="139.67100482"><ele>74.994</ele><time>2026-09-12T23:37:58Z</time><sat>25</sat></trkpt>
  <trkpt lat="35.64279161" lon="139.67097785"><ele>77.425</ele><time>2026-09-12T23:38:01Z</time><sat>26</sat></trkpt>
  <trkpt lat="35.64273899" lon="139.67097430"><ele>74.681</ele><time>2026-09-12T23:38:04Z</time><sat>26</sat></trkpt>
  <trkpt lat="35.64265871" lon="139.67095847"><ele>75.424</ele><time>2026-09-12T23:38:10Z</time><sat>29</sat></trkpt>
  <trkpt lat="35.64259205" lon="139.67090985"><ele>74.826</ele><time>2026-09-12T23:38:16Z</time><sat>27</sat></trkpt>
  <trkpt lat="35.64254697" lon="139.67083854"><ele>74.426</ele><time>2026-09-12T23:38:22Z</time><sat>29</sat></trkpt>
  <trkpt lat="35.64254215" lon="139.67076500"><ele>76.060</ele><time>2026-09-12T23:38:25Z</time><sat>29</sat></trkpt>
  <trkpt lat="35.64252889" lon="139.67069132"><ele>76.215</ele><time>2026-09-12T23:38:28Z</time><sat>28</sat></trkpt>
  <trkpt lat="35.64251859" lon="139.67062379"><ele>77.948</ele><time>2026-09-12T23:38:31Z</time><sat>31</sat></trkpt>
  <trkpt lat="35.64250783" lon="139.67056681"><ele>81.422</ele><time>2026-09-12T23:38:34Z</time><sat>31</sat></trkpt>
  <trkpt lat="35.64249342" lon="139.67050557"><ele>82.726</ele><time>2026-09-12T23:38:37Z</time><sat>30</sat></trkpt>
  <trkpt lat="35.64248070" lon="139.67045123"><ele>86.480</ele><time>2026-09-12T23:38:40Z</time><sat>33</sat></trkpt>
  <trkpt lat="35.64245318" lon="139.67039801"><ele>85.619</ele><time>2026-09-12T23:38:43Z</time><sat>35</sat></trkpt>
  <trkpt lat="35.64242933" lon="139.67035053"><ele>86.463</ele><time>2026-09-12T23:38:46Z</time><sat>35</sat></trkpt>
  <trkpt lat="35.64239022" lon="139.67027783"><ele>82.307</ele><time>2026-09-12T23:38:52Z</time><sat>33</sat></trkpt>
  <trkpt lat="35.64236243" lon="139.67023407"><ele>80.671</ele><time>2026-09-12T23:38:55Z</time><sat>36</sat></trkpt>
  <trkpt lat="35.64232248" lon="139.67019584"><ele>81.778</ele><time>2026-09-12T23:38:58Z</time><sat>38</sat></trkpt>
  <trkpt lat="35.64228410" lon="139.67016505"><ele>80.803</ele><time>2026-09-12T23:39:01Z</time><sat>34</sat></trkpt>
  <trkpt lat="35.64220496" lon="139.67013040"><ele>79.816</ele><time>2026-09-12T23:39:07Z</time><sat>34</sat></trkpt>
  <trkpt lat="35.64216335" lon="139.67009797"><ele>80.203</ele><time>2026-09-12T23:39:10Z</time><sat>30</sat></trkpt>
  <trkpt lat="35.64212852" lon="139.67006035"><ele>80.014</ele><time>2026-09-12T23:39:13Z</time><sat>27</sat></trkpt>
  <trkpt lat="35.64205555" lon="139.67001378"><ele>78.498</ele><time>2026-09-12T23:39:19Z</time><sat>27</sat></trkpt>
  <trkpt lat="35.64197910" lon="139.67001147"><ele>78.083</ele><time>2026-09-12T23:39:25Z</time><sat>19</sat></trkpt>
  <trkpt lat="35.64191549" lon="139.66995093"><ele>78.226</ele><time>2026-09-12T23:39:31Z</time><sat>29</sat></trkpt>
  <trkpt lat="35.64188196" lon="139.66990368"><ele>80.982</ele><time>2026-09-12T23:39:34Z</time><sat>32</sat></trkpt>
  <trkpt lat="35.64185632" lon="139.66984763"><ele>82.581</ele><time>2026-09-12T23:39:37Z</time><sat>29</sat></trkpt>
  <trkpt lat="35.64178757" lon="139.66979700"><ele>81.295</ele><time>2026-09-12T23:39:43Z</time><sat>29</sat></trkpt>
  <trkpt lat="35.64170129" lon="139.66984137"><ele>78.458</ele><time>2026-09-12T23:39:49Z</time><sat>25</sat></trkpt>
  <trkpt lat="35.64163005" lon="139.66983081"><ele>76.507</ele><time>2026-09-12T23:39:55Z</time><sat>24</sat></trkpt>
  <trkpt lat="35.64159873" lon="139.66978150"><ele>76.373</ele><time>2026-09-12T23:39:58Z</time><sat>20</sat></trkpt>
  <trkpt lat="35.64156530" lon="139.66973791"><ele>77.769</ele><time>2026-09-12T23:40:01Z</time><sat>22</sat></trkpt>
  <trkpt lat="35.64155122" lon="139.66968273"><ele>79.067</ele><time>2026-09-12T23:40:04Z</time><sat>22</sat></trkpt>
  <trkpt lat="35.64153872" lon="139.66961887"><ele>78.270</ele><time>2026-09-12T23:40:07Z</time><sat>17</sat></trkpt>
  <trkpt lat="35.64151432" lon="139.66956452"><ele>77.290</ele><time>2026-09-12T23:40:10Z</time><sat>15</sat></trkpt>
  <trkpt lat="35.64148481" lon="139.66951569"><ele>78.568</ele><time>2026-09-12T23:40:13Z</time><sat>14</sat></trkpt>
  <trkpt lat="35.64141817" lon="139.66944793"><ele>78.799</ele><time>2026-09-12T23:40:19Z</time><sat>22</sat></trkpt>
  <trkpt lat="35.64134082" lon="139.66938757"><ele>80.784</ele><time>2026-09-12T23:40:25Z</time><sat>17</sat></trkpt>
  <trkpt lat="35.64131009" lon="139.66929394"><ele>78.026</ele><time>2026-09-12T23:40:31Z</time><sat>23</sat></trkpt>
  <trkpt lat="35.64127933" lon="139.66923957"><ele>75.457</ele><time>2026-09-12T23:40:37Z</time><sat>26</sat></trkpt>
  <trkpt lat="35.64119780" lon="139.66918709"><ele>75.948</ele><time>2026-09-12T23:40:43Z</time><sat>28</sat></trkpt>
  <trkpt lat="35.64114052" lon="139.66913963"><ele>73.344</ele><time>2026-09-12T23:40:49Z</time><sat>30</sat></trkpt>
  <trkpt lat="35.64107201" lon="139.66909077"><ele>74.345</ele><time>2026-09-12T23:40:55Z</time><sat>29</sat></trkpt>
  <trkpt lat="35.64101066" lon="139.66903266"><ele>73.840</ele><time>2026-09-12T23:41:01Z</time><sat>33</sat></trkpt>
  <trkpt lat="35.64091141" lon="139.66901358"><ele>75.696</ele><time>2026-09-12T23:41:07Z</time><sat>22</sat></trkpt>
  <trkpt lat="35.64082548" lon="139.66895596"><ele>76.933</ele><time>2026-09-12T23:41:13Z</time><sat>30</sat></trkpt>
  <trkpt lat="35.64076675" lon="139.66894361"><ele>78.009</ele><time>2026-09-12T23:41:16Z</time><sat>27</sat></trkpt>
  <trkpt lat="35.64070148" lon="139.66892722"><ele>78.420</ele><time>2026-09-12T23:41:22Z</time><sat>30</sat></trkpt>
  <trkpt lat="35.64064571" lon="139.66890363"><ele>76.932</ele><time>2026-09-12T23:41:28Z</time><sat>32</sat></trkpt>
  <trkpt lat="35.64055921" lon="139.66888783"><ele>78.743</ele><time>2026-09-12T23:41:34Z</time><sat>26</sat></trkpt>
  <trkpt lat="35.64047797" lon="139.66887642"><ele>74.998</ele><time>2026-09-12T23:41:40Z</time><sat>24</sat></trkpt>
  <trkpt lat="35.64041213" lon="139.66888543"><ele>72.814</ele><time>2026-09-12T23:41:46Z</time><sat>22</sat></trkpt>
  <trkpt lat="35.64035558" lon="139.66882361"><ele>72.204</ele><time>2026-09-12T23:41:52Z</time><sat>31</sat></trkpt>
  <trkpt lat="35.64030704" lon="139.66875003"><ele>71.669</ele><time>2026-09-12T23:41:58Z</time><sat>27</sat></trkpt>
  <trkpt lat="35.64025223" lon="139.66869916"><ele>72.027</ele><time>2026-09-12T23:42:04Z</time><sat>23</sat></trkpt>
  <trkpt lat="35.64016808" lon="139.66871166"><ele>71.394</ele><time>2026-09-12T23:42:10Z</time><sat>24</sat></trkpt>
  <trkpt lat="35.64009654" lon="139.66867091"><ele>71.477</ele><time>2026-09-12T23:42:16Z</time><sat>16</sat></trkpt>
  <trkpt lat="35.64001752" lon="139.66863984"><ele>71.820</ele><time>2026-09-12T23:42:22Z</time><sat>20</sat></trkpt>
  <trkpt lat="35.63997032" lon="139.66862157"><ele>74.357</ele><time>2026-09-12T23:42:25Z</time><sat>22</sat></trkpt>
  <trkpt lat="35.63988409" lon="139.66863414"><ele>75.525</ele><time>2026-09-12T23:42:31Z</time><sat>21</sat></trkpt>
  <trkpt lat="35.63983324" lon="139.66855432"><ele>74.618</ele><time>2026-09-12T23:42:37Z</time><sat>23</sat></trkpt>
  <trkpt lat="35.63981932" lon="139.66848784"><ele>73.362</ele><time>2026-09-12T23:42:40Z</time><sat>26</sat></trkpt>
  <trkpt lat="35.63977868" lon="139.66842712"><ele>71.215</ele><time>2026-09-12T23:42:46Z</time><sat>31</sat></trkpt>
  <trkpt lat="35.63978789" lon="139.66842489"><ele>70.072</ele><time>2026-09-12T23:42:49Z</time><sat>33</sat></trkpt>
  <trkpt lat="35.63979488" lon="139.66840605"><ele>70.291</ele><time>2026-09-12T23:42:52Z</time><sat>34</sat></trkpt>
  <trkpt lat="35.63980366" lon="139.66838537"><ele>70.641</ele><time>2026-09-12T23:42:58Z</time><sat>28</sat></trkpt>
  <trkpt lat="35.63980594" lon="139.66838143"><ele>70.284</ele><time>2026-09-12T23:43:01Z</time><sat>33</sat></trkpt>
  <trkpt lat="35.63980715" lon="139.66837919"><ele>70.260</ele><time>2026-09-12T23:43:04Z</time><sat>37</sat></trkpt>
  <trkpt lat="35.63981000" lon="139.66837567"><ele>68.245</ele><time>2026-09-12T23:43:07Z</time><sat>40</sat></trkpt>
  <trkpt lat="35.63981247" lon="139.66838023"><ele>66.845</ele><time>2026-09-12T23:43:10Z</time><sat>36</sat></trkpt>
  <trkpt lat="35.63981083" lon="139.66838111"><ele>66.716</ele><time>2026-09-12T23:43:13Z</time><sat>37</sat></trkpt>
  <trkpt lat="35.63980869" lon="139.66838145"><ele>65.638</ele><time>2026-09-12T23:43:16Z</time><sat>34</sat></trkpt>
  <trkpt lat="35.63980825" lon="139.66838159"><ele>65.616</ele><time>2026-09-12T23:43:19Z</time><sat>36</sat></trkpt>
  <trkpt lat="35.63980917" lon="139.66837852"><ele>64.768</ele><time>2026-09-12T23:43:23Z</time><sat>39</sat></trkpt>
  <trkpt lat="35.63981605" lon="139.66835629"><ele>64.144</ele><time>2026-09-12T23:43:26Z</time><sat>41</sat></trkpt>
  <trkpt lat="35.63981263" lon="139.66832671"><ele>65.756</ele><time>2026-09-12T23:43:38Z</time><sat>28</sat></trkpt>
  <trkpt lat="35.63980755" lon="139.66832223"><ele>65.116</ele><time>2026-09-12T23:43:41Z</time><sat>36</sat></trkpt>
  <trkpt lat="35.63973322" lon="139.66829914"><ele>68.271</ele><time>2026-09-12T23:43:47Z</time><sat>32</sat></trkpt>
  <trkpt lat="35.63969161" lon="139.66821602"><ele>75.675</ele><time>2026-09-12T23:43:53Z</time><sat>34</sat></trkpt>
  <trkpt lat="35.63963131" lon="139.66815225"><ele>75.660</ele><time>2026-09-12T23:43:59Z</time><sat>24</sat></trkpt>
  <trkpt lat="35.63958509" lon="139.66813615"><ele>75.092</ele><time>2026-09-12T23:44:02Z</time><sat>21</sat></trkpt>
  <trkpt lat="35.63952454" lon="139.66807110"><ele>72.096</ele><time>2026-09-12T23:44:08Z</time><sat>13</sat></trkpt>
  <trkpt lat="35.63949626" lon="139.66802724"><ele>71.123</ele><time>2026-09-12T23:44:11Z</time><sat>19</sat></trkpt>
  <trkpt lat="35.63944795" lon="139.66800652"><ele>72.254</ele><time>2026-09-12T23:44:14Z</time><sat>24</sat></trkpt>
  <trkpt lat="35.63939047" lon="139.66800661"><ele>71.927</ele><time>2026-09-12T23:44:17Z</time><sat>24</sat></trkpt>
  <trkpt lat="35.63931096" lon="139.66801875"><ele>70.725</ele><time>2026-09-12T23:44:23Z</time><sat>19</sat></trkpt>
  <trkpt lat="35.63923761" lon="139.66799962"><ele>70.091</ele><time>2026-09-12T23:44:29Z</time><sat>19</sat></trkpt>
  <trkpt lat="35.63916599" lon="139.66799571"><ele>67.663</ele><time>2026-09-12T23:44:35Z</time><sat>16</sat></trkpt>
  <trkpt lat="35.63910204" lon="139.66794062"><ele>70.461</ele><time>2026-09-12T23:44:41Z</time><sat>25</sat></trkpt>
  <trkpt lat="35.63903134" lon="139.66789263"><ele>70.987</ele><time>2026-09-12T23:44:47Z</time><sat>31</sat></trkpt>
  <trkpt lat="35.63896299" lon="139.66789243"><ele>73.807</ele><time>2026-09-12T23:44:53Z</time><sat>27</sat></trkpt>
  <trkpt lat="35.63891890" lon="139.66786150"><ele>75.156</ele><time>2026-09-12T23:44:56Z</time><sat>30</sat></trkpt>
  <trkpt lat="35.63888057" lon="139.66782657"><ele>74.216</ele><time>2026-09-12T23:44:59Z</time><sat>29</sat></trkpt>
  <trkpt lat="35.63884645" lon="139.66773750"><ele>70.636</ele><time>2026-09-12T23:45:05Z</time><sat>17</sat></trkpt>
  <trkpt lat="35.63879551" lon="139.66766641"><ele>70.047</ele><time>2026-09-12T23:45:11Z</time><sat>26</sat></trkpt>
  <trkpt lat="35.63876380" lon="139.66762334"><ele>70.150</ele><time>2026-09-12T23:45:14Z</time><sat>22</sat></trkpt>
  <trkpt lat="35.63872131" lon="139.66759164"><ele>71.677</ele><time>2026-09-12T23:45:17Z</time><sat>15</sat></trkpt>
  <trkpt lat="35.63868113" lon="139.66755546"><ele>73.663</ele><time>2026-09-12T23:45:20Z</time><sat>21</sat></trkpt>
  <trkpt lat="35.63864701" lon="139.66751182"><ele>75.178</ele><time>2026-09-12T23:45:23Z</time><sat>22</sat></trkpt>
  <trkpt lat="35.63861971" lon="139.66746340"><ele>76.461</ele><time>2026-09-12T23:45:26Z</time><sat>26</sat></trkpt>
  <trkpt lat="35.63857450" lon="139.66742378"><ele>78.601</ele><time>2026-09-12T23:45:32Z</time><sat>33</sat></trkpt>
  <trkpt lat="35.63852992" lon="139.66737306"><ele>77.677</ele><time>2026-09-12T23:45:38Z</time><sat>29</sat></trkpt>
  <trkpt lat="35.63845484" lon="139.66732721"><ele>79.725</ele><time>2026-09-12T23:45:44Z</time><sat>26</sat></trkpt>
  <trkpt lat="35.63842238" lon="139.66728546"><ele>75.749</ele><time>2026-09-12T23:45:50Z</time><sat>26</sat></trkpt>
  <trkpt lat="35.63837578" lon="139.66726007"><ele>76.300</ele><time>2026-09-12T23:45:53Z</time><sat>24</sat></trkpt>
  <trkpt lat="35.63833073" lon="139.66724100"><ele>75.720</ele><time>2026-09-12T23:45:56Z</time><sat>24</sat></trkpt>
  <trkpt lat="35.63826323" lon="139.66721862"><ele>75.155</ele><time>2026-09-12T23:46:02Z</time><sat>22</sat></trkpt>
  <trkpt lat="35.63818636" lon="139.66718353"><ele>74.353</ele><time>2026-09-12T23:46:08Z</time><sat>23</sat></trkpt>
  <trkpt lat="35.63809741" lon="139.66717008"><ele>77.230</ele><time>2026-09-12T23:46:14Z</time><sat>26</sat></trkpt>
  <trkpt lat="35.63805407" lon="139.66715195"><ele>76.993</ele><time>2026-09-12T23:46:17Z</time><sat>26</sat></trkpt>
  <trkpt lat="35.63801117" lon="139.66713234"><ele>77.657</ele><time>2026-09-12T23:46:20Z</time><sat>23</sat></trkpt>
  <trkpt lat="35.63793794" lon="139.66710413"><ele>77.893</ele><time>2026-09-12T23:46:26Z</time><sat>21</sat></trkpt>
  <trkpt lat="35.63787030" lon="139.66707913"><ele>77.046</ele><time>2026-09-12T23:46:32Z</time><sat>17</sat></trkpt>
  <trkpt lat="35.63781784" lon="139.66701835"><ele>75.678</ele><time>2026-09-12T23:46:38Z</time><sat>27</sat></trkpt>
  <trkpt lat="35.63775999" lon="139.66697955"><ele>73.086</ele><time>2026-09-12T23:46:44Z</time><sat>18</sat></trkpt>
  <trkpt lat="35.63770129" lon="139.66693127"><ele>71.667</ele><time>2026-09-12T23:46:50Z</time><sat>17</sat></trkpt>
  <trkpt lat="35.63764136" lon="139.66687741"><ele>70.620</ele><time>2026-09-12T23:46:56Z</time><sat>10</sat></trkpt>
  <trkpt lat="35.63757368" lon="139.66680006"><ele>71.733</ele><time>2026-09-12T23:47:02Z</time><sat>10</sat></trkpt>
  <trkpt lat="35.63752815" lon="139.66672093"><ele>70.914</ele><time>2026-09-12T23:47:08Z</time><sat>20</sat></trkpt>
  <trkpt lat="35.63745728" lon="139.66667302"><ele>70.808</ele><time>2026-09-12T23:47:14Z</time><sat>16</sat></trkpt>
  <trkpt lat="35.63739530" lon="139.66662518"><ele>70.326</ele><time>2026-09-12T23:47:20Z</time><sat>18</sat></trkpt>
  <trkpt lat="35.63734896" lon="139.66656659"><ele>67.626</ele><time>2026-09-12T23:47:26Z</time><sat>22</sat></trkpt>
  <trkpt lat="35.63730603" lon="139.66651981"><ele>66.734</ele><time>2026-09-12T23:47:32Z</time><sat>25</sat></trkpt>
  <trkpt lat="35.63723252" lon="139.66647753"><ele>70.730</ele><time>2026-09-12T23:47:38Z</time><sat>25</sat></trkpt>
  <trkpt lat="35.63718623" lon="139.66646634"><ele>73.458</ele><time>2026-09-12T23:47:41Z</time><sat>26</sat></trkpt>
  <trkpt lat="35.63713501" lon="139.66645826"><ele>73.347</ele><time>2026-09-12T23:47:44Z</time><sat>27</sat></trkpt>
  <trkpt lat="35.63707195" lon="139.66643765"><ele>72.117</ele><time>2026-09-12T23:47:50Z</time><sat>26</sat></trkpt>
  <trkpt lat="35.63701817" lon="139.66636892"><ele>73.214</ele><time>2026-09-12T23:47:56Z</time><sat>33</sat></trkpt>
  <trkpt lat="35.63694498" lon="139.66632610"><ele>74.378</ele><time>2026-09-12T23:48:02Z</time><sat>16</sat></trkpt>
  <trkpt lat="35.63687978" lon="139.66625935"><ele>74.134</ele><time>2026-09-12T23:48:08Z</time><sat>17</sat></trkpt>
  <trkpt lat="35.63680657" lon="139.66626854"><ele>74.046</ele><time>2026-09-12T23:48:14Z</time><sat>13</sat></trkpt>
  <trkpt lat="35.63675725" lon="139.66625101"><ele>77.204</ele><time>2026-09-12T23:48:17Z</time><sat>13</sat></trkpt>
  <trkpt lat="35.63671794" lon="139.66620639"><ele>76.145</ele><time>2026-09-12T23:48:20Z</time><sat>19</sat></trkpt>
  <trkpt lat="35.63669116" lon="139.66616009"><ele>76.619</ele><time>2026-09-12T23:48:23Z</time><sat>17</sat></trkpt>
  <trkpt lat="35.63668440" lon="139.66612967"><ele>78.481</ele><time>2026-09-12T23:48:26Z</time><sat>10</sat></trkpt>
  <trkpt lat="35.63668713" lon="139.66613438"><ele>78.982</ele><time>2026-09-12T23:48:29Z</time><sat>15</sat></trkpt>
  <trkpt lat="35.63667837" lon="139.66612445"><ele>79.076</ele><time>2026-09-12T23:48:32Z</time><sat>16</sat></trkpt>
  <trkpt lat="35.63662806" lon="139.66609862"><ele>77.284</ele><time>2026-09-12T23:48:38Z</time><sat>13</sat></trkpt>
  <trkpt lat="35.63656414" lon="139.66609855"><ele>75.904</ele><time>2026-09-12T23:48:44Z</time><sat>16</sat></trkpt>
  <trkpt lat="35.63649318" lon="139.66604261"><ele>75.900</ele><time>2026-09-12T23:48:52Z</time><sat>15</sat></trkpt>
  <trkpt lat="35.63642084" lon="139.66601625"><ele>77.230</ele><time>2026-09-12T23:48:58Z</time><sat>13</sat></trkpt>
  <trkpt lat="35.63639217" lon="139.66597061"><ele>75.988</ele><time>2026-09-12T23:49:01Z</time><sat>15</sat></trkpt>
  <trkpt lat="35.63636318" lon="139.66592391"><ele>76.316</ele><time>2026-09-12T23:49:04Z</time><sat>16</sat></trkpt>
  <trkpt lat="35.63630275" lon="139.66592053"><ele>76.174</ele><time>2026-09-12T23:49:10Z</time><sat>19</sat></trkpt>
  <trkpt lat="35.63625465" lon="139.66594062"><ele>74.873</ele><time>2026-09-12T23:49:16Z</time><sat>17</sat></trkpt>
  <trkpt lat="35.63620881" lon="139.66591346"><ele>78.311</ele><time>2026-09-12T23:49:19Z</time><sat>15</sat></trkpt>
  <trkpt lat="35.63618149" lon="139.66578785"><ele>82.493</ele><time>2026-09-12T23:49:22Z</time><sat>17</sat></trkpt>
  <trkpt lat="35.63616590" lon="139.66567989"><ele>82.746</ele><time>2026-09-12T23:49:25Z</time><sat>23</sat></trkpt>
  <trkpt lat="35.63614889" lon="139.66558537"><ele>83.812</ele><time>2026-09-12T23:49:28Z</time><sat>22</sat></trkpt>
  <trkpt lat="35.63611780" lon="139.66554184"><ele>86.983</ele><time>2026-09-12T23:49:31Z</time><sat>20</sat></trkpt>
  <trkpt lat="35.63606215" lon="139.66548281"><ele>87.871</ele><time>2026-09-12T23:49:37Z</time><sat>29</sat></trkpt>
  <trkpt lat="35.63601748" lon="139.66544385"><ele>88.616</ele><time>2026-09-12T23:49:43Z</time><sat>29</sat></trkpt>
  <trkpt lat="35.63595443" lon="139.66545914"><ele>86.292</ele><time>2026-09-12T23:49:49Z</time><sat>27</sat></trkpt>
  <trkpt lat="35.63588438" lon="139.66544934"><ele>84.882</ele><time>2026-09-12T23:49:55Z</time><sat>26</sat></trkpt>
  <trkpt lat="35.63583634" lon="139.66539248"><ele>84.613</ele><time>2026-09-12T23:50:01Z</time><sat>15</sat></trkpt>
  <trkpt lat="35.63579031" lon="139.66537273"><ele>84.878</ele><time>2026-09-12T23:50:04Z</time><sat>16</sat></trkpt>
  <trkpt lat="35.63574451" lon="139.66534579"><ele>85.119</ele><time>2026-09-12T23:50:07Z</time><sat>15</sat></trkpt>
  <trkpt lat="35.63572304" lon="139.66528909"><ele>86.666</ele><time>2026-09-12T23:50:10Z</time><sat>23</sat></trkpt>
  <trkpt lat="35.63569238" lon="139.66524569"><ele>86.182</ele><time>2026-09-12T23:50:13Z</time><sat>28</sat></trkpt>
  <trkpt lat="35.63564532" lon="139.66516968"><ele>84.359</ele><time>2026-09-12T23:50:19Z</time><sat>26</sat></trkpt>
  <trkpt lat="35.63558748" lon="139.66511126"><ele>83.431</ele><time>2026-09-12T23:50:25Z</time><sat>21</sat></trkpt>
  <trkpt lat="35.63553054" lon="139.66505662"><ele>83.587</ele><time>2026-09-12T23:50:31Z</time><sat>27</sat></trkpt>
  <trkpt lat="35.63550262" lon="139.66500137"><ele>80.692</ele><time>2026-09-12T23:50:37Z</time><sat>29</sat></trkpt>
  <trkpt lat="35.63546919" lon="139.66502022"><ele>81.469</ele><time>2026-09-12T23:50:43Z</time><sat>34</sat></trkpt>
  <trkpt lat="35.63546855" lon="139.66496901"><ele>83.373</ele><time>2026-09-12T23:50:46Z</time><sat>32</sat></trkpt>
  <trkpt lat="35.63546775" lon="139.66493692"><ele>84.179</ele><time>2026-09-12T23:50:49Z</time><sat>35</sat></trkpt>
  <trkpt lat="35.63546382" lon="139.66492541"><ele>84.661</ele><time>2026-09-12T23:50:52Z</time><sat>40</sat></trkpt>
  <trkpt lat="35.63546513" lon="139.66491585"><ele>84.835</ele><time>2026-09-12T23:50:58Z</time><sat>39</sat></trkpt>
  <trkpt lat="35.63546649" lon="139.66491009"><ele>83.229</ele><time>2026-09-12T23:51:01Z</time><sat>35</sat></trkpt>
  <trkpt lat="35.63547210" lon="139.66490947"><ele>81.047</ele><time>2026-09-12T23:51:04Z</time><sat>37</sat></trkpt>
  <trkpt lat="35.63547552" lon="139.66491034"><ele>79.913</ele><time>2026-09-12T23:51:10Z</time><sat>35</sat></trkpt>
  <trkpt lat="35.63547577" lon="139.66490629"><ele>79.450</ele><time>2026-09-12T23:51:13Z</time><sat>34</sat></trkpt>
  <trkpt lat="35.63547724" lon="139.66490070"><ele>78.739</ele><time>2026-09-12T23:51:16Z</time><sat>35</sat></trkpt>
  <trkpt lat="35.63548537" lon="139.66489908"><ele>76.904</ele><time>2026-09-12T23:51:26Z</time><sat>38</sat></trkpt>
  <trkpt lat="35.63548268" lon="139.66489973"><ele>76.711</ele><time>2026-09-12T23:51:38Z</time><sat>35</sat></trkpt>
  <trkpt lat="35.63548222" lon="139.66489884"><ele>76.721</ele><time>2026-09-12T23:51:50Z</time><sat>30</sat></trkpt>
  <trkpt lat="35.63548173" lon="139.66489806"><ele>76.747</ele><time>2026-09-12T23:52:02Z</time><sat>26</sat></trkpt>
  <trkpt lat="35.63548021" lon="139.66489633"><ele>76.939</ele><time>2026-09-12T23:52:14Z</time><sat>34</sat></trkpt>
  <trkpt lat="35.63547773" lon="139.66489338"><ele>77.262</ele><time>2026-09-12T23:52:26Z</time><sat>38</sat></trkpt>
  <trkpt lat="35.63546535" lon="139.66488016"><ele>76.811</ele><time>2026-09-12T23:52:29Z</time><sat>38</sat></trkpt>
  <trkpt lat="35.63540493" lon="139.66482180"><ele>77.387</ele><time>2026-09-12T23:52:35Z</time><sat>34</sat></trkpt>
  <trkpt lat="35.63535039" lon="139.66474477"><ele>80.317</ele><time>2026-09-12T23:52:41Z</time><sat>37</sat></trkpt>
  <trkpt lat="35.63529755" lon="139.66467799"><ele>76.636</ele><time>2026-09-12T23:52:47Z</time><sat>40</sat></trkpt>
  <trkpt lat="35.63526509" lon="139.66460971"><ele>77.767</ele><time>2026-09-12T23:52:53Z</time><sat>38</sat></trkpt>
  <trkpt lat="35.63522225" lon="139.66453221"><ele>77.420</ele><time>2026-09-12T23:52:59Z</time><sat>37</sat></trkpt>
  <trkpt lat="35.63517419" lon="139.66445477"><ele>74.973</ele><time>2026-09-12T23:53:05Z</time><sat>34</sat></trkpt>
  <trkpt lat="35.63518098" lon="139.66435028"><ele>76.149</ele><time>2026-09-12T23:53:11Z</time><sat>36</sat></trkpt>
  <trkpt lat="35.63516907" lon="139.66426420"><ele>78.629</ele><time>2026-09-12T23:53:17Z</time><sat>36</sat></trkpt>
  <trkpt lat="35.63514033" lon="139.66421960"><ele>79.972</ele><time>2026-09-12T23:53:20Z</time><sat>38</sat></trkpt>
  <trkpt lat="35.63510817" lon="139.66417352"><ele>80.578</ele><time>2026-09-12T23:53:23Z</time><sat>35</sat></trkpt>
  <trkpt lat="35.63506913" lon="139.66412743"><ele>79.654</ele><time>2026-09-12T23:53:26Z</time><sat>34</sat></trkpt>
  <trkpt lat="35.63503369" lon="139.66408433"><ele>76.020</ele><time>2026-09-12T23:53:29Z</time><sat>34</sat></trkpt>
  <trkpt lat="35.63499902" lon="139.66404449"><ele>76.236</ele><time>2026-09-12T23:53:32Z</time><sat>36</sat></trkpt>
  <trkpt lat="35.63493171" lon="139.66397455"><ele>79.106</ele><time>2026-09-12T23:53:38Z</time><sat>36</sat></trkpt>
  <trkpt lat="35.63487186" lon="139.66394491"><ele>80.644</ele><time>2026-09-12T23:53:44Z</time><sat>34</sat></trkpt>
  <trkpt lat="35.63481903" lon="139.66388584"><ele>82.579</ele><time>2026-09-12T23:53:50Z</time><sat>37</sat></trkpt>
  <trkpt lat="35.63478453" lon="139.66381376"><ele>85.277</ele><time>2026-09-12T23:53:56Z</time><sat>37</sat></trkpt>
  <trkpt lat="35.63471511" lon="139.66375857"><ele>86.196</ele><time>2026-09-12T23:54:02Z</time><sat>37</sat></trkpt>
  <trkpt lat="35.63465871" lon="139.66371579"><ele>84.322</ele><time>2026-09-12T23:54:08Z</time><sat>35</sat></trkpt>
  <trkpt lat="35.63461776" lon="139.66364014"><ele>88.185</ele><time>2026-09-12T23:54:14Z</time><sat>36</sat></trkpt>
  <trkpt lat="35.63458256" lon="139.66355004"><ele>89.380</ele><time>2026-09-12T23:54:20Z</time><sat>36</sat></trkpt>
  <trkpt lat="35.63454109" lon="139.66350935"><ele>90.327</ele><time>2026-09-12T23:54:23Z</time><sat>34</sat></trkpt>
  <trkpt lat="35.63449398" lon="139.66346499"><ele>88.662</ele><time>2026-09-12T23:54:26Z</time><sat>26</sat></trkpt>
  <trkpt lat="35.63446142" lon="139.66341762"><ele>88.102</ele><time>2026-09-12T23:54:29Z</time><sat>27</sat></trkpt>
  <trkpt lat="35.63438984" lon="139.66335327"><ele>88.178</ele><time>2026-09-12T23:54:35Z</time><sat>27</sat></trkpt>
  <trkpt lat="35.63433892" lon="139.66326531"><ele>92.312</ele><time>2026-09-12T23:54:41Z</time><sat>26</sat></trkpt>
  <trkpt lat="35.63432778" lon="139.66321006"><ele>92.910</ele><time>2026-09-12T23:54:44Z</time><sat>27</sat></trkpt>
  <trkpt lat="35.63428931" lon="139.66313118"><ele>93.935</ele><time>2026-09-12T23:54:50Z</time><sat>34</sat></trkpt>
  <trkpt lat="35.63423495" lon="139.66307071"><ele>90.918</ele><time>2026-09-12T23:54:56Z</time><sat>28</sat></trkpt>
  <trkpt lat="35.63419845" lon="139.66300753"><ele>89.574</ele><time>2026-09-12T23:55:02Z</time><sat>33</sat></trkpt>
  <trkpt lat="35.63412833" lon="139.66295862"><ele>91.505</ele><time>2026-09-12T23:55:08Z</time><sat>29</sat></trkpt>
  <trkpt lat="35.63405641" lon="139.66291340"><ele>89.622</ele><time>2026-09-12T23:55:14Z</time><sat>25</sat></trkpt>
  <trkpt lat="35.63401477" lon="139.66288052"><ele>90.483</ele><time>2026-09-12T23:55:17Z</time><sat>23</sat></trkpt>
  <trkpt lat="35.63397274" lon="139.66278865"><ele>92.172</ele><time>2026-09-12T23:55:23Z</time><sat>23</sat></trkpt>
  <trkpt lat="35.63395128" lon="139.66273869"><ele>95.377</ele><time>2026-09-12T23:55:26Z</time><sat>26</sat></trkpt>
  <trkpt lat="35.63388997" lon="139.66268697"><ele>88.665</ele><time>2026-09-12T23:55:32Z</time><sat>27</sat></trkpt>
  <trkpt lat="35.63383730" lon="139.66261824"><ele>89.099</ele><time>2026-09-12T23:55:38Z</time><sat>26</sat></trkpt>
  <trkpt lat="35.63378041" lon="139.66256531"><ele>89.654</ele><time>2026-09-12T23:55:44Z</time><sat>29</sat></trkpt>
  <trkpt lat="35.63373483" lon="139.66247648"><ele>88.294</ele><time>2026-09-12T23:55:50Z</time><sat>27</sat></trkpt>
  <trkpt lat="35.63372015" lon="139.66241339"><ele>88.539</ele><time>2026-09-12T23:55:53Z</time><sat>31</sat></trkpt>
  <trkpt lat="35.63365570" lon="139.66236195"><ele>92.104</ele><time>2026-09-12T23:55:59Z</time><sat>29</sat></trkpt>
  <trkpt lat="35.63360659" lon="139.66227555"><ele>89.975</ele><time>2026-09-12T23:56:05Z</time><sat>28</sat></trkpt>
  <trkpt lat="35.63358644" lon="139.66222495"><ele>89.185</ele><time>2026-09-12T23:56:08Z</time><sat>30</sat></trkpt>
  <trkpt lat="35.63354613" lon="139.66214493"><ele>87.311</ele><time>2026-09-12T23:56:14Z</time><sat>25</sat></trkpt>
  <trkpt lat="35.63350685" lon="139.66204913"><ele>89.517</ele><time>2026-09-12T23:56:20Z</time><sat>26</sat></trkpt>
  <trkpt lat="35.63348990" lon="139.66198047"><ele>87.653</ele><time>2026-09-12T23:56:26Z</time><sat>35</sat></trkpt>
  <trkpt lat="35.63348209" lon="139.66190390"><ele>89.707</ele><time>2026-09-12T23:56:32Z</time><sat>38</sat></trkpt>
  <trkpt lat="35.63342117" lon="139.66185054"><ele>87.969</ele><time>2026-09-12T23:56:38Z</time><sat>30</sat></trkpt>
  <trkpt lat="35.63337017" lon="139.66179164"><ele>88.514</ele><time>2026-09-12T23:56:44Z</time><sat>30</sat></trkpt>
  <trkpt lat="35.63331946" lon="139.66179814"><ele>88.260</ele><time>2026-09-12T23:56:52Z</time><sat>7</sat></trkpt>
  <trkpt lat="35.63329701" lon="139.66183625"><ele>88.117</ele><time>2026-09-12T23:56:55Z</time><sat>12</sat></trkpt>
  <trkpt lat="35.63354217" lon="139.66152076"><ele>90.073</ele><time>2026-09-12T23:57:55Z</time><sat>3</sat></trkpt>
  <trkpt lat="35.63351937" lon="139.66159077"><ele>112.943</ele><time>2026-09-12T23:57:58Z</time><sat>5</sat></trkpt>
  <trkpt lat="35.63347869" lon="139.66161222"><ele>113.051</ele><time>2026-09-12T23:58:01Z</time><sat>33</sat></trkpt>
  <trkpt lat="35.63343942" lon="139.66164009"><ele>112.857</ele><time>2026-09-12T23:58:04Z</time><sat>41</sat></trkpt>
  <trkpt lat="35.63342585" lon="139.66167857"><ele>111.896</ele><time>2026-09-12T23:58:16Z</time><sat>31</sat></trkpt>
  <trkpt lat="35.63342132" lon="139.66168183"><ele>110.517</ele><time>2026-09-12T23:58:19Z</time><sat>28</sat></trkpt>
  <trkpt lat="35.63343556" lon="139.66167325"><ele>109.007</ele><time>2026-09-12T23:58:25Z</time><sat>31</sat></trkpt>
  <trkpt lat="35.63342513" lon="139.66168510"><ele>108.702</ele><time>2026-09-12T23:58:28Z</time><sat>39</sat></trkpt>
  <trkpt lat="35.63341835" lon="139.66169737"><ele>108.654</ele><time>2026-09-12T23:58:31Z</time><sat>39</sat></trkpt>
  <trkpt lat="35.63339914" lon="139.66171453"><ele>108.843</ele><time>2026-09-12T23:58:34Z</time><sat>34</sat></trkpt>
  <trkpt lat="35.63339402" lon="139.66172525"><ele>108.058</ele><time>2026-09-12T23:58:37Z</time><sat>31</sat></trkpt>
  <trkpt lat="35.63337598" lon="139.66165452"><ele>100.706</ele><time>2026-09-12T23:58:49Z</time><sat>38</sat></trkpt>
  <trkpt lat="35.63332125" lon="139.66160191"><ele>99.514</ele><time>2026-09-12T23:58:55Z</time><sat>33</sat></trkpt>
  <trkpt lat="35.63324820" lon="139.66155066"><ele>95.571</ele><time>2026-09-12T23:59:01Z</time><sat>35</sat></trkpt>
  <trkpt lat="35.63319416" lon="139.66148145"><ele>93.211</ele><time>2026-09-12T23:59:07Z</time><sat>37</sat></trkpt>
  <trkpt lat="35.63315082" lon="139.66141963"><ele>91.284</ele><time>2026-09-12T23:59:13Z</time><sat>38</sat></trkpt>
  <trkpt lat="35.63313114" lon="139.66138945"><ele>91.413</ele><time>2026-09-12T23:59:16Z</time><sat>38</sat></trkpt>
  <trkpt lat="35.63312763" lon="139.66138577"><ele>91.418</ele><time>2026-09-12T23:59:19Z</time><sat>38</sat></trkpt>
  <trkpt lat="35.63312612" lon="139.66139703"><ele>90.960</ele><time>2026-09-12T23:59:32Z</time><sat>38</sat></trkpt>
  <trkpt lat="35.63312375" lon="139.66140130"><ele>88.779</ele><time>2026-09-12T23:59:35Z</time><sat>36</sat></trkpt>
  <trkpt lat="35.63312461" lon="139.66140792"><ele>88.781</ele><time>2026-09-12T23:59:38Z</time><sat>36</sat></trkpt>
  <trkpt lat="35.63313423" lon="139.66141930"><ele>88.886</ele><time>2026-09-12T23:59:41Z</time><sat>38</sat></trkpt>
  <trkpt lat="35.63314494" lon="139.66142175"><ele>88.946</ele><time>2026-09-12T23:59:44Z</time><sat>36</sat></trkpt>
  <trkpt lat="35.63314433" lon="139.66144422"><ele>89.310</ele><time>2026-09-12T23:59:53Z</time><sat>32</sat></trkpt>
  <trkpt lat="35.63314207" lon="139.66145174"><ele>87.644</ele><time>2026-09-12T23:59:56Z</time><sat>36</sat></trkpt>
  <trkpt lat="35.63312954" lon="139.66145505"><ele>85.449</ele><time>2026-09-13T00:00:02Z</time><sat>36</sat></trkpt>
  <trkpt lat="35.63312559" lon="139.66145458"><ele>83.601</ele><time>2026-09-13T00:00:05Z</time><sat>35</sat></trkpt>
  <trkpt lat="35.63312683" lon="139.66145871"><ele>81.732</ele><time>2026-09-13T00:00:08Z</time><sat>35</sat></trkpt>
  <trkpt lat="35.63311865" lon="139.66145774"><ele>81.768</ele><time>2026-09-13T00:00:11Z</time><sat>39</sat></trkpt>
  <trkpt lat="35.63310357" lon="139.66147391"><ele>81.578</ele><time>2026-09-13T00:00:14Z</time><sat>38</sat></trkpt>
  <trkpt lat="35.63310567" lon="139.66147830"><ele>81.669</ele><time>2026-09-13T00:00:17Z</time><sat>32</sat></trkpt>
  <trkpt lat="35.63309972" lon="139.66147555"><ele>81.379</ele><time>2026-09-13T00:00:20Z</time><sat>32</sat></trkpt>
  <trkpt lat="35.63310099" lon="139.66146760"><ele>81.849</ele><time>2026-09-13T00:00:23Z</time><sat>35</sat></trkpt>
  <trkpt lat="35.63310414" lon="139.66145822"><ele>81.863</ele><time>2026-09-13T00:00:26Z</time><sat>36</sat></trkpt>
  <trkpt lat="35.63310455" lon="139.66145693"><ele>81.875</ele><time>2026-09-13T00:00:32Z</time><sat>32</sat></trkpt>
  <trkpt lat="35.63310322" lon="139.66145456"><ele>82.433</ele><time>2026-09-13T00:00:35Z</time><sat>28</sat></trkpt>
  <trkpt lat="35.63310262" lon="139.66145058"><ele>82.436</ele><time>2026-09-13T00:00:38Z</time><sat>32</sat></trkpt>
  <trkpt lat="35.63310182" lon="139.66145178"><ele>82.051</ele><time>2026-09-13T00:00:41Z</time><sat>35</sat></trkpt>
  <trkpt lat="35.63317169" lon="139.66143380"><ele>78.805</ele><time>2026-09-13T00:00:50Z</time><sat>39</sat></trkpt>
  <trkpt lat="35.63323912" lon="139.66138148"><ele>76.960</ele><time>2026-09-13T00:00:53Z</time><sat>37</sat></trkpt>
  <trkpt lat="35.63328211" lon="139.66131381"><ele>75.492</ele><time>2026-09-13T00:00:56Z</time><sat>40</sat></trkpt>
  <trkpt lat="35.63331391" lon="139.66124543"><ele>77.560</ele><time>2026-09-13T00:00:59Z</time><sat>40</sat></trkpt>
  <trkpt lat="35.63332156" lon="139.66118042"><ele>84.300</ele><time>2026-09-13T00:01:02Z</time><sat>40</sat></trkpt>
  <trkpt lat="35.63330948" lon="139.66113378"><ele>86.647</ele><time>2026-09-13T00:01:05Z</time><sat>40</sat></trkpt>
  <trkpt lat="35.63329394" lon="139.66111191"><ele>87.152</ele><time>2026-09-13T00:01:08Z</time><sat>40</sat></trkpt>
  <trkpt lat="35.63328836" lon="139.66110889"><ele>87.178</ele><time>2026-09-13T00:01:14Z</time><sat>42</sat></trkpt>
  <trkpt lat="35.63329072" lon="139.66110727"><ele>87.158</ele><time>2026-09-13T00:01:17Z</time><sat>41</sat></trkpt>
  <trkpt lat="35.63333386" lon="139.66115139"><ele>87.224</ele><time>2026-09-13T00:01:23Z</time><sat>42</sat></trkpt>
  <trkpt lat="35.63335647" lon="139.66121075"><ele>88.073</ele><time>2026-09-13T00:01:26Z</time><sat>39</sat></trkpt>
  <trkpt lat="35.63336768" lon="139.66127278"><ele>89.170</ele><time>2026-09-13T00:01:29Z</time><sat>39</sat></trkpt>
  <trkpt lat="35.63337891" lon="139.66133323"><ele>90.546</ele><time>2026-09-13T00:01:32Z</time><sat>38</sat></trkpt>
  <trkpt lat="35.63343272" lon="139.66138931"><ele>91.244</ele><time>2026-09-13T00:01:38Z</time><sat>37</sat></trkpt>
  <trkpt lat="35.63348760" lon="139.66145182"><ele>92.199</ele><time>2026-09-13T00:01:44Z</time><sat>22</sat></trkpt>
  <trkpt lat="35.63350703" lon="139.66155178"><ele>86.709</ele><time>2026-09-13T00:01:50Z</time><sat>34</sat></trkpt>
  <trkpt lat="35.63355017" lon="139.66162324"><ele>86.349</ele><time>2026-09-13T00:01:56Z</time><sat>40</sat></trkpt>
  <trkpt lat="35.63355285" lon="139.66162317"><ele>85.792</ele><time>2026-09-13T00:02:02Z</time><sat>40</sat></trkpt>
  <trkpt lat="35.63353903" lon="139.66161785"><ele>85.105</ele><time>2026-09-13T00:02:05Z</time><sat>41</sat></trkpt>
  <trkpt lat="35.63354788" lon="139.66162148"><ele>85.265</ele><time>2026-09-13T00:02:08Z</time><sat>37</sat></trkpt>
  <trkpt lat="35.63353728" lon="139.66163711"><ele>86.497</ele><time>2026-09-13T00:02:14Z</time><sat>38</sat></trkpt>
  <trkpt lat="35.63354034" lon="139.66164337"><ele>86.719</ele><time>2026-09-13T00:02:17Z</time><sat>38</sat></trkpt>
  <trkpt lat="35.63353482" lon="139.66162447"><ele>86.709</ele><time>2026-09-13T00:02:20Z</time><sat>36</sat></trkpt>
  <trkpt lat="35.63353102" lon="139.66161431"><ele>86.741</ele><time>2026-09-13T00:02:32Z</time><sat>42</sat></trkpt>
  <trkpt lat="35.63352042" lon="139.66164168"><ele>85.822</ele><time>2026-09-13T00:02:35Z</time><sat>39</sat></trkpt>
  <trkpt lat="35.63344080" lon="139.66156939"><ele>85.575</ele><time>2026-09-13T00:02:44Z</time><sat>38</sat></trkpt>
  <trkpt lat="35.63340972" lon="139.66150319"><ele>85.145</ele><time>2026-09-13T00:02:47Z</time><sat>34</sat></trkpt>
  <trkpt lat="35.63336831" lon="139.66141258"><ele>89.909</ele><time>2026-09-13T00:02:52Z</time><sat>34</sat></trkpt>
  <trkpt lat="35.63330635" lon="139.66133678"><ele>90.177</ele><time>2026-09-13T00:02:58Z</time><sat>38</sat></trkpt>
  <trkpt lat="35.63325887" lon="139.66124482"><ele>93.029</ele><time>2026-09-13T00:03:04Z</time><sat>30</sat></trkpt>
  <trkpt lat="35.63326202" lon="139.66114573"><ele>90.169</ele><time>2026-09-13T00:03:10Z</time><sat>29</sat></trkpt>
  <trkpt lat="35.63328996" lon="139.66112344"><ele>88.635</ele><time>2026-09-13T00:03:13Z</time><sat>28</sat></trkpt>
  <trkpt lat="35.63329440" lon="139.66111565"><ele>88.743</ele><time>2026-09-13T00:03:16Z</time><sat>33</sat></trkpt>
  <trkpt lat="35.63329610" lon="139.66110920"><ele>88.733</ele><time>2026-09-13T00:03:19Z</time><sat>34</sat></trkpt>
  <trkpt lat="35.63329969" lon="139.66109975"><ele>88.415</ele><time>2026-09-13T00:03:22Z</time><sat>34</sat></trkpt>
  <trkpt lat="35.63330923" lon="139.66106209"><ele>85.394</ele><time>2026-09-13T00:03:34Z</time><sat>34</sat></trkpt>
  <trkpt lat="35.63330574" lon="139.66104377"><ele>84.981</ele><time>2026-09-13T00:03:46Z</time><sat>37</sat></trkpt>
  <trkpt lat="35.63330536" lon="139.66104258"><ele>85.084</ele><time>2026-09-13T00:03:55Z</time><sat>31</sat></trkpt>
  <trkpt lat="35.63329604" lon="139.66104792"><ele>84.306</ele><time>2026-09-13T00:03:58Z</time><sat>38</sat></trkpt>
  <trkpt lat="35.63324786" lon="139.66105942"><ele>83.248</ele><time>2026-09-13T00:04:04Z</time><sat>35</sat></trkpt>
  <trkpt lat="35.63321041" lon="139.66098851"><ele>83.406</ele><time>2026-09-13T00:04:10Z</time><sat>33</sat></trkpt>
  <trkpt lat="35.63315005" lon="139.66091754"><ele>83.785</ele><time>2026-09-13T00:04:16Z</time><sat>31</sat></trkpt>
  <trkpt lat="35.63310043" lon="139.66087256"><ele>81.570</ele><time>2026-09-13T00:04:19Z</time><sat>29</sat></trkpt>
  <trkpt lat="35.63305338" lon="139.66084088"><ele>81.596</ele><time>2026-09-13T00:04:22Z</time><sat>24</sat></trkpt>
  <trkpt lat="35.63301696" lon="139.66080070"><ele>81.364</ele><time>2026-09-13T00:04:25Z</time><sat>23</sat></trkpt>
  <trkpt lat="35.63297974" lon="139.66076539"><ele>80.924</ele><time>2026-09-13T00:04:28Z</time><sat>13</sat></trkpt>
  <trkpt lat="35.63292705" lon="139.66067908"><ele>81.087</ele><time>2026-09-13T00:04:34Z</time><sat>12</sat></trkpt>
  <trkpt lat="35.63289808" lon="139.66058943"><ele>80.892</ele><time>2026-09-13T00:04:40Z</time><sat>19</sat></trkpt>
  <trkpt lat="35.63288173" lon="139.66051123"><ele>84.534</ele><time>2026-09-13T00:04:46Z</time><sat>32</sat></trkpt>
  <trkpt lat="35.63286117" lon="139.66041103"><ele>85.912</ele><time>2026-09-13T00:04:52Z</time><sat>24</sat></trkpt>
  <trkpt lat="35.63280987" lon="139.66031639"><ele>84.536</ele><time>2026-09-13T00:04:58Z</time><sat>18</sat></trkpt>
  <trkpt lat="35.63275229" lon="139.66024188"><ele>84.220</ele><time>2026-09-13T00:05:04Z</time><sat>17</sat></trkpt>
  <trkpt lat="35.63270460" lon="139.66015649"><ele>82.808</ele><time>2026-09-13T00:05:10Z</time><sat>29</sat></trkpt>
  <trkpt lat="35.63267258" lon="139.66011758"><ele>82.611</ele><time>2026-09-13T00:05:13Z</time><sat>29</sat></trkpt>
  <trkpt lat="35.63263651" lon="139.66005571"><ele>79.513</ele><time>2026-09-13T00:05:19Z</time><sat>26</sat></trkpt>
  <trkpt lat="35.63261110" lon="139.65997224"><ele>80.076</ele><time>2026-09-13T00:05:25Z</time><sat>22</sat></trkpt>
  <trkpt lat="35.63253717" lon="139.65991587"><ele>79.229</ele><time>2026-09-13T00:05:31Z</time><sat>22</sat></trkpt>
  <trkpt lat="35.63249072" lon="139.65983289"><ele>79.311</ele><time>2026-09-13T00:05:37Z</time><sat>24</sat></trkpt>
  <trkpt lat="35.63245395" lon="139.65978180"><ele>81.262</ele><time>2026-09-13T00:05:40Z</time><sat>32</sat></trkpt>
  <trkpt lat="35.63239914" lon="139.65969539"><ele>81.938</ele><time>2026-09-13T00:05:46Z</time><sat>29</sat></trkpt>
  <trkpt lat="35.63238673" lon="139.65963559"><ele>78.792</ele><time>2026-09-13T00:05:49Z</time><sat>32</sat></trkpt>
  <trkpt lat="35.63237451" lon="139.65957386"><ele>75.850</ele><time>2026-09-13T00:05:55Z</time><sat>28</sat></trkpt>
  <trkpt lat="35.63232143" lon="139.65949949"><ele>77.848</ele><time>2026-09-13T00:06:01Z</time><sat>33</sat></trkpt>
  <trkpt lat="35.63229772" lon="139.65943749"><ele>79.867</ele><time>2026-09-13T00:06:04Z</time><sat>27</sat></trkpt>
  <trkpt lat="35.63227593" lon="139.65937358"><ele>79.831</ele><time>2026-09-13T00:06:07Z</time><sat>26</sat></trkpt>
  <trkpt lat="35.63226590" lon="139.65927220"><ele>78.327</ele><time>2026-09-13T00:06:13Z</time><sat>25</sat></trkpt>
  <trkpt lat="35.63225373" lon="139.65921359"><ele>78.433</ele><time>2026-09-13T00:06:16Z</time><sat>35</sat></trkpt>
  <trkpt lat="35.63222818" lon="139.65916032"><ele>77.866</ele><time>2026-09-13T00:06:19Z</time><sat>34</sat></trkpt>
  <trkpt lat="35.63219742" lon="139.65911575"><ele>77.915</ele><time>2026-09-13T00:06:22Z</time><sat>32</sat></trkpt>
  <trkpt lat="35.63215323" lon="139.65908941"><ele>79.067</ele><time>2026-09-13T00:06:25Z</time><sat>29</sat></trkpt>
  <trkpt lat="35.63209805" lon="139.65901948"><ele>79.449</ele><time>2026-09-13T00:06:31Z</time><sat>22</sat></trkpt>
  <trkpt lat="35.63205946" lon="139.65893702"><ele>79.900</ele><time>2026-09-13T00:06:37Z</time><sat>24</sat></trkpt>
  <trkpt lat="35.63204472" lon="139.65887875"><ele>79.698</ele><time>2026-09-13T00:06:43Z</time><sat>16</sat></trkpt>
  <trkpt lat="35.63197574" lon="139.65882032"><ele>78.988</ele><time>2026-09-13T00:06:49Z</time><sat>20</sat></trkpt>
  <trkpt lat="35.63194954" lon="139.65873052"><ele>79.568</ele><time>2026-09-13T00:06:55Z</time><sat>15</sat></trkpt>
  <trkpt lat="35.63192344" lon="139.65868147"><ele>80.113</ele><time>2026-09-13T00:06:58Z</time><sat>15</sat></trkpt>
  <trkpt lat="35.63189900" lon="139.65862066"><ele>78.670</ele><time>2026-09-13T00:07:04Z</time><sat>18</sat></trkpt>
  <trkpt lat="35.63181311" lon="139.65858251"><ele>82.360</ele><time>2026-09-13T00:07:10Z</time><sat>17</sat></trkpt>
  <trkpt lat="35.63178083" lon="139.65854392"><ele>81.719</ele><time>2026-09-13T00:07:13Z</time><sat>19</sat></trkpt>
  <trkpt lat="35.63172716" lon="139.65844964"><ele>81.098</ele><time>2026-09-13T00:07:19Z</time><sat>20</sat></trkpt>
  <trkpt lat="35.63170691" lon="139.65839360"><ele>81.454</ele><time>2026-09-13T00:07:22Z</time><sat>24</sat></trkpt>
  <trkpt lat="35.63167804" lon="139.65833363"><ele>81.671</ele><time>2026-09-13T00:07:25Z</time><sat>30</sat></trkpt>
  <trkpt lat="35.63164003" lon="139.65829261"><ele>82.801</ele><time>2026-09-13T00:07:28Z</time><sat>32</sat></trkpt>
  <trkpt lat="35.63159680" lon="139.65826611"><ele>83.077</ele><time>2026-09-13T00:07:31Z</time><sat>32</sat></trkpt>
  <trkpt lat="35.63158496" lon="139.65816929"><ele>84.230</ele><time>2026-09-13T00:07:37Z</time><sat>26</sat></trkpt>
  <trkpt lat="35.63152621" lon="139.65808548"><ele>82.338</ele><time>2026-09-13T00:07:43Z</time><sat>27</sat></trkpt>
  <trkpt lat="35.63151248" lon="139.65802705"><ele>83.907</ele><time>2026-09-13T00:07:46Z</time><sat>20</sat></trkpt>
  <trkpt lat="35.63152702" lon="139.65795943"><ele>84.410</ele><time>2026-09-13T00:07:49Z</time><sat>22</sat></trkpt>
  <trkpt lat="35.63152765" lon="139.65789435"><ele>84.953</ele><time>2026-09-13T00:07:52Z</time><sat>24</sat></trkpt>
  <trkpt lat="35.63149930" lon="139.65783588"><ele>85.660</ele><time>2026-09-13T00:07:55Z</time><sat>27</sat></trkpt>
  <trkpt lat="35.63147864" lon="139.65778107"><ele>85.100</ele><time>2026-09-13T00:07:58Z</time><sat>26</sat></trkpt>
  <trkpt lat="35.63146487" lon="139.65767938"><ele>87.168</ele><time>2026-09-13T00:08:04Z</time><sat>23</sat></trkpt>
  <trkpt lat="35.63145533" lon="139.65758019"><ele>86.498</ele><time>2026-09-13T00:08:10Z</time><sat>25</sat></trkpt>
  <trkpt lat="35.63143118" lon="139.65748717"><ele>87.207</ele><time>2026-09-13T00:08:16Z</time><sat>20</sat></trkpt>
  <trkpt lat="35.63141331" lon="139.65741888"><ele>87.740</ele><time>2026-09-13T00:08:22Z</time><sat>28</sat></trkpt>
  <trkpt lat="35.63138614" lon="139.65735251"><ele>88.881</ele><time>2026-09-13T00:08:28Z</time><sat>32</sat></trkpt>
  <trkpt lat="35.63138109" lon="139.65729707"><ele>87.651</ele><time>2026-09-13T00:08:31Z</time><sat>32</sat></trkpt>
  <trkpt lat="35.63134797" lon="139.65723424"><ele>87.805</ele><time>2026-09-13T00:08:37Z</time><sat>28</sat></trkpt>
  <trkpt lat="35.63132527" lon="139.65714060"><ele>87.518</ele><time>2026-09-13T00:08:43Z</time><sat>29</sat></trkpt>
  <trkpt lat="35.63130530" lon="139.65708824"><ele>88.834</ele><time>2026-09-13T00:08:46Z</time><sat>32</sat></trkpt>
  <trkpt lat="35.63127250" lon="139.65700015"><ele>88.623</ele><time>2026-09-13T00:08:52Z</time><sat>33</sat></trkpt>
  <trkpt lat="35.63124000" lon="139.65690730"><ele>87.786</ele><time>2026-09-13T00:08:58Z</time><sat>28</sat></trkpt>
  <trkpt lat="35.63121603" lon="139.65682436"><ele>89.238</ele><time>2026-09-13T00:09:04Z</time><sat>30</sat></trkpt>
  <trkpt lat="35.63120057" lon="139.65677202"><ele>89.105</ele><time>2026-09-13T00:09:07Z</time><sat>29</sat></trkpt>
  <trkpt lat="35.63116490" lon="139.65670275"><ele>89.699</ele><time>2026-09-13T00:09:13Z</time><sat>30</sat></trkpt>
  <trkpt lat="35.63114245" lon="139.65661444"><ele>85.013</ele><time>2026-09-13T00:09:19Z</time><sat>33</sat></trkpt>
  <trkpt lat="35.63119156" lon="139.65656743"><ele>79.586</ele><time>2026-09-13T00:09:25Z</time><sat>31</sat></trkpt>
  <trkpt lat="35.63120812" lon="139.65656591"><ele>78.093</ele><time>2026-09-13T00:09:28Z</time><sat>34</sat></trkpt>
  <trkpt lat="35.63121829" lon="139.65656232"><ele>78.129</ele><time>2026-09-13T00:09:31Z</time><sat>37</sat></trkpt>
  <trkpt lat="35.63122681" lon="139.65657573"><ele>75.792</ele><time>2026-09-13T00:09:43Z</time><sat>36</sat></trkpt>
  <trkpt lat="35.63122837" lon="139.65657812"><ele>75.782</ele><time>2026-09-13T00:09:49Z</time><sat>23</sat></trkpt>
  <trkpt lat="35.63122537" lon="139.65657543"><ele>76.167</ele><time>2026-09-13T00:09:52Z</time><sat>20</sat></trkpt>
  <trkpt lat="35.63121792" lon="139.65656635"><ele>76.324</ele><time>2026-09-13T00:09:55Z</time><sat>23</sat></trkpt>
  <trkpt lat="35.63121535" lon="139.65655987"><ele>76.318</ele><time>2026-09-13T00:10:01Z</time><sat>26</sat></trkpt>
  <trkpt lat="35.63121445" lon="139.65654638"><ele>76.372</ele><time>2026-09-13T00:10:04Z</time><sat>21</sat></trkpt>
  <trkpt lat="35.63121308" lon="139.65653772"><ele>76.845</ele><time>2026-09-13T00:10:07Z</time><sat>27</sat></trkpt>
  <trkpt lat="35.63121303" lon="139.65653607"><ele>76.903</ele><time>2026-09-13T00:10:16Z</time><sat>35</sat></trkpt>
  <trkpt lat="35.63121038" lon="139.65651123"><ele>78.557</ele><time>2026-09-13T00:10:19Z</time><sat>34</sat></trkpt>
  <trkpt lat="35.63117669" lon="139.65643193"><ele>79.285</ele><time>2026-09-13T00:10:25Z</time><sat>30</sat></trkpt>
  <trkpt lat="35.63110099" lon="139.65638275"><ele>81.645</ele><time>2026-09-13T00:10:31Z</time><sat>33</sat></trkpt>
  <trkpt lat="35.63111107" lon="139.65632035"><ele>84.796</ele><time>2026-09-13T00:10:37Z</time><sat>29</sat></trkpt>
  <trkpt lat="35.63112122" lon="139.65621805"><ele>85.177</ele><time>2026-09-13T00:10:43Z</time><sat>26</sat></trkpt>
  <trkpt lat="35.63110422" lon="139.65616551"><ele>84.683</ele><time>2026-09-13T00:10:46Z</time><sat>26</sat></trkpt>
  <trkpt lat="35.63104714" lon="139.65607163"><ele>85.596</ele><time>2026-09-13T00:10:52Z</time><sat>22</sat></trkpt>
  <trkpt lat="35.63102350" lon="139.65600976"><ele>86.800</ele><time>2026-09-13T00:10:55Z</time><sat>29</sat></trkpt>
  <trkpt lat="35.63100512" lon="139.65595283"><ele>87.049</ele><time>2026-09-13T00:10:58Z</time><sat>31</sat></trkpt>
  <trkpt lat="35.63097982" lon="139.65589625"><ele>89.259</ele><time>2026-09-13T00:11:01Z</time><sat>31</sat></trkpt>
  <trkpt lat="35.63097978" lon="139.65583838"><ele>89.208</ele><time>2026-09-13T00:11:04Z</time><sat>29</sat></trkpt>
  <trkpt lat="35.63097007" lon="139.65576573"><ele>89.852</ele><time>2026-09-13T00:11:10Z</time><sat>31</sat></trkpt>
  <trkpt lat="35.63095198" lon="139.65567212"><ele>90.352</ele><time>2026-09-13T00:11:16Z</time><sat>29</sat></trkpt>
  <trkpt lat="35.63093782" lon="139.65558245"><ele>88.562</ele><time>2026-09-13T00:11:22Z</time><sat>33</sat></trkpt>
  <trkpt lat="35.63088681" lon="139.65549385"><ele>88.204</ele><time>2026-09-13T00:11:28Z</time><sat>27</sat></trkpt>
  <trkpt lat="35.63088330" lon="139.65540965"><ele>85.232</ele><time>2026-09-13T00:11:34Z</time><sat>28</sat></trkpt>
  <trkpt lat="35.63083636" lon="139.65532043"><ele>86.337</ele><time>2026-09-13T00:11:40Z</time><sat>29</sat></trkpt>
  <trkpt lat="35.63081527" lon="139.65523542"><ele>88.242</ele><time>2026-09-13T00:11:46Z</time><sat>25</sat></trkpt>
  <trkpt lat="35.63081206" lon="139.65516831"><ele>87.954</ele><time>2026-09-13T00:11:49Z</time><sat>20</sat></trkpt>
  <trkpt lat="35.63080993" lon="139.65510709"><ele>88.558</ele><time>2026-09-13T00:11:52Z</time><sat>17</sat></trkpt>
  <trkpt lat="35.63078907" lon="139.65500462"><ele>89.012</ele><time>2026-09-13T00:11:58Z</time><sat>12</sat></trkpt>
  <trkpt lat="35.63074618" lon="139.65491502"><ele>91.545</ele><time>2026-09-13T00:12:04Z</time><sat>24</sat></trkpt>
  <trkpt lat="35.63073967" lon="139.65484110"><ele>87.452</ele><time>2026-09-13T00:12:10Z</time><sat>15</sat></trkpt>
  <trkpt lat="35.63074757" lon="139.65478477"><ele>86.855</ele><time>2026-09-13T00:12:13Z</time><sat>16</sat></trkpt>
  <trkpt lat="35.63073699" lon="139.65469422"><ele>87.868</ele><time>2026-09-13T00:12:19Z</time><sat>26</sat></trkpt>
  <trkpt lat="35.63072204" lon="139.65461749"><ele>87.905</ele><time>2026-09-13T00:12:25Z</time><sat>20</sat></trkpt>
  <trkpt lat="35.63067692" lon="139.65457316"><ele>86.857</ele><time>2026-09-13T00:12:28Z</time><sat>22</sat></trkpt>
  <trkpt lat="35.63063638" lon="139.65449266"><ele>86.831</ele><time>2026-09-13T00:12:34Z</time><sat>24</sat></trkpt>
  <trkpt lat="35.63061961" lon="139.65437921"><ele>88.886</ele><time>2026-09-13T00:12:40Z</time><sat>13</sat></trkpt>
  <trkpt lat="35.63061343" lon="139.65432240"><ele>88.998</ele><time>2026-09-13T00:12:43Z</time><sat>19</sat></trkpt>
  <trkpt lat="35.63061345" lon="139.65425816"><ele>89.450</ele><time>2026-09-13T00:12:46Z</time><sat>27</sat></trkpt>
  <trkpt lat="35.63059588" lon="139.65420490"><ele>89.435</ele><time>2026-09-13T00:12:49Z</time><sat>24</sat></trkpt>
  <trkpt lat="35.63056184" lon="139.65412086"><ele>86.185</ele><time>2026-09-13T00:12:55Z</time><sat>29</sat></trkpt>
  <trkpt lat="35.63053539" lon="139.65406255"><ele>86.009</ele><time>2026-09-13T00:13:01Z</time><sat>35</sat></trkpt>
  <trkpt lat="35.63050273" lon="139.65399006"><ele>85.276</ele><time>2026-09-13T00:13:07Z</time><sat>30</sat></trkpt>
  <trkpt lat="35.63048168" lon="139.65390175"><ele>84.204</ele><time>2026-09-13T00:13:13Z</time><sat>28</sat></trkpt>
  <trkpt lat="35.63047480" lon="139.65383085"><ele>81.261</ele><time>2026-09-13T00:13:19Z</time><sat>38</sat></trkpt>
  <trkpt lat="35.63049043" lon="139.65373788"><ele>82.389</ele><time>2026-09-13T00:13:25Z</time><sat>31</sat></trkpt>
  <trkpt lat="35.63050627" lon="139.65364199"><ele>85.250</ele><time>2026-09-13T00:13:31Z</time><sat>34</sat></trkpt>
  <trkpt lat="35.63052844" lon="139.65355421"><ele>84.764</ele><time>2026-09-13T00:13:37Z</time><sat>31</sat></trkpt>
  <trkpt lat="35.63053431" lon="139.65345795"><ele>84.949</ele><time>2026-09-13T00:13:43Z</time><sat>39</sat></trkpt>
  <trkpt lat="35.63054594" lon="139.65337062"><ele>83.991</ele><time>2026-09-13T00:13:49Z</time><sat>35</sat></trkpt>
  <trkpt lat="35.63053981" lon="139.65328163"><ele>82.333</ele><time>2026-09-13T00:13:55Z</time><sat>35</sat></trkpt>
  <trkpt lat="35.63053184" lon="139.65317907"><ele>82.457</ele><time>2026-09-13T00:14:01Z</time><sat>33</sat></trkpt>
  <trkpt lat="35.63053813" lon="139.65310019"><ele>82.048</ele><time>2026-09-13T00:14:07Z</time><sat>39</sat></trkpt>
  <trkpt lat="35.63053674" lon="139.65301057"><ele>81.700</ele><time>2026-09-13T00:14:13Z</time><sat>38</sat></trkpt>
  <trkpt lat="35.63054263" lon="139.65294130"><ele>81.135</ele><time>2026-09-13T00:14:19Z</time><sat>34</sat></trkpt>
  <trkpt lat="35.63054560" lon="139.65283664"><ele>82.237</ele><time>2026-09-13T00:14:25Z</time><sat>29</sat></trkpt>
  <trkpt lat="35.63054619" lon="139.65278134"><ele>82.463</ele><time>2026-09-13T00:14:28Z</time><sat>24</sat></trkpt>
  <trkpt lat="35.63056298" lon="139.65268069"><ele>83.595</ele><time>2026-09-13T00:14:34Z</time><sat>35</sat></trkpt>
  <trkpt lat="35.63058303" lon="139.65260016"><ele>81.181</ele><time>2026-09-13T00:14:40Z</time><sat>34</sat></trkpt>
  <trkpt lat="35.63060918" lon="139.65252985"><ele>80.281</ele><time>2026-09-13T00:14:46Z</time><sat>27</sat></trkpt>
  <trkpt lat="35.63063400" lon="139.65244735"><ele>78.887</ele><time>2026-09-13T00:14:52Z</time><sat>28</sat></trkpt>
  <trkpt lat="35.63065635" lon="139.65235686"><ele>81.431</ele><time>2026-09-13T00:14:58Z</time><sat>25</sat></trkpt>
  <trkpt lat="35.63067474" lon="139.65225505"><ele>82.459</ele><time>2026-09-13T00:15:04Z</time><sat>37</sat></trkpt>
  <trkpt lat="35.63069917" lon="139.65216151"><ele>82.836</ele><time>2026-09-13T00:15:10Z</time><sat>34</sat></trkpt>
  <trkpt lat="35.63071863" lon="139.65207354"><ele>84.426</ele><time>2026-09-13T00:15:16Z</time><sat>35</sat></trkpt>
  <trkpt lat="35.63073963" lon="139.65198275"><ele>84.872</ele><time>2026-09-13T00:15:22Z</time><sat>32</sat></trkpt>
  <trkpt lat="35.63076501" lon="139.65190405"><ele>84.561</ele><time>2026-09-13T00:15:28Z</time><sat>30</sat></trkpt>
  <trkpt lat="35.63080101" lon="139.65182557"><ele>84.937</ele><time>2026-09-13T00:15:34Z</time><sat>35</sat></trkpt>
  <trkpt lat="35.63082957" lon="139.65173106"><ele>83.883</ele><time>2026-09-13T00:15:40Z</time><sat>34</sat></trkpt>
  <trkpt lat="35.63086106" lon="139.65165905"><ele>83.119</ele><time>2026-09-13T00:15:46Z</time><sat>28</sat></trkpt>
  <trkpt lat="35.63089914" lon="139.65159695"><ele>83.861</ele><time>2026-09-13T00:15:52Z</time><sat>28</sat></trkpt>
  <trkpt lat="35.63091476" lon="139.65149556"><ele>86.528</ele><time>2026-09-13T00:15:58Z</time><sat>35</sat></trkpt>
  <trkpt lat="35.63093768" lon="139.65142041"><ele>84.610</ele><time>2026-09-13T00:16:04Z</time><sat>37</sat></trkpt>
  <trkpt lat="35.63096490" lon="139.65134507"><ele>84.715</ele><time>2026-09-13T00:16:10Z</time><sat>33</sat></trkpt>
  <trkpt lat="35.63098846" lon="139.65126033"><ele>85.951</ele><time>2026-09-13T00:16:16Z</time><sat>35</sat></trkpt>
  <trkpt lat="35.63101306" lon="139.65118029"><ele>84.448</ele><time>2026-09-13T00:16:22Z</time><sat>33</sat></trkpt>
  <trkpt lat="35.63104367" lon="139.65110421"><ele>84.250</ele><time>2026-09-13T00:16:28Z</time><sat>29</sat></trkpt>
  <trkpt lat="35.63106185" lon="139.65102638"><ele>82.129</ele><time>2026-09-13T00:16:34Z</time><sat>40</sat></trkpt>
  <trkpt lat="35.63107908" lon="139.65095376"><ele>80.679</ele><time>2026-09-13T00:16:40Z</time><sat>38</sat></trkpt>
  <trkpt lat="35.63111053" lon="139.65085830"><ele>81.479</ele><time>2026-09-13T00:16:46Z</time><sat>37</sat></trkpt>
  <trkpt lat="35.63114092" lon="139.65078427"><ele>80.841</ele><time>2026-09-13T00:16:52Z</time><sat>35</sat></trkpt>
  <trkpt lat="35.63116702" lon="139.65069353"><ele>81.379</ele><time>2026-09-13T00:16:58Z</time><sat>40</sat></trkpt>
  <trkpt lat="35.63121208" lon="139.65062338"><ele>82.489</ele><time>2026-09-13T00:17:04Z</time><sat>35</sat></trkpt>
  <trkpt lat="35.63126280" lon="139.65051374"><ele>82.391</ele><time>2026-09-13T00:17:12Z</time><sat>39</sat></trkpt>
  <trkpt lat="35.63129865" lon="139.65044117"><ele>82.554</ele><time>2026-09-13T00:17:18Z</time><sat>39</sat></trkpt>
  <trkpt lat="35.63133521" lon="139.65037972"><ele>82.376</ele><time>2026-09-13T00:17:24Z</time><sat>38</sat></trkpt>
  <trkpt lat="35.63137753" lon="139.65030862"><ele>80.535</ele><time>2026-09-13T00:17:30Z</time><sat>25</sat></trkpt>
  <trkpt lat="35.63142233" lon="139.65023660"><ele>79.589</ele><time>2026-09-13T00:17:36Z</time><sat>29</sat></trkpt>
  <trkpt lat="35.63146450" lon="139.65014949"><ele>79.371</ele><time>2026-09-13T00:17:42Z</time><sat>25</sat></trkpt>
  <trkpt lat="35.63150452" lon="139.65006619"><ele>79.756</ele><time>2026-09-13T00:17:48Z</time><sat>28</sat></trkpt>
  <trkpt lat="35.63153043" lon="139.64997606"><ele>78.869</ele><time>2026-09-13T00:17:54Z</time><sat>29</sat></trkpt>
  <trkpt lat="35.63156321" lon="139.64988789"><ele>80.638</ele><time>2026-09-13T00:18:00Z</time><sat>28</sat></trkpt>
  <trkpt lat="35.63159501" lon="139.64979695"><ele>81.595</ele><time>2026-09-13T00:18:06Z</time><sat>29</sat></trkpt>
  <trkpt lat="35.63161841" lon="139.64971896"><ele>81.619</ele><time>2026-09-13T00:18:12Z</time><sat>30</sat></trkpt>
  <trkpt lat="35.63163725" lon="139.64965363"><ele>81.073</ele><time>2026-09-13T00:18:18Z</time><sat>30</sat></trkpt>
  <trkpt lat="35.63168243" lon="139.64957365"><ele>80.371</ele><time>2026-09-13T00:18:24Z</time><sat>29</sat></trkpt>
  <trkpt lat="35.63168899" lon="139.64950650"><ele>82.207</ele><time>2026-09-13T00:18:27Z</time><sat>28</sat></trkpt>
  <trkpt lat="35.63169621" lon="139.64944827"><ele>82.397</ele><time>2026-09-13T00:18:30Z</time><sat>23</sat></trkpt>
  <trkpt lat="35.63170714" lon="139.64939454"><ele>83.611</ele><time>2026-09-13T00:18:33Z</time><sat>27</sat></trkpt>
  <trkpt lat="35.63172717" lon="139.64929748"><ele>84.531</ele><time>2026-09-13T00:18:39Z</time><sat>25</sat></trkpt>
  <trkpt lat="35.63171923" lon="139.64920146"><ele>85.519</ele><time>2026-09-13T00:18:45Z</time><sat>33</sat></trkpt>
  <trkpt lat="35.63172633" lon="139.64911057"><ele>84.644</ele><time>2026-09-13T00:18:51Z</time><sat>23</sat></trkpt>
  <trkpt lat="35.63175382" lon="139.64904500"><ele>83.242</ele><time>2026-09-13T00:18:57Z</time><sat>24</sat></trkpt>
  <trkpt lat="35.63176762" lon="139.64898903"><ele>83.742</ele><time>2026-09-13T00:19:00Z</time><sat>24</sat></trkpt>
  <trkpt lat="35.63178572" lon="139.64887933"><ele>85.510</ele><time>2026-09-13T00:19:06Z</time><sat>28</sat></trkpt>
  <trkpt lat="35.63178829" lon="139.64879714"><ele>83.614</ele><time>2026-09-13T00:19:12Z</time><sat>30</sat></trkpt>
  <trkpt lat="35.63180679" lon="139.64871189"><ele>82.974</ele><time>2026-09-13T00:19:18Z</time><sat>32</sat></trkpt>
  <trkpt lat="35.63181577" lon="139.64863073"><ele>81.785</ele><time>2026-09-13T00:19:24Z</time><sat>24</sat></trkpt>
  <trkpt lat="35.63182235" lon="139.64854495"><ele>82.434</ele><time>2026-09-13T00:19:30Z</time><sat>25</sat></trkpt>
  <trkpt lat="35.63182611" lon="139.64847537"><ele>83.086</ele><time>2026-09-13T00:19:36Z</time><sat>28</sat></trkpt>
  <trkpt lat="35.63184784" lon="139.64839723"><ele>81.627</ele><time>2026-09-13T00:19:42Z</time><sat>23</sat></trkpt>
  <trkpt lat="35.63185161" lon="139.64830298"><ele>81.406</ele><time>2026-09-13T00:19:48Z</time><sat>27</sat></trkpt>
  <trkpt lat="35.63186059" lon="139.64824772"><ele>80.148</ele><time>2026-09-13T00:19:54Z</time><sat>29</sat></trkpt>
  <trkpt lat="35.63189255" lon="139.64818211"><ele>81.079</ele><time>2026-09-13T00:20:00Z</time><sat>35</sat></trkpt>
  <trkpt lat="35.63191008" lon="139.64811647"><ele>80.067</ele><time>2026-09-13T00:20:06Z</time><sat>29</sat></trkpt>
  <trkpt lat="35.63189915" lon="139.64806049"><ele>80.048</ele><time>2026-09-13T00:20:09Z</time><sat>27</sat></trkpt>
  <trkpt lat="35.63189269" lon="139.64800386"><ele>80.592</ele><time>2026-09-13T00:20:12Z</time><sat>30</sat></trkpt>
  <trkpt lat="35.63189373" lon="139.64789963"><ele>81.274</ele><time>2026-09-13T00:20:18Z</time><sat>22</sat></trkpt>
  <trkpt lat="35.63188466" lon="139.64783601"><ele>81.774</ele><time>2026-09-13T00:20:21Z</time><sat>24</sat></trkpt>
  <trkpt lat="35.63186380" lon="139.64773941"><ele>80.372</ele><time>2026-09-13T00:20:27Z</time><sat>28</sat></trkpt>
  <trkpt lat="35.63186322" lon="139.64764365"><ele>82.320</ele><time>2026-09-13T00:20:33Z</time><sat>26</sat></trkpt>
  <trkpt lat="35.63185385" lon="139.64758393"><ele>82.565</ele><time>2026-09-13T00:20:36Z</time><sat>37</sat></trkpt>
  <trkpt lat="35.63185445" lon="139.64748299"><ele>80.996</ele><time>2026-09-13T00:20:42Z</time><sat>36</sat></trkpt>
  <trkpt lat="35.63185846" lon="139.64739754"><ele>81.901</ele><time>2026-09-13T00:20:48Z</time><sat>27</sat></trkpt>
  <trkpt lat="35.63187456" lon="139.64734316"><ele>81.336</ele><time>2026-09-13T00:20:54Z</time><sat>29</sat></trkpt>
  <trkpt lat="35.63185888" lon="139.64725359"><ele>82.326</ele><time>2026-09-13T00:21:00Z</time><sat>27</sat></trkpt>
  <trkpt lat="35.63185838" lon="139.64715574"><ele>82.208</ele><time>2026-09-13T00:21:06Z</time><sat>42</sat></trkpt>
  <trkpt lat="35.63185759" lon="139.64707555"><ele>82.438</ele><time>2026-09-13T00:21:12Z</time><sat>41</sat></trkpt>
  <trkpt lat="35.63185463" lon="139.64699203"><ele>82.528</ele><time>2026-09-13T00:21:18Z</time><sat>31</sat></trkpt>
  <trkpt lat="35.63187137" lon="139.64691152"><ele>83.849</ele><time>2026-09-13T00:21:24Z</time><sat>26</sat></trkpt>
  <trkpt lat="35.63188887" lon="139.64683212"><ele>84.865</ele><time>2026-09-13T00:21:30Z</time><sat>30</sat></trkpt>
  <trkpt lat="35.63194152" lon="139.64681888"><ele>84.681</ele><time>2026-09-13T00:21:36Z</time><sat>36</sat></trkpt>
  <trkpt lat="35.63200502" lon="139.64683465"><ele>83.487</ele><time>2026-09-13T00:21:42Z</time><sat>37</sat></trkpt>
  <trkpt lat="35.63202115" lon="139.64683938"><ele>84.777</ele><time>2026-09-13T00:21:45Z</time><sat>40</sat></trkpt>
  <trkpt lat="35.63199510" lon="139.64683023"><ele>80.282</ele><time>2026-09-13T00:22:45Z</time><sat>40</sat></trkpt>
  <trkpt lat="35.63199166" lon="139.64682968"><ele>80.599</ele><time>2026-09-13T00:22:48Z</time><sat>41</sat></trkpt>
  <trkpt lat="35.63202382" lon="139.64683598"><ele>79.770</ele><time>2026-09-13T00:22:54Z</time><sat>41</sat></trkpt>
  <trkpt lat="35.63207936" lon="139.64684622"><ele>78.632</ele><time>2026-09-13T00:23:03Z</time><sat>41</sat></trkpt>
  <trkpt lat="35.63213694" lon="139.64686495"><ele>79.200</ele><time>2026-09-13T00:23:09Z</time><sat>42</sat></trkpt>
  <trkpt lat="35.63215951" lon="139.64688350"><ele>79.656</ele><time>2026-09-13T00:23:12Z</time><sat>42</sat></trkpt>
  <trkpt lat="35.63216291" lon="139.64688953"><ele>79.687</ele><time>2026-09-13T00:23:15Z</time><sat>40</sat></trkpt>
  <trkpt lat="35.63216442" lon="139.64688968"><ele>79.468</ele><time>2026-09-13T00:23:18Z</time><sat>39</sat></trkpt>
  <trkpt lat="35.63209545" lon="139.64686106"><ele>79.323</ele><time>2026-09-13T00:23:27Z</time><sat>41</sat></trkpt>
  <trkpt lat="35.63202214" lon="139.64684397"><ele>79.036</ele><time>2026-09-13T00:23:33Z</time><sat>42</sat></trkpt>
  <trkpt lat="35.63195414" lon="139.64683192"><ele>78.840</ele><time>2026-09-13T00:23:39Z</time><sat>42</sat></trkpt>
  <trkpt lat="35.63189592" lon="139.64684165"><ele>77.639</ele><time>2026-09-13T00:23:45Z</time><sat>41</sat></trkpt>
  <trkpt lat="35.63185007" lon="139.64679021"><ele>77.305</ele><time>2026-09-13T00:23:54Z</time><sat>43</sat></trkpt>
  <trkpt lat="35.63184476" lon="139.64671867"><ele>78.386</ele><time>2026-09-13T00:24:00Z</time><sat>38</sat></trkpt>
  <trkpt lat="35.63184273" lon="139.64666047"><ele>80.519</ele><time>2026-09-13T00:24:06Z</time><sat>36</sat></trkpt>
  <trkpt lat="35.63184951" lon="139.64658194"><ele>81.810</ele><time>2026-09-13T00:24:14Z</time><sat>37</sat></trkpt>
  <trkpt lat="35.63184612" lon="139.64651187"><ele>82.866</ele><time>2026-09-13T00:24:20Z</time><sat>37</sat></trkpt>
  <trkpt lat="35.63184028" lon="139.64643283"><ele>83.689</ele><time>2026-09-13T00:24:26Z</time><sat>40</sat></trkpt>
  <trkpt lat="35.63183963" lon="139.64636166"><ele>81.446</ele><time>2026-09-13T00:24:32Z</time><sat>43</sat></trkpt>
  <trkpt lat="35.63182366" lon="139.64627473"><ele>81.095</ele><time>2026-09-13T00:24:38Z</time><sat>43</sat></trkpt>
  <trkpt lat="35.63182310" lon="139.64618970"><ele>81.102</ele><time>2026-09-13T00:24:44Z</time><sat>40</sat></trkpt>
  <trkpt lat="35.63182194" lon="139.64610566"><ele>80.905</ele><time>2026-09-13T00:24:50Z</time><sat>40</sat></trkpt>
  <trkpt lat="35.63182273" lon="139.64607221"><ele>80.860</ele><time>2026-09-13T00:24:53Z</time><sat>42</sat></trkpt>
  <trkpt lat="35.63182171" lon="139.64606958"><ele>80.976</ele><time>2026-09-13T00:24:56Z</time><sat>42</sat></trkpt>
  <trkpt lat="35.63182169" lon="139.64606439"><ele>81.306</ele><time>2026-09-13T00:24:59Z</time><sat>36</sat></trkpt>
  <trkpt lat="35.63181860" lon="139.64599368"><ele>82.381</ele><time>2026-09-13T00:25:05Z</time><sat>39</sat></trkpt>
  <trkpt lat="35.63181823" lon="139.64592405"><ele>83.455</ele><time>2026-09-13T00:25:11Z</time><sat>39</sat></trkpt>
  <trkpt lat="35.63181464" lon="139.64585076"><ele>81.714</ele><time>2026-09-13T00:25:17Z</time><sat>43</sat></trkpt>
  <trkpt lat="35.63181290" lon="139.64578560"><ele>79.614</ele><time>2026-09-13T00:25:23Z</time><sat>42</sat></trkpt>
  <trkpt lat="35.63181549" lon="139.64568596"><ele>78.341</ele><time>2026-09-13T00:25:29Z</time><sat>42</sat></trkpt>
  <trkpt lat="35.63180551" lon="139.64559090"><ele>77.954</ele><time>2026-09-13T00:25:35Z</time><sat>38</sat></trkpt>
  <trkpt lat="35.63178917" lon="139.64549669"><ele>77.860</ele><time>2026-09-13T00:25:41Z</time><sat>43</sat></trkpt>
  <trkpt lat="35.63178111" lon="139.64541211"><ele>77.355</ele><time>2026-09-13T00:25:47Z</time><sat>40</sat></trkpt>
  <trkpt lat="35.63179981" lon="139.64533880"><ele>79.191</ele><time>2026-09-13T00:25:53Z</time><sat>39</sat></trkpt>
  <trkpt lat="35.63179826" lon="139.64526355"><ele>79.828</ele><time>2026-09-13T00:25:59Z</time><sat>42</sat></trkpt>
  <trkpt lat="35.63180266" lon="139.64525457"><ele>81.054</ele><time>2026-09-13T00:26:02Z</time><sat>43</sat></trkpt>
  <trkpt lat="35.63180970" lon="139.64524654"><ele>81.670</ele><time>2026-09-13T00:26:05Z</time><sat>42</sat></trkpt>
  <trkpt lat="35.63182079" lon="139.64522819"><ele>81.672</ele><time>2026-09-13T00:26:08Z</time><sat>42</sat></trkpt>
  <trkpt lat="35.63182738" lon="139.64522815"><ele>81.665</ele><time>2026-09-13T00:26:11Z</time><sat>43</sat></trkpt>
  <trkpt lat="35.63182621" lon="139.64521631"><ele>81.257</ele><time>2026-09-13T00:26:22Z</time><sat>41</sat></trkpt>
  <trkpt lat="35.63182605" lon="139.64521755"><ele>81.261</ele><time>2026-09-13T00:26:28Z</time><sat>41</sat></trkpt>
  <trkpt lat="35.63182659" lon="139.64521403"><ele>81.193</ele><time>2026-09-13T00:26:31Z</time><sat>37</sat></trkpt>
  <trkpt lat="35.63182604" lon="139.64519156"><ele>80.608</ele><time>2026-09-13T00:26:34Z</time><sat>41</sat></trkpt>
  <trkpt lat="35.63182521" lon="139.64517880"><ele>81.463</ele><time>2026-09-13T00:26:37Z</time><sat>42</sat></trkpt>
  <trkpt lat="35.63182628" lon="139.64517664"><ele>81.462</ele><time>2026-09-13T00:26:48Z</time><sat>40</sat></trkpt>
  <trkpt lat="35.63182265" lon="139.64517114"><ele>81.795</ele><time>2026-09-13T00:26:51Z</time><sat>39</sat></trkpt>
  <trkpt lat="35.63182250" lon="139.64516649"><ele>82.234</ele><time>2026-09-13T00:26:54Z</time><sat>39</sat></trkpt>
  <trkpt lat="35.63181839" lon="139.64507101"><ele>83.345</ele><time>2026-09-13T00:27:00Z</time><sat>39</sat></trkpt>
  <trkpt lat="35.63181386" lon="139.64495346"><ele>81.922</ele><time>2026-09-13T00:27:08Z</time><sat>38</sat></trkpt>
  <trkpt lat="35.63180324" lon="139.64486797"><ele>81.868</ele><time>2026-09-13T00:27:14Z</time><sat>35</sat></trkpt>
  <trkpt lat="35.63177996" lon="139.64478933"><ele>82.312</ele><time>2026-09-13T00:27:20Z</time><sat>38</sat></trkpt>
  <trkpt lat="35.63175639" lon="139.64471398"><ele>82.964</ele><time>2026-09-13T00:27:26Z</time><sat>38</sat></trkpt>
  <trkpt lat="35.63173490" lon="139.64463132"><ele>84.786</ele><time>2026-09-13T00:27:32Z</time><sat>41</sat></trkpt>
  <trkpt lat="35.63171853" lon="139.64456381"><ele>84.122</ele><time>2026-09-13T00:27:38Z</time><sat>37</sat></trkpt>
  <trkpt lat="35.63170526" lon="139.64447296"><ele>85.641</ele><time>2026-09-13T00:27:44Z</time><sat>38</sat></trkpt>
  <trkpt lat="35.63171211" lon="139.64441254"><ele>83.893</ele><time>2026-09-13T00:27:50Z</time><sat>41</sat></trkpt>
  <trkpt lat="35.63170794" lon="139.64434849"><ele>82.148</ele><time>2026-09-13T00:27:56Z</time><sat>41</sat></trkpt>
  <trkpt lat="35.63171409" lon="139.64427017"><ele>81.191</ele><time>2026-09-13T00:28:02Z</time><sat>42</sat></trkpt>
  <trkpt lat="35.63169758" lon="139.64420626"><ele>82.266</ele><time>2026-09-13T00:28:08Z</time><sat>41</sat></trkpt>
  <trkpt lat="35.63167104" lon="139.64412278"><ele>82.677</ele><time>2026-09-13T00:28:14Z</time><sat>40</sat></trkpt>
  <trkpt lat="35.63164154" lon="139.64404908"><ele>81.306</ele><time>2026-09-13T00:28:20Z</time><sat>38</sat></trkpt>
  <trkpt lat="35.63161888" lon="139.64397150"><ele>81.665</ele><time>2026-09-13T00:28:26Z</time><sat>44</sat></trkpt>
  <trkpt lat="35.63161683" lon="139.64390684"><ele>79.315</ele><time>2026-09-13T00:28:32Z</time><sat>43</sat></trkpt>
  <trkpt lat="35.63158867" lon="139.64385237"><ele>78.377</ele><time>2026-09-13T00:28:38Z</time><sat>36</sat></trkpt>
  <trkpt lat="35.63159565" lon="139.64377983"><ele>78.737</ele><time>2026-09-13T00:28:44Z</time><sat>38</sat></trkpt>
  <trkpt lat="35.63157261" lon="139.64369739"><ele>78.110</ele><time>2026-09-13T00:28:50Z</time><sat>39</sat></trkpt>
  <trkpt lat="35.63155017" lon="139.64359648"><ele>79.557</ele><time>2026-09-13T00:28:56Z</time><sat>27</sat></trkpt>
  <trkpt lat="35.63152053" lon="139.64351373"><ele>79.728</ele><time>2026-09-13T00:29:02Z</time><sat>41</sat></trkpt>
  <trkpt lat="35.63150798" lon="139.64341702"><ele>80.283</ele><time>2026-09-13T00:29:08Z</time><sat>39</sat></trkpt>
  <trkpt lat="35.63149713" lon="139.64332136"><ele>80.431</ele><time>2026-09-13T00:29:14Z</time><sat>38</sat></trkpt>
  <trkpt lat="35.63148760" lon="139.64322161"><ele>80.314</ele><time>2026-09-13T00:29:20Z</time><sat>36</sat></trkpt>
  <trkpt lat="35.63144675" lon="139.64312927"><ele>82.095</ele><time>2026-09-13T00:29:26Z</time><sat>38</sat></trkpt>
  <trkpt lat="35.63143136" lon="139.64302795"><ele>77.931</ele><time>2026-09-13T00:29:32Z</time><sat>38</sat></trkpt>
  <trkpt lat="35.63141301" lon="139.64295204"><ele>80.195</ele><time>2026-09-13T00:29:38Z</time><sat>40</sat></trkpt>
  <trkpt lat="35.63138538" lon="139.64287337"><ele>80.048</ele><time>2026-09-13T00:29:44Z</time><sat>38</sat></trkpt>
  <trkpt lat="35.63137291" lon="139.64279815"><ele>79.117</ele><time>2026-09-13T00:29:50Z</time><sat>33</sat></trkpt>
  <trkpt lat="35.63133902" lon="139.64271630"><ele>77.477</ele><time>2026-09-13T00:29:56Z</time><sat>30</sat></trkpt>
  <trkpt lat="35.63129048" lon="139.64264342"><ele>80.239</ele><time>2026-09-13T00:30:02Z</time><sat>36</sat></trkpt>
  <trkpt lat="35.63126528" lon="139.64254857"><ele>79.286</ele><time>2026-09-13T00:30:08Z</time><sat>32</sat></trkpt>
  <trkpt lat="35.63126720" lon="139.64246498"><ele>78.775</ele><time>2026-09-13T00:30:14Z</time><sat>27</sat></trkpt>
  <trkpt lat="35.63127037" lon="139.64238864"><ele>77.477</ele><time>2026-09-13T00:30:20Z</time><sat>23</sat></trkpt>
  <trkpt lat="35.63124166" lon="139.64229038"><ele>76.513</ele><time>2026-09-13T00:30:26Z</time><sat>29</sat></trkpt>
  <trkpt lat="35.63122577" lon="139.64219498"><ele>76.172</ele><time>2026-09-13T00:30:32Z</time><sat>25</sat></trkpt>
  <trkpt lat="35.63122071" lon="139.64211992"><ele>76.181</ele><time>2026-09-13T00:30:38Z</time><sat>30</sat></trkpt>
  <trkpt lat="35.63118194" lon="139.64203041"><ele>78.142</ele><time>2026-09-13T00:30:44Z</time><sat>35</sat></trkpt>
  <trkpt lat="35.63113402" lon="139.64194872"><ele>81.384</ele><time>2026-09-13T00:30:50Z</time><sat>33</sat></trkpt>
  <trkpt lat="35.63111013" lon="139.64186829"><ele>79.917</ele><time>2026-09-13T00:30:56Z</time><sat>32</sat></trkpt>
  <trkpt lat="35.63108315" lon="139.64178684"><ele>80.529</ele><time>2026-09-13T00:31:02Z</time><sat>34</sat></trkpt>
  <trkpt lat="35.63103937" lon="139.64172314"><ele>78.761</ele><time>2026-09-13T00:31:08Z</time><sat>37</sat></trkpt>
  <trkpt lat="35.63102457" lon="139.64164653"><ele>79.493</ele><time>2026-09-13T00:31:14Z</time><sat>39</sat></trkpt>
  <trkpt lat="35.63100159" lon="139.64156370"><ele>79.657</ele><time>2026-09-13T00:31:20Z</time><sat>39</sat></trkpt>
  <trkpt lat="35.63097049" lon="139.64147217"><ele>78.579</ele><time>2026-09-13T00:31:26Z</time><sat>34</sat></trkpt>
  <trkpt lat="35.63093846" lon="139.64137844"><ele>80.385</ele><time>2026-09-13T00:31:32Z</time><sat>22</sat></trkpt>
  <trkpt lat="35.63090446" lon="139.64128800"><ele>79.080</ele><time>2026-09-13T00:31:38Z</time><sat>36</sat></trkpt>
  <trkpt lat="35.63087307" lon="139.64120821"><ele>78.552</ele><time>2026-09-13T00:31:44Z</time><sat>35</sat></trkpt>
  <trkpt lat="35.63084698" lon="139.64113961"><ele>80.212</ele><time>2026-09-13T00:31:50Z</time><sat>35</sat></trkpt>
  <trkpt lat="35.63082639" lon="139.64106938"><ele>80.850</ele><time>2026-09-13T00:31:56Z</time><sat>28</sat></trkpt>
  <trkpt lat="35.63078876" lon="139.64100528"><ele>81.747</ele><time>2026-09-13T00:32:02Z</time><sat>31</sat></trkpt>
  <trkpt lat="35.63077530" lon="139.64091464"><ele>80.512</ele><time>2026-09-13T00:32:08Z</time><sat>38</sat></trkpt>
  <trkpt lat="35.63075777" lon="139.64082864"><ele>80.013</ele><time>2026-09-13T00:32:14Z</time><sat>40</sat></trkpt>
  <trkpt lat="35.63073323" lon="139.64074833"><ele>80.327</ele><time>2026-09-13T00:32:20Z</time><sat>41</sat></trkpt>
  <trkpt lat="35.63070282" lon="139.64066979"><ele>80.285</ele><time>2026-09-13T00:32:26Z</time><sat>40</sat></trkpt>
  <trkpt lat="35.63067684" lon="139.64058655"><ele>80.251</ele><time>2026-09-13T00:32:32Z</time><sat>44</sat></trkpt>
  <trkpt lat="35.63064443" lon="139.64050125"><ele>79.815</ele><time>2026-09-13T00:32:38Z</time><sat>38</sat></trkpt>
  <trkpt lat="35.63061394" lon="139.64042734"><ele>79.984</ele><time>2026-09-13T00:32:44Z</time><sat>35</sat></trkpt>
  <trkpt lat="35.63056037" lon="139.64034517"><ele>82.145</ele><time>2026-09-13T00:32:50Z</time><sat>35</sat></trkpt>
  <trkpt lat="35.63051339" lon="139.64029817"><ele>82.710</ele><time>2026-09-13T00:32:56Z</time><sat>42</sat></trkpt>
  <trkpt lat="35.63049033" lon="139.64023108"><ele>82.038</ele><time>2026-09-13T00:33:02Z</time><sat>36</sat></trkpt>
  <trkpt lat="35.63044650" lon="139.64015677"><ele>82.662</ele><time>2026-09-13T00:33:08Z</time><sat>38</sat></trkpt>
  <trkpt lat="35.63040274" lon="139.64007331"><ele>84.163</ele><time>2026-09-13T00:33:14Z</time><sat>38</sat></trkpt>
  <trkpt lat="35.63037359" lon="139.64000558"><ele>84.480</ele><time>2026-09-13T00:33:19Z</time><sat>38</sat></trkpt>
  <trkpt lat="35.63033053" lon="139.63993546"><ele>83.208</ele><time>2026-09-13T00:33:25Z</time><sat>39</sat></trkpt>
  <trkpt lat="35.63030104" lon="139.63986302"><ele>83.103</ele><time>2026-09-13T00:33:31Z</time><sat>38</sat></trkpt>
  <trkpt lat="35.63025989" lon="139.63979551"><ele>83.193</ele><time>2026-09-13T00:33:37Z</time><sat>42</sat></trkpt>
  <trkpt lat="35.63022648" lon="139.63972232"><ele>82.109</ele><time>2026-09-13T00:33:43Z</time><sat>43</sat></trkpt>
  <trkpt lat="35.63018912" lon="139.63964524"><ele>81.876</ele><time>2026-09-13T00:33:49Z</time><sat>41</sat></trkpt>
  <trkpt lat="35.63014779" lon="139.63956691"><ele>82.904</ele><time>2026-09-13T00:33:55Z</time><sat>41</sat></trkpt>
  <trkpt lat="35.63008824" lon="139.63951378"><ele>81.537</ele><time>2026-09-13T00:34:01Z</time><sat>42</sat></trkpt>
  <trkpt lat="35.63004435" lon="139.63945472"><ele>79.938</ele><time>2026-09-13T00:34:07Z</time><sat>25</sat></trkpt>
  <trkpt lat="35.63000274" lon="139.63938323"><ele>79.126</ele><time>2026-09-13T00:34:13Z</time><sat>26</sat></trkpt>
  <trkpt lat="35.62997885" lon="139.63933489"><ele>79.041</ele><time>2026-09-13T00:34:16Z</time><sat>24</sat></trkpt>
  <trkpt lat="35.62994922" lon="139.63929020"><ele>78.885</ele><time>2026-09-13T00:34:19Z</time><sat>30</sat></trkpt>
  <trkpt lat="35.62990144" lon="139.63922178"><ele>77.569</ele><time>2026-09-13T00:34:25Z</time><sat>33</sat></trkpt>
  <trkpt lat="35.62985673" lon="139.63915659"><ele>78.220</ele><time>2026-09-13T00:34:31Z</time><sat>35</sat></trkpt>
  <trkpt lat="35.62979273" lon="139.63908915"><ele>78.343</ele><time>2026-09-13T00:34:37Z</time><sat>31</sat></trkpt>
  <trkpt lat="35.62973262" lon="139.63901283"><ele>78.446</ele><time>2026-09-13T00:34:43Z</time><sat>32</sat></trkpt>
  <trkpt lat="35.62969829" lon="139.63897216"><ele>78.953</ele><time>2026-09-13T00:34:46Z</time><sat>29</sat></trkpt>
  <trkpt lat="35.62964057" lon="139.63888687"><ele>80.867</ele><time>2026-09-13T00:34:52Z</time><sat>32</sat></trkpt>
  <trkpt lat="35.62961003" lon="139.63884455"><ele>80.610</ele><time>2026-09-13T00:34:55Z</time><sat>34</sat></trkpt>
  <trkpt lat="35.62955237" lon="139.63877433"><ele>80.956</ele><time>2026-09-13T00:35:01Z</time><sat>28</sat></trkpt>
  <trkpt lat="35.62949959" lon="139.63872300"><ele>81.016</ele><time>2026-09-13T00:35:07Z</time><sat>26</sat></trkpt>
  <trkpt lat="35.62944430" lon="139.63866441"><ele>83.457</ele><time>2026-09-13T00:35:13Z</time><sat>31</sat></trkpt>
  <trkpt lat="35.62938969" lon="139.63859618"><ele>83.533</ele><time>2026-09-13T00:35:19Z</time><sat>33</sat></trkpt>
  <trkpt lat="35.62934462" lon="139.63851877"><ele>83.528</ele><time>2026-09-13T00:35:25Z</time><sat>35</sat></trkpt>
  <trkpt lat="35.62929160" lon="139.63845958"><ele>83.300</ele><time>2026-09-13T00:35:31Z</time><sat>27</sat></trkpt>
  <trkpt lat="35.62924598" lon="139.63841537"><ele>79.607</ele><time>2026-09-13T00:35:40Z</time><sat>37</sat></trkpt>
  <trkpt lat="35.62919658" lon="139.63835261"><ele>78.547</ele><time>2026-09-13T00:35:46Z</time><sat>32</sat></trkpt>
  <trkpt lat="35.62914914" lon="139.63828082"><ele>78.198</ele><time>2026-09-13T00:35:52Z</time><sat>25</sat></trkpt>
  <trkpt lat="35.62910436" lon="139.63820494"><ele>77.791</ele><time>2026-09-13T00:35:58Z</time><sat>25</sat></trkpt>
  <trkpt lat="35.62905811" lon="139.63813493"><ele>77.786</ele><time>2026-09-13T00:36:04Z</time><sat>22</sat></trkpt>
  <trkpt lat="35.62901550" lon="139.63805186"><ele>78.812</ele><time>2026-09-13T00:36:10Z</time><sat>25</sat></trkpt>
  <trkpt lat="35.62899318" lon="139.63795980"><ele>79.674</ele><time>2026-09-13T00:36:16Z</time><sat>27</sat></trkpt>
  <trkpt lat="35.62895614" lon="139.63787329"><ele>80.236</ele><time>2026-09-13T00:36:22Z</time><sat>37</sat></trkpt>
  <trkpt lat="35.62890405" lon="139.63779043"><ele>82.559</ele><time>2026-09-13T00:36:28Z</time><sat>27</sat></trkpt>
  <trkpt lat="35.62886134" lon="139.63772254"><ele>83.281</ele><time>2026-09-13T00:36:34Z</time><sat>25</sat></trkpt>
  <trkpt lat="35.62883654" lon="139.63764580"><ele>83.995</ele><time>2026-09-13T00:36:40Z</time><sat>32</sat></trkpt>
  <trkpt lat="35.62879621" lon="139.63759221"><ele>82.606</ele><time>2026-09-13T00:36:46Z</time><sat>38</sat></trkpt>
  <trkpt lat="35.62875834" lon="139.63753510"><ele>81.767</ele><time>2026-09-13T00:36:52Z</time><sat>36</sat></trkpt>
  <trkpt lat="35.62873294" lon="139.63748688"><ele>80.284</ele><time>2026-09-13T00:36:57Z</time><sat>38</sat></trkpt>
  <trkpt lat="35.62867926" lon="139.63741720"><ele>82.422</ele><time>2026-09-13T00:37:03Z</time><sat>40</sat></trkpt>
  <trkpt lat="35.62864175" lon="139.63734928"><ele>82.020</ele><time>2026-09-13T00:37:09Z</time><sat>39</sat></trkpt>
  <trkpt lat="35.62858535" lon="139.63730046"><ele>82.210</ele><time>2026-09-13T00:37:15Z</time><sat>37</sat></trkpt>
  <trkpt lat="35.62854395" lon="139.63723404"><ele>81.347</ele><time>2026-09-13T00:37:21Z</time><sat>29</sat></trkpt>
  <trkpt lat="35.62851316" lon="139.63715388"><ele>82.060</ele><time>2026-09-13T00:37:27Z</time><sat>31</sat></trkpt>
  <trkpt lat="35.62847299" lon="139.63707928"><ele>81.756</ele><time>2026-09-13T00:37:33Z</time><sat>36</sat></trkpt>
  <trkpt lat="35.62842835" lon="139.63700898"><ele>80.485</ele><time>2026-09-13T00:37:39Z</time><sat>34</sat></trkpt>
  <trkpt lat="35.62837852" lon="139.63693068"><ele>80.386</ele><time>2026-09-13T00:37:45Z</time><sat>32</sat></trkpt>
  <trkpt lat="35.62832743" lon="139.63685112"><ele>79.596</ele><time>2026-09-13T00:37:51Z</time><sat>27</sat></trkpt>
  <trkpt lat="35.62828129" lon="139.63677559"><ele>76.703</ele><time>2026-09-13T00:37:57Z</time><sat>29</sat></trkpt>
  <trkpt lat="35.62824162" lon="139.63670376"><ele>76.204</ele><time>2026-09-13T00:38:03Z</time><sat>40</sat></trkpt>
  <trkpt lat="35.62820084" lon="139.63663220"><ele>76.057</ele><time>2026-09-13T00:38:09Z</time><sat>38</sat></trkpt>
  <trkpt lat="35.62816214" lon="139.63655640"><ele>74.978</ele><time>2026-09-13T00:38:15Z</time><sat>42</sat></trkpt>
  <trkpt lat="35.62811275" lon="139.63647774"><ele>74.972</ele><time>2026-09-13T00:38:21Z</time><sat>35</sat></trkpt>
  <trkpt lat="35.62807637" lon="139.63640834"><ele>71.639</ele><time>2026-09-13T00:38:27Z</time><sat>31</sat></trkpt>
  <trkpt lat="35.62803697" lon="139.63634130"><ele>70.832</ele><time>2026-09-13T00:38:33Z</time><sat>30</sat></trkpt>
  <trkpt lat="35.62799453" lon="139.63628017"><ele>72.408</ele><time>2026-09-13T00:38:39Z</time><sat>36</sat></trkpt>
  <trkpt lat="35.62794965" lon="139.63621561"><ele>72.216</ele><time>2026-09-13T00:38:45Z</time><sat>36</sat></trkpt>
  <trkpt lat="35.62789707" lon="139.63614105"><ele>72.184</ele><time>2026-09-13T00:38:51Z</time><sat>36</sat></trkpt>
  <trkpt lat="35.62785791" lon="139.63607112"><ele>71.386</ele><time>2026-09-13T00:38:57Z</time><sat>27</sat></trkpt>
  <trkpt lat="35.62780871" lon="139.63599091"><ele>70.682</ele><time>2026-09-13T00:39:03Z</time><sat>37</sat></trkpt>
  <trkpt lat="35.62776413" lon="139.63591835"><ele>70.275</ele><time>2026-09-13T00:39:09Z</time><sat>33</sat></trkpt>
  <trkpt lat="35.62774788" lon="139.63588927"><ele>70.527</ele><time>2026-09-13T00:39:12Z</time><sat>38</sat></trkpt>
  <trkpt lat="35.62774287" lon="139.63588054"><ele>70.794</ele><time>2026-09-13T00:39:15Z</time><sat>36</sat></trkpt>
  <trkpt lat="35.62774046" lon="139.63588268"><ele>70.870</ele><time>2026-09-13T00:39:18Z</time><sat>37</sat></trkpt>
  <trkpt lat="35.62768870" lon="139.63593662"><ele>73.119</ele><time>2026-09-13T00:39:24Z</time><sat>38</sat></trkpt>
  <trkpt lat="35.62761395" lon="139.63592006"><ele>76.896</ele><time>2026-09-13T00:39:30Z</time><sat>41</sat></trkpt>
  <trkpt lat="35.62759364" lon="139.63589425"><ele>77.064</ele><time>2026-09-13T00:39:33Z</time><sat>41</sat></trkpt>
  <trkpt lat="35.62758556" lon="139.63587726"><ele>76.780</ele><time>2026-09-13T00:39:36Z</time><sat>43</sat></trkpt>
  <trkpt lat="35.62758733" lon="139.63588070"><ele>76.915</ele><time>2026-09-13T00:39:48Z</time><sat>42</sat></trkpt>
  <trkpt lat="35.62759146" lon="139.63589141"><ele>77.338</ele><time>2026-09-13T00:39:57Z</time><sat>42</sat></trkpt>
  <trkpt lat="35.62757990" lon="139.63589288"><ele>77.355</ele><time>2026-09-13T00:40:00Z</time><sat>42</sat></trkpt>
  <trkpt lat="35.62753906" lon="139.63585135"><ele>78.278</ele><time>2026-09-13T00:40:06Z</time><sat>43</sat></trkpt>
  <trkpt lat="35.62750652" lon="139.63576641"><ele>78.907</ele><time>2026-09-13T00:40:12Z</time><sat>40</sat></trkpt>
  <trkpt lat="35.62747364" lon="139.63568850"><ele>76.346</ele><time>2026-09-13T00:40:18Z</time><sat>35</sat></trkpt>
  <trkpt lat="35.62744334" lon="139.63562567"><ele>75.041</ele><time>2026-09-13T00:40:27Z</time><sat>26</sat></trkpt>
  <trkpt lat="35.62741837" lon="139.63555110"><ele>73.284</ele><time>2026-09-13T00:40:33Z</time><sat>35</sat></trkpt>
  <trkpt lat="35.62738310" lon="139.63549298"><ele>72.337</ele><time>2026-09-13T00:40:39Z</time><sat>35</sat></trkpt>
  <trkpt lat="35.62735032" lon="139.63543160"><ele>71.682</ele><time>2026-09-13T00:40:45Z</time><sat>38</sat></trkpt>
  <trkpt lat="35.62730859" lon="139.63536690"><ele>70.457</ele><time>2026-09-13T00:40:51Z</time><sat>37</sat></trkpt>
  <trkpt lat="35.62729320" lon="139.63528396"><ele>69.031</ele><time>2026-09-13T00:40:57Z</time><sat>33</sat></trkpt>
  <trkpt lat="35.62724432" lon="139.63523286"><ele>71.143</ele><time>2026-09-13T00:41:03Z</time><sat>29</sat></trkpt>
  <trkpt lat="35.62719464" lon="139.63517127"><ele>71.814</ele><time>2026-09-13T00:41:09Z</time><sat>37</sat></trkpt>
  <trkpt lat="35.62714954" lon="139.63509795"><ele>71.959</ele><time>2026-09-13T00:41:15Z</time><sat>31</sat></trkpt>
  <trkpt lat="35.62710750" lon="139.63501787"><ele>73.797</ele><time>2026-09-13T00:41:21Z</time><sat>36</sat></trkpt>
  <trkpt lat="35.62707642" lon="139.63494418"><ele>73.908</ele><time>2026-09-13T00:41:27Z</time><sat>36</sat></trkpt>
  <trkpt lat="35.62703151" lon="139.63486420"><ele>73.501</ele><time>2026-09-13T00:41:33Z</time><sat>36</sat></trkpt>
  <trkpt lat="35.62699167" lon="139.63478543"><ele>74.026</ele><time>2026-09-13T00:41:39Z</time><sat>30</sat></trkpt>
  <trkpt lat="35.62694128" lon="139.63473940"><ele>73.253</ele><time>2026-09-13T00:41:45Z</time><sat>25</sat></trkpt>
  <trkpt lat="35.62689535" lon="139.63468899"><ele>73.742</ele><time>2026-09-13T00:41:51Z</time><sat>32</sat></trkpt>
  <trkpt lat="35.62685256" lon="139.63463531"><ele>74.900</ele><time>2026-09-13T00:41:57Z</time><sat>33</sat></trkpt>
  <trkpt lat="35.62681712" lon="139.63455435"><ele>74.909</ele><time>2026-09-13T00:42:03Z</time><sat>31</sat></trkpt>
  <trkpt lat="35.62677515" lon="139.63450405"><ele>72.781</ele><time>2026-09-13T00:42:09Z</time><sat>26</sat></trkpt>
  <trkpt lat="35.62673625" lon="139.63444758"><ele>73.196</ele><time>2026-09-13T00:42:15Z</time><sat>26</sat></trkpt>
  <trkpt lat="35.62670565" lon="139.63436222"><ele>74.957</ele><time>2026-09-13T00:42:21Z</time><sat>32</sat></trkpt>
  <trkpt lat="35.62667803" lon="139.63430494"><ele>73.091</ele><time>2026-09-13T00:42:27Z</time><sat>37</sat></trkpt>
  <trkpt lat="35.62667445" lon="139.63431884"><ele>73.039</ele><time>2026-09-13T00:42:30Z</time><sat>41</sat></trkpt>
  <trkpt lat="35.62668471" lon="139.63434770"><ele>72.023</ele><time>2026-09-13T00:42:42Z</time><sat>37</sat></trkpt>
  <trkpt lat="35.62668571" lon="139.63434752"><ele>72.194</ele><time>2026-09-13T00:42:54Z</time><sat>39</sat></trkpt>
  <trkpt lat="35.62668654" lon="139.63434467"><ele>72.462</ele><time>2026-09-13T00:43:06Z</time><sat>33</sat></trkpt>
  <trkpt lat="35.62668167" lon="139.63433734"><ele>72.478</ele><time>2026-09-13T00:43:13Z</time><sat>35</sat></trkpt>
  <trkpt lat="35.62668070" lon="139.63433471"><ele>73.283</ele><time>2026-09-13T00:43:18Z</time><sat>36</sat></trkpt>
  <trkpt lat="35.62667875" lon="139.63433002"><ele>74.868</ele><time>2026-09-13T00:43:21Z</time><sat>40</sat></trkpt>
  <trkpt lat="35.62667517" lon="139.63433198"><ele>75.302</ele><time>2026-09-13T00:43:24Z</time><sat>42</sat></trkpt>
  <trkpt lat="35.62667553" lon="139.63433161"><ele>75.525</ele><time>2026-09-13T00:43:30Z</time><sat>39</sat></trkpt>
  <trkpt lat="35.62667724" lon="139.63432330"><ele>78.341</ele><time>2026-09-13T00:43:43Z</time><sat>41</sat></trkpt>
  <trkpt lat="35.62668075" lon="139.63432112"><ele>79.307</ele><time>2026-09-13T00:43:55Z</time><sat>38</sat></trkpt>
  <trkpt lat="35.62668247" lon="139.63432157"><ele>80.061</ele><time>2026-09-13T00:44:07Z</time><sat>41</sat></trkpt>
  <trkpt lat="35.62668304" lon="139.63431982"><ele>80.292</ele><time>2026-09-13T00:44:16Z</time><sat>39</sat></trkpt>
  <trkpt lat="35.62668261" lon="139.63432168"><ele>80.206</ele><time>2026-09-13T00:44:19Z</time><sat>40</sat></trkpt>
  <trkpt lat="35.62668186" lon="139.63432312"><ele>80.229</ele><time>2026-09-13T00:44:22Z</time><sat>39</sat></trkpt>
  <trkpt lat="35.62667839" lon="139.63432067"><ele>80.122</ele><time>2026-09-13T00:44:25Z</time><sat>42</sat></trkpt>
  <trkpt lat="35.62663275" lon="139.63428408"><ele>77.646</ele><time>2026-09-13T00:44:31Z</time><sat>39</sat></trkpt>
  <trkpt lat="35.62661224" lon="139.63418697"><ele>79.710</ele><time>2026-09-13T00:44:40Z</time><sat>37</sat></trkpt>
  <trkpt lat="35.62655422" lon="139.63413540"><ele>78.474</ele><time>2026-09-13T00:44:45Z</time><sat>36</sat></trkpt>
  <trkpt lat="35.62649288" lon="139.63406815"><ele>78.954</ele><time>2026-09-13T00:44:51Z</time><sat>29</sat></trkpt>
  <trkpt lat="35.62644077" lon="139.63400612"><ele>78.101</ele><time>2026-09-13T00:44:57Z</time><sat>30</sat></trkpt>
  <trkpt lat="35.62639442" lon="139.63397061"><ele>77.067</ele><time>2026-09-13T00:45:02Z</time><sat>32</sat></trkpt>
  <trkpt lat="35.62633635" lon="139.63391248"><ele>77.542</ele><time>2026-09-13T00:45:08Z</time><sat>35</sat></trkpt>
  <trkpt lat="35.62626591" lon="139.63386281"><ele>77.182</ele><time>2026-09-13T00:45:14Z</time><sat>35</sat></trkpt>
  <trkpt lat="35.62619860" lon="139.63381082"><ele>76.385</ele><time>2026-09-13T00:45:20Z</time><sat>32</sat></trkpt>
  <trkpt lat="35.62612454" lon="139.63376994"><ele>75.564</ele><time>2026-09-13T00:45:26Z</time><sat>32</sat></trkpt>
  <trkpt lat="35.62605915" lon="139.63371783"><ele>76.091</ele><time>2026-09-13T00:45:32Z</time><sat>34</sat></trkpt>
  <trkpt lat="35.62599793" lon="139.63365597"><ele>74.985</ele><time>2026-09-13T00:45:38Z</time><sat>34</sat></trkpt>
  <trkpt lat="35.62593227" lon="139.63360701"><ele>74.957</ele><time>2026-09-13T00:45:44Z</time><sat>32</sat></trkpt>
  <trkpt lat="35.62586922" lon="139.63355459"><ele>75.534</ele><time>2026-09-13T00:45:50Z</time><sat>34</sat></trkpt>
  <trkpt lat="35.62580493" lon="139.63351326"><ele>75.167</ele><time>2026-09-13T00:45:56Z</time><sat>34</sat></trkpt>
  <trkpt lat="35.62574828" lon="139.63345808"><ele>75.813</ele><time>2026-09-13T00:46:02Z</time><sat>31</sat></trkpt>
  <trkpt lat="35.62569150" lon="139.63342436"><ele>75.345</ele><time>2026-09-13T00:46:08Z</time><sat>32</sat></trkpt>
  <trkpt lat="35.62564469" lon="139.63341904"><ele>74.443</ele><time>2026-09-13T00:46:14Z</time><sat>34</sat></trkpt>
  <trkpt lat="35.62556560" lon="139.63338293"><ele>73.922</ele><time>2026-09-13T00:46:23Z</time><sat>26</sat></trkpt>
  <trkpt lat="35.62554099" lon="139.63333429"><ele>77.797</ele><time>2026-09-13T00:46:26Z</time><sat>30</sat></trkpt>
  <trkpt lat="35.62547051" lon="139.63330250"><ele>79.194</ele><time>2026-09-13T00:46:32Z</time><sat>35</sat></trkpt>
  <trkpt lat="35.62542672" lon="139.63333070"><ele>78.827</ele><time>2026-09-13T00:46:38Z</time><sat>39</sat></trkpt>
  <trkpt lat="35.62538327" lon="139.63331758"><ele>78.281</ele><time>2026-09-13T00:46:44Z</time><sat>36</sat></trkpt>
  <trkpt lat="35.62538173" lon="139.63329046"><ele>78.172</ele><time>2026-09-13T00:46:47Z</time><sat>30</sat></trkpt>
  <trkpt lat="35.62538265" lon="139.63327581"><ele>78.954</ele><time>2026-09-13T00:46:53Z</time><sat>34</sat></trkpt>
  <trkpt lat="35.62538585" lon="139.63327504"><ele>79.033</ele><time>2026-09-13T00:46:56Z</time><sat>32</sat></trkpt>
  <trkpt lat="35.62540966" lon="139.63326874"><ele>78.399</ele><time>2026-09-13T00:46:59Z</time><sat>29</sat></trkpt>
  <trkpt lat="35.62541606" lon="139.63327872"><ele>77.772</ele><time>2026-09-13T00:47:02Z</time><sat>34</sat></trkpt>
  <trkpt lat="35.62541923" lon="139.63327607"><ele>77.348</ele><time>2026-09-13T00:47:05Z</time><sat>32</sat></trkpt>
  <trkpt lat="35.62534273" lon="139.63326837"><ele>77.761</ele><time>2026-09-13T00:47:14Z</time><sat>35</sat></trkpt>
  <trkpt lat="35.62531915" lon="139.63327750"><ele>79.867</ele><time>2026-09-13T00:47:17Z</time><sat>33</sat></trkpt>
  <trkpt lat="35.62529657" lon="139.63327890"><ele>81.904</ele><time>2026-09-13T00:47:20Z</time><sat>28</sat></trkpt>
  <trkpt lat="35.62529227" lon="139.63325936"><ele>80.431</ele><time>2026-09-13T00:47:23Z</time><sat>31</sat></trkpt>
  <trkpt lat="35.62526717" lon="139.63315135"><ele>78.046</ele><time>2026-09-13T00:47:29Z</time><sat>38</sat></trkpt>
  <trkpt lat="35.62523545" lon="139.63309803"><ele>79.339</ele><time>2026-09-13T00:47:32Z</time><sat>32</sat></trkpt>
  <trkpt lat="35.62519984" lon="139.63305629"><ele>75.468</ele><time>2026-09-13T00:47:35Z</time><sat>35</sat></trkpt>
  <trkpt lat="35.62515595" lon="139.63303545"><ele>72.852</ele><time>2026-09-13T00:47:38Z</time><sat>37</sat></trkpt>
  <trkpt lat="35.62511011" lon="139.63301428"><ele>71.476</ele><time>2026-09-13T00:47:41Z</time><sat>36</sat></trkpt>
  <trkpt lat="35.62505864" lon="139.63298180"><ele>72.829</ele><time>2026-09-13T00:47:44Z</time><sat>36</sat></trkpt>
  <trkpt lat="35.62501389" lon="139.63294578"><ele>73.711</ele><time>2026-09-13T00:47:47Z</time><sat>41</sat></trkpt>
  <trkpt lat="35.62496222" lon="139.63289897"><ele>74.466</ele><time>2026-09-13T00:47:51Z</time><sat>43</sat></trkpt>
  <trkpt lat="35.62491751" lon="139.63286715"><ele>74.402</ele><time>2026-09-13T00:47:54Z</time><sat>39</sat></trkpt>
  <trkpt lat="35.62487609" lon="139.63284063"><ele>75.153</ele><time>2026-09-13T00:47:57Z</time><sat>41</sat></trkpt>
  <trkpt lat="35.62480001" lon="139.63280594"><ele>73.422</ele><time>2026-09-13T00:48:03Z</time><sat>39</sat></trkpt>
  <trkpt lat="35.62473118" lon="139.63275368"><ele>74.628</ele><time>2026-09-13T00:48:09Z</time><sat>31</sat></trkpt>
  <trkpt lat="35.62469039" lon="139.63271694"><ele>75.240</ele><time>2026-09-13T00:48:12Z</time><sat>38</sat></trkpt>
  <trkpt lat="35.62461493" lon="139.63268822"><ele>74.714</ele><time>2026-09-13T00:48:18Z</time><sat>38</sat></trkpt>
  <trkpt lat="35.62456419" lon="139.63267190"><ele>74.073</ele><time>2026-09-13T00:48:21Z</time><sat>29</sat></trkpt>
  <trkpt lat="35.62451815" lon="139.63264945"><ele>73.672</ele><time>2026-09-13T00:48:24Z</time><sat>28</sat></trkpt>
  <trkpt lat="35.62445299" lon="139.63259518"><ele>73.027</ele><time>2026-09-13T00:48:30Z</time><sat>38</sat></trkpt>
  <trkpt lat="35.62440900" lon="139.63257397"><ele>72.902</ele><time>2026-09-13T00:48:36Z</time><sat>37</sat></trkpt>
  <trkpt lat="35.62436319" lon="139.63259183"><ele>73.451</ele><time>2026-09-13T00:48:42Z</time><sat>43</sat></trkpt>
  <trkpt lat="35.62430519" lon="139.63254760"><ele>75.666</ele><time>2026-09-13T00:48:48Z</time><sat>39</sat></trkpt>
  <trkpt lat="35.62427136" lon="139.63251005"><ele>76.274</ele><time>2026-09-13T00:48:51Z</time><sat>39</sat></trkpt>
  <trkpt lat="35.62419963" lon="139.63244326"><ele>75.440</ele><time>2026-09-13T00:48:57Z</time><sat>31</sat></trkpt>
  <trkpt lat="35.62415548" lon="139.63241428"><ele>75.334</ele><time>2026-09-13T00:49:00Z</time><sat>24</sat></trkpt>
  <trkpt lat="35.62411551" lon="139.63238493"><ele>74.813</ele><time>2026-09-13T00:49:03Z</time><sat>25</sat></trkpt>
  <trkpt lat="35.62405540" lon="139.63233463"><ele>75.604</ele><time>2026-09-13T00:49:09Z</time><sat>37</sat></trkpt>
  <trkpt lat="35.62400269" lon="139.63229220"><ele>77.270</ele><time>2026-09-13T00:49:15Z</time><sat>33</sat></trkpt>
  <trkpt lat="35.62393914" lon="139.63225630"><ele>76.012</ele><time>2026-09-13T00:49:21Z</time><sat>36</sat></trkpt>
  <trkpt lat="35.62386856" lon="139.63220405"><ele>74.581</ele><time>2026-09-13T00:49:27Z</time><sat>32</sat></trkpt>
  <trkpt lat="35.62380105" lon="139.63214497"><ele>74.096</ele><time>2026-09-13T00:49:33Z</time><sat>35</sat></trkpt>
  <trkpt lat="35.62376218" lon="139.63211371"><ele>75.129</ele><time>2026-09-13T00:49:36Z</time><sat>34</sat></trkpt>
  <trkpt lat="35.62369336" lon="139.63205020"><ele>75.666</ele><time>2026-09-13T00:49:42Z</time><sat>37</sat></trkpt>
  <trkpt lat="35.62365579" lon="139.63201294"><ele>75.654</ele><time>2026-09-13T00:49:45Z</time><sat>34</sat></trkpt>
  <trkpt lat="35.62358483" lon="139.63196719"><ele>77.495</ele><time>2026-09-13T00:49:51Z</time><sat>39</sat></trkpt>
  <trkpt lat="35.62350632" lon="139.63196067"><ele>74.681</ele><time>2026-09-13T00:49:57Z</time><sat>40</sat></trkpt>
  <trkpt lat="35.62342670" lon="139.63191658"><ele>74.744</ele><time>2026-09-13T00:50:03Z</time><sat>35</sat></trkpt>
  <trkpt lat="35.62335799" lon="139.63188198"><ele>75.591</ele><time>2026-09-13T00:50:09Z</time><sat>38</sat></trkpt>
  <trkpt lat="35.62328652" lon="139.63185392"><ele>78.172</ele><time>2026-09-13T00:50:15Z</time><sat>41</sat></trkpt>
  <trkpt lat="35.62321783" lon="139.63181082"><ele>77.496</ele><time>2026-09-13T00:50:21Z</time><sat>40</sat></trkpt>
  <trkpt lat="35.62315062" lon="139.63178114"><ele>77.928</ele><time>2026-09-13T00:50:27Z</time><sat>33</sat></trkpt>
  <trkpt lat="35.62310539" lon="139.63176010"><ele>79.183</ele><time>2026-09-13T00:50:30Z</time><sat>27</sat></trkpt>
  <trkpt lat="35.62306174" lon="139.63173244"><ele>78.684</ele><time>2026-09-13T00:50:33Z</time><sat>35</sat></trkpt>
  <trkpt lat="35.62298242" lon="139.63169455"><ele>79.801</ele><time>2026-09-13T00:50:39Z</time><sat>41</sat></trkpt>
  <trkpt lat="35.62294145" lon="139.63167149"><ele>80.044</ele><time>2026-09-13T00:50:42Z</time><sat>39</sat></trkpt>
  <trkpt lat="35.62286978" lon="139.63164754"><ele>79.028</ele><time>2026-09-13T00:50:48Z</time><sat>40</sat></trkpt>
  <trkpt lat="35.62281097" lon="139.63161624"><ele>78.307</ele><time>2026-09-13T00:50:54Z</time><sat>35</sat></trkpt>
  <trkpt lat="35.62275082" lon="139.63158290"><ele>77.893</ele><time>2026-09-13T00:51:00Z</time><sat>39</sat></trkpt>
  <trkpt lat="35.62268004" lon="139.63154660"><ele>78.007</ele><time>2026-09-13T00:51:06Z</time><sat>35</sat></trkpt>
  <trkpt lat="35.62260331" lon="139.63154484"><ele>76.131</ele><time>2026-09-13T00:51:12Z</time><sat>40</sat></trkpt>
  <trkpt lat="35.62253615" lon="139.63152366"><ele>74.199</ele><time>2026-09-13T00:51:18Z</time><sat>36</sat></trkpt>
  <trkpt lat="35.62246645" lon="139.63149963"><ele>75.235</ele><time>2026-09-13T00:51:24Z</time><sat>39</sat></trkpt>
  <trkpt lat="35.62238993" lon="139.63148110"><ele>74.412</ele><time>2026-09-13T00:51:30Z</time><sat>38</sat></trkpt>
  <trkpt lat="35.62232450" lon="139.63146904"><ele>73.668</ele><time>2026-09-13T00:51:36Z</time><sat>35</sat></trkpt>
  <trkpt lat="35.62225791" lon="139.63144360"><ele>73.801</ele><time>2026-09-13T00:51:42Z</time><sat>37</sat></trkpt>
  <trkpt lat="35.62218579" lon="139.63142449"><ele>73.750</ele><time>2026-09-13T00:51:48Z</time><sat>40</sat></trkpt>
  <trkpt lat="35.62211466" lon="139.63139138"><ele>74.336</ele><time>2026-09-13T00:51:54Z</time><sat>40</sat></trkpt>
  <trkpt lat="35.62204746" lon="139.63134983"><ele>74.800</ele><time>2026-09-13T00:52:00Z</time><sat>34</sat></trkpt>
  <trkpt lat="35.62198170" lon="139.63132402"><ele>76.904</ele><time>2026-09-13T00:52:06Z</time><sat>40</sat></trkpt>
  <trkpt lat="35.62191723" lon="139.63129812"><ele>76.134</ele><time>2026-09-13T00:52:12Z</time><sat>37</sat></trkpt>
  <trkpt lat="35.62185619" lon="139.63126470"><ele>73.755</ele><time>2026-09-13T00:52:18Z</time><sat>35</sat></trkpt>
  <trkpt lat="35.62179417" lon="139.63124116"><ele>72.806</ele><time>2026-09-13T00:52:24Z</time><sat>29</sat></trkpt>
  <trkpt lat="35.62172583" lon="139.63122627"><ele>73.520</ele><time>2026-09-13T00:52:30Z</time><sat>31</sat></trkpt>
  <trkpt lat="35.62165618" lon="139.63119686"><ele>75.864</ele><time>2026-09-13T00:52:36Z</time><sat>36</sat></trkpt>
  <trkpt lat="35.62158225" lon="139.63115403"><ele>76.963</ele><time>2026-09-13T00:52:42Z</time><sat>39</sat></trkpt>
  <trkpt lat="35.62151499" lon="139.63112502"><ele>76.861</ele><time>2026-09-13T00:52:48Z</time><sat>40</sat></trkpt>
  <trkpt lat="35.62144315" lon="139.63109400"><ele>75.544</ele><time>2026-09-13T00:52:54Z</time><sat>23</sat></trkpt>
  <trkpt lat="35.62139670" lon="139.63110518"><ele>73.918</ele><time>2026-09-13T00:53:00Z</time><sat>37</sat></trkpt>
  <trkpt lat="35.62138845" lon="139.63118953"><ele>73.556</ele><time>2026-09-13T00:53:06Z</time><sat>42</sat></trkpt>
  <trkpt lat="35.62139429" lon="139.63120524"><ele>73.618</ele><time>2026-09-13T00:53:09Z</time><sat>36</sat></trkpt>
  <trkpt lat="35.62139611" lon="139.63120710"><ele>73.602</ele><time>2026-09-13T00:53:15Z</time><sat>39</sat></trkpt>
  <trkpt lat="35.62138947" lon="139.63122046"><ele>73.185</ele><time>2026-09-13T00:53:18Z</time><sat>40</sat></trkpt>
  <trkpt lat="35.62134666" lon="139.63129470"><ele>72.566</ele><time>2026-09-13T00:53:24Z</time><sat>43</sat></trkpt>
  <trkpt lat="35.62132557" lon="139.63137706"><ele>72.078</ele><time>2026-09-13T00:53:30Z</time><sat>45</sat></trkpt>
  <trkpt lat="35.62133666" lon="139.63139967"><ele>71.832</ele><time>2026-09-13T00:53:33Z</time><sat>44</sat></trkpt>
  <trkpt lat="35.62133372" lon="139.63139740"><ele>72.216</ele><time>2026-09-13T00:53:40Z</time><sat>41</sat></trkpt>
  <trkpt lat="35.62133186" lon="139.63141439"><ele>72.207</ele><time>2026-09-13T00:53:43Z</time><sat>40</sat></trkpt>
  <trkpt lat="35.62133089" lon="139.63142207"><ele>72.026</ele><time>2026-09-13T00:53:46Z</time><sat>39</sat></trkpt>
  <trkpt lat="35.62133023" lon="139.63141900"><ele>72.026</ele><time>2026-09-13T00:53:58Z</time><sat>22</sat></trkpt>
  <trkpt lat="35.62132477" lon="139.63141657"><ele>71.486</ele><time>2026-09-13T00:54:10Z</time><sat>34</sat></trkpt>
  <trkpt lat="35.62132777" lon="139.63142422"><ele>71.818</ele><time>2026-09-13T00:54:22Z</time><sat>29</sat></trkpt>
  <trkpt lat="35.62133181" lon="139.63143231"><ele>71.799</ele><time>2026-09-13T00:54:25Z</time><sat>30</sat></trkpt>
  <trkpt lat="35.62133328" lon="139.63143568"><ele>71.787</ele><time>2026-09-13T00:54:28Z</time><sat>26</sat></trkpt>
  <trkpt lat="35.62133335" lon="139.63143591"><ele>71.783</ele><time>2026-09-13T00:54:31Z</time><sat>27</sat></trkpt>
  <trkpt lat="35.62131933" lon="139.63145779"><ele>71.232</ele><time>2026-09-13T00:54:34Z</time><sat>21</sat></trkpt>
  <trkpt lat="35.62128110" lon="139.63148851"><ele>70.826</ele><time>2026-09-13T00:54:37Z</time><sat>22</sat></trkpt>
  <trkpt lat="35.62122728" lon="139.63154316"><ele>72.179</ele><time>2026-09-13T00:54:43Z</time><sat>37</sat></trkpt>
  <trkpt lat="35.62117484" lon="139.63158209"><ele>73.368</ele><time>2026-09-13T00:54:49Z</time><sat>45</sat></trkpt>
  <trkpt lat="35.62110083" lon="139.63161050"><ele>74.016</ele><time>2026-09-13T00:54:55Z</time><sat>44</sat></trkpt>
  <trkpt lat="35.62102597" lon="139.63159880"><ele>73.057</ele><time>2026-09-13T00:55:01Z</time><sat>43</sat></trkpt>
  <trkpt lat="35.62096283" lon="139.63165805"><ele>71.556</ele><time>2026-09-13T00:55:07Z</time><sat>37</sat></trkpt>
  <trkpt lat="35.62092539" lon="139.63174183"><ele>71.491</ele><time>2026-09-13T00:55:13Z</time><sat>30</sat></trkpt>
  <trkpt lat="35.62088944" lon="139.63182528"><ele>69.883</ele><time>2026-09-13T00:55:19Z</time><sat>35</sat></trkpt>
  <trkpt lat="35.62085389" lon="139.63189823"><ele>68.638</ele><time>2026-09-13T00:55:25Z</time><sat>40</sat></trkpt>
  <trkpt lat="35.62080558" lon="139.63196886"><ele>70.068</ele><time>2026-09-13T00:55:31Z</time><sat>38</sat></trkpt>
  <trkpt lat="35.62075468" lon="139.63204722"><ele>71.136</ele><time>2026-09-13T00:55:37Z</time><sat>38</sat></trkpt>
  <trkpt lat="35.62070456" lon="139.63212635"><ele>73.229</ele><time>2026-09-13T00:55:43Z</time><sat>41</sat></trkpt>
  <trkpt lat="35.62065335" lon="139.63220681"><ele>75.457</ele><time>2026-09-13T00:55:49Z</time><sat>40</sat></trkpt>
  <trkpt lat="35.62059557" lon="139.63226625"><ele>75.324</ele><time>2026-09-13T00:55:55Z</time><sat>34</sat></trkpt>
  <trkpt lat="35.62055567" lon="139.63235575"><ele>73.626</ele><time>2026-09-13T00:56:01Z</time><sat>39</sat></trkpt>
  <trkpt lat="35.62049785" lon="139.63243612"><ele>74.570</ele><time>2026-09-13T00:56:07Z</time><sat>32</sat></trkpt>
  <trkpt lat="35.62045126" lon="139.63249790"><ele>71.386</ele><time>2026-09-13T00:56:13Z</time><sat>40</sat></trkpt>
  <trkpt lat="35.62043659" lon="139.63256066"><ele>69.890</ele><time>2026-09-13T00:56:19Z</time><sat>40</sat></trkpt>
  <trkpt lat="35.62040540" lon="139.63262942"><ele>69.217</ele><time>2026-09-13T00:56:25Z</time><sat>38</sat></trkpt>
  <trkpt lat="35.62036285" lon="139.63268823"><ele>69.769</ele><time>2026-09-13T00:56:31Z</time><sat>43</sat></trkpt>
  <trkpt lat="35.62033562" lon="139.63277156"><ele>69.430</ele><time>2026-09-13T00:56:37Z</time><sat>38</sat></trkpt>
  <trkpt lat="35.62028685" lon="139.63284638"><ele>70.605</ele><time>2026-09-13T00:56:43Z</time><sat>41</sat></trkpt>
  <trkpt lat="35.62022402" lon="139.63291278"><ele>68.916</ele><time>2026-09-13T00:56:49Z</time><sat>41</sat></trkpt>
  <trkpt lat="35.62019071" lon="139.63299238"><ele>69.708</ele><time>2026-09-13T00:56:55Z</time><sat>41</sat></trkpt>
  <trkpt lat="35.62015255" lon="139.63306334"><ele>69.360</ele><time>2026-09-13T00:57:01Z</time><sat>40</sat></trkpt>
  <trkpt lat="35.62011669" lon="139.63313256"><ele>68.312</ele><time>2026-09-13T00:57:07Z</time><sat>40</sat></trkpt>
  <trkpt lat="35.62007527" lon="139.63321093"><ele>68.204</ele><time>2026-09-13T00:57:13Z</time><sat>31</sat></trkpt>
  <trkpt lat="35.62004336" lon="139.63325027"><ele>67.942</ele><time>2026-09-13T00:57:16Z</time><sat>33</sat></trkpt>
  <trkpt lat="35.61998591" lon="139.63331760"><ele>69.561</ele><time>2026-09-13T00:57:22Z</time><sat>30</sat></trkpt>
  <trkpt lat="35.61994573" lon="139.63338676"><ele>70.137</ele><time>2026-09-13T00:57:28Z</time><sat>34</sat></trkpt>
  <trkpt lat="35.61990338" lon="139.63346061"><ele>71.567</ele><time>2026-09-13T00:57:34Z</time><sat>37</sat></trkpt>
  <trkpt lat="35.61985632" lon="139.63352736"><ele>70.473</ele><time>2026-09-13T00:57:40Z</time><sat>36</sat></trkpt>
  <trkpt lat="35.61981217" lon="139.63360009"><ele>70.656</ele><time>2026-09-13T00:57:46Z</time><sat>36</sat></trkpt>
  <trkpt lat="35.61977045" lon="139.63366791"><ele>69.449</ele><time>2026-09-13T00:57:52Z</time><sat>43</sat></trkpt>
  <trkpt lat="35.61973073" lon="139.63374208"><ele>70.645</ele><time>2026-09-13T00:57:58Z</time><sat>40</sat></trkpt>
  <trkpt lat="35.61969089" lon="139.63381706"><ele>70.124</ele><time>2026-09-13T00:58:04Z</time><sat>40</sat></trkpt>
  <trkpt lat="35.61964493" lon="139.63387922"><ele>71.838</ele><time>2026-09-13T00:58:10Z</time><sat>41</sat></trkpt>
  <trkpt lat="35.61959305" lon="139.63395042"><ele>71.169</ele><time>2026-09-13T00:58:16Z</time><sat>42</sat></trkpt>
  <trkpt lat="35.61955822" lon="139.63401787"><ele>71.950</ele><time>2026-09-13T00:58:22Z</time><sat>35</sat></trkpt>
  <trkpt lat="35.61949797" lon="139.63407293"><ele>75.134</ele><time>2026-09-13T00:58:31Z</time><sat>41</sat></trkpt>
  <trkpt lat="35.61946364" lon="139.63413811"><ele>73.550</ele><time>2026-09-13T00:58:37Z</time><sat>39</sat></trkpt>
  <trkpt lat="35.61941603" lon="139.63420185"><ele>74.114</ele><time>2026-09-13T00:58:43Z</time><sat>42</sat></trkpt>
  <trkpt lat="35.61944269" lon="139.63427594"><ele>73.392</ele><time>2026-09-13T00:58:49Z</time><sat>45</sat></trkpt>
  <trkpt lat="35.61952440" lon="139.63431088"><ele>74.618</ele><time>2026-09-13T00:58:55Z</time><sat>41</sat></trkpt>
  <trkpt lat="35.61960318" lon="139.63432700"><ele>73.973</ele><time>2026-09-13T00:59:01Z</time><sat>43</sat></trkpt>
  <trkpt lat="35.61968540" lon="139.63431611"><ele>74.017</ele><time>2026-09-13T00:59:07Z</time><sat>40</sat></trkpt>
  <trkpt lat="35.61975531" lon="139.63433626"><ele>74.580</ele><time>2026-09-13T00:59:13Z</time><sat>43</sat></trkpt>
  <trkpt lat="35.61982633" lon="139.63435220"><ele>74.752</ele><time>2026-09-13T00:59:19Z</time><sat>43</sat></trkpt>
  <trkpt lat="35.61990012" lon="139.63437290"><ele>75.186</ele><time>2026-09-13T00:59:25Z</time><sat>42</sat></trkpt>
  <trkpt lat="35.61997402" lon="139.63439961"><ele>75.352</ele><time>2026-09-13T00:59:31Z</time><sat>43</sat></trkpt>
  <trkpt lat="35.62004282" lon="139.63442342"><ele>75.997</ele><time>2026-09-13T00:59:37Z</time><sat>42</sat></trkpt>
  <trkpt lat="35.62011121" lon="139.63444436"><ele>76.841</ele><time>2026-09-13T00:59:43Z</time><sat>40</sat></trkpt>
  <trkpt lat="35.62016727" lon="139.63446268"><ele>77.625</ele><time>2026-09-13T00:59:49Z</time><sat>44</sat></trkpt>
  <trkpt lat="35.62017586" lon="139.63447749"><ele>76.825</ele><time>2026-09-13T00:59:55Z</time><sat>45</sat></trkpt>
  <trkpt lat="35.62016531" lon="139.63448046"><ele>76.826</ele><time>2026-09-13T00:59:58Z</time><sat>45</sat></trkpt>
  <trkpt lat="35.62016014" lon="139.63450274"><ele>77.485</ele><time>2026-09-13T01:00:01Z</time><sat>45</sat></trkpt>
  <trkpt lat="35.62018982" lon="139.63447224"><ele>75.610</ele><time>2026-09-13T01:00:13Z</time><sat>46</sat></trkpt>
  <trkpt lat="35.62021412" lon="139.63440598"><ele>75.710</ele><time>2026-09-13T01:00:19Z</time><sat>46</sat></trkpt>
  <trkpt lat="35.62023432" lon="139.63437547"><ele>76.078</ele><time>2026-09-13T01:00:22Z</time><sat>45</sat></trkpt>
  <trkpt lat="35.62023987" lon="139.63437413"><ele>76.005</ele><time>2026-09-13T01:00:25Z</time><sat>45</sat></trkpt>
  <trkpt lat="35.62024891" lon="139.63435706"><ele>76.217</ele><time>2026-09-13T01:00:28Z</time><sat>45</sat></trkpt>
  <trkpt lat="35.62029119" lon="139.63427124"><ele>76.556</ele><time>2026-09-13T01:00:34Z</time><sat>45</sat></trkpt>
  <trkpt lat="35.62033408" lon="139.63419298"><ele>76.559</ele><time>2026-09-13T01:00:40Z</time><sat>42</sat></trkpt>
  <trkpt lat="35.62037700" lon="139.63410983"><ele>76.948</ele><time>2026-09-13T01:00:46Z</time><sat>42</sat></trkpt>
  <trkpt lat="35.62041736" lon="139.63402743"><ele>77.621</ele><time>2026-09-13T01:00:52Z</time><sat>39</sat></trkpt>
  <trkpt lat="35.62046064" lon="139.63395238"><ele>77.575</ele><time>2026-09-13T01:00:58Z</time><sat>41</sat></trkpt>
  <trkpt lat="35.62049822" lon="139.63386861"><ele>77.614</ele><time>2026-09-13T01:01:04Z</time><sat>45</sat></trkpt>
  <trkpt lat="35.62045052" lon="139.63380677"><ele>76.640</ele><time>2026-09-13T01:01:10Z</time><sat>42</sat></trkpt>
  <trkpt lat="35.62040347" lon="139.63380247"><ele>75.952</ele><time>2026-09-13T01:01:13Z</time><sat>43</sat></trkpt>
  <trkpt lat="35.62035765" lon="139.63379760"><ele>75.522</ele><time>2026-09-13T01:01:16Z</time><sat>45</sat></trkpt>
  <trkpt lat="35.62027692" lon="139.63378517"><ele>75.221</ele><time>2026-09-13T01:01:22Z</time><sat>40</sat></trkpt>
  <trkpt lat="35.62020039" lon="139.63378050"><ele>74.318</ele><time>2026-09-13T01:01:28Z</time><sat>42</sat></trkpt>
  <trkpt lat="35.62012534" lon="139.63376085"><ele>73.713</ele><time>2026-09-13T01:01:34Z</time><sat>41</sat></trkpt>
  <trkpt lat="35.62005405" lon="139.63373965"><ele>73.771</ele><time>2026-09-13T01:01:40Z</time><sat>42</sat></trkpt>
  <trkpt lat="35.62000319" lon="139.63367381"><ele>74.976</ele><time>2026-09-13T01:01:46Z</time><sat>40</sat></trkpt>
  <trkpt lat="35.61992987" lon="139.63363392"><ele>75.386</ele><time>2026-09-13T01:01:52Z</time><sat>42</sat></trkpt>
  <trkpt lat="35.61985570" lon="139.63360205"><ele>75.078</ele><time>2026-09-13T01:01:58Z</time><sat>40</sat></trkpt>
  <trkpt lat="35.61982930" lon="139.63353894"><ele>73.994</ele><time>2026-09-13T01:02:04Z</time><sat>43</sat></trkpt>
  <trkpt lat="35.61987793" lon="139.63345467"><ele>74.141</ele><time>2026-09-13T01:02:10Z</time><sat>43</sat></trkpt>
  <trkpt lat="35.61992344" lon="139.63337596"><ele>74.607</ele><time>2026-09-13T01:02:16Z</time><sat>43</sat></trkpt>
  <trkpt lat="35.61996648" lon="139.63329774"><ele>75.200</ele><time>2026-09-13T01:02:22Z</time><sat>41</sat></trkpt>
  <trkpt lat="35.62001403" lon="139.63321553"><ele>75.304</ele><time>2026-09-13T01:02:28Z</time><sat>45</sat></trkpt>
  <trkpt lat="35.62006315" lon="139.63313873"><ele>74.625</ele><time>2026-09-13T01:02:34Z</time><sat>43</sat></trkpt>
  <trkpt lat="35.62011361" lon="139.63306551"><ele>74.670</ele><time>2026-09-13T01:02:40Z</time><sat>42</sat></trkpt>
  <trkpt lat="35.62015671" lon="139.63299404"><ele>74.830</ele><time>2026-09-13T01:02:46Z</time><sat>42</sat></trkpt>
  <trkpt lat="35.62021110" lon="139.63289312"><ele>74.651</ele><time>2026-09-13T01:02:54Z</time><sat>43</sat></trkpt>
  <trkpt lat="35.62026121" lon="139.63281724"><ele>75.822</ele><time>2026-09-13T01:03:00Z</time><sat>41</sat></trkpt>
  <trkpt lat="35.62029132" lon="139.63277550"><ele>77.257</ele><time>2026-09-13T01:03:03Z</time><sat>37</sat></trkpt>
  <trkpt lat="35.62033881" lon="139.63270753"><ele>75.542</ele><time>2026-09-13T01:03:09Z</time><sat>33</sat></trkpt>
  <trkpt lat="35.62038531" lon="139.63264055"><ele>75.607</ele><time>2026-09-13T01:03:15Z</time><sat>35</sat></trkpt>
  <trkpt lat="35.62042235" lon="139.63255684"><ele>76.401</ele><time>2026-09-13T01:03:21Z</time><sat>42</sat></trkpt>
  <trkpt lat="35.62046272" lon="139.63248712"><ele>75.680</ele><time>2026-09-13T01:03:27Z</time><sat>44</sat></trkpt>
  <trkpt lat="35.62051116" lon="139.63240643"><ele>74.871</ele><time>2026-09-13T01:03:33Z</time><sat>38</sat></trkpt>
  <trkpt lat="35.62056830" lon="139.63234325"><ele>74.265</ele><time>2026-09-13T01:03:39Z</time><sat>25</sat></trkpt>
  <trkpt lat="35.62060158" lon="139.63230182"><ele>74.533</ele><time>2026-09-13T01:03:42Z</time><sat>35</sat></trkpt>
  <trkpt lat="35.62065176" lon="139.63224673"><ele>73.891</ele><time>2026-09-13T01:03:48Z</time><sat>35</sat></trkpt>
  <trkpt lat="35.62070935" lon="139.63218474"><ele>76.030</ele><time>2026-09-13T01:03:54Z</time><sat>40</sat></trkpt>
  <trkpt lat="35.62073766" lon="139.63213242"><ele>77.198</ele><time>2026-09-13T01:03:57Z</time><sat>39</sat></trkpt>
  <trkpt lat="35.62076726" lon="139.63202597"><ele>77.923</ele><time>2026-09-13T01:04:03Z</time><sat>35</sat></trkpt>
  <trkpt lat="35.62081066" lon="139.63195028"><ele>78.762</ele><time>2026-09-13T01:04:09Z</time><sat>35</sat></trkpt>
  <trkpt lat="35.62083964" lon="139.63187707"><ele>76.871</ele><time>2026-09-13T01:04:15Z</time><sat>35</sat></trkpt>
  <trkpt lat="35.62086654" lon="139.63180841"><ele>76.941</ele><time>2026-09-13T01:04:21Z</time><sat>37</sat></trkpt>
  <trkpt lat="35.62090914" lon="139.63173597"><ele>75.964</ele><time>2026-09-13T01:04:27Z</time><sat>38</sat></trkpt>
  <trkpt lat="35.62095044" lon="139.63166914"><ele>77.304</ele><time>2026-09-13T01:04:33Z</time><sat>42</sat></trkpt>
  <trkpt lat="35.62098514" lon="139.63159479"><ele>77.384</ele><time>2026-09-13T01:04:39Z</time><sat>44</sat></trkpt>
  <trkpt lat="35.62101786" lon="139.63155002"><ele>79.248</ele><time>2026-09-13T01:04:45Z</time><sat>43</sat></trkpt>
  <trkpt lat="35.62107145" lon="139.63154977"><ele>81.420</ele><time>2026-09-13T01:04:57Z</time><sat>44</sat></trkpt>
  <trkpt lat="35.62111831" lon="139.63158361"><ele>85.180</ele><time>2026-09-13T01:05:06Z</time><sat>44</sat></trkpt>
  <trkpt lat="35.62110962" lon="139.63150302"><ele>85.779</ele><time>2026-09-13T01:05:12Z</time><sat>43</sat></trkpt>
  <trkpt lat="35.62106233" lon="139.63142605"><ele>86.058</ele><time>2026-09-13T01:05:18Z</time><sat>44</sat></trkpt>
  <trkpt lat="35.62100276" lon="139.63136066"><ele>85.763</ele><time>2026-09-13T01:05:24Z</time><sat>45</sat></trkpt>
  <trkpt lat="35.62094852" lon="139.63129428"><ele>85.375</ele><time>2026-09-13T01:05:30Z</time><sat>43</sat></trkpt>
  <trkpt lat="35.62090650" lon="139.63122718"><ele>85.609</ele><time>2026-09-13T01:05:36Z</time><sat>40</sat></trkpt>
  <trkpt lat="35.62090659" lon="139.63115583"><ele>85.097</ele><time>2026-09-13T01:05:42Z</time><sat>40</sat></trkpt>
  <trkpt lat="35.62094939" lon="139.63118980"><ele>83.143</ele><time>2026-09-13T01:05:48Z</time><sat>42</sat></trkpt>
  <trkpt lat="35.62096218" lon="139.63125863"><ele>82.014</ele><time>2026-09-13T01:05:55Z</time><sat>41</sat></trkpt>
  <trkpt lat="35.62094833" lon="139.63129653"><ele>79.248</ele><time>2026-09-13T01:06:01Z</time><sat>46</sat></trkpt>
  <trkpt lat="35.62093521" lon="139.63130743"><ele>79.239</ele><time>2026-09-13T01:06:04Z</time><sat>46</sat></trkpt>
  <trkpt lat="35.62092317" lon="139.63127806"><ele>78.403</ele><time>2026-09-13T01:06:07Z</time><sat>42</sat></trkpt>
  <trkpt lat="35.62089797" lon="139.63119665"><ele>76.591</ele><time>2026-09-13T01:06:13Z</time><sat>39</sat></trkpt>
  <trkpt lat="35.62086139" lon="139.63111914"><ele>77.316</ele><time>2026-09-13T01:06:19Z</time><sat>33</sat></trkpt>
  <trkpt lat="35.62080285" lon="139.63106625"><ele>77.802</ele><time>2026-09-13T01:06:25Z</time><sat>39</sat></trkpt>
  <trkpt lat="35.62074775" lon="139.63101813"><ele>79.086</ele><time>2026-09-13T01:06:31Z</time><sat>38</sat></trkpt>
  <trkpt lat="35.62068671" lon="139.63096770"><ele>80.416</ele><time>2026-09-13T01:06:37Z</time><sat>32</sat></trkpt>
  <trkpt lat="35.62062419" lon="139.63091647"><ele>80.603</ele><time>2026-09-13T01:06:43Z</time><sat>32</sat></trkpt>
  <trkpt lat="35.62056331" lon="139.63086718"><ele>80.703</ele><time>2026-09-13T01:06:49Z</time><sat>28</sat></trkpt>
  <trkpt lat="35.62048289" lon="139.63080518"><ele>81.040</ele><time>2026-09-13T01:06:57Z</time><sat>32</sat></trkpt>
  <trkpt lat="35.62042458" lon="139.63077247"><ele>79.939</ele><time>2026-09-13T01:07:03Z</time><sat>40</sat></trkpt>
  <trkpt lat="35.62035715" lon="139.63072072"><ele>78.705</ele><time>2026-09-13T01:07:09Z</time><sat>40</sat></trkpt>
  <trkpt lat="35.62032194" lon="139.63066212"><ele>79.363</ele><time>2026-09-13T01:07:13Z</time><sat>37</sat></trkpt>
  <trkpt lat="35.62026173" lon="139.63060823"><ele>79.029</ele><time>2026-09-13T01:07:19Z</time><sat>43</sat></trkpt>
  <trkpt lat="35.62020820" lon="139.63057787"><ele>79.243</ele><time>2026-09-13T01:07:25Z</time><sat>43</sat></trkpt>
  <trkpt lat="35.62014109" lon="139.63052821"><ele>79.039</ele><time>2026-09-13T01:07:31Z</time><sat>38</sat></trkpt>
  <trkpt lat="35.62007912" lon="139.63046359"><ele>79.566</ele><time>2026-09-13T01:07:37Z</time><sat>29</sat></trkpt>
  <trkpt lat="35.62002036" lon="139.63040695"><ele>81.321</ele><time>2026-09-13T01:07:43Z</time><sat>28</sat></trkpt>
  <trkpt lat="35.61994891" lon="139.63037940"><ele>79.965</ele><time>2026-09-13T01:07:49Z</time><sat>26</sat></trkpt>
  <trkpt lat="35.61988445" lon="139.63031357"><ele>78.932</ele><time>2026-09-13T01:07:55Z</time><sat>27</sat></trkpt>
  <trkpt lat="35.61982096" lon="139.63024156"><ele>78.357</ele><time>2026-09-13T01:08:01Z</time><sat>19</sat></trkpt>
  <trkpt lat="35.61975859" lon="139.63018175"><ele>74.688</ele><time>2026-09-13T01:08:07Z</time><sat>24</sat></trkpt>
  <trkpt lat="35.61969970" lon="139.63013440"><ele>74.524</ele><time>2026-09-13T01:08:13Z</time><sat>26</sat></trkpt>
  <trkpt lat="35.61964073" lon="139.63008512"><ele>72.881</ele><time>2026-09-13T01:08:19Z</time><sat>26</sat></trkpt>
  <trkpt lat="35.61958080" lon="139.63003888"><ele>72.558</ele><time>2026-09-13T01:08:25Z</time><sat>31</sat></trkpt>
  <trkpt lat="35.61952644" lon="139.62999237"><ele>72.112</ele><time>2026-09-13T01:08:31Z</time><sat>30</sat></trkpt>
  <trkpt lat="35.61946692" lon="139.62994160"><ele>71.037</ele><time>2026-09-13T01:08:37Z</time><sat>31</sat></trkpt>
  <trkpt lat="35.61940684" lon="139.62988376"><ele>70.537</ele><time>2026-09-13T01:08:43Z</time><sat>38</sat></trkpt>
  <trkpt lat="35.61934639" lon="139.62982522"><ele>70.330</ele><time>2026-09-13T01:08:49Z</time><sat>35</sat></trkpt>
  <trkpt lat="35.61928350" lon="139.62976680"><ele>70.982</ele><time>2026-09-13T01:08:55Z</time><sat>34</sat></trkpt>
  <trkpt lat="35.61922330" lon="139.62971680"><ele>70.509</ele><time>2026-09-13T01:09:01Z</time><sat>34</sat></trkpt>
  <trkpt lat="35.61916161" lon="139.62967035"><ele>69.698</ele><time>2026-09-13T01:09:07Z</time><sat>31</sat></trkpt>
  <trkpt lat="35.61910461" lon="139.62961088"><ele>70.172</ele><time>2026-09-13T01:09:13Z</time><sat>34</sat></trkpt>
  <trkpt lat="35.61904222" lon="139.62954120"><ele>72.198</ele><time>2026-09-13T01:09:19Z</time><sat>35</sat></trkpt>
  <trkpt lat="35.61897176" lon="139.62948042"><ele>72.125</ele><time>2026-09-13T01:09:25Z</time><sat>34</sat></trkpt>
  <trkpt lat="35.61890439" lon="139.62942155"><ele>71.088</ele><time>2026-09-13T01:09:31Z</time><sat>38</sat></trkpt>
  <trkpt lat="35.61883882" lon="139.62936363"><ele>69.854</ele><time>2026-09-13T01:09:37Z</time><sat>33</sat></trkpt>
  <trkpt lat="35.61877630" lon="139.62931005"><ele>69.571</ele><time>2026-09-13T01:09:43Z</time><sat>32</sat></trkpt>
  <trkpt lat="35.61871271" lon="139.62925492"><ele>69.255</ele><time>2026-09-13T01:09:49Z</time><sat>33</sat></trkpt>
  <trkpt lat="35.61864505" lon="139.62920418"><ele>67.896</ele><time>2026-09-13T01:09:55Z</time><sat>32</sat></trkpt>
  <trkpt lat="35.61858198" lon="139.62913860"><ele>68.245</ele><time>2026-09-13T01:10:01Z</time><sat>32</sat></trkpt>
  <trkpt lat="35.61851900" lon="139.62907951"><ele>68.119</ele><time>2026-09-13T01:10:07Z</time><sat>31</sat></trkpt>
  <trkpt lat="35.61845387" lon="139.62903256"><ele>66.551</ele><time>2026-09-13T01:10:13Z</time><sat>32</sat></trkpt>
  <trkpt lat="35.61838779" lon="139.62898398"><ele>66.678</ele><time>2026-09-13T01:10:19Z</time><sat>29</sat></trkpt>
  <trkpt lat="35.61832235" lon="139.62893772"><ele>64.986</ele><time>2026-09-13T01:10:25Z</time><sat>35</sat></trkpt>
  <trkpt lat="35.61825729" lon="139.62889166"><ele>64.327</ele><time>2026-09-13T01:10:31Z</time><sat>35</sat></trkpt>
  <trkpt lat="35.61819671" lon="139.62883280"><ele>64.664</ele><time>2026-09-13T01:10:37Z</time><sat>39</sat></trkpt>
  <trkpt lat="35.61813830" lon="139.62878085"><ele>65.604</ele><time>2026-09-13T01:10:43Z</time><sat>38</sat></trkpt>
  <trkpt lat="35.61809163" lon="139.62874472"><ele>65.692</ele><time>2026-09-13T01:10:49Z</time><sat>39</sat></trkpt>
  <trkpt lat="35.61815998" lon="139.62880133"><ele>66.504</ele><time>2026-09-13T01:10:58Z</time><sat>44</sat></trkpt>
  <trkpt lat="35.61823767" lon="139.62885263"><ele>67.802</ele><time>2026-09-13T01:11:04Z</time><sat>43</sat></trkpt>
  <trkpt lat="35.61824848" lon="139.62892926"><ele>66.938</ele><time>2026-09-13T01:11:10Z</time><sat>39</sat></trkpt>
  <trkpt lat="35.61820260" lon="139.62899948"><ele>67.388</ele><time>2026-09-13T01:11:16Z</time><sat>38</sat></trkpt>
  <trkpt lat="35.61816273" lon="139.62906441"><ele>69.169</ele><time>2026-09-13T01:11:22Z</time><sat>40</sat></trkpt>
  <trkpt lat="35.61811149" lon="139.62911953"><ele>70.113</ele><time>2026-09-13T01:11:28Z</time><sat>41</sat></trkpt>
  <trkpt lat="35.61807671" lon="139.62918989"><ele>70.949</ele><time>2026-09-13T01:11:34Z</time><sat>41</sat></trkpt>
  <trkpt lat="35.61809112" lon="139.62928397"><ele>71.918</ele><time>2026-09-13T01:11:40Z</time><sat>44</sat></trkpt>
  <trkpt lat="35.61808557" lon="139.62937474"><ele>72.661</ele><time>2026-09-13T01:11:46Z</time><sat>40</sat></trkpt>
  <trkpt lat="35.61808432" lon="139.62946456"><ele>74.773</ele><time>2026-09-13T01:11:52Z</time><sat>35</sat></trkpt>
  <trkpt lat="35.61808826" lon="139.62955367"><ele>75.935</ele><time>2026-09-13T01:11:58Z</time><sat>37</sat></trkpt>
  <trkpt lat="35.61808986" lon="139.62961847"><ele>73.895</ele><time>2026-09-13T01:12:02Z</time><sat>33</sat></trkpt>
  <trkpt lat="35.61807927" lon="139.62968793"><ele>71.235</ele><time>2026-09-13T01:12:08Z</time><sat>25</sat></trkpt>
  <trkpt lat="35.61808736" lon="139.62977323"><ele>71.928</ele><time>2026-09-13T01:12:14Z</time><sat>31</sat></trkpt>
  <trkpt lat="35.61810490" lon="139.62985125"><ele>72.632</ele><time>2026-09-13T01:12:20Z</time><sat>37</sat></trkpt>
  <trkpt lat="35.61816888" lon="139.62987851"><ele>74.817</ele><time>2026-09-13T01:12:26Z</time><sat>38</sat></trkpt>
  <trkpt lat="35.61822315" lon="139.62991937"><ele>74.344</ele><time>2026-09-13T01:12:32Z</time><sat>33</sat></trkpt>
  <trkpt lat="35.61821651" lon="139.63002002"><ele>72.933</ele><time>2026-09-13T01:12:38Z</time><sat>33</sat></trkpt>
  <trkpt lat="35.61816916" lon="139.63008679"><ele>72.111</ele><time>2026-09-13T01:12:44Z</time><sat>37</sat></trkpt>
  <trkpt lat="35.61809304" lon="139.63008330"><ele>72.162</ele><time>2026-09-13T01:12:50Z</time><sat>35</sat></trkpt>
  <trkpt lat="35.61802698" lon="139.63005364"><ele>70.766</ele><time>2026-09-13T01:12:56Z</time><sat>38</sat></trkpt>
  <trkpt lat="35.61795635" lon="139.63004345"><ele>69.587</ele><time>2026-09-13T01:13:02Z</time><sat>44</sat></trkpt>
  <trkpt lat="35.61789775" lon="139.63004203"><ele>69.788</ele><time>2026-09-13T01:13:08Z</time><sat>36</sat></trkpt>
  <trkpt lat="35.61784730" lon="139.63003399"><ele>69.176</ele><time>2026-09-13T01:13:14Z</time><sat>34</sat></trkpt>
  <trkpt lat="35.61777462" lon="139.63001195"><ele>69.056</ele><time>2026-09-13T01:13:20Z</time><sat>41</sat></trkpt>
  <trkpt lat="35.61771150" lon="139.62999033"><ele>69.356</ele><time>2026-09-13T01:13:26Z</time><sat>40</sat></trkpt>
  <trkpt lat="35.61766298" lon="139.62992118"><ele>70.561</ele><time>2026-09-13T01:13:32Z</time><sat>41</sat></trkpt>
  <trkpt lat="35.61758919" lon="139.62988660"><ele>70.850</ele><time>2026-09-13T01:13:38Z</time><sat>42</sat></trkpt>
  <trkpt lat="35.61755583" lon="139.62987187"><ele>71.782</ele><time>2026-09-13T01:13:41Z</time><sat>40</sat></trkpt>
  <trkpt lat="35.61755239" lon="139.62985873"><ele>71.750</ele><time>2026-09-13T01:13:44Z</time><sat>40</sat></trkpt>
  <trkpt lat="35.61754885" lon="139.62985949"><ele>72.093</ele><time>2026-09-13T01:13:47Z</time><sat>42</sat></trkpt>
  <trkpt lat="35.61748412" lon="139.62984557"><ele>72.883</ele><time>2026-09-13T01:13:53Z</time><sat>42</sat></trkpt>
  <trkpt lat="35.61740967" lon="139.62981795"><ele>73.753</ele><time>2026-09-13T01:13:59Z</time><sat>42</sat></trkpt>
  <trkpt lat="35.61733188" lon="139.62979243"><ele>74.384</ele><time>2026-09-13T01:14:05Z</time><sat>42</sat></trkpt>
  <trkpt lat="35.61725394" lon="139.62976597"><ele>73.800</ele><time>2026-09-13T01:14:11Z</time><sat>41</sat></trkpt>
  <trkpt lat="35.61717621" lon="139.62974351"><ele>73.960</ele><time>2026-09-13T01:14:17Z</time><sat>41</sat></trkpt>
  <trkpt lat="35.61714501" lon="139.62972841"><ele>73.589</ele><time>2026-09-13T01:14:20Z</time><sat>42</sat></trkpt>
  <trkpt lat="35.61713080" lon="139.62970434"><ele>73.724</ele><time>2026-09-13T01:14:23Z</time><sat>42</sat></trkpt>
  <trkpt lat="35.61715229" lon="139.62969545"><ele>74.147</ele><time>2026-09-13T01:14:26Z</time><sat>39</sat></trkpt>
  <trkpt lat="35.61716490" lon="139.62971208"><ele>72.226</ele><time>2026-09-13T01:14:30Z</time><sat>38</sat></trkpt>
  <trkpt lat="35.61715999" lon="139.62971333"><ele>72.188</ele><time>2026-09-13T01:14:42Z</time><sat>41</sat></trkpt>
  <trkpt lat="35.61715633" lon="139.62971401"><ele>71.492</ele><time>2026-09-13T01:14:45Z</time><sat>41</sat></trkpt>
  <trkpt lat="35.61713937" lon="139.62973987"><ele>69.991</ele><time>2026-09-13T01:14:48Z</time><sat>40</sat></trkpt>
  <trkpt lat="35.61707250" lon="139.62974532"><ele>70.572</ele><time>2026-09-13T01:14:54Z</time><sat>41</sat></trkpt>
  <trkpt lat="35.61700198" lon="139.62972375"><ele>70.843</ele><time>2026-09-13T01:15:00Z</time><sat>38</sat></trkpt>
  <trkpt lat="35.61693005" lon="139.62970035"><ele>70.785</ele><time>2026-09-13T01:15:06Z</time><sat>33</sat></trkpt>
  <trkpt lat="35.61686067" lon="139.62967722"><ele>70.259</ele><time>2026-09-13T01:15:12Z</time><sat>31</sat></trkpt>
  <trkpt lat="35.61678694" lon="139.62964776"><ele>70.037</ele><time>2026-09-13T01:15:18Z</time><sat>29</sat></trkpt>
  <trkpt lat="35.61671371" lon="139.62961595"><ele>69.886</ele><time>2026-09-13T01:15:24Z</time><sat>31</sat></trkpt>
  <trkpt lat="35.61664559" lon="139.62958969"><ele>68.896</ele><time>2026-09-13T01:15:30Z</time><sat>30</sat></trkpt>
  <trkpt lat="35.61657106" lon="139.62955979"><ele>68.115</ele><time>2026-09-13T01:15:36Z</time><sat>29</sat></trkpt>
  <trkpt lat="35.61650957" lon="139.62951979"><ele>67.169</ele><time>2026-09-13T01:15:42Z</time><sat>33</sat></trkpt>
  <trkpt lat="35.61644910" lon="139.62948155"><ele>66.555</ele><time>2026-09-13T01:15:48Z</time><sat>30</sat></trkpt>
  <trkpt lat="35.61640852" lon="139.62945730"><ele>67.044</ele><time>2026-09-13T01:15:51Z</time><sat>29</sat></trkpt>
  <trkpt lat="35.61635408" lon="139.62943172"><ele>66.620</ele><time>2026-09-13T01:15:57Z</time><sat>32</sat></trkpt>
  <trkpt lat="35.61639332" lon="139.62946000"><ele>66.328</ele><time>2026-09-13T01:16:03Z</time><sat>32</sat></trkpt>
  <trkpt lat="35.61639766" lon="139.62953990"><ele>67.109</ele><time>2026-09-13T01:16:12Z</time><sat>27</sat></trkpt>
  <trkpt lat="35.61639326" lon="139.62961375"><ele>69.234</ele><time>2026-09-13T01:16:21Z</time><sat>29</sat></trkpt>
  <trkpt lat="35.61637566" lon="139.62961976"><ele>68.650</ele><time>2026-09-13T01:16:24Z</time><sat>29</sat></trkpt>
  <trkpt lat="35.61636539" lon="139.62962167"><ele>70.991</ele><time>2026-09-13T01:16:27Z</time><sat>30</sat></trkpt>
  <trkpt lat="35.61635448" lon="139.62961176"><ele>71.078</ele><time>2026-09-13T01:16:30Z</time><sat>32</sat></trkpt>
  <trkpt lat="35.61634063" lon="139.62962602"><ele>73.269</ele><time>2026-09-13T01:16:33Z</time><sat>34</sat></trkpt>
  <trkpt lat="35.61633503" lon="139.62964664"><ele>73.370</ele><time>2026-09-13T01:16:36Z</time><sat>37</sat></trkpt>
  <trkpt lat="35.61634056" lon="139.62967028"><ele>72.711</ele><time>2026-09-13T01:16:39Z</time><sat>32</sat></trkpt>
  <trkpt lat="35.61633981" lon="139.62966210"><ele>72.283</ele><time>2026-09-13T01:16:42Z</time><sat>27</sat></trkpt>
  <trkpt lat="35.61633999" lon="139.62965986"><ele>71.685</ele><time>2026-09-13T01:16:45Z</time><sat>28</sat></trkpt>
  <trkpt lat="35.61634137" lon="139.62966269"><ele>71.612</ele><time>2026-09-13T01:16:48Z</time><sat>27</sat></trkpt>
  <trkpt lat="35.61632881" lon="139.62966837"><ele>70.960</ele><time>2026-09-13T01:16:51Z</time><sat>28</sat></trkpt>
  <trkpt lat="35.61635988" lon="139.62962303"><ele>72.160</ele><time>2026-09-13T01:16:57Z</time><sat>33</sat></trkpt>
  <trkpt lat="35.61637342" lon="139.62955540"><ele>72.630</ele><time>2026-09-13T01:17:03Z</time><sat>33</sat></trkpt>
  <trkpt lat="35.61639119" lon="139.62949107"><ele>72.722</ele><time>2026-09-13T01:17:09Z</time><sat>28</sat></trkpt>
  <trkpt lat="35.61639328" lon="139.62941308"><ele>71.030</ele><time>2026-09-13T01:17:15Z</time><sat>27</sat></trkpt>
  <trkpt lat="35.61631029" lon="139.62938757"><ele>68.039</ele><time>2026-09-13T01:17:21Z</time><sat>33</sat></trkpt>
  <trkpt lat="35.61623388" lon="139.62938524"><ele>67.106</ele><time>2026-09-13T01:17:27Z</time><sat>30</sat></trkpt>
  <trkpt lat="35.61615656" lon="139.62935462"><ele>66.988</ele><time>2026-09-13T01:17:33Z</time><sat>31</sat></trkpt>
  <trkpt lat="35.61608515" lon="139.62933636"><ele>65.496</ele><time>2026-09-13T01:17:39Z</time><sat>28</sat></trkpt>
  <trkpt lat="35.61600983" lon="139.62932997"><ele>65.898</ele><time>2026-09-13T01:17:45Z</time><sat>27</sat></trkpt>
  <trkpt lat="35.61592703" lon="139.62931237"><ele>65.197</ele><time>2026-09-13T01:17:51Z</time><sat>33</sat></trkpt>
  <trkpt lat="35.61584859" lon="139.62929298"><ele>64.159</ele><time>2026-09-13T01:17:57Z</time><sat>32</sat></trkpt>
  <trkpt lat="35.61577262" lon="139.62927324"><ele>63.140</ele><time>2026-09-13T01:18:03Z</time><sat>34</sat></trkpt>
  <trkpt lat="35.61569488" lon="139.62924375"><ele>62.407</ele><time>2026-09-13T01:18:09Z</time><sat>35</sat></trkpt>
  <trkpt lat="35.61561953" lon="139.62921196"><ele>61.251</ele><time>2026-09-13T01:18:15Z</time><sat>39</sat></trkpt>
  <trkpt lat="35.61554993" lon="139.62917764"><ele>60.533</ele><time>2026-09-13T01:18:21Z</time><sat>39</sat></trkpt>
  <trkpt lat="35.61547974" lon="139.62916598"><ele>60.127</ele><time>2026-09-13T01:18:27Z</time><sat>37</sat></trkpt>
  <trkpt lat="35.61541004" lon="139.62914409"><ele>60.320</ele><time>2026-09-13T01:18:33Z</time><sat>38</sat></trkpt>
  <trkpt lat="35.61533558" lon="139.62912281"><ele>59.397</ele><time>2026-09-13T01:18:39Z</time><sat>41</sat></trkpt>
  <trkpt lat="35.61527002" lon="139.62910892"><ele>58.933</ele><time>2026-09-13T01:18:45Z</time><sat>38</sat></trkpt>
  <trkpt lat="35.61521140" lon="139.62912465"><ele>59.732</ele><time>2026-09-13T01:18:51Z</time><sat>42</sat></trkpt>
  <trkpt lat="35.61514842" lon="139.62914890"><ele>59.169</ele><time>2026-09-13T01:18:57Z</time><sat>40</sat></trkpt>
  <trkpt lat="35.61507288" lon="139.62917201"><ele>59.577</ele><time>2026-09-13T01:19:03Z</time><sat>40</sat></trkpt>
  <trkpt lat="35.61500426" lon="139.62920257"><ele>56.842</ele><time>2026-09-13T01:19:09Z</time><sat>38</sat></trkpt>
  <trkpt lat="35.61494964" lon="139.62925120"><ele>54.915</ele><time>2026-09-13T01:19:15Z</time><sat>39</sat></trkpt>
  <trkpt lat="35.61489307" lon="139.62929471"><ele>54.367</ele><time>2026-09-13T01:19:21Z</time><sat>37</sat></trkpt>
  <trkpt lat="35.61482050" lon="139.62931909"><ele>55.927</ele><time>2026-09-13T01:19:27Z</time><sat>39</sat></trkpt>
  <trkpt lat="35.61474980" lon="139.62935041"><ele>55.495</ele><time>2026-09-13T01:19:33Z</time><sat>39</sat></trkpt>
  <trkpt lat="35.61469439" lon="139.62939226"><ele>56.145</ele><time>2026-09-13T01:19:39Z</time><sat>36</sat></trkpt>
  <trkpt lat="35.61467845" lon="139.62939739"><ele>55.207</ele><time>2026-09-13T01:19:42Z</time><sat>35</sat></trkpt>
  <trkpt lat="35.61466732" lon="139.62940287"><ele>54.997</ele><time>2026-09-13T01:19:45Z</time><sat>40</sat></trkpt>
  <trkpt lat="35.61459074" lon="139.62943489"><ele>54.458</ele><time>2026-09-13T01:19:51Z</time><sat>38</sat></trkpt>
  <trkpt lat="35.61451360" lon="139.62944767"><ele>53.799</ele><time>2026-09-13T01:19:57Z</time><sat>40</sat></trkpt>
  <trkpt lat="35.61444816" lon="139.62947546"><ele>54.223</ele><time>2026-09-13T01:20:03Z</time><sat>39</sat></trkpt>
  <trkpt lat="35.61437968" lon="139.62951895"><ele>54.668</ele><time>2026-09-13T01:20:09Z</time><sat>40</sat></trkpt>
  <trkpt lat="35.61431579" lon="139.62957066"><ele>54.776</ele><time>2026-09-13T01:20:15Z</time><sat>39</sat></trkpt>
  <trkpt lat="35.61425945" lon="139.62963475"><ele>54.092</ele><time>2026-09-13T01:20:21Z</time><sat>40</sat></trkpt>
  <trkpt lat="35.61420773" lon="139.62969261"><ele>54.133</ele><time>2026-09-13T01:20:27Z</time><sat>40</sat></trkpt>
  <trkpt lat="35.61416026" lon="139.62975083"><ele>54.641</ele><time>2026-09-13T01:20:33Z</time><sat>42</sat></trkpt>
  <trkpt lat="35.61410877" lon="139.62981531"><ele>54.526</ele><time>2026-09-13T01:20:39Z</time><sat>40</sat></trkpt>
  <trkpt lat="35.61406121" lon="139.62987321"><ele>56.344</ele><time>2026-09-13T01:20:45Z</time><sat>40</sat></trkpt>
  <trkpt lat="35.61401351" lon="139.62992795"><ele>56.261</ele><time>2026-09-13T01:20:51Z</time><sat>38</sat></trkpt>
  <trkpt lat="35.61395836" lon="139.62997189"><ele>56.108</ele><time>2026-09-13T01:20:57Z</time><sat>38</sat></trkpt>
  <trkpt lat="35.61389475" lon="139.62994868"><ele>55.180</ele><time>2026-09-13T01:21:03Z</time><sat>41</sat></trkpt>
  <trkpt lat="35.61381885" lon="139.62993187"><ele>54.486</ele><time>2026-09-13T01:21:09Z</time><sat>41</sat></trkpt>
  <trkpt lat="35.61375927" lon="139.62989748"><ele>53.665</ele><time>2026-09-13T01:21:15Z</time><sat>41</sat></trkpt>
  <trkpt lat="35.61374760" lon="139.62981644"><ele>53.792</ele><time>2026-09-13T01:21:21Z</time><sat>43</sat></trkpt>
  <trkpt lat="35.61379401" lon="139.62974660"><ele>53.873</ele><time>2026-09-13T01:21:27Z</time><sat>35</sat></trkpt>
  <trkpt lat="35.61382867" lon="139.62966348"><ele>54.283</ele><time>2026-09-13T01:21:33Z</time><sat>35</sat></trkpt>
  <trkpt lat="35.61386332" lon="139.62960913"><ele>55.374</ele><time>2026-09-13T01:21:37Z</time><sat>38</sat></trkpt>
  <trkpt lat="35.61393142" lon="139.62954203"><ele>56.276</ele><time>2026-09-13T01:21:43Z</time><sat>40</sat></trkpt>
  <trkpt lat="35.61396097" lon="139.62949768"><ele>56.993</ele><time>2026-09-13T01:21:46Z</time><sat>39</sat></trkpt>
  <trkpt lat="35.61401062" lon="139.62940728"><ele>58.458</ele><time>2026-09-13T01:21:52Z</time><sat>28</sat></trkpt>
  <trkpt lat="35.61403967" lon="139.62934533"><ele>56.903</ele><time>2026-09-13T01:21:58Z</time><sat>31</sat></trkpt>
  <trkpt lat="35.61404980" lon="139.62927386"><ele>54.834</ele><time>2026-09-13T01:22:04Z</time><sat>31</sat></trkpt>
  <trkpt lat="35.61406789" lon="139.62920149"><ele>54.831</ele><time>2026-09-13T01:22:10Z</time><sat>38</sat></trkpt>
  <trkpt lat="35.61410064" lon="139.62912984"><ele>54.367</ele><time>2026-09-13T01:22:16Z</time><sat>30</sat></trkpt>
  <trkpt lat="35.61412686" lon="139.62904387"><ele>53.572</ele><time>2026-09-13T01:22:22Z</time><sat>33</sat></trkpt>
  <trkpt lat="35.61415185" lon="139.62898646"><ele>53.051</ele><time>2026-09-13T01:22:28Z</time><sat>28</sat></trkpt>
  <trkpt lat="35.61418424" lon="139.62893505"><ele>55.518</ele><time>2026-09-13T01:22:31Z</time><sat>28</sat></trkpt>
  <trkpt lat="35.61421843" lon="139.62888007"><ele>56.354</ele><time>2026-09-13T01:22:34Z</time><sat>29</sat></trkpt>
  <trkpt lat="35.61424266" lon="139.62883294"><ele>57.833</ele><time>2026-09-13T01:22:37Z</time><sat>31</sat></trkpt>
  <trkpt lat="35.61428154" lon="139.62875133"><ele>57.516</ele><time>2026-09-13T01:22:43Z</time><sat>40</sat></trkpt>
  <trkpt lat="35.61431275" lon="139.62869350"><ele>57.748</ele><time>2026-09-13T01:22:49Z</time><sat>41</sat></trkpt>
  <trkpt lat="35.61435830" lon="139.62866829"><ele>54.607</ele><time>2026-09-13T01:22:55Z</time><sat>37</sat></trkpt>
  <trkpt lat="35.61429188" lon="139.62863034"><ele>54.949</ele><time>2026-09-13T01:23:04Z</time><sat>39</sat></trkpt>
  <trkpt lat="35.61424254" lon="139.62860052"><ele>54.762</ele><time>2026-09-13T01:23:07Z</time><sat>39</sat></trkpt>
  <trkpt lat="35.61419952" lon="139.62856962"><ele>54.608</ele><time>2026-09-13T01:23:10Z</time><sat>41</sat></trkpt>
  <trkpt lat="35.61412007" lon="139.62852078"><ele>54.613</ele><time>2026-09-13T01:23:16Z</time><sat>35</sat></trkpt>
  <trkpt lat="35.61407789" lon="139.62849812"><ele>55.175</ele><time>2026-09-13T01:23:19Z</time><sat>39</sat></trkpt>
  <trkpt lat="35.61400159" lon="139.62845218"><ele>54.333</ele><time>2026-09-13T01:23:25Z</time><sat>42</sat></trkpt>
  <trkpt lat="35.61393475" lon="139.62843774"><ele>53.119</ele><time>2026-09-13T01:23:31Z</time><sat>35</sat></trkpt>
  <trkpt lat="35.61386673" lon="139.62840007"><ele>52.861</ele><time>2026-09-13T01:23:37Z</time><sat>39</sat></trkpt>
  <trkpt lat="35.61380007" lon="139.62835236"><ele>52.722</ele><time>2026-09-13T01:23:43Z</time><sat>34</sat></trkpt>
  <trkpt lat="35.61377977" lon="139.62827471"><ele>55.235</ele><time>2026-09-13T01:23:48Z</time><sat>35</sat></trkpt>
  <trkpt lat="35.61372941" lon="139.62823884"><ele>53.509</ele><time>2026-09-13T01:23:54Z</time><sat>41</sat></trkpt>
  <trkpt lat="35.61366074" lon="139.62822300"><ele>51.909</ele><time>2026-09-13T01:24:00Z</time><sat>40</sat></trkpt>
  <trkpt lat="35.61359599" lon="139.62818679"><ele>51.348</ele><time>2026-09-13T01:24:06Z</time><sat>37</sat></trkpt>
  <trkpt lat="35.61353100" lon="139.62816060"><ele>50.730</ele><time>2026-09-13T01:24:12Z</time><sat>40</sat></trkpt>
  <trkpt lat="35.61346680" lon="139.62815239"><ele>51.405</ele><time>2026-09-13T01:24:18Z</time><sat>40</sat></trkpt>
  <trkpt lat="35.61340651" lon="139.62813193"><ele>50.661</ele><time>2026-09-13T01:24:24Z</time><sat>40</sat></trkpt>
  <trkpt lat="35.61333936" lon="139.62809111"><ele>51.996</ele><time>2026-09-13T01:24:30Z</time><sat>39</sat></trkpt>
  <trkpt lat="35.61328328" lon="139.62803971"><ele>51.405</ele><time>2026-09-13T01:24:36Z</time><sat>41</sat></trkpt>
  <trkpt lat="35.61324187" lon="139.62796479"><ele>51.143</ele><time>2026-09-13T01:24:42Z</time><sat>42</sat></trkpt>
  <trkpt lat="35.61321065" lon="139.62789592"><ele>53.076</ele><time>2026-09-13T01:24:48Z</time><sat>38</sat></trkpt>
  <trkpt lat="35.61322372" lon="139.62780490"><ele>52.937</ele><time>2026-09-13T01:24:54Z</time><sat>37</sat></trkpt>
  <trkpt lat="35.61325332" lon="139.62772434"><ele>50.922</ele><time>2026-09-13T01:25:00Z</time><sat>35</sat></trkpt>
  <trkpt lat="35.61326850" lon="139.62764276"><ele>51.130</ele><time>2026-09-13T01:25:06Z</time><sat>34</sat></trkpt>
  <trkpt lat="35.61326711" lon="139.62755884"><ele>53.844</ele><time>2026-09-13T01:25:12Z</time><sat>38</sat></trkpt>
  <trkpt lat="35.61328927" lon="139.62747206"><ele>55.961</ele><time>2026-09-13T01:25:18Z</time><sat>36</sat></trkpt>
  <trkpt lat="35.61331993" lon="139.62738162"><ele>55.595</ele><time>2026-09-13T01:25:24Z</time><sat>36</sat></trkpt>
  <trkpt lat="35.61335895" lon="139.62733074"><ele>55.759</ele><time>2026-09-13T01:25:30Z</time><sat>37</sat></trkpt>
  <trkpt lat="35.61335241" lon="139.62732329"><ele>55.401</ele><time>2026-09-13T01:25:33Z</time><sat>39</sat></trkpt>
  <trkpt lat="35.61333963" lon="139.62733113"><ele>54.294</ele><time>2026-09-13T01:25:36Z</time><sat>42</sat></trkpt>
  <trkpt lat="35.61333559" lon="139.62733105"><ele>53.753</ele><time>2026-09-13T01:25:39Z</time><sat>42</sat></trkpt>
  <trkpt lat="35.61333680" lon="139.62732782"><ele>53.420</ele><time>2026-09-13T01:25:45Z</time><sat>42</sat></trkpt>
  <trkpt lat="35.61333052" lon="139.62732635"><ele>53.829</ele><time>2026-09-13T01:25:48Z</time><sat>43</sat></trkpt>
  <trkpt lat="35.61332806" lon="139.62732869"><ele>53.759</ele><time>2026-09-13T01:25:51Z</time><sat>43</sat></trkpt>
  <trkpt lat="35.61332824" lon="139.62733130"><ele>53.684</ele><time>2026-09-13T01:25:54Z</time><sat>42</sat></trkpt>
  <trkpt lat="35.61332712" lon="139.62733600"><ele>53.492</ele><time>2026-09-13T01:25:57Z</time><sat>41</sat></trkpt>
  <trkpt lat="35.61332644" lon="139.62733696"><ele>53.518</ele><time>2026-09-13T01:26:00Z</time><sat>42</sat></trkpt>
  <trkpt lat="35.61332373" lon="139.62733355"><ele>53.503</ele><time>2026-09-13T01:26:03Z</time><sat>46</sat></trkpt>
  <trkpt lat="35.61332143" lon="139.62733013"><ele>53.591</ele><time>2026-09-13T01:26:15Z</time><sat>44</sat></trkpt>
  <trkpt lat="35.61331945" lon="139.62732626"><ele>53.773</ele><time>2026-09-13T01:26:27Z</time><sat>42</sat></trkpt>
  <trkpt lat="35.61331728" lon="139.62732244"><ele>53.955</ele><time>2026-09-13T01:26:39Z</time><sat>42</sat></trkpt>
  <trkpt lat="35.61331520" lon="139.62731804"><ele>54.104</ele><time>2026-09-13T01:26:45Z</time><sat>45</sat></trkpt>
  <trkpt lat="35.61330856" lon="139.62731553"><ele>54.185</ele><time>2026-09-13T01:26:48Z</time><sat>47</sat></trkpt>
  <trkpt lat="35.61324920" lon="139.62734357"><ele>54.780</ele><time>2026-09-13T01:26:54Z</time><sat>43</sat></trkpt>
  <trkpt lat="35.61317474" lon="139.62732959"><ele>55.006</ele><time>2026-09-13T01:27:00Z</time><sat>42</sat></trkpt>
  <trkpt lat="35.61309617" lon="139.62729320"><ele>56.051</ele><time>2026-09-13T01:27:06Z</time><sat>41</sat></trkpt>
  <trkpt lat="35.61305372" lon="139.62726463"><ele>56.562</ele><time>2026-09-13T01:27:09Z</time><sat>40</sat></trkpt>
  <trkpt lat="35.61298269" lon="139.62723456"><ele>56.149</ele><time>2026-09-13T01:27:15Z</time><sat>45</sat></trkpt>
  <trkpt lat="35.61292988" lon="139.62721183"><ele>59.546</ele><time>2026-09-13T01:27:21Z</time><sat>38</sat></trkpt>
  <trkpt lat="35.61287983" lon="139.62718367"><ele>60.392</ele><time>2026-09-13T01:27:24Z</time><sat>39</sat></trkpt>
  <trkpt lat="35.61282951" lon="139.62715366"><ele>60.821</ele><time>2026-09-13T01:27:27Z</time><sat>41</sat></trkpt>
  <trkpt lat="35.61280140" lon="139.62709365"><ele>61.432</ele><time>2026-09-13T01:27:33Z</time><sat>37</sat></trkpt>
  <trkpt lat="35.61276051" lon="139.62707027"><ele>61.569</ele><time>2026-09-13T01:27:36Z</time><sat>41</sat></trkpt>
  <trkpt lat="35.61270278" lon="139.62700817"><ele>66.337</ele><time>2026-09-13T01:27:42Z</time><sat>38</sat></trkpt>
  <trkpt lat="35.61263318" lon="139.62696830"><ele>69.323</ele><time>2026-09-13T01:27:48Z</time><sat>39</sat></trkpt>
  <trkpt lat="35.61261328" lon="139.62692209"><ele>78.527</ele><time>2026-09-13T01:27:57Z</time><sat>39</sat></trkpt>
  <trkpt lat="35.61258918" lon="139.62692303"><ele>79.749</ele><time>2026-09-13T01:28:00Z</time><sat>43</sat></trkpt>
  <trkpt lat="35.61259210" lon="139.62692925"><ele>79.696</ele><time>2026-09-13T01:28:12Z</time><sat>43</sat></trkpt>
  <trkpt lat="35.61257666" lon="139.62698190"><ele>84.118</ele><time>2026-09-13T01:28:18Z</time><sat>43</sat></trkpt>
  <trkpt lat="35.61253729" lon="139.62696981"><ele>85.151</ele><time>2026-09-13T01:28:30Z</time><sat>41</sat></trkpt>
  <trkpt lat="35.61253896" lon="139.62696621"><ele>85.911</ele><time>2026-09-13T01:28:39Z</time><sat>46</sat></trkpt>
  <trkpt lat="35.61253761" lon="139.62696018"><ele>88.392</ele><time>2026-09-13T01:28:42Z</time><sat>46</sat></trkpt>
  <trkpt lat="35.61258788" lon="139.62694240"><ele>82.045</ele><time>2026-09-13T01:28:48Z</time><sat>47</sat></trkpt>
  <trkpt lat="35.61264394" lon="139.62691086"><ele>77.714</ele><time>2026-09-13T01:28:54Z</time><sat>44</sat></trkpt>
  <trkpt lat="35.61259892" lon="139.62686630"><ele>83.085</ele><time>2026-09-13T01:29:06Z</time><sat>45</sat></trkpt>
  <trkpt lat="35.61260247" lon="139.62687733"><ele>99.358</ele><time>2026-09-13T01:29:18Z</time><sat>43</sat></trkpt>
  <trkpt lat="35.61260378" lon="139.62680437"><ele>100.582</ele><time>2026-09-13T01:29:27Z</time><sat>28</sat></trkpt>
  <trkpt lat="35.61260671" lon="139.62680878"><ele>100.584</ele><time>2026-09-13T01:29:30Z</time><sat>25</sat></trkpt>
  <trkpt lat="35.61260506" lon="139.62682294"><ele>101.004</ele><time>2026-09-13T01:29:33Z</time><sat>9</sat></trkpt>
  <trkpt lat="35.61265664" lon="139.62683056"><ele>102.145</ele><time>2026-09-13T01:29:36Z</time><sat>6</sat></trkpt>
  <trkpt lat="35.61268330" lon="139.62695620"><ele>102.203</ele><time>2026-09-13T01:29:39Z</time><sat>15</sat></trkpt>
  <trkpt lat="35.61267686" lon="139.62701981"><ele>101.628</ele><time>2026-09-13T01:29:42Z</time><sat>23</sat></trkpt>
  <trkpt lat="35.61264316" lon="139.62702626"><ele>104.569</ele><time>2026-09-13T01:29:45Z</time><sat>29</sat></trkpt>
  <trkpt lat="35.61256771" lon="139.62705643"><ele>111.435</ele><time>2026-09-13T01:29:48Z</time><sat>39</sat></trkpt>
  <trkpt lat="35.61254482" lon="139.62705973"><ele>111.647</ele><time>2026-09-13T01:29:51Z</time><sat>38</sat></trkpt>
  <trkpt lat="35.61253935" lon="139.62706400"><ele>112.114</ele><time>2026-09-13T01:29:54Z</time><sat>31</sat></trkpt>
  <trkpt lat="35.61254070" lon="139.62708406"><ele>114.061</ele><time>2026-09-13T01:29:57Z</time><sat>30</sat></trkpt>
  <trkpt lat="35.61249567" lon="139.62710427"><ele>116.179</ele><time>2026-09-13T01:30:09Z</time><sat>29</sat></trkpt>
  <trkpt lat="35.61250564" lon="139.62711428"><ele>115.036</ele><time>2026-09-13T01:30:12Z</time><sat>30</sat></trkpt>
  <trkpt lat="35.61252548" lon="139.62712473"><ele>115.026</ele><time>2026-09-13T01:30:15Z</time><sat>20</sat></trkpt>
  <trkpt lat="35.61253223" lon="139.62712746"><ele>114.807</ele><time>2026-09-13T01:30:18Z</time><sat>20</sat></trkpt>
  <trkpt lat="35.61254071" lon="139.62712154"><ele>114.885</ele><time>2026-09-13T01:30:21Z</time><sat>18</sat></trkpt>
  <trkpt lat="35.61253612" lon="139.62712032"><ele>114.411</ele><time>2026-09-13T01:30:33Z</time><sat>26</sat></trkpt>
  <trkpt lat="35.61253861" lon="139.62712940"><ele>113.489</ele><time>2026-09-13T01:30:36Z</time><sat>25</sat></trkpt>
  <trkpt lat="35.61256060" lon="139.62714474"><ele>115.229</ele><time>2026-09-13T01:30:42Z</time><sat>40</sat></trkpt>
  <trkpt lat="35.61256304" lon="139.62714516"><ele>119.801</ele><time>2026-09-13T01:30:45Z</time><sat>41</sat></trkpt>
  <trkpt lat="35.61255709" lon="139.62715020"><ele>120.089</ele><time>2026-09-13T01:30:48Z</time><sat>39</sat></trkpt>
  <trkpt lat="35.61261687" lon="139.62704330"><ele>110.607</ele><time>2026-09-13T01:30:56Z</time><sat>45</sat></trkpt>
  <trkpt lat="35.61258524" lon="139.62697531"><ele>99.159</ele><time>2026-09-13T01:30:59Z</time><sat>47</sat></trkpt>
  <trkpt lat="35.61254495" lon="139.62693991"><ele>90.240</ele><time>2026-09-13T01:31:02Z</time><sat>45</sat></trkpt>
  <trkpt lat="35.61246784" lon="139.62693405"><ele>80.665</ele><time>2026-09-13T01:31:08Z</time><sat>42</sat></trkpt>
  <trkpt lat="35.61240018" lon="139.62693289"><ele>75.003</ele><time>2026-09-13T01:31:14Z</time><sat>41</sat></trkpt>
  <trkpt lat="35.61234692" lon="139.62691272"><ele>73.353</ele><time>2026-09-13T01:31:20Z</time><sat>42</sat></trkpt>
  <trkpt lat="35.61229597" lon="139.62688858"><ele>71.372</ele><time>2026-09-13T01:31:26Z</time><sat>27</sat></trkpt>
  <trkpt lat="35.61224680" lon="139.62684417"><ele>69.193</ele><time>2026-09-13T01:31:32Z</time><sat>34</sat></trkpt>
  <trkpt lat="35.61218674" lon="139.62680448"><ele>68.146</ele><time>2026-09-13T01:31:38Z</time><sat>28</sat></trkpt>
  <trkpt lat="35.61212048" lon="139.62675539"><ele>73.378</ele><time>2026-09-13T01:31:44Z</time><sat>24</sat></trkpt>
  <trkpt lat="35.61209565" lon="139.62670445"><ele>74.734</ele><time>2026-09-13T01:31:50Z</time><sat>37</sat></trkpt>
  <trkpt lat="35.61209435" lon="139.62667570"><ele>75.284</ele><time>2026-09-13T01:31:53Z</time><sat>36</sat></trkpt>
  <trkpt lat="35.61209746" lon="139.62665930"><ele>75.804</ele><time>2026-09-13T01:31:56Z</time><sat>37</sat></trkpt>
  <trkpt lat="35.61209610" lon="139.62665801"><ele>75.088</ele><time>2026-09-13T01:31:59Z</time><sat>31</sat></trkpt>
  <trkpt lat="35.61209904" lon="139.62665919"><ele>72.653</ele><time>2026-09-13T01:32:02Z</time><sat>32</sat></trkpt>
  <trkpt lat="35.61209916" lon="139.62667621"><ele>71.813</ele><time>2026-09-13T01:32:14Z</time><sat>38</sat></trkpt>
  <trkpt lat="35.61210030" lon="139.62668000"><ele>71.487</ele><time>2026-09-13T01:32:25Z</time><sat>32</sat></trkpt>
  <trkpt lat="35.61210261" lon="139.62668123"><ele>71.242</ele><time>2026-09-13T01:32:28Z</time><sat>37</sat></trkpt>
  <trkpt lat="35.61210457" lon="139.62668923"><ele>71.150</ele><time>2026-09-13T01:32:31Z</time><sat>38</sat></trkpt>
  <trkpt lat="35.61210416" lon="139.62669152"><ele>70.900</ele><time>2026-09-13T01:32:40Z</time><sat>19</sat></trkpt>
  <trkpt lat="35.61209303" lon="139.62668083"><ele>70.702</ele><time>2026-09-13T01:32:43Z</time><sat>19</sat></trkpt>
  <trkpt lat="35.61203268" lon="139.62662829"><ele>71.056</ele><time>2026-09-13T01:32:49Z</time><sat>22</sat></trkpt>
  <trkpt lat="35.61197628" lon="139.62658402"><ele>70.510</ele><time>2026-09-13T01:32:55Z</time><sat>23</sat></trkpt>
  <trkpt lat="35.61194192" lon="139.62649102"><ele>72.911</ele><time>2026-09-13T01:33:01Z</time><sat>31</sat></trkpt>
  <trkpt lat="35.61190563" lon="139.62644310"><ele>62.699</ele><time>2026-09-13T01:33:13Z</time><sat>43</sat></trkpt>
  <trkpt lat="35.61183860" lon="139.62640280"><ele>62.703</ele><time>2026-09-13T01:33:19Z</time><sat>36</sat></trkpt>
  <trkpt lat="35.61176942" lon="139.62634842"><ele>62.902</ele><time>2026-09-13T01:33:25Z</time><sat>32</sat></trkpt>
  <trkpt lat="35.61170637" lon="139.62629246"><ele>62.723</ele><time>2026-09-13T01:33:31Z</time><sat>35</sat></trkpt>
  <trkpt lat="35.61164094" lon="139.62624072"><ele>62.349</ele><time>2026-09-13T01:33:37Z</time><sat>33</sat></trkpt>
  <trkpt lat="35.61157559" lon="139.62619464"><ele>62.367</ele><time>2026-09-13T01:33:43Z</time><sat>34</sat></trkpt>
  <trkpt lat="35.61150341" lon="139.62614228"><ele>62.462</ele><time>2026-09-13T01:33:49Z</time><sat>28</sat></trkpt>
  <trkpt lat="35.61144624" lon="139.62609903"><ele>61.240</ele><time>2026-09-13T01:33:55Z</time><sat>34</sat></trkpt>
  <trkpt lat="35.61138353" lon="139.62604619"><ele>60.216</ele><time>2026-09-13T01:34:01Z</time><sat>39</sat></trkpt>
  <trkpt lat="35.61131755" lon="139.62599326"><ele>61.509</ele><time>2026-09-13T01:34:07Z</time><sat>38</sat></trkpt>
  <trkpt lat="35.61126167" lon="139.62594740"><ele>61.384</ele><time>2026-09-13T01:34:13Z</time><sat>36</sat></trkpt>
  <trkpt lat="35.61120559" lon="139.62589821"><ele>61.173</ele><time>2026-09-13T01:34:19Z</time><sat>41</sat></trkpt>
  <trkpt lat="35.61115105" lon="139.62586011"><ele>59.526</ele><time>2026-09-13T01:34:25Z</time><sat>39</sat></trkpt>
  <trkpt lat="35.61108970" lon="139.62582058"><ele>59.031</ele><time>2026-09-13T01:34:31Z</time><sat>38</sat></trkpt>
  <trkpt lat="35.61102721" lon="139.62577868"><ele>58.675</ele><time>2026-09-13T01:34:37Z</time><sat>34</sat></trkpt>
  <trkpt lat="35.61096689" lon="139.62573303"><ele>58.188</ele><time>2026-09-13T01:34:43Z</time><sat>36</sat></trkpt>
  <trkpt lat="35.61090626" lon="139.62568597"><ele>58.741</ele><time>2026-09-13T01:34:49Z</time><sat>38</sat></trkpt>
  <trkpt lat="35.61084119" lon="139.62563607"><ele>58.900</ele><time>2026-09-13T01:34:55Z</time><sat>36</sat></trkpt>
  <trkpt lat="35.61078045" lon="139.62558782"><ele>58.183</ele><time>2026-09-13T01:35:01Z</time><sat>41</sat></trkpt>
  <trkpt lat="35.61072555" lon="139.62553938"><ele>58.494</ele><time>2026-09-13T01:35:07Z</time><sat>35</sat></trkpt>
  <trkpt lat="35.61067261" lon="139.62549583"><ele>58.165</ele><time>2026-09-13T01:35:13Z</time><sat>41</sat></trkpt>
  <trkpt lat="35.61061031" lon="139.62544771"><ele>57.240</ele><time>2026-09-13T01:35:19Z</time><sat>37</sat></trkpt>
  <trkpt lat="35.61055203" lon="139.62540003"><ele>57.526</ele><time>2026-09-13T01:35:25Z</time><sat>35</sat></trkpt>
  <trkpt lat="35.61049802" lon="139.62534662"><ele>57.246</ele><time>2026-09-13T01:35:31Z</time><sat>37</sat></trkpt>
  <trkpt lat="35.61044039" lon="139.62529543"><ele>57.176</ele><time>2026-09-13T01:35:37Z</time><sat>37</sat></trkpt>
  <trkpt lat="35.61039341" lon="139.62525269"><ele>57.523</ele><time>2026-09-13T01:35:43Z</time><sat>42</sat></trkpt>
  <trkpt lat="35.61037727" lon="139.62524333"><ele>56.902</ele><time>2026-09-13T01:35:46Z</time><sat>43</sat></trkpt>
  <trkpt lat="35.61037489" lon="139.62525902"><ele>56.895</ele><time>2026-09-13T01:35:49Z</time><sat>44</sat></trkpt>
  <trkpt lat="35.61037464" lon="139.62526458"><ele>56.746</ele><time>2026-09-13T01:35:52Z</time><sat>44</sat></trkpt>
  <trkpt lat="35.61036180" lon="139.62525472"><ele>55.796</ele><time>2026-09-13T01:35:56Z</time><sat>44</sat></trkpt>
  <trkpt lat="35.61030874" lon="139.62521481"><ele>56.503</ele><time>2026-09-13T01:36:02Z</time><sat>46</sat></trkpt>
  <trkpt lat="35.61025744" lon="139.62517406"><ele>57.253</ele><time>2026-09-13T01:36:08Z</time><sat>46</sat></trkpt>
  <trkpt lat="35.61020583" lon="139.62513030"><ele>57.742</ele><time>2026-09-13T01:36:14Z</time><sat>46</sat></trkpt>
  <trkpt lat="35.61015322" lon="139.62508686"><ele>57.879</ele><time>2026-09-13T01:36:20Z</time><sat>46</sat></trkpt>
  <trkpt lat="35.61009871" lon="139.62504035"><ele>58.510</ele><time>2026-09-13T01:36:26Z</time><sat>47</sat></trkpt>
  <trkpt lat="35.61002954" lon="139.62498173"><ele>58.227</ele><time>2026-09-13T01:36:34Z</time><sat>46</sat></trkpt>
  <trkpt lat="35.60997768" lon="139.62493270"><ele>57.844</ele><time>2026-09-13T01:36:40Z</time><sat>47</sat></trkpt>
  <trkpt lat="35.60991660" lon="139.62489097"><ele>57.694</ele><time>2026-09-13T01:36:46Z</time><sat>45</sat></trkpt>
  <trkpt lat="35.60985851" lon="139.62484267"><ele>58.095</ele><time>2026-09-13T01:36:52Z</time><sat>45</sat></trkpt>
  <trkpt lat="35.60980088" lon="139.62479400"><ele>58.059</ele><time>2026-09-13T01:36:58Z</time><sat>47</sat></trkpt>
  <trkpt lat="35.60973818" lon="139.62474693"><ele>57.556</ele><time>2026-09-13T01:37:04Z</time><sat>45</sat></trkpt>
  <trkpt lat="35.60967148" lon="139.62469767"><ele>56.900</ele><time>2026-09-13T01:37:10Z</time><sat>45</sat></trkpt>
  <trkpt lat="35.60960290" lon="139.62463742"><ele>55.898</ele><time>2026-09-13T01:37:16Z</time><sat>44</sat></trkpt>
  <trkpt lat="35.60953677" lon="139.62457833"><ele>56.188</ele><time>2026-09-13T01:37:22Z</time><sat>44</sat></trkpt>
  <trkpt lat="35.60946344" lon="139.62453841"><ele>57.978</ele><time>2026-09-13T01:37:28Z</time><sat>42</sat></trkpt>
  <trkpt lat="35.60939982" lon="139.62446688"><ele>57.738</ele><time>2026-09-13T01:37:34Z</time><sat>44</sat></trkpt>
  <trkpt lat="35.60934349" lon="139.62443884"><ele>56.853</ele><time>2026-09-13T01:37:40Z</time><sat>44</sat></trkpt>
  <trkpt lat="35.60928098" lon="139.62438833"><ele>56.556</ele><time>2026-09-13T01:37:46Z</time><sat>43</sat></trkpt>
  <trkpt lat="35.60921403" lon="139.62432536"><ele>56.589</ele><time>2026-09-13T01:37:52Z</time><sat>42</sat></trkpt>
  <trkpt lat="35.60915042" lon="139.62426697"><ele>57.124</ele><time>2026-09-13T01:37:58Z</time><sat>44</sat></trkpt>
  <trkpt lat="35.60909119" lon="139.62421552"><ele>56.878</ele><time>2026-09-13T01:38:04Z</time><sat>44</sat></trkpt>
  <trkpt lat="35.60903551" lon="139.62417372"><ele>56.107</ele><time>2026-09-13T01:38:10Z</time><sat>46</sat></trkpt>
  <trkpt lat="35.60897879" lon="139.62413031"><ele>56.147</ele><time>2026-09-13T01:38:16Z</time><sat>47</sat></trkpt>
  <trkpt lat="35.60892751" lon="139.62408537"><ele>56.011</ele><time>2026-09-13T01:38:22Z</time><sat>43</sat></trkpt>
  <trkpt lat="35.60886875" lon="139.62403911"><ele>55.444</ele><time>2026-09-13T01:38:28Z</time><sat>45</sat></trkpt>
  <trkpt lat="35.60881425" lon="139.62401707"><ele>55.235</ele><time>2026-09-13T01:38:34Z</time><sat>44</sat></trkpt>
  <trkpt lat="35.60875143" lon="139.62395124"><ele>55.710</ele><time>2026-09-13T01:38:40Z</time><sat>42</sat></trkpt>
  <trkpt lat="35.60868393" lon="139.62389031"><ele>55.429</ele><time>2026-09-13T01:38:46Z</time><sat>45</sat></trkpt>
  <trkpt lat="35.60861831" lon="139.62383205"><ele>55.688</ele><time>2026-09-13T01:38:52Z</time><sat>43</sat></trkpt>
  <trkpt lat="35.60854858" lon="139.62377751"><ele>56.636</ele><time>2026-09-13T01:38:58Z</time><sat>47</sat></trkpt>
  <trkpt lat="35.60848231" lon="139.62372690"><ele>56.461</ele><time>2026-09-13T01:39:04Z</time><sat>43</sat></trkpt>
  <trkpt lat="35.60841614" lon="139.62367585"><ele>57.150</ele><time>2026-09-13T01:39:10Z</time><sat>46</sat></trkpt>
  <trkpt lat="35.60834982" lon="139.62362424"><ele>57.056</ele><time>2026-09-13T01:39:16Z</time><sat>47</sat></trkpt>
  <trkpt lat="35.60829173" lon="139.62358216"><ele>56.842</ele><time>2026-09-13T01:39:22Z</time><sat>46</sat></trkpt>
  <trkpt lat="35.60822984" lon="139.62353028"><ele>55.659</ele><time>2026-09-13T01:39:28Z</time><sat>45</sat></trkpt>
  <trkpt lat="35.60816712" lon="139.62348018"><ele>55.334</ele><time>2026-09-13T01:39:34Z</time><sat>46</sat></trkpt>
  <trkpt lat="35.60810422" lon="139.62343306"><ele>55.830</ele><time>2026-09-13T01:39:40Z</time><sat>45</sat></trkpt>
  <trkpt lat="35.60805266" lon="139.62340330"><ele>53.531</ele><time>2026-09-13T01:39:46Z</time><sat>47</sat></trkpt>
  <trkpt lat="35.60800968" lon="139.62335792"><ele>55.375</ele><time>2026-09-13T01:39:55Z</time><sat>41</sat></trkpt>
  <trkpt lat="35.60797392" lon="139.62326754"><ele>55.945</ele><time>2026-09-13T01:40:01Z</time><sat>39</sat></trkpt>
  <trkpt lat="35.60795412" lon="139.62321679"><ele>57.350</ele><time>2026-09-13T01:40:04Z</time><sat>44</sat></trkpt>
  <trkpt lat="35.60792010" lon="139.62313776"><ele>57.319</ele><time>2026-09-13T01:40:10Z</time><sat>42</sat></trkpt>
  <trkpt lat="35.60790716" lon="139.62306431"><ele>57.604</ele><time>2026-09-13T01:40:16Z</time><sat>45</sat></trkpt>
  <trkpt lat="35.60792148" lon="139.62298113"><ele>55.025</ele><time>2026-09-13T01:40:22Z</time><sat>43</sat></trkpt>
  <trkpt lat="35.60793697" lon="139.62289170"><ele>56.759</ele><time>2026-09-13T01:40:28Z</time><sat>38</sat></trkpt>
  <trkpt lat="35.60792146" lon="139.62281199"><ele>56.977</ele><time>2026-09-13T01:40:34Z</time><sat>40</sat></trkpt>
  <trkpt lat="35.60790303" lon="139.62271830"><ele>53.609</ele><time>2026-09-13T01:40:40Z</time><sat>35</sat></trkpt>
  <trkpt lat="35.60792070" lon="139.62263421"><ele>53.407</ele><time>2026-09-13T01:40:46Z</time><sat>38</sat></trkpt>
  <trkpt lat="35.60793943" lon="139.62254287"><ele>53.568</ele><time>2026-09-13T01:40:52Z</time><sat>36</sat></trkpt>
  <trkpt lat="35.60794168" lon="139.62246501"><ele>51.365</ele><time>2026-09-13T01:40:58Z</time><sat>37</sat></trkpt>
  <trkpt lat="35.60795644" lon="139.62238054"><ele>48.862</ele><time>2026-09-13T01:41:04Z</time><sat>38</sat></trkpt>
  <trkpt lat="35.60795018" lon="139.62231038"><ele>50.652</ele><time>2026-09-13T01:41:10Z</time><sat>37</sat></trkpt>
  <trkpt lat="35.60794744" lon="139.62224239"><ele>52.085</ele><time>2026-09-13T01:41:16Z</time><sat>36</sat></trkpt>
  <trkpt lat="35.60790518" lon="139.62221452"><ele>58.399</ele><time>2026-09-13T01:41:22Z</time><sat>37</sat></trkpt>
  <trkpt lat="35.60783205" lon="139.62221717"><ele>59.227</ele><time>2026-09-13T01:41:28Z</time><sat>41</sat></trkpt>
  <trkpt lat="35.60776676" lon="139.62223925"><ele>59.389</ele><time>2026-09-13T01:41:34Z</time><sat>37</sat></trkpt>
  <trkpt lat="35.60769598" lon="139.62225570"><ele>60.359</ele><time>2026-09-13T01:41:40Z</time><sat>31</sat></trkpt>
  <trkpt lat="35.60762442" lon="139.62228107"><ele>58.315</ele><time>2026-09-13T01:41:46Z</time><sat>31</sat></trkpt>
  <trkpt lat="35.60754599" lon="139.62230486"><ele>57.339</ele><time>2026-09-13T01:41:52Z</time><sat>33</sat></trkpt>
  <trkpt lat="35.60748580" lon="139.62234084"><ele>55.630</ele><time>2026-09-13T01:41:58Z</time><sat>36</sat></trkpt>
  <trkpt lat="35.60743068" lon="139.62237592"><ele>56.291</ele><time>2026-09-13T01:42:04Z</time><sat>38</sat></trkpt>
  <trkpt lat="35.60738375" lon="139.62240978"><ele>59.360</ele><time>2026-09-13T01:42:10Z</time><sat>39</sat></trkpt>
  <trkpt lat="35.60733918" lon="139.62247072"><ele>61.354</ele><time>2026-09-13T01:42:16Z</time><sat>39</sat></trkpt>
  <trkpt lat="35.60727760" lon="139.62247968"><ele>62.190</ele><time>2026-09-13T01:42:22Z</time><sat>37</sat></trkpt>
  <trkpt lat="35.60724307" lon="139.62252127"><ele>58.826</ele><time>2026-09-13T01:42:28Z</time><sat>34</sat></trkpt>
  <trkpt lat="35.60719804" lon="139.62252825"><ele>60.481</ele><time>2026-09-13T01:42:34Z</time><sat>34</sat></trkpt>
  <trkpt lat="35.60719604" lon="139.62249657"><ele>61.101</ele><time>2026-09-13T01:42:40Z</time><sat>28</sat></trkpt>
  <trkpt lat="35.60719071" lon="139.62251484"><ele>60.847</ele><time>2026-09-13T01:42:43Z</time><sat>23</sat></trkpt>
  <trkpt lat="35.60718665" lon="139.62252465"><ele>60.183</ele><time>2026-09-13T01:42:46Z</time><sat>17</sat></trkpt>
  <trkpt lat="35.60719521" lon="139.62252374"><ele>60.859</ele><time>2026-09-13T01:42:49Z</time><sat>13</sat></trkpt>
  <trkpt lat="35.60720938" lon="139.62252627"><ele>63.153</ele><time>2026-09-13T01:43:01Z</time><sat>24</sat></trkpt>
  <trkpt lat="35.60722337" lon="139.62250184"><ele>61.669</ele><time>2026-09-13T01:43:13Z</time><sat>18</sat></trkpt>
  <trkpt lat="35.60722632" lon="139.62250414"><ele>63.292</ele><time>2026-09-13T01:43:22Z</time><sat>21</sat></trkpt>
  <trkpt lat="35.60721365" lon="139.62251276"><ele>63.362</ele><time>2026-09-13T01:43:25Z</time><sat>17</sat></trkpt>
  <trkpt lat="35.60721095" lon="139.62251146"><ele>63.453</ele><time>2026-09-13T01:43:28Z</time><sat>17</sat></trkpt>
  <trkpt lat="35.60721668" lon="139.62252694"><ele>63.738</ele><time>2026-09-13T01:43:32Z</time><sat>14</sat></trkpt>
  <trkpt lat="35.60722497" lon="139.62251288"><ele>64.723</ele><time>2026-09-13T01:43:35Z</time><sat>20</sat></trkpt>
  <trkpt lat="35.60721573" lon="139.62249410"><ele>64.833</ele><time>2026-09-13T01:43:38Z</time><sat>21</sat></trkpt>
  <trkpt lat="35.60721263" lon="139.62248962"><ele>64.735</ele><time>2026-09-13T01:43:41Z</time><sat>12</sat></trkpt>
  <trkpt lat="35.60721224" lon="139.62248946"><ele>64.109</ele><time>2026-09-13T01:43:44Z</time><sat>12</sat></trkpt>
  <trkpt lat="35.60720886" lon="139.62249812"><ele>64.130</ele><time>2026-09-13T01:43:47Z</time><sat>25</sat></trkpt>
  <trkpt lat="35.60721454" lon="139.62249536"><ele>64.619</ele><time>2026-09-13T01:43:50Z</time><sat>30</sat></trkpt>
  <trkpt lat="35.60722003" lon="139.62248766"><ele>65.356</ele><time>2026-09-13T01:43:53Z</time><sat>28</sat></trkpt>
  <trkpt lat="35.60728375" lon="139.62248358"><ele>65.905</ele><time>2026-09-13T01:43:59Z</time><sat>23</sat></trkpt>
  <trkpt lat="35.60734420" lon="139.62243744"><ele>62.962</ele><time>2026-09-13T01:44:05Z</time><sat>27</sat></trkpt>
  <trkpt lat="35.60738617" lon="139.62238681"><ele>63.975</ele><time>2026-09-13T01:44:11Z</time><sat>35</sat></trkpt>
  <trkpt lat="35.60744082" lon="139.62235822"><ele>67.561</ele><time>2026-09-13T01:44:23Z</time><sat>35</sat></trkpt>
  <trkpt lat="35.60748222" lon="139.62231595"><ele>66.746</ele><time>2026-09-13T01:44:29Z</time><sat>39</sat></trkpt>
  <trkpt lat="35.60752738" lon="139.62228997"><ele>68.112</ele><time>2026-09-13T01:44:35Z</time><sat>35</sat></trkpt>
  <trkpt lat="35.60757016" lon="139.62227590"><ele>66.788</ele><time>2026-09-13T01:44:44Z</time><sat>35</sat></trkpt>
  <trkpt lat="35.60755235" lon="139.62227778"><ele>63.884</ele><time>2026-09-13T01:44:47Z</time><sat>33</sat></trkpt>
  <trkpt lat="35.60754432" lon="139.62227892"><ele>63.323</ele><time>2026-09-13T01:44:50Z</time><sat>33</sat></trkpt>
  <trkpt lat="35.60750002" lon="139.62230331"><ele>60.740</ele><time>2026-09-13T01:44:55Z</time><sat>31</sat></trkpt>
  <trkpt lat="35.60743298" lon="139.62235466"><ele>62.116</ele><time>2026-09-13T01:45:01Z</time><sat>37</sat></trkpt>
  <trkpt lat="35.60738271" lon="139.62236017"><ele>65.012</ele><time>2026-09-13T01:45:10Z</time><sat>36</sat></trkpt>
  <trkpt lat="35.60734153" lon="139.62232779"><ele>65.955</ele><time>2026-09-13T01:45:13Z</time><sat>36</sat></trkpt>
  <trkpt lat="35.60727097" lon="139.62225683"><ele>62.157</ele><time>2026-09-13T01:45:19Z</time><sat>36</sat></trkpt>
  <trkpt lat="35.60720324" lon="139.62221315"><ele>59.467</ele><time>2026-09-13T01:45:25Z</time><sat>37</sat></trkpt>
  <trkpt lat="35.60714198" lon="139.62218238"><ele>58.094</ele><time>2026-09-13T01:45:31Z</time><sat>39</sat></trkpt>
  <trkpt lat="35.60705930" lon="139.62215947"><ele>59.112</ele><time>2026-09-13T01:45:37Z</time><sat>37</sat></trkpt>
  <trkpt lat="35.60697459" lon="139.62213735"><ele>61.213</ele><time>2026-09-13T01:45:43Z</time><sat>41</sat></trkpt>
  <trkpt lat="35.60690468" lon="139.62210952"><ele>58.975</ele><time>2026-09-13T01:45:49Z</time><sat>40</sat></trkpt>
  <trkpt lat="35.60684238" lon="139.62204986"><ele>58.124</ele><time>2026-09-13T01:45:55Z</time><sat>37</sat></trkpt>
  <trkpt lat="35.60679309" lon="139.62199934"><ele>61.386</ele><time>2026-09-13T01:46:01Z</time><sat>38</sat></trkpt>
  <trkpt lat="35.60674184" lon="139.62198252"><ele>65.406</ele><time>2026-09-13T01:46:10Z</time><sat>37</sat></trkpt>
  <trkpt lat="35.60669510" lon="139.62194109"><ele>62.069</ele><time>2026-09-13T01:46:16Z</time><sat>40</sat></trkpt>
  <trkpt lat="35.60661279" lon="139.62189890"><ele>59.514</ele><time>2026-09-13T01:46:22Z</time><sat>31</sat></trkpt>
  <trkpt lat="35.60657158" lon="139.62185948"><ele>59.105</ele><time>2026-09-13T01:46:25Z</time><sat>29</sat></trkpt>
  <trkpt lat="35.60652075" lon="139.62182755"><ele>58.291</ele><time>2026-09-13T01:46:28Z</time><sat>32</sat></trkpt>
  <trkpt lat="35.60646635" lon="139.62182001"><ele>56.616</ele><time>2026-09-13T01:46:31Z</time><sat>28</sat></trkpt>
  <trkpt lat="35.60639748" lon="139.62178279"><ele>55.921</ele><time>2026-09-13T01:46:37Z</time><sat>37</sat></trkpt>
  <trkpt lat="35.60632555" lon="139.62172300"><ele>56.451</ele><time>2026-09-13T01:46:43Z</time><sat>35</sat></trkpt>
  <trkpt lat="35.60624161" lon="139.62170791"><ele>56.695</ele><time>2026-09-13T01:46:49Z</time><sat>32</sat></trkpt>
  <trkpt lat="35.60618631" lon="139.62163146"><ele>57.746</ele><time>2026-09-13T01:46:55Z</time><sat>16</sat></trkpt>
  <trkpt lat="35.60620855" lon="139.62153414"><ele>58.762</ele><time>2026-09-13T01:47:01Z</time><sat>26</sat></trkpt>
  <trkpt lat="35.60621715" lon="139.62146778"><ele>58.364</ele><time>2026-09-13T01:47:07Z</time><sat>18</sat></trkpt>
  <trkpt lat="35.60615151" lon="139.62143934"><ele>58.252</ele><time>2026-09-13T01:47:10Z</time><sat>22</sat></trkpt>
  <trkpt lat="35.60609444" lon="139.62144100"><ele>57.605</ele><time>2026-09-13T01:47:13Z</time><sat>22</sat></trkpt>
  <trkpt lat="35.60603795" lon="139.62140082"><ele>57.638</ele><time>2026-09-13T01:47:16Z</time><sat>12</sat></trkpt>
  <trkpt lat="35.60597227" lon="139.62138949"><ele>56.970</ele><time>2026-09-13T01:47:19Z</time><sat>11</sat></trkpt>
  <trkpt lat="35.60594989" lon="139.62130811"><ele>57.290</ele><time>2026-09-13T01:47:25Z</time><sat>20</sat></trkpt>
  <trkpt lat="35.60591358" lon="139.62124726"><ele>58.127</ele><time>2026-09-13T01:47:28Z</time><sat>18</sat></trkpt>
  <trkpt lat="35.60587755" lon="139.62120580"><ele>59.470</ele><time>2026-09-13T01:47:31Z</time><sat>22</sat></trkpt>
  <trkpt lat="35.60579524" lon="139.62118020"><ele>62.600</ele><time>2026-09-13T01:47:37Z</time><sat>21</sat></trkpt>
  <trkpt lat="35.60572530" lon="139.62116195"><ele>59.203</ele><time>2026-09-13T01:47:43Z</time><sat>26</sat></trkpt>
  <trkpt lat="35.60567965" lon="139.62112924"><ele>63.084</ele><time>2026-09-13T01:47:49Z</time><sat>29</sat></trkpt>
  <trkpt lat="35.60564563" lon="139.62106029"><ele>65.515</ele><time>2026-09-13T01:47:55Z</time><sat>26</sat></trkpt>
  <trkpt lat="35.60561373" lon="139.62101712"><ele>67.584</ele><time>2026-09-13T01:47:58Z</time><sat>30</sat></trkpt>
  <trkpt lat="35.60556795" lon="139.62099191"><ele>67.008</ele><time>2026-09-13T01:48:01Z</time><sat>30</sat></trkpt>
  <trkpt lat="35.60549783" lon="139.62094165"><ele>65.693</ele><time>2026-09-13T01:48:07Z</time><sat>26</sat></trkpt>
  <trkpt lat="35.60548618" lon="139.62088189"><ele>65.671</ele><time>2026-09-13T01:48:10Z</time><sat>26</sat></trkpt>
  <trkpt lat="35.60545281" lon="139.62083323"><ele>65.508</ele><time>2026-09-13T01:48:13Z</time><sat>21</sat></trkpt>
  <trkpt lat="35.60544743" lon="139.62076360"><ele>64.613</ele><time>2026-09-13T01:48:16Z</time><sat>25</sat></trkpt>
  <trkpt lat="35.60541843" lon="139.62071607"><ele>64.334</ele><time>2026-09-13T01:48:19Z</time><sat>28</sat></trkpt>
  <trkpt lat="35.60535767" lon="139.62068720"><ele>66.417</ele><time>2026-09-13T01:48:25Z</time><sat>30</sat></trkpt>
  <trkpt lat="35.60529699" lon="139.62066688"><ele>63.860</ele><time>2026-09-13T01:48:31Z</time><sat>23</sat></trkpt>
  <trkpt lat="35.60525186" lon="139.62065808"><ele>63.487</ele><time>2026-09-13T01:48:34Z</time><sat>24</sat></trkpt>
  <trkpt lat="35.60522726" lon="139.62060670"><ele>62.463</ele><time>2026-09-13T01:48:37Z</time><sat>26</sat></trkpt>
  <trkpt lat="35.60518077" lon="139.62055993"><ele>63.391</ele><time>2026-09-13T01:48:43Z</time><sat>21</sat></trkpt>
  <trkpt lat="35.60513084" lon="139.62050102"><ele>60.224</ele><time>2026-09-13T01:48:49Z</time><sat>29</sat></trkpt>
  <trkpt lat="35.60508430" lon="139.62048815"><ele>63.114</ele><time>2026-09-13T01:48:52Z</time><sat>28</sat></trkpt>
  <trkpt lat="35.60503277" lon="139.62044198"><ele>61.807</ele><time>2026-09-13T01:48:58Z</time><sat>29</sat></trkpt>
  <trkpt lat="35.60498384" lon="139.62041147"><ele>67.422</ele><time>2026-09-13T01:49:04Z</time><sat>27</sat></trkpt>
  <trkpt lat="35.60493488" lon="139.62034750"><ele>68.025</ele><time>2026-09-13T01:49:10Z</time><sat>31</sat></trkpt>
  <trkpt lat="35.60490657" lon="139.62029704"><ele>66.752</ele><time>2026-09-13T01:49:13Z</time><sat>31</sat></trkpt>
  <trkpt lat="35.60488706" lon="139.62022334"><ele>63.371</ele><time>2026-09-13T01:49:16Z</time><sat>32</sat></trkpt>
  <trkpt lat="35.60487648" lon="139.62015390"><ele>61.780</ele><time>2026-09-13T01:49:19Z</time><sat>34</sat></trkpt>
  <trkpt lat="35.60486899" lon="139.62009576"><ele>62.053</ele><time>2026-09-13T01:49:22Z</time><sat>34</sat></trkpt>
  <trkpt lat="35.60484345" lon="139.62001240"><ele>58.009</ele><time>2026-09-13T01:49:28Z</time><sat>37</sat></trkpt>
  <trkpt lat="35.60480441" lon="139.61992965"><ele>54.526</ele><time>2026-09-13T01:49:34Z</time><sat>40</sat></trkpt>
  <trkpt lat="35.60474185" lon="139.61988481"><ele>53.992</ele><time>2026-09-13T01:49:40Z</time><sat>37</sat></trkpt>
  <trkpt lat="35.60469102" lon="139.61982635"><ele>55.232</ele><time>2026-09-13T01:49:46Z</time><sat>35</sat></trkpt>
  <trkpt lat="35.60464295" lon="139.61977086"><ele>55.701</ele><time>2026-09-13T01:49:52Z</time><sat>39</sat></trkpt>
  <trkpt lat="35.60456782" lon="139.61972536"><ele>54.519</ele><time>2026-09-13T01:49:58Z</time><sat>31</sat></trkpt>
  <trkpt lat="35.60451946" lon="139.61965453"><ele>53.686</ele><time>2026-09-13T01:50:04Z</time><sat>34</sat></trkpt>
  <trkpt lat="35.60454171" lon="139.61957777"><ele>53.381</ele><time>2026-09-13T01:50:07Z</time><sat>38</sat></trkpt>
  <trkpt lat="35.60456724" lon="139.61950643"><ele>52.066</ele><time>2026-09-13T01:50:10Z</time><sat>41</sat></trkpt>
  <trkpt lat="35.60457700" lon="139.61943553"><ele>51.283</ele><time>2026-09-13T01:50:13Z</time><sat>35</sat></trkpt>
  <trkpt lat="35.60456878" lon="139.61934395"><ele>52.263</ele><time>2026-09-13T01:50:19Z</time><sat>34</sat></trkpt>
  <trkpt lat="35.60452418" lon="139.61928371"><ele>52.893</ele><time>2026-09-13T01:50:25Z</time><sat>36</sat></trkpt>
  <trkpt lat="35.60447878" lon="139.61919180"><ele>52.417</ele><time>2026-09-13T01:50:31Z</time><sat>34</sat></trkpt>
  <trkpt lat="35.60441281" lon="139.61912720"><ele>52.507</ele><time>2026-09-13T01:50:37Z</time><sat>36</sat></trkpt>
  <trkpt lat="35.60436777" lon="139.61905206"><ele>53.010</ele><time>2026-09-13T01:50:43Z</time><sat>37</sat></trkpt>
  <trkpt lat="35.60437565" lon="139.61898933"><ele>53.244</ele><time>2026-09-13T01:50:46Z</time><sat>34</sat></trkpt>
  <trkpt lat="35.60437580" lon="139.61889377"><ele>51.338</ele><time>2026-09-13T01:50:52Z</time><sat>37</sat></trkpt>
  <trkpt lat="35.60433935" lon="139.61881952"><ele>53.340</ele><time>2026-09-13T01:50:58Z</time><sat>37</sat></trkpt>
  <trkpt lat="35.60427115" lon="139.61876762"><ele>53.096</ele><time>2026-09-13T01:51:04Z</time><sat>37</sat></trkpt>
  <trkpt lat="35.60422315" lon="139.61869433"><ele>51.016</ele><time>2026-09-13T01:51:10Z</time><sat>37</sat></trkpt>
  <trkpt lat="35.60416807" lon="139.61864079"><ele>52.515</ele><time>2026-09-13T01:51:16Z</time><sat>37</sat></trkpt>
  <trkpt lat="35.60410561" lon="139.61858979"><ele>57.070</ele><time>2026-09-13T01:51:22Z</time><sat>38</sat></trkpt>
  <trkpt lat="35.60406457" lon="139.61851308"><ele>56.708</ele><time>2026-09-13T01:51:28Z</time><sat>35</sat></trkpt>
  <trkpt lat="35.60404512" lon="139.61844773"><ele>57.268</ele><time>2026-09-13T01:51:34Z</time><sat>32</sat></trkpt>
  <trkpt lat="35.60401304" lon="139.61837272"><ele>54.822</ele><time>2026-09-13T01:51:40Z</time><sat>37</sat></trkpt>
  <trkpt lat="35.60399809" lon="139.61831586"><ele>55.272</ele><time>2026-09-13T01:51:46Z</time><sat>38</sat></trkpt>
  <trkpt lat="35.60397356" lon="139.61826050"><ele>54.587</ele><time>2026-09-13T01:51:52Z</time><sat>36</sat></trkpt>
  <trkpt lat="35.60396250" lon="139.61818478"><ele>56.832</ele><time>2026-09-13T01:51:58Z</time><sat>36</sat></trkpt>
  <trkpt lat="35.60394554" lon="139.61809717"><ele>55.829</ele><time>2026-09-13T01:52:04Z</time><sat>39</sat></trkpt>
  <trkpt lat="35.60389505" lon="139.61803851"><ele>55.731</ele><time>2026-09-13T01:52:10Z</time><sat>33</sat></trkpt>
  <trkpt lat="35.60386745" lon="139.61798842"><ele>55.199</ele><time>2026-09-13T01:52:13Z</time><sat>35</sat></trkpt>
  <trkpt lat="35.60380801" lon="139.61792024"><ele>56.872</ele><time>2026-09-13T01:52:19Z</time><sat>36</sat></trkpt>
  <trkpt lat="35.60374765" lon="139.61786589"><ele>56.472</ele><time>2026-09-13T01:52:25Z</time><sat>31</sat></trkpt>
  <trkpt lat="35.60371667" lon="139.61778397"><ele>53.077</ele><time>2026-09-13T01:52:31Z</time><sat>30</sat></trkpt>
  <trkpt lat="35.60368329" lon="139.61774299"><ele>53.561</ele><time>2026-09-13T01:52:34Z</time><sat>31</sat></trkpt>
  <trkpt lat="35.60361890" lon="139.61766481"><ele>56.233</ele><time>2026-09-13T01:52:40Z</time><sat>30</sat></trkpt>
  <trkpt lat="35.60360807" lon="139.61758177"><ele>54.578</ele><time>2026-09-13T01:52:46Z</time><sat>35</sat></trkpt>
  <trkpt lat="35.60358036" lon="139.61758865"><ele>53.999</ele><time>2026-09-13T01:52:49Z</time><sat>32</sat></trkpt>
  <trkpt lat="35.60358665" lon="139.61756259"><ele>54.412</ele><time>2026-09-13T01:52:52Z</time><sat>32</sat></trkpt>
  <trkpt lat="35.60359580" lon="139.61754855"><ele>54.908</ele><time>2026-09-13T01:52:55Z</time><sat>28</sat></trkpt>
  <trkpt lat="35.60359524" lon="139.61754778"><ele>54.929</ele><time>2026-09-13T01:52:58Z</time><sat>27</sat></trkpt>
  <trkpt lat="35.60359533" lon="139.61754736"><ele>54.933</ele><time>2026-09-13T01:53:01Z</time><sat>24</sat></trkpt>
  <trkpt lat="35.60359428" lon="139.61754339"><ele>54.257</ele><time>2026-09-13T01:53:04Z</time><sat>23</sat></trkpt>
  <trkpt lat="35.60355886" lon="139.61747194"><ele>55.094</ele><time>2026-09-13T01:53:10Z</time><sat>34</sat></trkpt>
  <trkpt lat="35.60356108" lon="139.61739600"><ele>54.754</ele><time>2026-09-13T01:53:16Z</time><sat>35</sat></trkpt>
  <trkpt lat="35.60351513" lon="139.61734172"><ele>55.102</ele><time>2026-09-13T01:53:22Z</time><sat>38</sat></trkpt>
  <trkpt lat="35.60346322" lon="139.61730993"><ele>55.840</ele><time>2026-09-13T01:53:25Z</time><sat>38</sat></trkpt>
  <trkpt lat="35.60342261" lon="139.61727151"><ele>55.758</ele><time>2026-09-13T01:53:28Z</time><sat>34</sat></trkpt>
  <trkpt lat="35.60336620" lon="139.61718852"><ele>55.713</ele><time>2026-09-13T01:53:34Z</time><sat>27</sat></trkpt>
  <trkpt lat="35.60336131" lon="139.61709396"><ele>59.087</ele><time>2026-09-13T01:53:40Z</time><sat>33</sat></trkpt>
  <trkpt lat="35.60335010" lon="139.61700963"><ele>59.012</ele><time>2026-09-13T01:53:46Z</time><sat>37</sat></trkpt>
  <trkpt lat="35.60332721" lon="139.61693528"><ele>57.311</ele><time>2026-09-13T01:53:52Z</time><sat>38</sat></trkpt>
  <trkpt lat="35.60329388" lon="139.61685411"><ele>56.533</ele><time>2026-09-13T01:53:58Z</time><sat>28</sat></trkpt>
  <trkpt lat="35.60324681" lon="139.61677320"><ele>56.585</ele><time>2026-09-13T01:54:04Z</time><sat>32</sat></trkpt>
  <trkpt lat="35.60319408" lon="139.61669536"><ele>54.839</ele><time>2026-09-13T01:54:10Z</time><sat>23</sat></trkpt>
  <trkpt lat="35.60315561" lon="139.61661901"><ele>53.849</ele><time>2026-09-13T01:54:16Z</time><sat>28</sat></trkpt>
  <trkpt lat="35.60314828" lon="139.61654670"><ele>55.532</ele><time>2026-09-13T01:54:22Z</time><sat>32</sat></trkpt>
  <trkpt lat="35.60306925" lon="139.61650334"><ele>55.820</ele><time>2026-09-13T01:54:28Z</time><sat>30</sat></trkpt>
  <trkpt lat="35.60305859" lon="139.61645334"><ele>61.111</ele><time>2026-09-13T01:54:34Z</time><sat>31</sat></trkpt>
  <trkpt lat="35.60306164" lon="139.61644053"><ele>61.848</ele><time>2026-09-13T01:54:37Z</time><sat>31</sat></trkpt>
  <trkpt lat="35.60306763" lon="139.61643350"><ele>61.933</ele><time>2026-09-13T01:54:49Z</time><sat>22</sat></trkpt>
  <trkpt lat="35.60306325" lon="139.61642875"><ele>62.092</ele><time>2026-09-13T01:54:52Z</time><sat>30</sat></trkpt>
  <trkpt lat="35.60305971" lon="139.61643873"><ele>62.844</ele><time>2026-09-13T01:54:55Z</time><sat>33</sat></trkpt>
  <trkpt lat="35.60305897" lon="139.61644051"><ele>62.834</ele><time>2026-09-13T01:55:07Z</time><sat>19</sat></trkpt>
  <trkpt lat="35.60305890" lon="139.61644052"><ele>62.828</ele><time>2026-09-13T01:55:19Z</time><sat>14</sat></trkpt>
  <trkpt lat="35.60305940" lon="139.61644015"><ele>62.603</ele><time>2026-09-13T01:55:31Z</time><sat>15</sat></trkpt>
  <trkpt lat="35.60305940" lon="139.61644017"><ele>62.602</ele><time>2026-09-13T01:55:37Z</time><sat>24</sat></trkpt>
  <trkpt lat="35.60305472" lon="139.61643412"><ele>63.276</ele><time>2026-09-13T01:55:40Z</time><sat>18</sat></trkpt>
  <trkpt lat="35.60300459" lon="139.61634825"><ele>65.705</ele><time>2026-09-13T01:55:46Z</time><sat>32</sat></trkpt>
  <trkpt lat="35.60296662" lon="139.61628218"><ele>61.352</ele><time>2026-09-13T01:55:52Z</time><sat>31</sat></trkpt>
  <trkpt lat="35.60291822" lon="139.61619855"><ele>59.185</ele><time>2026-09-13T01:56:01Z</time><sat>33</sat></trkpt>
  <trkpt lat="35.60290862" lon="139.61613195"><ele>58.001</ele><time>2026-09-13T01:56:04Z</time><sat>35</sat></trkpt>
  <trkpt lat="35.60286821" lon="139.61604341"><ele>58.042</ele><time>2026-09-13T01:56:10Z</time><sat>29</sat></trkpt>
  <trkpt lat="35.60280015" lon="139.61598304"><ele>54.551</ele><time>2026-09-13T01:56:16Z</time><sat>29</sat></trkpt>
  <trkpt lat="35.60276991" lon="139.61590812"><ele>55.029</ele><time>2026-09-13T01:56:22Z</time><sat>30</sat></trkpt>
  <trkpt lat="35.60275679" lon="139.61584473"><ele>56.657</ele><time>2026-09-13T01:56:28Z</time><sat>29</sat></trkpt>
  <trkpt lat="35.60272687" lon="139.61575313"><ele>56.195</ele><time>2026-09-13T01:56:34Z</time><sat>32</sat></trkpt>
  <trkpt lat="35.60270767" lon="139.61565232"><ele>57.040</ele><time>2026-09-13T01:56:40Z</time><sat>31</sat></trkpt>
  <trkpt lat="35.60266534" lon="139.61557532"><ele>55.128</ele><time>2026-09-13T01:56:46Z</time><sat>28</sat></trkpt>
  <trkpt lat="35.60259984" lon="139.61551667"><ele>59.439</ele><time>2026-09-13T01:56:52Z</time><sat>22</sat></trkpt>
  <trkpt lat="35.60254096" lon="139.61545419"><ele>58.728</ele><time>2026-09-13T01:56:58Z</time><sat>29</sat></trkpt>
  <trkpt lat="35.60246342" lon="139.61540792"><ele>58.766</ele><time>2026-09-13T01:57:04Z</time><sat>21</sat></trkpt>
  <trkpt lat="35.60239418" lon="139.61537884"><ele>59.959</ele><time>2026-09-13T01:57:10Z</time><sat>27</sat></trkpt>
  <trkpt lat="35.60237110" lon="139.61544095"><ele>58.349</ele><time>2026-09-13T01:57:16Z</time><sat>19</sat></trkpt>
  <trkpt lat="35.60237340" lon="139.61550237"><ele>56.782</ele><time>2026-09-13T01:57:19Z</time><sat>22</sat></trkpt>
  <trkpt lat="35.60235693" lon="139.61554507"><ele>57.158</ele><time>2026-09-13T01:57:22Z</time><sat>23</sat></trkpt>
  <trkpt lat="35.60234629" lon="139.61556732"><ele>58.287</ele><time>2026-09-13T01:57:25Z</time><sat>32</sat></trkpt>
  <trkpt lat="35.60234392" lon="139.61557042"><ele>58.282</ele><time>2026-09-13T01:57:28Z</time><sat>33</sat></trkpt>
  <trkpt lat="35.60234251" lon="139.61557123"><ele>60.094</ele><time>2026-09-13T01:57:31Z</time><sat>32</sat></trkpt>
  <trkpt lat="35.60232297" lon="139.61562167"><ele>59.320</ele><time>2026-09-13T01:57:37Z</time><sat>35</sat></trkpt>
  <trkpt lat="35.60232076" lon="139.61562919"><ele>58.924</ele><time>2026-09-13T01:57:40Z</time><sat>36</sat></trkpt>
  <trkpt lat="35.60232543" lon="139.61561381"><ele>59.307</ele><time>2026-09-13T01:57:43Z</time><sat>36</sat></trkpt>
  <trkpt lat="35.60235496" lon="139.61553715"><ele>59.858</ele><time>2026-09-13T01:57:49Z</time><sat>35</sat></trkpt>
  <trkpt lat="35.60237527" lon="139.61545802"><ele>60.269</ele><time>2026-09-13T01:57:55Z</time><sat>31</sat></trkpt>
  <trkpt lat="35.60237805" lon="139.61542559"><ele>59.389</ele><time>2026-09-13T01:57:58Z</time><sat>24</sat></trkpt>
  <trkpt lat="35.60237785" lon="139.61542542"><ele>57.647</ele><time>2026-09-13T01:58:01Z</time><sat>29</sat></trkpt>
  <trkpt lat="35.60237311" lon="139.61543656"><ele>56.098</ele><time>2026-09-13T01:58:13Z</time><sat>24</sat></trkpt>
  <trkpt lat="35.60237533" lon="139.61543607"><ele>56.152</ele><time>2026-09-13T01:58:19Z</time><sat>19</sat></trkpt>
  <trkpt lat="35.60237537" lon="139.61543628"><ele>55.808</ele><time>2026-09-13T01:58:22Z</time><sat>21</sat></trkpt>
  <trkpt lat="35.60237629" lon="139.61543447"><ele>55.524</ele><time>2026-09-13T01:58:25Z</time><sat>24</sat></trkpt>
  <trkpt lat="35.60237785" lon="139.61542937"><ele>55.188</ele><time>2026-09-13T01:58:37Z</time><sat>23</sat></trkpt>
  <trkpt lat="35.60237783" lon="139.61542950"><ele>55.191</ele><time>2026-09-13T01:58:40Z</time><sat>17</sat></trkpt>
  <trkpt lat="35.60238100" lon="139.61542189"><ele>55.358</ele><time>2026-09-13T01:58:43Z</time><sat>21</sat></trkpt>
  <trkpt lat="35.60241652" lon="139.61535315"><ele>53.672</ele><time>2026-09-13T01:58:49Z</time><sat>27</sat></trkpt>
  <trkpt lat="35.60245283" lon="139.61525589"><ele>56.556</ele><time>2026-09-13T01:58:55Z</time><sat>36</sat></trkpt>
  <trkpt lat="35.60248696" lon="139.61516093"><ele>58.686</ele><time>2026-09-13T01:59:01Z</time><sat>41</sat></trkpt>
  <trkpt lat="35.60251271" lon="139.61507885"><ele>57.480</ele><time>2026-09-13T01:59:07Z</time><sat>39</sat></trkpt>
  <trkpt lat="35.60253439" lon="139.61499424"><ele>56.254</ele><time>2026-09-13T01:59:13Z</time><sat>40</sat></trkpt>
  <trkpt lat="35.60255480" lon="139.61491186"><ele>56.429</ele><time>2026-09-13T01:59:19Z</time><sat>39</sat></trkpt>
  <trkpt lat="35.60257630" lon="139.61483099"><ele>56.782</ele><time>2026-09-13T01:59:25Z</time><sat>38</sat></trkpt>
  <trkpt lat="35.60258692" lon="139.61472730"><ele>57.063</ele><time>2026-09-13T01:59:31Z</time><sat>39</sat></trkpt>
  <trkpt lat="35.60261903" lon="139.61463133"><ele>57.399</ele><time>2026-09-13T01:59:37Z</time><sat>38</sat></trkpt>
  <trkpt lat="35.60265932" lon="139.61454153"><ele>57.728</ele><time>2026-09-13T01:59:43Z</time><sat>37</sat></trkpt>
  <trkpt lat="35.60267923" lon="139.61444647"><ele>57.582</ele><time>2026-09-13T01:59:49Z</time><sat>37</sat></trkpt>
  <trkpt lat="35.60261754" lon="139.61437509"><ele>58.430</ele><time>2026-09-13T01:59:55Z</time><sat>36</sat></trkpt>
  <trkpt lat="35.60257032" lon="139.61436812"><ele>58.712</ele><time>2026-09-13T01:59:58Z</time><sat>35</sat></trkpt>
  <trkpt lat="35.60248766" lon="139.61433575"><ele>58.105</ele><time>2026-09-13T02:00:04Z</time><sat>35</sat></trkpt>
  <trkpt lat="35.60245653" lon="139.61429506"><ele>57.942</ele><time>2026-09-13T02:00:07Z</time><sat>33</sat></trkpt>
  <trkpt lat="35.60239776" lon="139.61422125"><ele>58.620</ele><time>2026-09-13T02:00:13Z</time><sat>30</sat></trkpt>
  <trkpt lat="35.60235197" lon="139.61413467"><ele>58.836</ele><time>2026-09-13T02:00:19Z</time><sat>32</sat></trkpt>
  <trkpt lat="35.60231600" lon="139.61405406"><ele>58.495</ele><time>2026-09-13T02:00:25Z</time><sat>38</sat></trkpt>
  <trkpt lat="35.60227247" lon="139.61397019"><ele>58.688</ele><time>2026-09-13T02:00:31Z</time><sat>36</sat></trkpt>
  <trkpt lat="35.60223942" lon="139.61388634"><ele>59.458</ele><time>2026-09-13T02:00:37Z</time><sat>31</sat></trkpt>
  <trkpt lat="35.60219476" lon="139.61381385"><ele>59.191</ele><time>2026-09-13T02:00:43Z</time><sat>31</sat></trkpt>
  <trkpt lat="35.60216037" lon="139.61373264"><ele>58.969</ele><time>2026-09-13T02:00:49Z</time><sat>32</sat></trkpt>
  <trkpt lat="35.60211846" lon="139.61366099"><ele>59.627</ele><time>2026-09-13T02:00:55Z</time><sat>32</sat></trkpt>
  <trkpt lat="35.60207727" lon="139.61358819"><ele>60.181</ele><time>2026-09-13T02:01:01Z</time><sat>32</sat></trkpt>
  <trkpt lat="35.60203779" lon="139.61352383"><ele>60.243</ele><time>2026-09-13T02:01:07Z</time><sat>34</sat></trkpt>
  <trkpt lat="35.60201005" lon="139.61344031"><ele>61.090</ele><time>2026-09-13T02:01:13Z</time><sat>31</sat></trkpt>
  <trkpt lat="35.60197087" lon="139.61336487"><ele>61.557</ele><time>2026-09-13T02:01:19Z</time><sat>36</sat></trkpt>
  <trkpt lat="35.60196024" lon="139.61328997"><ele>61.000</ele><time>2026-09-13T02:01:25Z</time><sat>35</sat></trkpt>
  <trkpt lat="35.60192974" lon="139.61320025"><ele>60.268</ele><time>2026-09-13T02:01:31Z</time><sat>35</sat></trkpt>
  <trkpt lat="35.60188213" lon="139.61314174"><ele>56.467</ele><time>2026-09-13T02:01:37Z</time><sat>29</sat></trkpt>
  <trkpt lat="35.60183055" lon="139.61307344"><ele>54.764</ele><time>2026-09-13T02:01:43Z</time><sat>26</sat></trkpt>
  <trkpt lat="35.60180203" lon="139.61302996"><ele>55.771</ele><time>2026-09-13T02:01:46Z</time><sat>25</sat></trkpt>
  <trkpt lat="35.60176745" lon="139.61295854"><ele>52.564</ele><time>2026-09-13T02:01:52Z</time><sat>30</sat></trkpt>
  <trkpt lat="35.60172572" lon="139.61287948"><ele>49.857</ele><time>2026-09-13T02:01:58Z</time><sat>32</sat></trkpt>
  <trkpt lat="35.60168407" lon="139.61279065"><ele>49.949</ele><time>2026-09-13T02:02:04Z</time><sat>32</sat></trkpt>
  <trkpt lat="35.60161943" lon="139.61273106"><ele>51.148</ele><time>2026-09-13T02:02:10Z</time><sat>33</sat></trkpt>
  <trkpt lat="35.60157802" lon="139.61266363"><ele>53.559</ele><time>2026-09-13T02:02:16Z</time><sat>35</sat></trkpt>
  <trkpt lat="35.60154043" lon="139.61257165"><ele>53.947</ele><time>2026-09-13T02:02:22Z</time><sat>38</sat></trkpt>
  <trkpt lat="35.60149562" lon="139.61249233"><ele>53.913</ele><time>2026-09-13T02:02:28Z</time><sat>26</sat></trkpt>
  <trkpt lat="35.60146562" lon="139.61240203"><ele>53.916</ele><time>2026-09-13T02:02:34Z</time><sat>31</sat></trkpt>
  <trkpt lat="35.60141774" lon="139.61232691"><ele>54.343</ele><time>2026-09-13T02:02:40Z</time><sat>34</sat></trkpt>
  <trkpt lat="35.60138093" lon="139.61225078"><ele>54.841</ele><time>2026-09-13T02:02:46Z</time><sat>34</sat></trkpt>
  <trkpt lat="35.60134238" lon="139.61217551"><ele>54.734</ele><time>2026-09-13T02:02:52Z</time><sat>32</sat></trkpt>
  <trkpt lat="35.60130186" lon="139.61211616"><ele>54.376</ele><time>2026-09-13T02:02:58Z</time><sat>30</sat></trkpt>
  <trkpt lat="35.60127082" lon="139.61203772"><ele>54.671</ele><time>2026-09-13T02:03:04Z</time><sat>33</sat></trkpt>
  <trkpt lat="35.60123015" lon="139.61196648"><ele>55.293</ele><time>2026-09-13T02:03:10Z</time><sat>36</sat></trkpt>
  <trkpt lat="35.60119833" lon="139.61191073"><ele>55.734</ele><time>2026-09-13T02:03:16Z</time><sat>37</sat></trkpt>
  <trkpt lat="35.60112719" lon="139.61186100"><ele>56.534</ele><time>2026-09-13T02:03:22Z</time><sat>38</sat></trkpt>
  <trkpt lat="35.60105252" lon="139.61183570"><ele>57.913</ele><time>2026-09-13T02:03:28Z</time><sat>37</sat></trkpt>
  <trkpt lat="35.60098519" lon="139.61181365"><ele>58.108</ele><time>2026-09-13T02:03:34Z</time><sat>37</sat></trkpt>
  <trkpt lat="35.60091517" lon="139.61179153"><ele>59.233</ele><time>2026-09-13T02:03:40Z</time><sat>40</sat></trkpt>
  <trkpt lat="35.60084822" lon="139.61176815"><ele>58.496</ele><time>2026-09-13T02:03:46Z</time><sat>38</sat></trkpt>
  <trkpt lat="35.60078108" lon="139.61174236"><ele>59.200</ele><time>2026-09-13T02:03:52Z</time><sat>41</sat></trkpt>
  <trkpt lat="35.60071061" lon="139.61171183"><ele>60.079</ele><time>2026-09-13T02:03:58Z</time><sat>38</sat></trkpt>
  <trkpt lat="35.60064938" lon="139.61167575"><ele>65.594</ele><time>2026-09-13T02:04:04Z</time><sat>36</sat></trkpt>
  <trkpt lat="35.60064999" lon="139.61159688"><ele>64.526</ele><time>2026-09-13T02:04:13Z</time><sat>41</sat></trkpt>
  <trkpt lat="35.60058640" lon="139.61161394"><ele>58.458</ele><time>2026-09-13T02:04:19Z</time><sat>40</sat></trkpt>
  <trkpt lat="35.60053294" lon="139.61162521"><ele>57.160</ele><time>2026-09-13T02:04:22Z</time><sat>40</sat></trkpt>
  <trkpt lat="35.60047565" lon="139.61162397"><ele>57.968</ele><time>2026-09-13T02:04:25Z</time><sat>38</sat></trkpt>
  <trkpt lat="35.60043078" lon="139.61160758"><ele>58.312</ele><time>2026-09-13T02:04:28Z</time><sat>39</sat></trkpt>
  <trkpt lat="35.60034790" lon="139.61156885"><ele>58.403</ele><time>2026-09-13T02:04:34Z</time><sat>27</sat></trkpt>
  <trkpt lat="35.60029750" lon="139.61155639"><ele>59.501</ele><time>2026-09-13T02:04:37Z</time><sat>36</sat></trkpt>
  <trkpt lat="35.60024830" lon="139.61154401"><ele>59.525</ele><time>2026-09-13T02:04:40Z</time><sat>37</sat></trkpt>
  <trkpt lat="35.60017019" lon="139.61151069"><ele>60.330</ele><time>2026-09-13T02:04:46Z</time><sat>36</sat></trkpt>
  <trkpt lat="35.60009847" lon="139.61147912"><ele>59.935</ele><time>2026-09-13T02:04:52Z</time><sat>36</sat></trkpt>
  <trkpt lat="35.60004446" lon="139.61142564"><ele>60.891</ele><time>2026-09-13T02:04:58Z</time><sat>39</sat></trkpt>
  <trkpt lat="35.60003410" lon="139.61135515"><ele>62.215</ele><time>2026-09-13T02:05:02Z</time><sat>38</sat></trkpt>
  <trkpt lat="35.60007106" lon="139.61128321"><ele>62.004</ele><time>2026-09-13T02:05:08Z</time><sat>40</sat></trkpt>
  <trkpt lat="35.60008669" lon="139.61124781"><ele>62.849</ele><time>2026-09-13T02:05:11Z</time><sat>31</sat></trkpt>
  <trkpt lat="35.60009863" lon="139.61123339"><ele>60.241</ele><time>2026-09-13T02:05:14Z</time><sat>32</sat></trkpt>
  <trkpt lat="35.60009444" lon="139.61121676"><ele>58.853</ele><time>2026-09-13T02:05:20Z</time><sat>33</sat></trkpt>
  <trkpt lat="35.60009563" lon="139.61120980"><ele>58.880</ele><time>2026-09-13T02:05:23Z</time><sat>34</sat></trkpt>
  <trkpt lat="35.60009844" lon="139.61120187"><ele>59.822</ele><time>2026-09-13T02:05:26Z</time><sat>31</sat></trkpt>
  <trkpt lat="35.60009700" lon="139.61120029"><ele>59.951</ele><time>2026-09-13T02:05:38Z</time><sat>25</sat></trkpt>
  <trkpt lat="35.60009540" lon="139.61119975"><ele>60.069</ele><time>2026-09-13T02:05:50Z</time><sat>32</sat></trkpt>
  <trkpt lat="35.60009510" lon="139.61120754"><ele>59.273</ele><time>2026-09-13T02:06:02Z</time><sat>26</sat></trkpt>
  <trkpt lat="35.60009523" lon="139.61121633"><ele>59.256</ele><time>2026-09-13T02:06:14Z</time><sat>35</sat></trkpt>
  <trkpt lat="35.60009475" lon="139.61121702"><ele>59.260</ele><time>2026-09-13T02:06:26Z</time><sat>33</sat></trkpt>
  <trkpt lat="35.60009059" lon="139.61121971"><ele>58.841</ele><time>2026-09-13T02:06:37Z</time><sat>33</sat></trkpt>
  <trkpt lat="35.60009174" lon="139.61122419"><ele>58.421</ele><time>2026-09-13T02:06:40Z</time><sat>34</sat></trkpt>
  <trkpt lat="35.60009147" lon="139.61122372"><ele>56.777</ele><time>2026-09-13T02:06:44Z</time><sat>35</sat></trkpt>
  <trkpt lat="35.60009005" lon="139.61122530"><ele>56.806</ele><time>2026-09-13T02:06:47Z</time><sat>35</sat></trkpt>
  <trkpt lat="35.60008204" lon="139.61121791"><ele>57.016</ele><time>2026-09-13T02:06:50Z</time><sat>30</sat></trkpt>
  <trkpt lat="35.60003590" lon="139.61116138"><ele>56.356</ele><time>2026-09-13T02:06:56Z</time><sat>32</sat></trkpt>
  <trkpt lat="35.59999575" lon="139.61109027"><ele>58.615</ele><time>2026-09-13T02:07:05Z</time><sat>32</sat></trkpt>
  <trkpt lat="35.59998424" lon="139.61100728"><ele>57.022</ele><time>2026-09-13T02:07:11Z</time><sat>32</sat></trkpt>
  <trkpt lat="35.59996609" lon="139.61095351"><ele>58.121</ele><time>2026-09-13T02:07:14Z</time><sat>32</sat></trkpt>
  <trkpt lat="35.59995023" lon="139.61088058"><ele>55.352</ele><time>2026-09-13T02:07:20Z</time><sat>30</sat></trkpt>
  <trkpt lat="35.59992644" lon="139.61080917"><ele>56.557</ele><time>2026-09-13T02:07:26Z</time><sat>32</sat></trkpt>
  <trkpt lat="35.59987200" lon="139.61080437"><ele>62.128</ele><time>2026-09-13T02:07:32Z</time><sat>30</sat></trkpt>
  <trkpt lat="35.59983639" lon="139.61076218"><ele>68.140</ele><time>2026-09-13T02:07:41Z</time><sat>35</sat></trkpt>
  <trkpt lat="35.59979095" lon="139.61076929"><ele>69.218</ele><time>2026-09-13T02:07:47Z</time><sat>36</sat></trkpt>
  <trkpt lat="35.59977584" lon="139.61071242"><ele>67.371</ele><time>2026-09-13T02:07:56Z</time><sat>21</sat></trkpt>
  <trkpt lat="35.59977860" lon="139.61069281"><ele>67.395</ele><time>2026-09-13T02:07:59Z</time><sat>17</sat></trkpt>
  <trkpt lat="35.59978100" lon="139.61069294"><ele>67.556</ele><time>2026-09-13T02:08:02Z</time><sat>9</sat></trkpt>
  <trkpt lat="35.59981898" lon="139.61072379"><ele>67.336</ele><time>2026-09-13T02:08:05Z</time><sat>7</sat></trkpt>
  <trkpt lat="35.59983130" lon="139.61065197"><ele>67.919</ele><time>2026-09-13T02:08:14Z</time><sat>8</sat></trkpt>
  <trkpt lat="35.59978285" lon="139.61069708"><ele>67.749</ele><time>2026-09-13T02:08:23Z</time><sat>14</sat></trkpt>
  <trkpt lat="35.59974325" lon="139.61071074"><ele>67.711</ele><time>2026-09-13T02:08:26Z</time><sat>10</sat></trkpt>
  <trkpt lat="35.59971032" lon="139.61070007"><ele>67.239</ele><time>2026-09-13T02:08:29Z</time><sat>11</sat></trkpt>
  <trkpt lat="35.59941259" lon="139.61073687"><ele>69.833</ele><time>2026-09-13T02:09:40Z</time><sat>22</sat></trkpt>
  <trkpt lat="35.59941665" lon="139.61065008"><ele>64.494</ele><time>2026-09-13T02:09:43Z</time><sat>25</sat></trkpt>
  <trkpt lat="35.59941971" lon="139.61055668"><ele>59.890</ele><time>2026-09-13T02:09:46Z</time><sat>32</sat></trkpt>
  <trkpt lat="35.59943539" lon="139.61056003"><ele>57.059</ele><time>2026-09-13T02:09:49Z</time><sat>32</sat></trkpt>
  <trkpt lat="35.59946148" lon="139.61060710"><ele>60.489</ele><time>2026-09-13T02:09:52Z</time><sat>37</sat></trkpt>
  <trkpt lat="35.59950718" lon="139.61062151"><ele>58.875</ele><time>2026-09-13T02:09:58Z</time><sat>41</sat></trkpt>
  <trkpt lat="35.59954835" lon="139.61055103"><ele>60.949</ele><time>2026-09-13T02:10:07Z</time><sat>42</sat></trkpt>
  <trkpt lat="35.59959637" lon="139.61048457"><ele>62.400</ele><time>2026-09-13T02:10:13Z</time><sat>36</sat></trkpt>
  <trkpt lat="35.59960423" lon="139.61055035"><ele>55.598</ele><time>2026-09-13T02:10:22Z</time><sat>40</sat></trkpt>
  <trkpt lat="35.59959645" lon="139.61060641"><ele>50.430</ele><time>2026-09-13T02:10:28Z</time><sat>42</sat></trkpt>
  <trkpt lat="35.59956295" lon="139.61062126"><ele>50.281</ele><time>2026-09-13T02:10:34Z</time><sat>30</sat></trkpt>
  <trkpt lat="35.59956800" lon="139.61060126"><ele>51.122</ele><time>2026-09-13T02:10:38Z</time><sat>25</sat></trkpt>
  <trkpt lat="35.59956878" lon="139.61060168"><ele>51.043</ele><time>2026-09-13T02:10:41Z</time><sat>37</sat></trkpt>
  <trkpt lat="35.59958102" lon="139.61060699"><ele>49.229</ele><time>2026-09-13T02:10:44Z</time><sat>39</sat></trkpt>
  <trkpt lat="35.59959501" lon="139.61066789"><ele>43.283</ele><time>2026-09-13T02:10:50Z</time><sat>41</sat></trkpt>
  <trkpt lat="35.59959120" lon="139.61072862"><ele>41.903</ele><time>2026-09-13T02:10:56Z</time><sat>39</sat></trkpt>
  <trkpt lat="35.59959723" lon="139.61082740"><ele>46.920</ele><time>2026-09-13T02:11:02Z</time><sat>40</sat></trkpt>
  <trkpt lat="35.59956252" lon="139.61089099"><ele>48.813</ele><time>2026-09-13T02:11:08Z</time><sat>38</sat></trkpt>
  <trkpt lat="35.59953469" lon="139.61094222"><ele>54.029</ele><time>2026-09-13T02:11:14Z</time><sat>40</sat></trkpt>
  <trkpt lat="35.59950436" lon="139.61099030"><ele>55.467</ele><time>2026-09-13T02:11:20Z</time><sat>36</sat></trkpt>
  <trkpt lat="35.59946619" lon="139.61103449"><ele>54.931</ele><time>2026-09-13T02:11:26Z</time><sat>33</sat></trkpt>
  <trkpt lat="35.59942925" lon="139.61108118"><ele>54.342</ele><time>2026-09-13T02:11:32Z</time><sat>38</sat></trkpt>
  <trkpt lat="35.59941447" lon="139.61113916"><ele>55.660</ele><time>2026-09-13T02:11:36Z</time><sat>37</sat></trkpt>
  <trkpt lat="35.59939927" lon="139.61114832"><ele>52.755</ele><time>2026-09-13T02:11:48Z</time><sat>34</sat></trkpt>
  <trkpt lat="35.59934443" lon="139.61112361"><ele>52.474</ele><time>2026-09-13T02:11:51Z</time><sat>25</sat></trkpt>
  <trkpt lat="35.59928424" lon="139.61107626"><ele>53.572</ele><time>2026-09-13T02:11:54Z</time><sat>26</sat></trkpt>
  <trkpt lat="35.59924948" lon="139.61103442"><ele>56.484</ele><time>2026-09-13T02:12:00Z</time><sat>32</sat></trkpt>
  <trkpt lat="35.59920227" lon="139.61098610"><ele>54.747</ele><time>2026-09-13T02:12:03Z</time><sat>25</sat></trkpt>
  <trkpt lat="35.59918015" lon="139.61089622"><ele>52.794</ele><time>2026-09-13T02:12:06Z</time><sat>14</sat></trkpt>
  <trkpt lat="35.59918331" lon="139.61079498"><ele>52.968</ele><time>2026-09-13T02:12:09Z</time><sat>15</sat></trkpt>
  <trkpt lat="35.59918434" lon="139.61072440"><ele>53.377</ele><time>2026-09-13T02:12:12Z</time><sat>24</sat></trkpt>
  <trkpt lat="35.59914076" lon="139.61065388"><ele>52.417</ele><time>2026-09-13T02:12:15Z</time><sat>21</sat></trkpt>
  <trkpt lat="35.59909348" lon="139.61058371"><ele>53.003</ele><time>2026-09-13T02:12:18Z</time><sat>18</sat></trkpt>
  <trkpt lat="35.59908688" lon="139.61052341"><ele>54.783</ele><time>2026-09-13T02:12:21Z</time><sat>26</sat></trkpt>
  <trkpt lat="35.59906833" lon="139.61043665"><ele>60.564</ele><time>2026-09-13T02:12:27Z</time><sat>30</sat></trkpt>
  <trkpt lat="35.59905415" lon="139.61044753"><ele>61.421</ele><time>2026-09-13T02:12:30Z</time><sat>31</sat></trkpt>
  <trkpt lat="35.59903962" lon="139.61047220"><ele>63.971</ele><time>2026-09-13T02:12:33Z</time><sat>31</sat></trkpt>
  <trkpt lat="35.59905433" lon="139.61047686"><ele>63.995</ele><time>2026-09-13T02:12:36Z</time><sat>35</sat></trkpt>
  <trkpt lat="35.59906895" lon="139.61047707"><ele>64.502</ele><time>2026-09-13T02:12:39Z</time><sat>35</sat></trkpt>
  <trkpt lat="35.59908857" lon="139.61050148"><ele>60.991</ele><time>2026-09-13T02:12:42Z</time><sat>37</sat></trkpt>
  <trkpt lat="35.59910960" lon="139.61051440"><ele>61.358</ele><time>2026-09-13T02:12:45Z</time><sat>39</sat></trkpt>
  <trkpt lat="35.59911730" lon="139.61053413"><ele>61.064</ele><time>2026-09-13T02:12:48Z</time><sat>38</sat></trkpt>
  <trkpt lat="35.59912925" lon="139.61051584"><ele>61.766</ele><time>2026-09-13T02:12:51Z</time><sat>27</sat></trkpt>
  <trkpt lat="35.59913299" lon="139.61050951"><ele>61.814</ele><time>2026-09-13T02:12:54Z</time><sat>30</sat></trkpt>
  <trkpt lat="35.59913125" lon="139.61049967"><ele>60.388</ele><time>2026-09-13T02:12:57Z</time><sat>34</sat></trkpt>
  <trkpt lat="35.59909610" lon="139.61048430"><ele>58.731</ele><time>2026-09-13T02:13:00Z</time><sat>37</sat></trkpt>
  <trkpt lat="35.59907924" lon="139.61049257"><ele>61.938</ele><time>2026-09-13T02:13:03Z</time><sat>37</sat></trkpt>
  <trkpt lat="35.59906542" lon="139.61049992"><ele>61.994</ele><time>2026-09-13T02:13:12Z</time><sat>39</sat></trkpt>
  <trkpt lat="35.59906543" lon="139.61050397"><ele>61.482</ele><time>2026-09-13T02:13:15Z</time><sat>33</sat></trkpt>
  <trkpt lat="35.59907244" lon="139.61048804"><ele>57.448</ele><time>2026-09-13T02:13:24Z</time><sat>38</sat></trkpt>
  <trkpt lat="35.59907696" lon="139.61050229"><ele>57.583</ele><time>2026-09-13T02:13:27Z</time><sat>37</sat></trkpt>
  <trkpt lat="35.59907880" lon="139.61050151"><ele>57.228</ele><time>2026-09-13T02:13:30Z</time><sat>38</sat></trkpt>
  <trkpt lat="35.59907977" lon="139.61050076"><ele>57.209</ele><time>2026-09-13T02:13:33Z</time><sat>37</sat></trkpt>
  <trkpt lat="35.59908024" lon="139.61050035"><ele>57.232</ele><time>2026-09-13T02:13:45Z</time><sat>33</sat></trkpt>
  <trkpt lat="35.59908171" lon="139.61049570"><ele>56.790</ele><time>2026-09-13T02:13:48Z</time><sat>33</sat></trkpt>
  <trkpt lat="35.59910283" lon="139.61042980"><ele>55.722</ele><time>2026-09-13T02:13:54Z</time><sat>29</sat></trkpt>
  <trkpt lat="35.59908226" lon="139.61050866"><ele>59.865</ele><time>2026-09-13T02:14:03Z</time><sat>30</sat></trkpt>
  <trkpt lat="35.59903509" lon="139.61052844"><ele>62.305</ele><time>2026-09-13T02:14:09Z</time><sat>38</sat></trkpt>
  <trkpt lat="35.59901907" lon="139.61060303"><ele>60.000</ele><time>2026-09-13T02:14:15Z</time><sat>40</sat></trkpt>
  <trkpt lat="35.59897764" lon="139.61055902"><ele>63.191</ele><time>2026-09-13T02:14:21Z</time><sat>31</sat></trkpt>
  <trkpt lat="35.59892175" lon="139.61055257"><ele>63.404</ele><time>2026-09-13T02:14:24Z</time><sat>26</sat></trkpt>
  <trkpt lat="35.59886425" lon="139.61057201"><ele>64.116</ele><time>2026-09-13T02:14:30Z</time><sat>26</sat></trkpt>
  <trkpt lat="35.59880804" lon="139.61050251"><ele>63.659</ele><time>2026-09-13T02:14:37Z</time><sat>30</sat></trkpt>
  <trkpt lat="35.59876180" lon="139.61044708"><ele>63.425</ele><time>2026-09-13T02:14:43Z</time><sat>33</sat></trkpt>
  <trkpt lat="35.59871290" lon="139.61039627"><ele>62.602</ele><time>2026-09-13T02:14:49Z</time><sat>32</sat></trkpt>
  <trkpt lat="35.59873570" lon="139.61043484"><ele>56.564</ele><time>2026-09-13T02:15:01Z</time><sat>30</sat></trkpt>
  <trkpt lat="35.59874115" lon="139.61045665"><ele>55.226</ele><time>2026-09-13T02:15:04Z</time><sat>24</sat></trkpt>
  <trkpt lat="35.59875626" lon="139.61043892"><ele>55.009</ele><time>2026-09-13T02:15:07Z</time><sat>20</sat></trkpt>
  <trkpt lat="35.59876557" lon="139.61042255"><ele>55.463</ele><time>2026-09-13T02:15:19Z</time><sat>13</sat></trkpt>
  <trkpt lat="35.59876715" lon="139.61042101"><ele>55.554</ele><time>2026-09-13T02:15:22Z</time><sat>22</sat></trkpt>
  <trkpt lat="35.59877377" lon="139.61041890"><ele>55.445</ele><time>2026-09-13T02:15:25Z</time><sat>26</sat></trkpt>
  <trkpt lat="35.59878855" lon="139.61042335"><ele>54.380</ele><time>2026-09-13T02:15:28Z</time><sat>19</sat></trkpt>
  <trkpt lat="35.59881443" lon="139.61041659"><ele>54.319</ele><time>2026-09-13T02:15:31Z</time><sat>14</sat></trkpt>
  <trkpt lat="35.59884136" lon="139.61041192"><ele>54.238</ele><time>2026-09-13T02:15:34Z</time><sat>18</sat></trkpt>
  <trkpt lat="35.59888384" lon="139.61039680"><ele>53.952</ele><time>2026-09-13T02:15:37Z</time><sat>21</sat></trkpt>
  <trkpt lat="35.59889670" lon="139.61040294"><ele>53.736</ele><time>2026-09-13T02:15:40Z</time><sat>7</sat></trkpt>
  <trkpt lat="35.59890000" lon="139.61040742"><ele>53.688</ele><time>2026-09-13T02:15:52Z</time><sat>3</sat></trkpt>
  <trkpt lat="35.59889932" lon="139.61039876"><ele>53.706</ele><time>2026-09-13T02:16:04Z</time><sat>3</sat></trkpt>
  <trkpt lat="35.59890282" lon="139.61039065"><ele>54.298</ele><time>2026-09-13T02:16:16Z</time><sat>3</sat></trkpt>
  <trkpt lat="35.59890779" lon="139.61039418"><ele>54.231</ele><time>2026-09-13T02:16:28Z</time><sat>4</sat></trkpt>
  <trkpt lat="35.59889540" lon="139.61040913"><ele>52.951</ele><time>2026-09-13T02:16:40Z</time><sat>4</sat></trkpt>
  <trkpt lat="35.59889551" lon="139.61040886"><ele>52.955</ele><time>2026-09-13T02:16:43Z</time><sat>3</sat></trkpt>
  <trkpt lat="35.59886839" lon="139.61044519"><ele>47.408</ele><time>2026-09-13T02:16:46Z</time><sat>5</sat></trkpt>
  <trkpt lat="35.59870679" lon="139.61030286"><ele>71.172</ele><time>2026-09-13T02:32:01Z</time><sat>23</sat></trkpt>
  <trkpt lat="35.59865081" lon="139.61028075"><ele>65.072</ele><time>2026-09-13T02:32:10Z</time><sat>37</sat></trkpt>
  <trkpt lat="35.59862174" lon="139.61025358"><ele>64.028</ele><time>2026-09-13T02:32:16Z</time><sat>39</sat></trkpt>
  <trkpt lat="35.59861774" lon="139.61026252"><ele>62.443</ele><time>2026-09-13T02:32:19Z</time><sat>36</sat></trkpt>
  <trkpt lat="35.59862075" lon="139.61028003"><ele>61.751</ele><time>2026-09-13T02:32:31Z</time><sat>35</sat></trkpt>
  <trkpt lat="35.59861747" lon="139.61027779"><ele>61.879</ele><time>2026-09-13T02:32:43Z</time><sat>35</sat></trkpt>
  <trkpt lat="35.59861233" lon="139.61027641"><ele>61.042</ele><time>2026-09-13T02:32:46Z</time><sat>38</sat></trkpt>
  <trkpt lat="35.59859527" lon="139.61022307"><ele>59.411</ele><time>2026-09-13T02:32:55Z</time><sat>37</sat></trkpt>
  <trkpt lat="35.59856234" lon="139.61018082"><ele>59.392</ele><time>2026-09-13T02:33:01Z</time><sat>40</sat></trkpt>
  <trkpt lat="35.59852294" lon="139.61009939"><ele>58.800</ele><time>2026-09-13T02:33:07Z</time><sat>40</sat></trkpt>
  <trkpt lat="35.59853981" lon="139.61004544"><ele>59.773</ele><time>2026-09-13T02:33:10Z</time><sat>40</sat></trkpt>
  <trkpt lat="35.59857459" lon="139.60995355"><ele>59.731</ele><time>2026-09-13T02:33:16Z</time><sat>41</sat></trkpt>
  <trkpt lat="35.59855309" lon="139.60986564"><ele>59.860</ele><time>2026-09-13T02:33:22Z</time><sat>40</sat></trkpt>
  <trkpt lat="35.59852039" lon="139.60979278"><ele>59.565</ele><time>2026-09-13T02:33:28Z</time><sat>34</sat></trkpt>
  <trkpt lat="35.59854263" lon="139.60968997"><ele>60.541</ele><time>2026-09-13T02:33:34Z</time><sat>34</sat></trkpt>
  <trkpt lat="35.59856969" lon="139.60959463"><ele>61.393</ele><time>2026-09-13T02:33:40Z</time><sat>31</sat></trkpt>
  <trkpt lat="35.59859131" lon="139.60949874"><ele>61.742</ele><time>2026-09-13T02:33:46Z</time><sat>23</sat></trkpt>
  <trkpt lat="35.59862408" lon="139.60941868"><ele>63.231</ele><time>2026-09-13T02:33:52Z</time><sat>27</sat></trkpt>
  <trkpt lat="35.59866631" lon="139.60933941"><ele>63.031</ele><time>2026-09-13T02:33:58Z</time><sat>28</sat></trkpt>
  <trkpt lat="35.59869998" lon="139.60926276"><ele>63.710</ele><time>2026-09-13T02:34:04Z</time><sat>29</sat></trkpt>
  <trkpt lat="35.59864564" lon="139.60919213"><ele>62.950</ele><time>2026-09-13T02:34:10Z</time><sat>32</sat></trkpt>
  <trkpt lat="35.59859031" lon="139.60914447"><ele>61.928</ele><time>2026-09-13T02:34:16Z</time><sat>32</sat></trkpt>
  <trkpt lat="35.59854729" lon="139.60910853"><ele>60.725</ele><time>2026-09-13T02:34:22Z</time><sat>32</sat></trkpt>
  <trkpt lat="35.59848049" lon="139.60905818"><ele>61.539</ele><time>2026-09-13T02:34:31Z</time><sat>35</sat></trkpt>
  <trkpt lat="35.59842225" lon="139.60899890"><ele>63.079</ele><time>2026-09-13T02:34:37Z</time><sat>34</sat></trkpt>
  <trkpt lat="35.59835455" lon="139.60896807"><ele>64.826</ele><time>2026-09-13T02:34:43Z</time><sat>38</sat></trkpt>
  <trkpt lat="35.59833172" lon="139.60898725"><ele>64.700</ele><time>2026-09-13T02:34:46Z</time><sat>36</sat></trkpt>
  <trkpt lat="35.59833460" lon="139.60899778"><ele>64.678</ele><time>2026-09-13T02:34:55Z</time><sat>36</sat></trkpt>
  <trkpt lat="35.59835052" lon="139.60899651"><ele>64.827</ele><time>2026-09-13T02:34:58Z</time><sat>37</sat></trkpt>
  <trkpt lat="35.59842940" lon="139.60901199"><ele>64.066</ele><time>2026-09-13T02:35:04Z</time><sat>39</sat></trkpt>
  <trkpt lat="35.59850259" lon="139.60906295"><ele>63.568</ele><time>2026-09-13T02:35:10Z</time><sat>39</sat></trkpt>
  <trkpt lat="35.59857215" lon="139.60910295"><ele>63.580</ele><time>2026-09-13T02:35:16Z</time><sat>36</sat></trkpt>
  <trkpt lat="35.59861458" lon="139.60905831"><ele>64.626</ele><time>2026-09-13T02:35:22Z</time><sat>28</sat></trkpt>
  <trkpt lat="35.59866823" lon="139.60900225"><ele>64.309</ele><time>2026-09-13T02:35:28Z</time><sat>39</sat></trkpt>
  <trkpt lat="35.59870992" lon="139.60896172"><ele>63.220</ele><time>2026-09-13T02:35:31Z</time><sat>39</sat></trkpt>
  <trkpt lat="35.59874850" lon="139.60892641"><ele>63.258</ele><time>2026-09-13T02:35:34Z</time><sat>37</sat></trkpt>
  <trkpt lat="35.59878665" lon="139.60889578"><ele>62.875</ele><time>2026-09-13T02:35:37Z</time><sat>35</sat></trkpt>
  <trkpt lat="35.59886488" lon="139.60885904"><ele>62.870</ele><time>2026-09-13T02:35:43Z</time><sat>32</sat></trkpt>
  <trkpt lat="35.59887989" lon="139.60878194"><ele>61.359</ele><time>2026-09-13T02:35:49Z</time><sat>33</sat></trkpt>
  <trkpt lat="35.59885670" lon="139.60869635"><ele>60.536</ele><time>2026-09-13T02:35:55Z</time><sat>31</sat></trkpt>
  <trkpt lat="35.59885554" lon="139.60861932"><ele>60.392</ele><time>2026-09-13T02:36:01Z</time><sat>32</sat></trkpt>
  <trkpt lat="35.59881818" lon="139.60853041"><ele>61.277</ele><time>2026-09-13T02:36:07Z</time><sat>32</sat></trkpt>
  <trkpt lat="35.59878553" lon="139.60844606"><ele>60.965</ele><time>2026-09-13T02:36:13Z</time><sat>34</sat></trkpt>
  <trkpt lat="35.59875426" lon="139.60836115"><ele>60.885</ele><time>2026-09-13T02:36:19Z</time><sat>34</sat></trkpt>
  <trkpt lat="35.59872971" lon="139.60826000"><ele>60.203</ele><time>2026-09-13T02:36:26Z</time><sat>30</sat></trkpt>
  <trkpt lat="35.59871307" lon="139.60817302"><ele>59.509</ele><time>2026-09-13T02:36:32Z</time><sat>31</sat></trkpt>
  <trkpt lat="35.59868531" lon="139.60808886"><ele>59.500</ele><time>2026-09-13T02:36:38Z</time><sat>34</sat></trkpt>
  <trkpt lat="35.59865475" lon="139.60800800"><ele>59.424</ele><time>2026-09-13T02:36:44Z</time><sat>34</sat></trkpt>
  <trkpt lat="35.59863944" lon="139.60791658"><ele>58.932</ele><time>2026-09-13T02:36:50Z</time><sat>37</sat></trkpt>
  <trkpt lat="35.59863605" lon="139.60782063"><ele>58.197</ele><time>2026-09-13T02:36:56Z</time><sat>36</sat></trkpt>
  <trkpt lat="35.59867179" lon="139.60773199"><ele>58.080</ele><time>2026-09-13T02:37:02Z</time><sat>34</sat></trkpt>
  <trkpt lat="35.59869257" lon="139.60764213"><ele>57.172</ele><time>2026-09-13T02:37:08Z</time><sat>34</sat></trkpt>
  <trkpt lat="35.59872838" lon="139.60755635"><ele>56.497</ele><time>2026-09-13T02:37:14Z</time><sat>31</sat></trkpt>
  <trkpt lat="35.59876309" lon="139.60747999"><ele>56.835</ele><time>2026-09-13T02:37:20Z</time><sat>29</sat></trkpt>
  <trkpt lat="35.59880316" lon="139.60738869"><ele>58.528</ele><time>2026-09-13T02:37:26Z</time><sat>33</sat></trkpt>
  <trkpt lat="35.59885061" lon="139.60731154"><ele>59.640</ele><time>2026-09-13T02:37:32Z</time><sat>29</sat></trkpt>
  <trkpt lat="35.59889256" lon="139.60723855"><ele>59.518</ele><time>2026-09-13T02:37:38Z</time><sat>26</sat></trkpt>
  <trkpt lat="35.59894219" lon="139.60716949"><ele>59.652</ele><time>2026-09-13T02:37:44Z</time><sat>29</sat></trkpt>
  <trkpt lat="35.59899038" lon="139.60709255"><ele>61.152</ele><time>2026-09-13T02:37:50Z</time><sat>34</sat></trkpt>
  <trkpt lat="35.59903552" lon="139.60701378"><ele>61.926</ele><time>2026-09-13T02:37:56Z</time><sat>36</sat></trkpt>
  <trkpt lat="35.59904612" lon="139.60693055"><ele>62.752</ele><time>2026-09-13T02:38:02Z</time><sat>38</sat></trkpt>
  <trkpt lat="35.59902495" lon="139.60687746"><ele>63.359</ele><time>2026-09-13T02:38:06Z</time><sat>37</sat></trkpt>
  <trkpt lat="35.59900274" lon="139.60679812"><ele>62.944</ele><time>2026-09-13T02:38:12Z</time><sat>36</sat></trkpt>
  <trkpt lat="35.59899210" lon="139.60676061"><ele>61.865</ele><time>2026-09-13T02:38:15Z</time><sat>36</sat></trkpt>
  <trkpt lat="35.59898341" lon="139.60674976"><ele>61.818</ele><time>2026-09-13T02:38:18Z</time><sat>34</sat></trkpt>
  <trkpt lat="35.59897581" lon="139.60674113"><ele>61.656</ele><time>2026-09-13T02:38:21Z</time><sat>35</sat></trkpt>
  <trkpt lat="35.59895377" lon="139.60665871"><ele>62.205</ele><time>2026-09-13T02:38:27Z</time><sat>36</sat></trkpt>
  <trkpt lat="35.59892617" lon="139.60658609"><ele>62.142</ele><time>2026-09-13T02:38:33Z</time><sat>37</sat></trkpt>
  <trkpt lat="35.59889259" lon="139.60652474"><ele>62.645</ele><time>2026-09-13T02:38:39Z</time><sat>34</sat></trkpt>
  <trkpt lat="35.59885903" lon="139.60646463"><ele>62.984</ele><time>2026-09-13T02:38:45Z</time><sat>32</sat></trkpt>
  <trkpt lat="35.59882390" lon="139.60640260"><ele>63.703</ele><time>2026-09-13T02:38:51Z</time><sat>32</sat></trkpt>
  <trkpt lat="35.59879538" lon="139.60633708"><ele>63.996</ele><time>2026-09-13T02:38:57Z</time><sat>33</sat></trkpt>
  <trkpt lat="35.59875661" lon="139.60628454"><ele>64.622</ele><time>2026-09-13T02:39:03Z</time><sat>33</sat></trkpt>
  <trkpt lat="35.59872167" lon="139.60622478"><ele>65.588</ele><time>2026-09-13T02:39:09Z</time><sat>34</sat></trkpt>
  <trkpt lat="35.59868458" lon="139.60616056"><ele>66.622</ele><time>2026-09-13T02:39:15Z</time><sat>32</sat></trkpt>
  <trkpt lat="35.59865566" lon="139.60609126"><ele>67.679</ele><time>2026-09-13T02:39:21Z</time><sat>37</sat></trkpt>
  <trkpt lat="35.59860465" lon="139.60603445"><ele>69.022</ele><time>2026-09-13T02:39:27Z</time><sat>39</sat></trkpt>
  <trkpt lat="35.59856150" lon="139.60597737"><ele>69.237</ele><time>2026-09-13T02:39:33Z</time><sat>39</sat></trkpt>
  <trkpt lat="35.59851957" lon="139.60591702"><ele>70.750</ele><time>2026-09-13T02:39:39Z</time><sat>39</sat></trkpt>
  <trkpt lat="35.59848171" lon="139.60586516"><ele>71.684</ele><time>2026-09-13T02:39:45Z</time><sat>41</sat></trkpt>
  <trkpt lat="35.59844442" lon="139.60582273"><ele>72.401</ele><time>2026-09-13T02:39:51Z</time><sat>39</sat></trkpt>
  <trkpt lat="35.59840365" lon="139.60577090"><ele>73.222</ele><time>2026-09-13T02:39:57Z</time><sat>39</sat></trkpt>
  <trkpt lat="35.59836050" lon="139.60572044"><ele>74.693</ele><time>2026-09-13T02:40:03Z</time><sat>38</sat></trkpt>
  <trkpt lat="35.59830975" lon="139.60569618"><ele>74.691</ele><time>2026-09-13T02:40:09Z</time><sat>40</sat></trkpt>
  <trkpt lat="35.59825751" lon="139.60567774"><ele>75.042</ele><time>2026-09-13T02:40:15Z</time><sat>39</sat></trkpt>
  <trkpt lat="35.59820647" lon="139.60565959"><ele>75.760</ele><time>2026-09-13T02:40:21Z</time><sat>37</sat></trkpt>
  <trkpt lat="35.59815485" lon="139.60562324"><ele>75.620</ele><time>2026-09-13T02:40:27Z</time><sat>36</sat></trkpt>
  <trkpt lat="35.59809265" lon="139.60561736"><ele>76.124</ele><time>2026-09-13T02:40:33Z</time><sat>42</sat></trkpt>
  <trkpt lat="35.59802984" lon="139.60560160"><ele>75.205</ele><time>2026-09-13T02:40:39Z</time><sat>41</sat></trkpt>
  <trkpt lat="35.59796561" lon="139.60558216"><ele>75.231</ele><time>2026-09-13T02:40:45Z</time><sat>38</sat></trkpt>
  <trkpt lat="35.59789636" lon="139.60555991"><ele>76.705</ele><time>2026-09-13T02:40:51Z</time><sat>36</sat></trkpt>
  <trkpt lat="35.59782192" lon="139.60552935"><ele>78.324</ele><time>2026-09-13T02:40:57Z</time><sat>38</sat></trkpt>
  <trkpt lat="35.59774442" lon="139.60550449"><ele>79.978</ele><time>2026-09-13T02:41:03Z</time><sat>36</sat></trkpt>
  <trkpt lat="35.59767237" lon="139.60546688"><ele>80.750</ele><time>2026-09-13T02:41:09Z</time><sat>36</sat></trkpt>
  <trkpt lat="35.59759877" lon="139.60544108"><ele>81.155</ele><time>2026-09-13T02:41:15Z</time><sat>38</sat></trkpt>
  <trkpt lat="35.59753005" lon="139.60542201"><ele>80.859</ele><time>2026-09-13T02:41:21Z</time><sat>38</sat></trkpt>
  <trkpt lat="35.59745812" lon="139.60540308"><ele>81.681</ele><time>2026-09-13T02:41:27Z</time><sat>38</sat></trkpt>
  <trkpt lat="35.59738770" lon="139.60539327"><ele>80.626</ele><time>2026-09-13T02:41:33Z</time><sat>39</sat></trkpt>
  <trkpt lat="35.59731875" lon="139.60537223"><ele>81.506</ele><time>2026-09-13T02:41:39Z</time><sat>43</sat></trkpt>
  <trkpt lat="35.59723190" lon="139.60532525"><ele>81.783</ele><time>2026-09-13T02:41:47Z</time><sat>42</sat></trkpt>
  <trkpt lat="35.59717074" lon="139.60527583"><ele>82.534</ele><time>2026-09-13T02:41:53Z</time><sat>41</sat></trkpt>
  <trkpt lat="35.59711090" lon="139.60521957"><ele>83.547</ele><time>2026-09-13T02:41:59Z</time><sat>42</sat></trkpt>
  <trkpt lat="35.59704943" lon="139.60516612"><ele>84.656</ele><time>2026-09-13T02:42:05Z</time><sat>43</sat></trkpt>
  <trkpt lat="35.59704070" lon="139.60515062"><ele>84.717</ele><time>2026-09-13T02:42:08Z</time><sat>42</sat></trkpt>
  <trkpt lat="35.59704310" lon="139.60511525"><ele>85.008</ele><time>2026-09-13T02:42:11Z</time><sat>43</sat></trkpt>
  <trkpt lat="35.59702225" lon="139.60502233"><ele>86.514</ele><time>2026-09-13T02:42:17Z</time><sat>45</sat></trkpt>
  <trkpt lat="35.59695284" lon="139.60499258"><ele>85.984</ele><time>2026-09-13T02:42:23Z</time><sat>45</sat></trkpt>
  <trkpt lat="35.59689133" lon="139.60495004"><ele>86.239</ele><time>2026-09-13T02:42:29Z</time><sat>44</sat></trkpt>
  <trkpt lat="35.59683289" lon="139.60492206"><ele>86.465</ele><time>2026-09-13T02:42:38Z</time><sat>42</sat></trkpt>
  <trkpt lat="35.59678763" lon="139.60488985"><ele>87.881</ele><time>2026-09-13T02:42:46Z</time><sat>41</sat></trkpt>
  <trkpt lat="35.59671100" lon="139.60488445"><ele>85.199</ele><time>2026-09-13T02:42:55Z</time><sat>42</sat></trkpt>
  <trkpt lat="35.59663522" lon="139.60486709"><ele>86.078</ele><time>2026-09-13T02:43:01Z</time><sat>33</sat></trkpt>
  <trkpt lat="35.59656565" lon="139.60485000"><ele>85.898</ele><time>2026-09-13T02:43:07Z</time><sat>39</sat></trkpt>
  <trkpt lat="35.59650729" lon="139.60482557"><ele>84.449</ele><time>2026-09-13T02:43:13Z</time><sat>33</sat></trkpt>
  <trkpt lat="35.59646219" lon="139.60480888"><ele>85.328</ele><time>2026-09-13T02:43:16Z</time><sat>31</sat></trkpt>
  <trkpt lat="35.59641575" lon="139.60479069"><ele>85.549</ele><time>2026-09-13T02:43:19Z</time><sat>32</sat></trkpt>
  <trkpt lat="35.59633547" lon="139.60477443"><ele>83.597</ele><time>2026-09-13T02:43:25Z</time><sat>30</sat></trkpt>
  <trkpt lat="35.59626856" lon="139.60477556"><ele>81.787</ele><time>2026-09-13T02:43:31Z</time><sat>34</sat></trkpt>
  <trkpt lat="35.59619688" lon="139.60476287"><ele>81.737</ele><time>2026-09-13T02:43:37Z</time><sat>39</sat></trkpt>
  <trkpt lat="35.59612593" lon="139.60473862"><ele>81.984</ele><time>2026-09-13T02:43:43Z</time><sat>39</sat></trkpt>
  <trkpt lat="35.59605448" lon="139.60472186"><ele>82.125</ele><time>2026-09-13T02:43:49Z</time><sat>35</sat></trkpt>
  <trkpt lat="35.59598070" lon="139.60470051"><ele>82.819</ele><time>2026-09-13T02:43:55Z</time><sat>40</sat></trkpt>
  <trkpt lat="35.59590707" lon="139.60469261"><ele>83.347</ele><time>2026-09-13T02:44:01Z</time><sat>39</sat></trkpt>
  <trkpt lat="35.59583712" lon="139.60467306"><ele>83.029</ele><time>2026-09-13T02:44:07Z</time><sat>40</sat></trkpt>
  <trkpt lat="35.59576539" lon="139.60465607"><ele>82.586</ele><time>2026-09-13T02:44:13Z</time><sat>41</sat></trkpt>
  <trkpt lat="35.59569226" lon="139.60464032"><ele>82.655</ele><time>2026-09-13T02:44:19Z</time><sat>43</sat></trkpt>
  <trkpt lat="35.59573620" lon="139.60466133"><ele>81.605</ele><time>2026-09-13T02:44:28Z</time><sat>36</sat></trkpt>
  <trkpt lat="35.59582115" lon="139.60468315"><ele>82.428</ele><time>2026-09-13T02:44:34Z</time><sat>40</sat></trkpt>
  <trkpt lat="35.59584408" lon="139.60474872"><ele>83.496</ele><time>2026-09-13T02:44:40Z</time><sat>36</sat></trkpt>
  <trkpt lat="35.59579800" lon="139.60483058"><ele>82.458</ele><time>2026-09-13T02:44:46Z</time><sat>31</sat></trkpt>
  <trkpt lat="35.59575499" lon="139.60490415"><ele>81.518</ele><time>2026-09-13T02:44:52Z</time><sat>27</sat></trkpt>
  <trkpt lat="35.59572757" lon="139.60498994"><ele>80.661</ele><time>2026-09-13T02:44:58Z</time><sat>31</sat></trkpt>
  <trkpt lat="35.59566889" lon="139.60503922"><ele>81.320</ele><time>2026-09-13T02:45:04Z</time><sat>29</sat></trkpt>
  <trkpt lat="35.59559610" lon="139.60505684"><ele>82.806</ele><time>2026-09-13T02:45:10Z</time><sat>34</sat></trkpt>
  <trkpt lat="35.59551362" lon="139.60508178"><ele>81.552</ele><time>2026-09-13T02:45:16Z</time><sat>29</sat></trkpt>
  <trkpt lat="35.59548234" lon="139.60515448"><ele>79.982</ele><time>2026-09-13T02:45:22Z</time><sat>32</sat></trkpt>
  <trkpt lat="35.59549183" lon="139.60523817"><ele>78.367</ele><time>2026-09-13T02:45:28Z</time><sat>32</sat></trkpt>
  <trkpt lat="35.59551759" lon="139.60532116"><ele>76.486</ele><time>2026-09-13T02:45:34Z</time><sat>36</sat></trkpt>
  <trkpt lat="35.59550185" lon="139.60541583"><ele>78.856</ele><time>2026-09-13T02:45:40Z</time><sat>36</sat></trkpt>
  <trkpt lat="35.59547459" lon="139.60550811"><ele>79.196</ele><time>2026-09-13T02:45:46Z</time><sat>36</sat></trkpt>
  <trkpt lat="35.59548994" lon="139.60556919"><ele>77.375</ele><time>2026-09-13T02:45:49Z</time><sat>37</sat></trkpt>
  <trkpt lat="35.59543528" lon="139.60565702"><ele>75.664</ele><time>2026-09-13T02:45:55Z</time><sat>29</sat></trkpt>
  <trkpt lat="35.59539709" lon="139.60568927"><ele>75.146</ele><time>2026-09-13T02:45:58Z</time><sat>30</sat></trkpt>
  <trkpt lat="35.59533099" lon="139.60575664"><ele>74.369</ele><time>2026-09-13T02:46:04Z</time><sat>29</sat></trkpt>
  <trkpt lat="35.59528062" lon="139.60583106"><ele>73.177</ele><time>2026-09-13T02:46:10Z</time><sat>28</sat></trkpt>
  <trkpt lat="35.59523020" lon="139.60590469"><ele>72.797</ele><time>2026-09-13T02:46:16Z</time><sat>24</sat></trkpt>
  <trkpt lat="35.59516188" lon="139.60595720"><ele>72.145</ele><time>2026-09-13T02:46:22Z</time><sat>32</sat></trkpt>
  <trkpt lat="35.59509908" lon="139.60601572"><ele>71.452</ele><time>2026-09-13T02:46:28Z</time><sat>31</sat></trkpt>
  <trkpt lat="35.59504022" lon="139.60608051"><ele>70.737</ele><time>2026-09-13T02:46:34Z</time><sat>33</sat></trkpt>
  <trkpt lat="35.59498112" lon="139.60614048"><ele>69.545</ele><time>2026-09-13T02:46:40Z</time><sat>34</sat></trkpt>
  <trkpt lat="35.59493227" lon="139.60621163"><ele>69.097</ele><time>2026-09-13T02:46:46Z</time><sat>35</sat></trkpt>
  <trkpt lat="35.59489857" lon="139.60629763"><ele>69.204</ele><time>2026-09-13T02:46:52Z</time><sat>37</sat></trkpt>
  <trkpt lat="35.59483591" lon="139.60634564"><ele>69.623</ele><time>2026-09-13T02:46:58Z</time><sat>35</sat></trkpt>
  <trkpt lat="35.59475989" lon="139.60632072"><ele>68.279</ele><time>2026-09-13T02:47:04Z</time><sat>36</sat></trkpt>
  <trkpt lat="35.59470076" lon="139.60625863"><ele>69.678</ele><time>2026-09-13T02:47:10Z</time><sat>35</sat></trkpt>
  <trkpt lat="35.59465092" lon="139.60619383"><ele>70.090</ele><time>2026-09-13T02:47:16Z</time><sat>34</sat></trkpt>
  <trkpt lat="35.59460360" lon="139.60614853"><ele>69.842</ele><time>2026-09-13T02:47:22Z</time><sat>32</sat></trkpt>
  <trkpt lat="35.59454850" lon="139.60613058"><ele>70.937</ele><time>2026-09-13T02:47:28Z</time><sat>35</sat></trkpt>
  <trkpt lat="35.59449312" lon="139.60611876"><ele>71.191</ele><time>2026-09-13T02:47:34Z</time><sat>36</sat></trkpt>
  <trkpt lat="35.59444062" lon="139.60608410"><ele>72.032</ele><time>2026-09-13T02:47:40Z</time><sat>37</sat></trkpt>
  <trkpt lat="35.59438713" lon="139.60602935"><ele>73.139</ele><time>2026-09-13T02:47:46Z</time><sat>38</sat></trkpt>
  <trkpt lat="35.59434078" lon="139.60597846"><ele>73.930</ele><time>2026-09-13T02:47:52Z</time><sat>39</sat></trkpt>
  <trkpt lat="35.59429814" lon="139.60592520"><ele>74.811</ele><time>2026-09-13T02:47:58Z</time><sat>39</sat></trkpt>
  <trkpt lat="35.59425046" lon="139.60587289"><ele>75.731</ele><time>2026-09-13T02:48:04Z</time><sat>39</sat></trkpt>
  <trkpt lat="35.59421534" lon="139.60580614"><ele>76.816</ele><time>2026-09-13T02:48:10Z</time><sat>38</sat></trkpt>
  <trkpt lat="35.59416830" lon="139.60576189"><ele>77.383</ele><time>2026-09-13T02:48:16Z</time><sat>39</sat></trkpt>
  <trkpt lat="35.59411928" lon="139.60571982"><ele>78.405</ele><time>2026-09-13T02:48:22Z</time><sat>42</sat></trkpt>
  <trkpt lat="35.59407352" lon="139.60566683"><ele>79.660</ele><time>2026-09-13T02:48:28Z</time><sat>45</sat></trkpt>
  <trkpt lat="35.59401991" lon="139.60564591"><ele>80.019</ele><time>2026-09-13T02:48:35Z</time><sat>46</sat></trkpt>
  <trkpt lat="35.59401364" lon="139.60566864"><ele>79.984</ele><time>2026-09-13T02:48:38Z</time><sat>45</sat></trkpt>
  <trkpt lat="35.59401991" lon="139.60567639"><ele>80.314</ele><time>2026-09-13T02:48:41Z</time><sat>45</sat></trkpt>
  <trkpt lat="35.59402134" lon="139.60567789"><ele>79.947</ele><time>2026-09-13T02:48:44Z</time><sat>45</sat></trkpt>
  <trkpt lat="35.59401854" lon="139.60567819"><ele>79.874</ele><time>2026-09-13T02:48:47Z</time><sat>45</sat></trkpt>
  <trkpt lat="35.59401857" lon="139.60567701"><ele>79.902</ele><time>2026-09-13T02:48:50Z</time><sat>45</sat></trkpt>
  <trkpt lat="35.59401851" lon="139.60567629"><ele>79.931</ele><time>2026-09-13T02:48:59Z</time><sat>46</sat></trkpt>
  <trkpt lat="35.59401818" lon="139.60567779"><ele>79.931</ele><time>2026-09-13T02:49:02Z</time><sat>44</sat></trkpt>
  <trkpt lat="35.59395435" lon="139.60562827"><ele>79.851</ele><time>2026-09-13T02:49:14Z</time><sat>45</sat></trkpt>
  <trkpt lat="35.59390961" lon="139.60564520"><ele>80.527</ele><time>2026-09-13T02:49:20Z</time><sat>45</sat></trkpt>
  <trkpt lat="35.59388450" lon="139.60571892"><ele>82.836</ele><time>2026-09-13T02:49:26Z</time><sat>46</sat></trkpt>
  <trkpt lat="35.59387580" lon="139.60574059"><ele>83.844</ele><time>2026-09-13T02:49:29Z</time><sat>47</sat></trkpt>
  <trkpt lat="35.59387976" lon="139.60573589"><ele>83.838</ele><time>2026-09-13T02:49:32Z</time><sat>47</sat></trkpt>
  <trkpt lat="35.59387897" lon="139.60573486"><ele>84.184</ele><time>2026-09-13T02:49:35Z</time><sat>46</sat></trkpt>
  <trkpt lat="35.59387910" lon="139.60573245"><ele>84.232</ele><time>2026-09-13T02:49:38Z</time><sat>44</sat></trkpt>
  <trkpt lat="35.59387231" lon="139.60571913"><ele>84.470</ele><time>2026-09-13T02:49:52Z</time><sat>41</sat></trkpt>
  <trkpt lat="35.59387495" lon="139.60572336"><ele>84.527</ele><time>2026-09-13T02:50:04Z</time><sat>41</sat></trkpt>
  <trkpt lat="35.59387209" lon="139.60572002"><ele>84.586</ele><time>2026-09-13T02:50:07Z</time><sat>41</sat></trkpt>
  <trkpt lat="35.59386265" lon="139.60573209"><ele>84.537</ele><time>2026-09-13T02:50:10Z</time><sat>43</sat></trkpt>
  <trkpt lat="35.59380798" lon="139.60582559"><ele>86.499</ele><time>2026-09-13T02:50:17Z</time><sat>43</sat></trkpt>
  <trkpt lat="35.59376529" lon="139.60590884"><ele>89.160</ele><time>2026-09-13T02:50:23Z</time><sat>46</sat></trkpt>
  <trkpt lat="35.59371391" lon="139.60598821"><ele>90.127</ele><time>2026-09-13T02:50:29Z</time><sat>45</sat></trkpt>
  <trkpt lat="35.59365689" lon="139.60605196"><ele>88.556</ele><time>2026-09-13T02:50:35Z</time><sat>45</sat></trkpt>
  <trkpt lat="35.59357766" lon="139.60609946"><ele>87.931</ele><time>2026-09-13T02:50:42Z</time><sat>44</sat></trkpt>
  <trkpt lat="35.59351228" lon="139.60613481"><ele>87.460</ele><time>2026-09-13T02:50:48Z</time><sat>45</sat></trkpt>
  <trkpt lat="35.59344809" lon="139.60614140"><ele>86.054</ele><time>2026-09-13T02:50:54Z</time><sat>42</sat></trkpt>
  <trkpt lat="35.59338786" lon="139.60614298"><ele>85.939</ele><time>2026-09-13T02:51:00Z</time><sat>43</sat></trkpt>
  <trkpt lat="35.59332469" lon="139.60614548"><ele>86.718</ele><time>2026-09-13T02:51:06Z</time><sat>36</sat></trkpt>
  <trkpt lat="35.59325789" lon="139.60611628"><ele>87.613</ele><time>2026-09-13T02:51:12Z</time><sat>39</sat></trkpt>
  <trkpt lat="35.59319654" lon="139.60607304"><ele>85.821</ele><time>2026-09-13T02:51:18Z</time><sat>40</sat></trkpt>
  <trkpt lat="35.59313882" lon="139.60601337"><ele>84.158</ele><time>2026-09-13T02:51:24Z</time><sat>39</sat></trkpt>
  <trkpt lat="35.59308630" lon="139.60595844"><ele>83.947</ele><time>2026-09-13T02:51:30Z</time><sat>39</sat></trkpt>
  <trkpt lat="35.59302678" lon="139.60589904"><ele>83.495</ele><time>2026-09-13T02:51:37Z</time><sat>39</sat></trkpt>
  <trkpt lat="35.59297392" lon="139.60585027"><ele>81.882</ele><time>2026-09-13T02:51:43Z</time><sat>36</sat></trkpt>
  <trkpt lat="35.59292500" lon="139.60580169"><ele>81.387</ele><time>2026-09-13T02:51:49Z</time><sat>37</sat></trkpt>
  <trkpt lat="35.59286698" lon="139.60573559"><ele>81.192</ele><time>2026-09-13T02:51:55Z</time><sat>39</sat></trkpt>
  <trkpt lat="35.59281524" lon="139.60568517"><ele>80.598</ele><time>2026-09-13T02:52:01Z</time><sat>40</sat></trkpt>
  <trkpt lat="35.59276191" lon="139.60563410"><ele>79.869</ele><time>2026-09-13T02:52:07Z</time><sat>38</sat></trkpt>
  <trkpt lat="35.59269707" lon="139.60559243"><ele>80.090</ele><time>2026-09-13T02:52:13Z</time><sat>36</sat></trkpt>
  <trkpt lat="35.59263211" lon="139.60552547"><ele>80.339</ele><time>2026-09-13T02:52:19Z</time><sat>35</sat></trkpt>
  <trkpt lat="35.59259410" lon="139.60548924"><ele>80.329</ele><time>2026-09-13T02:52:22Z</time><sat>35</sat></trkpt>
  <trkpt lat="35.59253355" lon="139.60541729"><ele>79.427</ele><time>2026-09-13T02:52:28Z</time><sat>36</sat></trkpt>
  <trkpt lat="35.59247380" lon="139.60535591"><ele>81.229</ele><time>2026-09-13T02:52:34Z</time><sat>33</sat></trkpt>
  <trkpt lat="35.59242387" lon="139.60529288"><ele>81.070</ele><time>2026-09-13T02:52:40Z</time><sat>33</sat></trkpt>
  <trkpt lat="35.59237502" lon="139.60522759"><ele>80.553</ele><time>2026-09-13T02:52:46Z</time><sat>34</sat></trkpt>
  <trkpt lat="35.59232269" lon="139.60515584"><ele>78.313</ele><time>2026-09-13T02:52:52Z</time><sat>28</sat></trkpt>
  <trkpt lat="35.59226283" lon="139.60510688"><ele>78.623</ele><time>2026-09-13T02:52:58Z</time><sat>34</sat></trkpt>
  <trkpt lat="35.59222490" lon="139.60504964"><ele>79.636</ele><time>2026-09-13T02:53:04Z</time><sat>30</sat></trkpt>
  <trkpt lat="35.59216684" lon="139.60498875"><ele>77.885</ele><time>2026-09-13T02:53:10Z</time><sat>32</sat></trkpt>
  <trkpt lat="35.59211295" lon="139.60493349"><ele>77.445</ele><time>2026-09-13T02:53:16Z</time><sat>35</sat></trkpt>
  <trkpt lat="35.59204521" lon="139.60488065"><ele>77.175</ele><time>2026-09-13T02:53:22Z</time><sat>33</sat></trkpt>
  <trkpt lat="35.59197925" lon="139.60483041"><ele>77.378</ele><time>2026-09-13T02:53:28Z</time><sat>34</sat></trkpt>
  <trkpt lat="35.59190453" lon="139.60480196"><ele>79.443</ele><time>2026-09-13T02:53:34Z</time><sat>37</sat></trkpt>
  <trkpt lat="35.59182971" lon="139.60478089"><ele>80.315</ele><time>2026-09-13T02:53:40Z</time><sat>36</sat></trkpt>
  <trkpt lat="35.59175877" lon="139.60474942"><ele>79.567</ele><time>2026-09-13T02:53:46Z</time><sat>36</sat></trkpt>
  <trkpt lat="35.59169109" lon="139.60472094"><ele>80.128</ele><time>2026-09-13T02:53:52Z</time><sat>38</sat></trkpt>
  <trkpt lat="35.59161511" lon="139.60470503"><ele>81.794</ele><time>2026-09-13T02:53:58Z</time><sat>37</sat></trkpt>
  <trkpt lat="35.59154606" lon="139.60468915"><ele>81.584</ele><time>2026-09-13T02:54:04Z</time><sat>41</sat></trkpt>
  <trkpt lat="35.59152339" lon="139.60469222"><ele>80.735</ele><time>2026-09-13T02:54:07Z</time><sat>37</sat></trkpt>
  <trkpt lat="35.59152719" lon="139.60468829"><ele>81.136</ele><time>2026-09-13T02:54:10Z</time><sat>33</sat></trkpt>
  <trkpt lat="35.59152266" lon="139.60467772"><ele>81.960</ele><time>2026-09-13T02:54:13Z</time><sat>35</sat></trkpt>
  <trkpt lat="35.59155304" lon="139.60462967"><ele>83.450</ele><time>2026-09-13T02:54:22Z</time><sat>36</sat></trkpt>
  <trkpt lat="35.59154728" lon="139.60453854"><ele>86.505</ele><time>2026-09-13T02:54:28Z</time><sat>35</sat></trkpt>
  <trkpt lat="35.59153956" lon="139.60444860"><ele>86.390</ele><time>2026-09-13T02:54:34Z</time><sat>35</sat></trkpt>
  <trkpt lat="35.59154015" lon="139.60434821"><ele>87.519</ele><time>2026-09-13T02:54:40Z</time><sat>35</sat></trkpt>
  <trkpt lat="35.59155039" lon="139.60425054"><ele>87.911</ele><time>2026-09-13T02:54:46Z</time><sat>34</sat></trkpt>
  <trkpt lat="35.59156525" lon="139.60415236"><ele>88.337</ele><time>2026-09-13T02:54:52Z</time><sat>33</sat></trkpt>
  <trkpt lat="35.59157166" lon="139.60405073"><ele>88.465</ele><time>2026-09-13T02:54:58Z</time><sat>34</sat></trkpt>
  <trkpt lat="35.59157827" lon="139.60395371"><ele>87.968</ele><time>2026-09-13T02:55:04Z</time><sat>34</sat></trkpt>
  <trkpt lat="35.59158225" lon="139.60385624"><ele>88.111</ele><time>2026-09-13T02:55:10Z</time><sat>38</sat></trkpt>
  <trkpt lat="35.59158863" lon="139.60375936"><ele>89.124</ele><time>2026-09-13T02:55:16Z</time><sat>38</sat></trkpt>
  <trkpt lat="35.59158760" lon="139.60366458"><ele>90.289</ele><time>2026-09-13T02:55:22Z</time><sat>39</sat></trkpt>
  <trkpt lat="35.59158295" lon="139.60357801"><ele>89.537</ele><time>2026-09-13T02:55:28Z</time><sat>42</sat></trkpt>
  <trkpt lat="35.59159437" lon="139.60349362"><ele>89.453</ele><time>2026-09-13T02:55:34Z</time><sat>41</sat></trkpt>
  <trkpt lat="35.59159131" lon="139.60340333"><ele>89.656</ele><time>2026-09-13T02:55:40Z</time><sat>38</sat></trkpt>
  <trkpt lat="35.59159396" lon="139.60330960"><ele>89.156</ele><time>2026-09-13T02:55:46Z</time><sat>34</sat></trkpt>
  <trkpt lat="35.59160105" lon="139.60322818"><ele>87.442</ele><time>2026-09-13T02:55:52Z</time><sat>34</sat></trkpt>
  <trkpt lat="35.59159606" lon="139.60315699"><ele>84.265</ele><time>2026-09-13T02:55:58Z</time><sat>38</sat></trkpt>
  <trkpt lat="35.59158169" lon="139.60307796"><ele>82.766</ele><time>2026-09-13T02:56:04Z</time><sat>36</sat></trkpt>
  <trkpt lat="35.59156744" lon="139.60299758"><ele>83.430</ele><time>2026-09-13T02:56:10Z</time><sat>42</sat></trkpt>
  <trkpt lat="35.59156509" lon="139.60290836"><ele>85.906</ele><time>2026-09-13T02:56:16Z</time><sat>42</sat></trkpt>
  <trkpt lat="35.59158813" lon="139.60282100"><ele>86.560</ele><time>2026-09-13T02:56:22Z</time><sat>41</sat></trkpt>
  <trkpt lat="35.59161478" lon="139.60273681"><ele>87.298</ele><time>2026-09-13T02:56:28Z</time><sat>40</sat></trkpt>
  <trkpt lat="35.59164297" lon="139.60265390"><ele>88.460</ele><time>2026-09-13T02:56:34Z</time><sat>42</sat></trkpt>
  <trkpt lat="35.59166408" lon="139.60256876"><ele>89.429</ele><time>2026-09-13T02:56:40Z</time><sat>40</sat></trkpt>
  <trkpt lat="35.59168809" lon="139.60250127"><ele>90.636</ele><time>2026-09-13T02:56:46Z</time><sat>38</sat></trkpt>
  <trkpt lat="35.59170683" lon="139.60242066"><ele>91.469</ele><time>2026-09-13T02:56:52Z</time><sat>40</sat></trkpt>
  <trkpt lat="35.59174149" lon="139.60234912"><ele>91.595</ele><time>2026-09-13T02:56:58Z</time><sat>41</sat></trkpt>
  <trkpt lat="35.59179597" lon="139.60232038"><ele>93.282</ele><time>2026-09-13T02:57:04Z</time><sat>41</sat></trkpt>
  <trkpt lat="35.59186606" lon="139.60231787"><ele>93.395</ele><time>2026-09-13T02:57:10Z</time><sat>41</sat></trkpt>
  <trkpt lat="35.59191321" lon="139.60231134"><ele>93.782</ele><time>2026-09-13T02:57:14Z</time><sat>41</sat></trkpt>
  <trkpt lat="35.59198587" lon="139.60230771"><ele>93.056</ele><time>2026-09-13T02:57:20Z</time><sat>43</sat></trkpt>
  <trkpt lat="35.59205362" lon="139.60230552"><ele>91.942</ele><time>2026-09-13T02:57:26Z</time><sat>42</sat></trkpt>
  <trkpt lat="35.59211428" lon="139.60230923"><ele>92.116</ele><time>2026-09-13T02:57:32Z</time><sat>42</sat></trkpt>
  <trkpt lat="35.59212873" lon="139.60232174"><ele>91.771</ele><time>2026-09-13T02:57:41Z</time><sat>42</sat></trkpt>
  <trkpt lat="35.59211733" lon="139.60232250"><ele>91.799</ele><time>2026-09-13T02:57:44Z</time><sat>42</sat></trkpt>
  <trkpt lat="35.59211392" lon="139.60232279"><ele>91.834</ele><time>2026-09-13T02:57:47Z</time><sat>39</sat></trkpt>
  <trkpt lat="35.59210716" lon="139.60232234"><ele>91.498</ele><time>2026-09-13T02:57:50Z</time><sat>37</sat></trkpt>
  <trkpt lat="35.59210178" lon="139.60232663"><ele>91.029</ele><time>2026-09-13T02:57:53Z</time><sat>36</sat></trkpt>
  <trkpt lat="35.59210740" lon="139.60232637"><ele>90.963</ele><time>2026-09-13T02:57:59Z</time><sat>38</sat></trkpt>
  <trkpt lat="35.59210169" lon="139.60232674"><ele>91.175</ele><time>2026-09-13T02:58:02Z</time><sat>38</sat></trkpt>
  <trkpt lat="35.59210063" lon="139.60232689"><ele>91.230</ele><time>2026-09-13T02:58:05Z</time><sat>39</sat></trkpt>
  <trkpt lat="35.59209144" lon="139.60232563"><ele>90.980</ele><time>2026-09-13T02:58:08Z</time><sat>38</sat></trkpt>
  <trkpt lat="35.59204437" lon="139.60233218"><ele>90.721</ele><time>2026-09-13T02:58:14Z</time><sat>39</sat></trkpt>
  <trkpt lat="35.59198635" lon="139.60233761"><ele>90.238</ele><time>2026-09-13T02:58:20Z</time><sat>37</sat></trkpt>
  <trkpt lat="35.59192550" lon="139.60234021"><ele>89.599</ele><time>2026-09-13T02:58:26Z</time><sat>36</sat></trkpt>
  <trkpt lat="35.59185695" lon="139.60234577"><ele>90.550</ele><time>2026-09-13T02:58:32Z</time><sat>37</sat></trkpt>
  <trkpt lat="35.59179267" lon="139.60233310"><ele>90.794</ele><time>2026-09-13T02:58:38Z</time><sat>37</sat></trkpt>
  <trkpt lat="35.59176170" lon="139.60225184"><ele>91.184</ele><time>2026-09-13T02:58:44Z</time><sat>41</sat></trkpt>
  <trkpt lat="35.59178675" lon="139.60217105"><ele>90.878</ele><time>2026-09-13T02:58:50Z</time><sat>41</sat></trkpt>
  <trkpt lat="35.59179861" lon="139.60210037"><ele>90.565</ele><time>2026-09-13T02:58:56Z</time><sat>43</sat></trkpt>
  <trkpt lat="35.59181672" lon="139.60202730"><ele>90.017</ele><time>2026-09-13T02:59:02Z</time><sat>43</sat></trkpt>
  <trkpt lat="35.59184840" lon="139.60194793"><ele>89.705</ele><time>2026-09-13T02:59:08Z</time><sat>42</sat></trkpt>
  <trkpt lat="35.59188090" lon="139.60186310"><ele>89.644</ele><time>2026-09-13T02:59:14Z</time><sat>43</sat></trkpt>
  <trkpt lat="35.59190534" lon="139.60177228"><ele>90.214</ele><time>2026-09-13T02:59:20Z</time><sat>42</sat></trkpt>
  <trkpt lat="35.59192617" lon="139.60168519"><ele>91.077</ele><time>2026-09-13T02:59:26Z</time><sat>39</sat></trkpt>
  <trkpt lat="35.59195726" lon="139.60161702"><ele>90.886</ele><time>2026-09-13T02:59:32Z</time><sat>44</sat></trkpt>
  <trkpt lat="35.59200429" lon="139.60156482"><ele>92.839</ele><time>2026-09-13T02:59:38Z</time><sat>44</sat></trkpt>
  <trkpt lat="35.59207281" lon="139.60155743"><ele>94.361</ele><time>2026-09-13T02:59:44Z</time><sat>42</sat></trkpt>
  <trkpt lat="35.59214234" lon="139.60155794"><ele>95.964</ele><time>2026-09-13T02:59:50Z</time><sat>43</sat></trkpt>
  <trkpt lat="35.59218460" lon="139.60153204"><ele>94.982</ele><time>2026-09-13T02:59:56Z</time><sat>43</sat></trkpt>
  <trkpt lat="35.59212009" lon="139.60153650"><ele>95.785</ele><time>2026-09-13T03:00:02Z</time><sat>43</sat></trkpt>
  <trkpt lat="35.59206132" lon="139.60153627"><ele>96.188</ele><time>2026-09-13T03:00:08Z</time><sat>44</sat></trkpt>
  <trkpt lat="35.59206662" lon="139.60144366"><ele>96.275</ele><time>2026-09-13T03:00:14Z</time><sat>43</sat></trkpt>
  <trkpt lat="35.59208702" lon="139.60134809"><ele>96.107</ele><time>2026-09-13T03:00:20Z</time><sat>43</sat></trkpt>
  <trkpt lat="35.59211690" lon="139.60125265"><ele>95.995</ele><time>2026-09-13T03:00:26Z</time><sat>42</sat></trkpt>
  <trkpt lat="35.59212641" lon="139.60116768"><ele>95.582</ele><time>2026-09-13T03:00:32Z</time><sat>42</sat></trkpt>
  <trkpt lat="35.59204696" lon="139.60114965"><ele>95.446</ele><time>2026-09-13T03:00:38Z</time><sat>46</sat></trkpt>
  <trkpt lat="35.59197686" lon="139.60111990"><ele>94.882</ele><time>2026-09-13T03:00:44Z</time><sat>46</sat></trkpt>
  <trkpt lat="35.59191340" lon="139.60115079"><ele>93.555</ele><time>2026-09-13T03:00:50Z</time><sat>45</sat></trkpt>
  <trkpt lat="35.59193048" lon="139.60110664"><ele>92.236</ele><time>2026-09-13T03:01:02Z</time><sat>43</sat></trkpt>
  <trkpt lat="35.59197672" lon="139.60113447"><ele>94.229</ele><time>2026-09-13T03:01:08Z</time><sat>44</sat></trkpt>
  <trkpt lat="35.59191712" lon="139.60117329"><ele>92.445</ele><time>2026-09-13T03:01:14Z</time><sat>45</sat></trkpt>
  <trkpt lat="35.59184473" lon="139.60117069"><ele>90.409</ele><time>2026-09-13T03:01:20Z</time><sat>44</sat></trkpt>
  <trkpt lat="35.59177074" lon="139.60114720"><ele>89.160</ele><time>2026-09-13T03:01:26Z</time><sat>42</sat></trkpt>
  <trkpt lat="35.59170682" lon="139.60112084"><ele>88.148</ele><time>2026-09-13T03:01:32Z</time><sat>42</sat></trkpt>
  <trkpt lat="35.59163785" lon="139.60108866"><ele>87.052</ele><time>2026-09-13T03:01:38Z</time><sat>35</sat></trkpt>
  <trkpt lat="35.59156924" lon="139.60106660"><ele>86.716</ele><time>2026-09-13T03:01:44Z</time><sat>37</sat></trkpt>
  <trkpt lat="35.59151577" lon="139.60103576"><ele>85.513</ele><time>2026-09-13T03:01:50Z</time><sat>37</sat></trkpt>
  <trkpt lat="35.59144861" lon="139.60100413"><ele>85.669</ele><time>2026-09-13T03:01:56Z</time><sat>39</sat></trkpt>
  <trkpt lat="35.59137460" lon="139.60097904"><ele>85.583</ele><time>2026-09-13T03:02:02Z</time><sat>40</sat></trkpt>
  <trkpt lat="35.59130104" lon="139.60095157"><ele>85.729</ele><time>2026-09-13T03:02:08Z</time><sat>39</sat></trkpt>
  <trkpt lat="35.59123363" lon="139.60093356"><ele>85.336</ele><time>2026-09-13T03:02:14Z</time><sat>42</sat></trkpt>
  <trkpt lat="35.59116836" lon="139.60090947"><ele>85.866</ele><time>2026-09-13T03:02:20Z</time><sat>41</sat></trkpt>
  <trkpt lat="35.59109854" lon="139.60087625"><ele>85.691</ele><time>2026-09-13T03:02:26Z</time><sat>38</sat></trkpt>
  <trkpt lat="35.59102398" lon="139.60085173"><ele>85.324</ele><time>2026-09-13T03:02:32Z</time><sat>37</sat></trkpt>
  <trkpt lat="35.59094877" lon="139.60082351"><ele>86.568</ele><time>2026-09-13T03:02:38Z</time><sat>41</sat></trkpt>
  <trkpt lat="35.59087548" lon="139.60079415"><ele>86.884</ele><time>2026-09-13T03:02:44Z</time><sat>43</sat></trkpt>
  <trkpt lat="35.59079885" lon="139.60076788"><ele>87.099</ele><time>2026-09-13T03:02:50Z</time><sat>42</sat></trkpt>
  <trkpt lat="35.59072470" lon="139.60074041"><ele>87.030</ele><time>2026-09-13T03:02:56Z</time><sat>43</sat></trkpt>
  <trkpt lat="35.59064962" lon="139.60071581"><ele>86.691</ele><time>2026-09-13T03:03:02Z</time><sat>41</sat></trkpt>
  <trkpt lat="35.59057664" lon="139.60068711"><ele>87.091</ele><time>2026-09-13T03:03:08Z</time><sat>42</sat></trkpt>
  <trkpt lat="35.59050472" lon="139.60066160"><ele>87.983</ele><time>2026-09-13T03:03:14Z</time><sat>42</sat></trkpt>
  <trkpt lat="35.59043531" lon="139.60063409"><ele>88.303</ele><time>2026-09-13T03:03:20Z</time><sat>41</sat></trkpt>
  <trkpt lat="35.59036815" lon="139.60060048"><ele>87.982</ele><time>2026-09-13T03:03:26Z</time><sat>40</sat></trkpt>
  <trkpt lat="35.59029279" lon="139.60058672"><ele>87.540</ele><time>2026-09-13T03:03:32Z</time><sat>41</sat></trkpt>
  <trkpt lat="35.59021532" lon="139.60056210"><ele>87.943</ele><time>2026-09-13T03:03:38Z</time><sat>42</sat></trkpt>
  <trkpt lat="35.59014189" lon="139.60053383"><ele>87.930</ele><time>2026-09-13T03:03:44Z</time><sat>43</sat></trkpt>
  <trkpt lat="35.59006853" lon="139.60050345"><ele>87.568</ele><time>2026-09-13T03:03:50Z</time><sat>42</sat></trkpt>
  <trkpt lat="35.59000287" lon="139.60046899"><ele>87.573</ele><time>2026-09-13T03:03:56Z</time><sat>43</sat></trkpt>
  <trkpt lat="35.58999683" lon="139.60041333"><ele>87.389</ele><time>2026-09-13T03:04:02Z</time><sat>45</sat></trkpt>
  <trkpt lat="35.59002925" lon="139.60033061"><ele>87.592</ele><time>2026-09-13T03:04:08Z</time><sat>40</sat></trkpt>
  <trkpt lat="35.59004161" lon="139.60024023"><ele>88.059</ele><time>2026-09-13T03:04:14Z</time><sat>38</sat></trkpt>
  <trkpt lat="35.59005665" lon="139.60018339"><ele>88.013</ele><time>2026-09-13T03:04:20Z</time><sat>38</sat></trkpt>
  <trkpt lat="35.59008062" lon="139.60010974"><ele>86.901</ele><time>2026-09-13T03:04:26Z</time><sat>39</sat></trkpt>
  <trkpt lat="35.59009793" lon="139.60003314"><ele>85.713</ele><time>2026-09-13T03:04:32Z</time><sat>39</sat></trkpt>
  <trkpt lat="35.59012952" lon="139.59995784"><ele>85.425</ele><time>2026-09-13T03:04:38Z</time><sat>40</sat></trkpt>
  <trkpt lat="35.59014930" lon="139.59987299"><ele>84.883</ele><time>2026-09-13T03:04:44Z</time><sat>41</sat></trkpt>
  <trkpt lat="35.59017057" lon="139.59978871"><ele>85.069</ele><time>2026-09-13T03:04:50Z</time><sat>41</sat></trkpt>
  <trkpt lat="35.59014992" lon="139.59970954"><ele>85.202</ele><time>2026-09-13T03:04:56Z</time><sat>43</sat></trkpt>
  <trkpt lat="35.59013177" lon="139.59962782"><ele>86.366</ele><time>2026-09-13T03:05:02Z</time><sat>45</sat></trkpt>
  <trkpt lat="35.59008565" lon="139.59956575"><ele>86.558</ele><time>2026-09-13T03:05:08Z</time><sat>42</sat></trkpt>
  <trkpt lat="35.59004558" lon="139.59948978"><ele>87.539</ele><time>2026-09-13T03:05:14Z</time><sat>40</sat></trkpt>
  <trkpt lat="35.59004321" lon="139.59939630"><ele>88.248</ele><time>2026-09-13T03:05:20Z</time><sat>42</sat></trkpt>
  <trkpt lat="35.59005183" lon="139.59930569"><ele>86.180</ele><time>2026-09-13T03:05:26Z</time><sat>41</sat></trkpt>
  <trkpt lat="35.59007954" lon="139.59922039"><ele>87.440</ele><time>2026-09-13T03:05:32Z</time><sat>41</sat></trkpt>
  <trkpt lat="35.59010367" lon="139.59913180"><ele>85.579</ele><time>2026-09-13T03:05:38Z</time><sat>44</sat></trkpt>
  <trkpt lat="35.59013509" lon="139.59905010"><ele>86.716</ele><time>2026-09-13T03:05:44Z</time><sat>43</sat></trkpt>
  <trkpt lat="35.59015754" lon="139.59896619"><ele>87.359</ele><time>2026-09-13T03:05:50Z</time><sat>43</sat></trkpt>
  <trkpt lat="35.59017784" lon="139.59888834"><ele>89.068</ele><time>2026-09-13T03:05:56Z</time><sat>41</sat></trkpt>
  <trkpt lat="35.59020436" lon="139.59880692"><ele>90.628</ele><time>2026-09-13T03:06:02Z</time><sat>41</sat></trkpt>
  <trkpt lat="35.59023180" lon="139.59872749"><ele>91.288</ele><time>2026-09-13T03:06:08Z</time><sat>41</sat></trkpt>
  <trkpt lat="35.59025217" lon="139.59864359"><ele>91.244</ele><time>2026-09-13T03:06:14Z</time><sat>40</sat></trkpt>
  <trkpt lat="35.59027241" lon="139.59855689"><ele>91.084</ele><time>2026-09-13T03:06:20Z</time><sat>44</sat></trkpt>
  <trkpt lat="35.59029594" lon="139.59847586"><ele>91.805</ele><time>2026-09-13T03:06:26Z</time><sat>41</sat></trkpt>
  <trkpt lat="35.59031900" lon="139.59839344"><ele>91.646</ele><time>2026-09-13T03:06:32Z</time><sat>43</sat></trkpt>
  <trkpt lat="35.59033615" lon="139.59830634"><ele>91.602</ele><time>2026-09-13T03:06:38Z</time><sat>43</sat></trkpt>
  <trkpt lat="35.59035514" lon="139.59821620"><ele>91.407</ele><time>2026-09-13T03:06:44Z</time><sat>43</sat></trkpt>
  <trkpt lat="35.59037363" lon="139.59813386"><ele>90.514</ele><time>2026-09-13T03:06:50Z</time><sat>43</sat></trkpt>
  <trkpt lat="35.59033341" lon="139.59808226"><ele>90.307</ele><time>2026-09-13T03:06:56Z</time><sat>44</sat></trkpt>
  <trkpt lat="35.59028926" lon="139.59810530"><ele>90.999</ele><time>2026-09-13T03:07:02Z</time><sat>44</sat></trkpt>
  <trkpt lat="35.59032573" lon="139.59806041"><ele>90.310</ele><time>2026-09-13T03:07:08Z</time><sat>43</sat></trkpt>
  <trkpt lat="35.59024746" lon="139.59802665"><ele>88.601</ele><time>2026-09-13T03:07:14Z</time><sat>42</sat></trkpt>
  <trkpt lat="35.59019094" lon="139.59798490"><ele>89.665</ele><time>2026-09-13T03:07:20Z</time><sat>40</sat></trkpt>
  <trkpt lat="35.59015953" lon="139.59791055"><ele>88.920</ele><time>2026-09-13T03:07:26Z</time><sat>43</sat></trkpt>
  <trkpt lat="35.59014558" lon="139.59782505"><ele>88.521</ele><time>2026-09-13T03:07:32Z</time><sat>41</sat></trkpt>
  <trkpt lat="35.59012471" lon="139.59774124"><ele>88.026</ele><time>2026-09-13T03:07:38Z</time><sat>42</sat></trkpt>
  <trkpt lat="35.59007956" lon="139.59767190"><ele>89.029</ele><time>2026-09-13T03:07:44Z</time><sat>38</sat></trkpt>
  <trkpt lat="35.59001855" lon="139.59762243"><ele>89.354</ele><time>2026-09-13T03:07:50Z</time><sat>43</sat></trkpt>
  <trkpt lat="35.58996107" lon="139.59757353"><ele>89.878</ele><time>2026-09-13T03:07:56Z</time><sat>43</sat></trkpt>
  <trkpt lat="35.58989931" lon="139.59752616"><ele>89.914</ele><time>2026-09-13T03:08:02Z</time><sat>44</sat></trkpt>
  <trkpt lat="35.58983863" lon="139.59747667"><ele>89.753</ele><time>2026-09-13T03:08:08Z</time><sat>43</sat></trkpt>
  <trkpt lat="35.58978192" lon="139.59742520"><ele>90.148</ele><time>2026-09-13T03:08:14Z</time><sat>40</sat></trkpt>
  <trkpt lat="35.58972303" lon="139.59737109"><ele>89.413</ele><time>2026-09-13T03:08:20Z</time><sat>41</sat></trkpt>
  <trkpt lat="35.58966492" lon="139.59731281"><ele>89.618</ele><time>2026-09-13T03:08:26Z</time><sat>44</sat></trkpt>
  <trkpt lat="35.58960531" lon="139.59726136"><ele>89.733</ele><time>2026-09-13T03:08:32Z</time><sat>44</sat></trkpt>
  <trkpt lat="35.58954737" lon="139.59721192"><ele>90.315</ele><time>2026-09-13T03:08:38Z</time><sat>42</sat></trkpt>
  <trkpt lat="35.58948883" lon="139.59716308"><ele>90.458</ele><time>2026-09-13T03:08:44Z</time><sat>44</sat></trkpt>
  <trkpt lat="35.58943640" lon="139.59711626"><ele>90.217</ele><time>2026-09-13T03:08:50Z</time><sat>45</sat></trkpt>
  <trkpt lat="35.58938483" lon="139.59706993"><ele>89.813</ele><time>2026-09-13T03:08:56Z</time><sat>44</sat></trkpt>
  <trkpt lat="35.58932955" lon="139.59702019"><ele>89.190</ele><time>2026-09-13T03:09:02Z</time><sat>43</sat></trkpt>
  <trkpt lat="35.58927486" lon="139.59698196"><ele>89.030</ele><time>2026-09-13T03:09:08Z</time><sat>42</sat></trkpt>
  <trkpt lat="35.58922231" lon="139.59694801"><ele>88.729</ele><time>2026-09-13T03:09:14Z</time><sat>42</sat></trkpt>
  <trkpt lat="35.58916982" lon="139.59690896"><ele>87.366</ele><time>2026-09-13T03:09:20Z</time><sat>42</sat></trkpt>
  <trkpt lat="35.58911171" lon="139.59685899"><ele>87.832</ele><time>2026-09-13T03:09:26Z</time><sat>40</sat></trkpt>
  <trkpt lat="35.58905482" lon="139.59681376"><ele>87.872</ele><time>2026-09-13T03:09:32Z</time><sat>39</sat></trkpt>
  <trkpt lat="35.58900093" lon="139.59677339"><ele>88.315</ele><time>2026-09-13T03:09:38Z</time><sat>41</sat></trkpt>
  <trkpt lat="35.58898383" lon="139.59670548"><ele>87.185</ele><time>2026-09-13T03:09:44Z</time><sat>44</sat></trkpt>
  <trkpt lat="35.58903016" lon="139.59664346"><ele>87.368</ele><time>2026-09-13T03:09:50Z</time><sat>43</sat></trkpt>
  <trkpt lat="35.58909742" lon="139.59660264"><ele>86.846</ele><time>2026-09-13T03:09:56Z</time><sat>41</sat></trkpt>
  <trkpt lat="35.58916425" lon="139.59656397"><ele>86.335</ele><time>2026-09-13T03:10:02Z</time><sat>41</sat></trkpt>
  <trkpt lat="35.58919438" lon="139.59649192"><ele>87.125</ele><time>2026-09-13T03:10:08Z</time><sat>42</sat></trkpt>
  <trkpt lat="35.58915839" lon="139.59641869"><ele>86.904</ele><time>2026-09-13T03:10:14Z</time><sat>40</sat></trkpt>
  <trkpt lat="35.58913484" lon="139.59633401"><ele>86.373</ele><time>2026-09-13T03:10:20Z</time><sat>41</sat></trkpt>
  <trkpt lat="35.58911617" lon="139.59624726"><ele>86.686</ele><time>2026-09-13T03:10:26Z</time><sat>41</sat></trkpt>
  <trkpt lat="35.58909375" lon="139.59616932"><ele>85.598</ele><time>2026-09-13T03:10:32Z</time><sat>40</sat></trkpt>
  <trkpt lat="35.58907732" lon="139.59609716"><ele>85.603</ele><time>2026-09-13T03:10:38Z</time><sat>40</sat></trkpt>
  <trkpt lat="35.58906007" lon="139.59601917"><ele>84.922</ele><time>2026-09-13T03:10:44Z</time><sat>39</sat></trkpt>
  <trkpt lat="35.58903593" lon="139.59594292"><ele>83.463</ele><time>2026-09-13T03:10:50Z</time><sat>41</sat></trkpt>
  <trkpt lat="35.58900981" lon="139.59586507"><ele>81.909</ele><time>2026-09-13T03:10:56Z</time><sat>41</sat></trkpt>
  <trkpt lat="35.58898722" lon="139.59578673"><ele>81.068</ele><time>2026-09-13T03:11:02Z</time><sat>42</sat></trkpt>
  <trkpt lat="35.58896610" lon="139.59570970"><ele>80.029</ele><time>2026-09-13T03:11:08Z</time><sat>42</sat></trkpt>
  <trkpt lat="35.58893758" lon="139.59563231"><ele>78.617</ele><time>2026-09-13T03:11:14Z</time><sat>41</sat></trkpt>
  <trkpt lat="35.58891118" lon="139.59555158"><ele>78.602</ele><time>2026-09-13T03:11:20Z</time><sat>37</sat></trkpt>
  <trkpt lat="35.58889598" lon="139.59546858"><ele>80.350</ele><time>2026-09-13T03:11:26Z</time><sat>42</sat></trkpt>
  <trkpt lat="35.58886467" lon="139.59540409"><ele>80.811</ele><time>2026-09-13T03:11:32Z</time><sat>40</sat></trkpt>
  <trkpt lat="35.58881268" lon="139.59534196"><ele>78.326</ele><time>2026-09-13T03:11:38Z</time><sat>37</sat></trkpt>
  <trkpt lat="35.58877606" lon="139.59525731"><ele>78.568</ele><time>2026-09-13T03:11:44Z</time><sat>39</sat></trkpt>
  <trkpt lat="35.58874492" lon="139.59516718"><ele>76.777</ele><time>2026-09-13T03:11:50Z</time><sat>33</sat></trkpt>
  <trkpt lat="35.58870736" lon="139.59508536"><ele>75.864</ele><time>2026-09-13T03:11:56Z</time><sat>34</sat></trkpt>
  <trkpt lat="35.58867636" lon="139.59500438"><ele>76.394</ele><time>2026-09-13T03:12:02Z</time><sat>27</sat></trkpt>
  <trkpt lat="35.58864731" lon="139.59492436"><ele>77.483</ele><time>2026-09-13T03:12:08Z</time><sat>29</sat></trkpt>
  <trkpt lat="35.58862354" lon="139.59484176"><ele>80.370</ele><time>2026-09-13T03:12:14Z</time><sat>30</sat></trkpt>
  <trkpt lat="35.58859580" lon="139.59476587"><ele>81.103</ele><time>2026-09-13T03:12:20Z</time><sat>30</sat></trkpt>
  <trkpt lat="35.58858877" lon="139.59468305"><ele>77.770</ele><time>2026-09-13T03:12:26Z</time><sat>40</sat></trkpt>
  <trkpt lat="35.58855307" lon="139.59461668"><ele>74.125</ele><time>2026-09-13T03:12:32Z</time><sat>38</sat></trkpt>
  <trkpt lat="35.58852232" lon="139.59454642"><ele>72.521</ele><time>2026-09-13T03:12:38Z</time><sat>41</sat></trkpt>
  <trkpt lat="35.58848598" lon="139.59448199"><ele>72.704</ele><time>2026-09-13T03:12:44Z</time><sat>34</sat></trkpt>
  <trkpt lat="35.58847075" lon="139.59441655"><ele>75.443</ele><time>2026-09-13T03:12:50Z</time><sat>35</sat></trkpt>
  <trkpt lat="35.58847899" lon="139.59440746"><ele>75.753</ele><time>2026-09-13T03:12:53Z</time><sat>41</sat></trkpt>
  <trkpt lat="35.58848188" lon="139.59440693"><ele>76.650</ele><time>2026-09-13T03:13:05Z</time><sat>40</sat></trkpt>
  <trkpt lat="35.58846116" lon="139.59442111"><ele>75.834</ele><time>2026-09-13T03:13:08Z</time><sat>42</sat></trkpt>
  <trkpt lat="35.58839487" lon="139.59447788"><ele>75.577</ele><time>2026-09-13T03:13:14Z</time><sat>40</sat></trkpt>
  <trkpt lat="35.58832642" lon="139.59451822"><ele>74.656</ele><time>2026-09-13T03:13:20Z</time><sat>39</sat></trkpt>
  <trkpt lat="35.58826626" lon="139.59457892"><ele>74.450</ele><time>2026-09-13T03:13:26Z</time><sat>38</sat></trkpt>
  <trkpt lat="35.58819842" lon="139.59462835"><ele>73.773</ele><time>2026-09-13T03:13:32Z</time><sat>39</sat></trkpt>
  <trkpt lat="35.58813297" lon="139.59467488"><ele>72.982</ele><time>2026-09-13T03:13:38Z</time><sat>41</sat></trkpt>
  <trkpt lat="35.58806521" lon="139.59471901"><ele>71.952</ele><time>2026-09-13T03:13:44Z</time><sat>41</sat></trkpt>
  <trkpt lat="35.58799519" lon="139.59474957"><ele>71.340</ele><time>2026-09-13T03:13:50Z</time><sat>40</sat></trkpt>
  <trkpt lat="35.58793865" lon="139.59478972"><ele>69.919</ele><time>2026-09-13T03:13:56Z</time><sat>39</sat></trkpt>
  <trkpt lat="35.58788072" lon="139.59482861"><ele>69.983</ele><time>2026-09-13T03:14:02Z</time><sat>37</sat></trkpt>
  <trkpt lat="35.58782031" lon="139.59486376"><ele>69.309</ele><time>2026-09-13T03:14:08Z</time><sat>37</sat></trkpt>
  <trkpt lat="35.58776323" lon="139.59490006"><ele>67.664</ele><time>2026-09-13T03:14:14Z</time><sat>40</sat></trkpt>
  <trkpt lat="35.58772077" lon="139.59485223"><ele>67.048</ele><time>2026-09-13T03:14:20Z</time><sat>39</sat></trkpt>
  <trkpt lat="35.58772226" lon="139.59484564"><ele>67.178</ele><time>2026-09-13T03:14:23Z</time><sat>39</sat></trkpt>
  <trkpt lat="35.58770261" lon="139.59480061"><ele>67.641</ele><time>2026-09-13T03:14:26Z</time><sat>39</sat></trkpt>
  <trkpt lat="35.58769451" lon="139.59474394"><ele>68.198</ele><time>2026-09-13T03:14:29Z</time><sat>39</sat></trkpt>
  <trkpt lat="35.58774736" lon="139.59466586"><ele>68.354</ele><time>2026-09-13T03:14:35Z</time><sat>39</sat></trkpt>
  <trkpt lat="35.58777849" lon="139.59458505"><ele>68.196</ele><time>2026-09-13T03:14:41Z</time><sat>38</sat></trkpt>
  <trkpt lat="35.58783786" lon="139.59453105"><ele>67.840</ele><time>2026-09-13T03:14:47Z</time><sat>38</sat></trkpt>
  <trkpt lat="35.58790289" lon="139.59448738"><ele>67.799</ele><time>2026-09-13T03:14:53Z</time><sat>36</sat></trkpt>
  <trkpt lat="35.58795117" lon="139.59442243"><ele>67.351</ele><time>2026-09-13T03:14:59Z</time><sat>38</sat></trkpt>
  <trkpt lat="35.58800718" lon="139.59437151"><ele>67.092</ele><time>2026-09-13T03:15:05Z</time><sat>32</sat></trkpt>
  <trkpt lat="35.58805038" lon="139.59434788"><ele>67.485</ele><time>2026-09-13T03:15:09Z</time><sat>30</sat></trkpt>
  <trkpt lat="35.58812432" lon="139.59432655"><ele>68.604</ele><time>2026-09-13T03:15:15Z</time><sat>35</sat></trkpt>
  <trkpt lat="35.58818095" lon="139.59427060"><ele>69.146</ele><time>2026-09-13T03:15:21Z</time><sat>39</sat></trkpt>
  <trkpt lat="35.58821184" lon="139.59420580"><ele>67.456</ele><time>2026-09-13T03:15:27Z</time><sat>40</sat></trkpt>
  <trkpt lat="35.58823937" lon="139.59412979"><ele>69.426</ele><time>2026-09-13T03:15:33Z</time><sat>39</sat></trkpt>
  <trkpt lat="35.58825724" lon="139.59401613"><ele>68.855</ele><time>2026-09-13T03:15:41Z</time><sat>41</sat></trkpt>
  <trkpt lat="35.58826404" lon="139.59394967"><ele>67.115</ele><time>2026-09-13T03:15:47Z</time><sat>39</sat></trkpt>
  <trkpt lat="35.58830441" lon="139.59387210"><ele>68.157</ele><time>2026-09-13T03:15:53Z</time><sat>39</sat></trkpt>
  <trkpt lat="35.58830385" lon="139.59379245"><ele>68.411</ele><time>2026-09-13T03:15:59Z</time><sat>40</sat></trkpt>
  <trkpt lat="35.58834490" lon="139.59370014"><ele>67.398</ele><time>2026-09-13T03:16:05Z</time><sat>38</sat></trkpt>
  <trkpt lat="35.58837476" lon="139.59364978"><ele>66.752</ele><time>2026-09-13T03:16:08Z</time><sat>38</sat></trkpt>
  <trkpt lat="35.58842550" lon="139.59356940"><ele>66.587</ele><time>2026-09-13T03:16:14Z</time><sat>40</sat></trkpt>
  <trkpt lat="35.58844736" lon="139.59348165"><ele>67.353</ele><time>2026-09-13T03:16:20Z</time><sat>33</sat></trkpt>
  <trkpt lat="35.58847029" lon="139.59339510"><ele>66.591</ele><time>2026-09-13T03:16:26Z</time><sat>39</sat></trkpt>
  <trkpt lat="35.58849807" lon="139.59331178"><ele>67.417</ele><time>2026-09-13T03:16:32Z</time><sat>33</sat></trkpt>
  <trkpt lat="35.58851039" lon="139.59324046"><ele>66.878</ele><time>2026-09-13T03:16:38Z</time><sat>31</sat></trkpt>
  <trkpt lat="35.58853343" lon="139.59317098"><ele>67.882</ele><time>2026-09-13T03:16:44Z</time><sat>32</sat></trkpt>
  <trkpt lat="35.58850494" lon="139.59308533"><ele>69.956</ele><time>2026-09-13T03:16:50Z</time><sat>37</sat></trkpt>
  <trkpt lat="35.58845884" lon="139.59301263"><ele>71.971</ele><time>2026-09-13T03:16:56Z</time><sat>38</sat></trkpt>
  <trkpt lat="35.58840848" lon="139.59294176"><ele>72.866</ele><time>2026-09-13T03:17:02Z</time><sat>35</sat></trkpt>
  <trkpt lat="35.58834649" lon="139.59287858"><ele>69.862</ele><time>2026-09-13T03:17:08Z</time><sat>36</sat></trkpt>
  <trkpt lat="35.58826916" lon="139.59285924"><ele>67.652</ele><time>2026-09-13T03:17:14Z</time><sat>30</sat></trkpt>
  <trkpt lat="35.58823996" lon="139.59279834"><ele>72.849</ele><time>2026-09-13T03:17:20Z</time><sat>37</sat></trkpt>
  <trkpt lat="35.58819597" lon="139.59276085"><ele>71.200</ele><time>2026-09-13T03:17:26Z</time><sat>39</sat></trkpt>
  <trkpt lat="35.58816871" lon="139.59278494"><ele>71.575</ele><time>2026-09-13T03:17:29Z</time><sat>39</sat></trkpt>
  <trkpt lat="35.58814252" lon="139.59278053"><ele>71.326</ele><time>2026-09-13T03:17:32Z</time><sat>39</sat></trkpt>
  <trkpt lat="35.58813542" lon="139.59275614"><ele>72.969</ele><time>2026-09-13T03:17:38Z</time><sat>35</sat></trkpt>
  <trkpt lat="35.58813966" lon="139.59275904"><ele>73.072</ele><time>2026-09-13T03:17:41Z</time><sat>36</sat></trkpt>
  <trkpt lat="35.58815388" lon="139.59276894"><ele>73.841</ele><time>2026-09-13T03:17:44Z</time><sat>37</sat></trkpt>
  <trkpt lat="35.58816272" lon="139.59277697"><ele>74.741</ele><time>2026-09-13T03:17:56Z</time><sat>37</sat></trkpt>
  <trkpt lat="35.58816470" lon="139.59276970"><ele>74.914</ele><time>2026-09-13T03:18:04Z</time><sat>41</sat></trkpt>
  <trkpt lat="35.58816935" lon="139.59276919"><ele>74.046</ele><time>2026-09-13T03:18:07Z</time><sat>40</sat></trkpt>
  <trkpt lat="35.58811126" lon="139.59271576"><ele>72.606</ele><time>2026-09-13T03:18:16Z</time><sat>40</sat></trkpt>
  <trkpt lat="35.58808085" lon="139.59262556"><ele>73.926</ele><time>2026-09-13T03:18:22Z</time><sat>40</sat></trkpt>
  <trkpt lat="35.58805103" lon="139.59255897"><ele>71.262</ele><time>2026-09-13T03:18:28Z</time><sat>36</sat></trkpt>
  <trkpt lat="35.58800927" lon="139.59248372"><ele>70.409</ele><time>2026-09-13T03:18:34Z</time><sat>36</sat></trkpt>
  <trkpt lat="35.58797829" lon="139.59241190"><ele>70.013</ele><time>2026-09-13T03:18:40Z</time><sat>33</sat></trkpt>
  <trkpt lat="35.58794738" lon="139.59233661"><ele>72.470</ele><time>2026-09-13T03:18:46Z</time><sat>34</sat></trkpt>
  <trkpt lat="35.58791140" lon="139.59228234"><ele>74.387</ele><time>2026-09-13T03:18:52Z</time><sat>37</sat></trkpt>
  <trkpt lat="35.58789228" lon="139.59226707"><ele>74.873</ele><time>2026-09-13T03:19:04Z</time><sat>35</sat></trkpt>
  <trkpt lat="35.58789211" lon="139.59227738"><ele>74.975</ele><time>2026-09-13T03:19:07Z</time><sat>32</sat></trkpt>
  <trkpt lat="35.58789087" lon="139.59227873"><ele>74.923</ele><time>2026-09-13T03:19:10Z</time><sat>30</sat></trkpt>
  <trkpt lat="35.58788647" lon="139.59226741"><ele>75.121</ele><time>2026-09-13T03:19:13Z</time><sat>30</sat></trkpt>
  <trkpt lat="35.58785947" lon="139.59219712"><ele>74.501</ele><time>2026-09-13T03:19:19Z</time><sat>35</sat></trkpt>
  <trkpt lat="35.58783358" lon="139.59213007"><ele>76.021</ele><time>2026-09-13T03:19:25Z</time><sat>36</sat></trkpt>
  <trkpt lat="35.58778199" lon="139.59203465"><ele>76.059</ele><time>2026-09-13T03:19:34Z</time><sat>33</sat></trkpt>
  <trkpt lat="35.58775454" lon="139.59197473"><ele>76.873</ele><time>2026-09-13T03:19:40Z</time><sat>35</sat></trkpt>
  <trkpt lat="35.58772350" lon="139.59190727"><ele>78.437</ele><time>2026-09-13T03:19:46Z</time><sat>34</sat></trkpt>
  <trkpt lat="35.58769078" lon="139.59184018"><ele>79.376</ele><time>2026-09-13T03:19:52Z</time><sat>32</sat></trkpt>
  <trkpt lat="35.58766672" lon="139.59175690"><ele>80.360</ele><time>2026-09-13T03:19:58Z</time><sat>33</sat></trkpt>
  <trkpt lat="35.58763854" lon="139.59169311"><ele>80.826</ele><time>2026-09-13T03:20:04Z</time><sat>34</sat></trkpt>
  <trkpt lat="35.58761892" lon="139.59163622"><ele>81.023</ele><time>2026-09-13T03:20:10Z</time><sat>34</sat></trkpt>
  <trkpt lat="35.58759328" lon="139.59160647"><ele>82.357</ele><time>2026-09-13T03:20:16Z</time><sat>36</sat></trkpt>
  <trkpt lat="35.58757942" lon="139.59160182"><ele>83.323</ele><time>2026-09-13T03:20:19Z</time><sat>35</sat></trkpt>
  <trkpt lat="35.58758913" lon="139.59159731"><ele>82.676</ele><time>2026-09-13T03:20:22Z</time><sat>34</sat></trkpt>
  <trkpt lat="35.58762636" lon="139.59158323"><ele>82.182</ele><time>2026-09-13T03:20:25Z</time><sat>36</sat></trkpt>
  <trkpt lat="35.58764225" lon="139.59157110"><ele>82.270</ele><time>2026-09-13T03:20:37Z</time><sat>28</sat></trkpt>
  <trkpt lat="35.58764741" lon="139.59156511"><ele>83.722</ele><time>2026-09-13T03:20:40Z</time><sat>33</sat></trkpt>
  <trkpt lat="35.58765575" lon="139.59156645"><ele>84.570</ele><time>2026-09-13T03:20:43Z</time><sat>35</sat></trkpt>
  <trkpt lat="35.58766511" lon="139.59157134"><ele>84.400</ele><time>2026-09-13T03:20:47Z</time><sat>36</sat></trkpt>
  <trkpt lat="35.58766867" lon="139.59157138"><ele>84.370</ele><time>2026-09-13T03:20:59Z</time><sat>36</sat></trkpt>
  <trkpt lat="35.58766440" lon="139.59156325"><ele>85.818</ele><time>2026-09-13T03:21:11Z</time><sat>32</sat></trkpt>
  <trkpt lat="35.58766222" lon="139.59156151"><ele>85.830</ele><time>2026-09-13T03:21:17Z</time><sat>36</sat></trkpt>
  <trkpt lat="35.58766018" lon="139.59155893"><ele>86.533</ele><time>2026-09-13T03:21:20Z</time><sat>33</sat></trkpt>
  <trkpt lat="35.58765133" lon="139.59148807"><ele>87.559</ele><time>2026-09-13T03:21:26Z</time><sat>35</sat></trkpt>
  <trkpt lat="35.58758351" lon="139.59142067"><ele>87.230</ele><time>2026-09-13T03:21:32Z</time><sat>36</sat></trkpt>
  <trkpt lat="35.58752505" lon="139.59134860"><ele>90.584</ele><time>2026-09-13T03:21:38Z</time><sat>38</sat></trkpt>
  <trkpt lat="35.58748919" lon="139.59129664"><ele>91.794</ele><time>2026-09-13T03:21:43Z</time><sat>39</sat></trkpt>
  <trkpt lat="35.58745680" lon="139.59125562"><ele>89.737</ele><time>2026-09-13T03:21:49Z</time><sat>35</sat></trkpt>
  <trkpt lat="35.58743841" lon="139.59120176"><ele>86.851</ele><time>2026-09-13T03:21:52Z</time><sat>35</sat></trkpt>
  <trkpt lat="35.58742781" lon="139.59110191"><ele>87.675</ele><time>2026-09-13T03:21:58Z</time><sat>36</sat></trkpt>
  <trkpt lat="35.58741272" lon="139.59102567"><ele>86.159</ele><time>2026-09-13T03:22:04Z</time><sat>30</sat></trkpt>
  <trkpt lat="35.58738844" lon="139.59093420"><ele>82.529</ele><time>2026-09-13T03:22:10Z</time><sat>32</sat></trkpt>
  <trkpt lat="35.58737277" lon="139.59082174"><ele>83.012</ele><time>2026-09-13T03:22:16Z</time><sat>31</sat></trkpt>
  <trkpt lat="35.58730978" lon="139.59073996"><ele>83.506</ele><time>2026-09-13T03:22:22Z</time><sat>28</sat></trkpt>
  <trkpt lat="35.58724769" lon="139.59068032"><ele>85.726</ele><time>2026-09-13T03:22:28Z</time><sat>34</sat></trkpt>
  <trkpt lat="35.58720118" lon="139.59060782"><ele>87.654</ele><time>2026-09-13T03:22:34Z</time><sat>35</sat></trkpt>
  <trkpt lat="35.58718240" lon="139.59051581"><ele>88.797</ele><time>2026-09-13T03:22:40Z</time><sat>32</sat></trkpt>
  <trkpt lat="35.58715176" lon="139.59042813"><ele>91.910</ele><time>2026-09-13T03:22:46Z</time><sat>24</sat></trkpt>
  <trkpt lat="35.58714407" lon="139.59034266"><ele>93.841</ele><time>2026-09-13T03:22:52Z</time><sat>34</sat></trkpt>
  <trkpt lat="35.58713202" lon="139.59024757"><ele>96.717</ele><time>2026-09-13T03:22:58Z</time><sat>28</sat></trkpt>
  <trkpt lat="35.58709119" lon="139.59015007"><ele>97.514</ele><time>2026-09-13T03:23:04Z</time><sat>30</sat></trkpt>
  <trkpt lat="35.58707519" lon="139.59008118"><ele>99.394</ele><time>2026-09-13T03:23:07Z</time><sat>26</sat></trkpt>
  <trkpt lat="35.58706005" lon="139.58999969"><ele>96.301</ele><time>2026-09-13T03:23:13Z</time><sat>30</sat></trkpt>
  <trkpt lat="35.58700845" lon="139.58994723"><ele>94.800</ele><time>2026-09-13T03:23:19Z</time><sat>26</sat></trkpt>
  <trkpt lat="35.58696937" lon="139.58991912"><ele>93.249</ele><time>2026-09-13T03:23:22Z</time><sat>31</sat></trkpt>
  <trkpt lat="35.58692783" lon="139.58988768"><ele>94.293</ele><time>2026-09-13T03:23:25Z</time><sat>33</sat></trkpt>
  <trkpt lat="35.58686755" lon="139.58983370"><ele>94.778</ele><time>2026-09-13T03:23:31Z</time><sat>28</sat></trkpt>
  <trkpt lat="35.58682096" lon="139.58976336"><ele>93.848</ele><time>2026-09-13T03:23:37Z</time><sat>25</sat></trkpt>
  <trkpt lat="35.58677011" lon="139.58968078"><ele>95.637</ele><time>2026-09-13T03:23:43Z</time><sat>30</sat></trkpt>
  <trkpt lat="35.58672948" lon="139.58963552"><ele>93.448</ele><time>2026-09-13T03:23:49Z</time><sat>33</sat></trkpt>
  <trkpt lat="35.58666887" lon="139.58965799"><ele>90.637</ele><time>2026-09-13T03:23:55Z</time><sat>35</sat></trkpt>
  <trkpt lat="35.58663016" lon="139.58963923"><ele>90.296</ele><time>2026-09-13T03:24:01Z</time><sat>33</sat></trkpt>
  <trkpt lat="35.58663961" lon="139.58962678"><ele>90.655</ele><time>2026-09-13T03:24:04Z</time><sat>39</sat></trkpt>
  <trkpt lat="35.58663541" lon="139.58961191"><ele>91.161</ele><time>2026-09-13T03:24:07Z</time><sat>38</sat></trkpt>
  <trkpt lat="35.58661196" lon="139.58956139"><ele>90.557</ele><time>2026-09-13T03:24:10Z</time><sat>39</sat></trkpt>
  <trkpt lat="35.58661887" lon="139.58948405"><ele>92.248</ele><time>2026-09-13T03:24:16Z</time><sat>40</sat></trkpt>
  <trkpt lat="35.58661624" lon="139.58942310"><ele>92.167</ele><time>2026-09-13T03:24:22Z</time><sat>41</sat></trkpt>
  <trkpt lat="35.58657267" lon="139.58935622"><ele>93.003</ele><time>2026-09-13T03:24:28Z</time><sat>40</sat></trkpt>
  <trkpt lat="35.58653016" lon="139.58927618"><ele>93.445</ele><time>2026-09-13T03:24:34Z</time><sat>39</sat></trkpt>
  <trkpt lat="35.58650576" lon="139.58919213"><ele>92.932</ele><time>2026-09-13T03:24:40Z</time><sat>38</sat></trkpt>
  <trkpt lat="35.58648188" lon="139.58911083"><ele>92.035</ele><time>2026-09-13T03:24:46Z</time><sat>34</sat></trkpt>
  <trkpt lat="35.58643615" lon="139.58903026"><ele>91.550</ele><time>2026-09-13T03:24:52Z</time><sat>38</sat></trkpt>
  <trkpt lat="35.58639225" lon="139.58893971"><ele>91.498</ele><time>2026-09-13T03:24:58Z</time><sat>33</sat></trkpt>
  <trkpt lat="35.58636082" lon="139.58884892"><ele>89.674</ele><time>2026-09-13T03:25:04Z</time><sat>39</sat></trkpt>
  <trkpt lat="35.58633641" lon="139.58875418"><ele>92.539</ele><time>2026-09-13T03:25:10Z</time><sat>36</sat></trkpt>
  <trkpt lat="35.58629113" lon="139.58867645"><ele>92.419</ele><time>2026-09-13T03:25:16Z</time><sat>37</sat></trkpt>
  <trkpt lat="35.58625417" lon="139.58860077"><ele>92.031</ele><time>2026-09-13T03:25:22Z</time><sat>39</sat></trkpt>
  <trkpt lat="35.58621183" lon="139.58852495"><ele>90.837</ele><time>2026-09-13T03:25:28Z</time><sat>35</sat></trkpt>
  <trkpt lat="35.58618798" lon="139.58844209"><ele>91.366</ele><time>2026-09-13T03:25:34Z</time><sat>35</sat></trkpt>
  <trkpt lat="35.58614966" lon="139.58837034"><ele>90.245</ele><time>2026-09-13T03:25:40Z</time><sat>39</sat></trkpt>
  <trkpt lat="35.58611042" lon="139.58829200"><ele>89.967</ele><time>2026-09-13T03:25:46Z</time><sat>37</sat></trkpt>
  <trkpt lat="35.58607568" lon="139.58820731"><ele>87.795</ele><time>2026-09-13T03:25:52Z</time><sat>34</sat></trkpt>
  <trkpt lat="35.58604625" lon="139.58811653"><ele>86.124</ele><time>2026-09-13T03:25:58Z</time><sat>24</sat></trkpt>
  <trkpt lat="35.58600566" lon="139.58803178"><ele>83.477</ele><time>2026-09-13T03:26:04Z</time><sat>31</sat></trkpt>
  <trkpt lat="35.58595954" lon="139.58795116"><ele>83.550</ele><time>2026-09-13T03:26:10Z</time><sat>32</sat></trkpt>
  <trkpt lat="35.58592299" lon="139.58787063"><ele>83.495</ele><time>2026-09-13T03:26:16Z</time><sat>31</sat></trkpt>
  <trkpt lat="35.58588163" lon="139.58779306"><ele>83.304</ele><time>2026-09-13T03:26:22Z</time><sat>36</sat></trkpt>
  <trkpt lat="35.58584102" lon="139.58771836"><ele>83.476</ele><time>2026-09-13T03:26:28Z</time><sat>37</sat></trkpt>
  <trkpt lat="35.58580670" lon="139.58764471"><ele>83.599</ele><time>2026-09-13T03:26:34Z</time><sat>28</sat></trkpt>
  <trkpt lat="35.58578502" lon="139.58756806"><ele>83.575</ele><time>2026-09-13T03:26:40Z</time><sat>23</sat></trkpt>
  <trkpt lat="35.58577830" lon="139.58748927"><ele>83.788</ele><time>2026-09-13T03:26:46Z</time><sat>27</sat></trkpt>
  <trkpt lat="35.58575377" lon="139.58741027"><ele>84.626</ele><time>2026-09-13T03:26:52Z</time><sat>27</sat></trkpt>
  <trkpt lat="35.58572392" lon="139.58731010"><ele>87.397</ele><time>2026-09-13T03:26:58Z</time><sat>28</sat></trkpt>
  <trkpt lat="35.58571284" lon="139.58725616"><ele>87.314</ele><time>2026-09-13T03:27:01Z</time><sat>33</sat></trkpt>
  <trkpt lat="35.58568625" lon="139.58715237"><ele>88.689</ele><time>2026-09-13T03:27:08Z</time><sat>32</sat></trkpt>
  <trkpt lat="35.58566828" lon="139.58707967"><ele>89.030</ele><time>2026-09-13T03:27:14Z</time><sat>32</sat></trkpt>
  <trkpt lat="35.58565254" lon="139.58701361"><ele>88.779</ele><time>2026-09-13T03:27:20Z</time><sat>35</sat></trkpt>
  <trkpt lat="35.58564108" lon="139.58694699"><ele>88.610</ele><time>2026-09-13T03:27:26Z</time><sat>36</sat></trkpt>
  <trkpt lat="35.58563269" lon="139.58688027"><ele>88.155</ele><time>2026-09-13T03:27:32Z</time><sat>35</sat></trkpt>
  <trkpt lat="35.58562032" lon="139.58681129"><ele>88.479</ele><time>2026-09-13T03:27:38Z</time><sat>33</sat></trkpt>
  <trkpt lat="35.58560936" lon="139.58674008"><ele>88.722</ele><time>2026-09-13T03:27:44Z</time><sat>35</sat></trkpt>
  <trkpt lat="35.58559848" lon="139.58667347"><ele>88.887</ele><time>2026-09-13T03:27:50Z</time><sat>35</sat></trkpt>
  <trkpt lat="35.58558739" lon="139.58660375"><ele>89.332</ele><time>2026-09-13T03:27:56Z</time><sat>36</sat></trkpt>
  <trkpt lat="35.58558441" lon="139.58652926"><ele>89.764</ele><time>2026-09-13T03:28:02Z</time><sat>37</sat></trkpt>
  <trkpt lat="35.58557177" lon="139.58645541"><ele>90.131</ele><time>2026-09-13T03:28:08Z</time><sat>38</sat></trkpt>
  <trkpt lat="35.58555804" lon="139.58638890"><ele>90.766</ele><time>2026-09-13T03:28:14Z</time><sat>38</sat></trkpt>
  <trkpt lat="35.58555209" lon="139.58632311"><ele>91.855</ele><time>2026-09-13T03:28:20Z</time><sat>38</sat></trkpt>
  <trkpt lat="35.58554067" lon="139.58626180"><ele>91.767</ele><time>2026-09-13T03:28:26Z</time><sat>37</sat></trkpt>
  <trkpt lat="35.58553190" lon="139.58619984"><ele>91.255</ele><time>2026-09-13T03:28:32Z</time><sat>35</sat></trkpt>
  <trkpt lat="35.58552458" lon="139.58613267"><ele>90.535</ele><time>2026-09-13T03:28:38Z</time><sat>35</sat></trkpt>
  <trkpt lat="35.58551557" lon="139.58606343"><ele>90.302</ele><time>2026-09-13T03:28:44Z</time><sat>33</sat></trkpt>
  <trkpt lat="35.58550995" lon="139.58599395"><ele>89.981</ele><time>2026-09-13T03:28:50Z</time><sat>35</sat></trkpt>
  <trkpt lat="35.58549627" lon="139.58593438"><ele>90.086</ele><time>2026-09-13T03:28:56Z</time><sat>39</sat></trkpt>
  <trkpt lat="35.58548292" lon="139.58585909"><ele>90.362</ele><time>2026-09-13T03:29:02Z</time><sat>40</sat></trkpt>
  <trkpt lat="35.58547939" lon="139.58577643"><ele>90.497</ele><time>2026-09-13T03:29:08Z</time><sat>41</sat></trkpt>
  <trkpt lat="35.58547170" lon="139.58570760"><ele>90.147</ele><time>2026-09-13T03:29:14Z</time><sat>40</sat></trkpt>
  <trkpt lat="35.58546616" lon="139.58563717"><ele>90.505</ele><time>2026-09-13T03:29:20Z</time><sat>42</sat></trkpt>
  <trkpt lat="35.58545723" lon="139.58556581"><ele>90.733</ele><time>2026-09-13T03:29:26Z</time><sat>39</sat></trkpt>
  <trkpt lat="35.58544541" lon="139.58550093"><ele>90.419</ele><time>2026-09-13T03:29:32Z</time><sat>40</sat></trkpt>
  <trkpt lat="35.58543933" lon="139.58543492"><ele>90.361</ele><time>2026-09-13T03:29:38Z</time><sat>39</sat></trkpt>
  <trkpt lat="35.58543346" lon="139.58536414"><ele>89.885</ele><time>2026-09-13T03:29:44Z</time><sat>42</sat></trkpt>
  <trkpt lat="35.58543161" lon="139.58530125"><ele>89.395</ele><time>2026-09-13T03:29:50Z</time><sat>42</sat></trkpt>
  <trkpt lat="35.58542628" lon="139.58523857"><ele>88.897</ele><time>2026-09-13T03:29:56Z</time><sat>41</sat></trkpt>
  <trkpt lat="35.58541653" lon="139.58517182"><ele>88.732</ele><time>2026-09-13T03:30:02Z</time><sat>40</sat></trkpt>
  <trkpt lat="35.58541166" lon="139.58509648"><ele>88.293</ele><time>2026-09-13T03:30:08Z</time><sat>40</sat></trkpt>
  <trkpt lat="35.58540529" lon="139.58502008"><ele>87.972</ele><time>2026-09-13T03:30:14Z</time><sat>40</sat></trkpt>
  <trkpt lat="35.58539619" lon="139.58495395"><ele>86.898</ele><time>2026-09-13T03:30:20Z</time><sat>40</sat></trkpt>
  <trkpt lat="35.58540544" lon="139.58488401"><ele>86.041</ele><time>2026-09-13T03:30:26Z</time><sat>35</sat></trkpt>
  <trkpt lat="35.58537785" lon="139.58482548"><ele>85.544</ele><time>2026-09-13T03:30:32Z</time><sat>39</sat></trkpt>
  <trkpt lat="35.58536123" lon="139.58476566"><ele>85.566</ele><time>2026-09-13T03:30:38Z</time><sat>40</sat></trkpt>
  <trkpt lat="35.58534968" lon="139.58469783"><ele>85.686</ele><time>2026-09-13T03:30:44Z</time><sat>38</sat></trkpt>
  <trkpt lat="35.58534305" lon="139.58462213"><ele>85.659</ele><time>2026-09-13T03:30:50Z</time><sat>40</sat></trkpt>
  <trkpt lat="35.58533331" lon="139.58454878"><ele>85.599</ele><time>2026-09-13T03:30:56Z</time><sat>39</sat></trkpt>
  <trkpt lat="35.58532129" lon="139.58447281"><ele>85.681</ele><time>2026-09-13T03:31:02Z</time><sat>38</sat></trkpt>
  <trkpt lat="35.58531883" lon="139.58439198"><ele>85.754</ele><time>2026-09-13T03:31:08Z</time><sat>35</sat></trkpt>
  <trkpt lat="35.58532301" lon="139.58431049"><ele>86.088</ele><time>2026-09-13T03:31:14Z</time><sat>41</sat></trkpt>
  <trkpt lat="35.58531863" lon="139.58423636"><ele>85.530</ele><time>2026-09-13T03:31:20Z</time><sat>38</sat></trkpt>
  <trkpt lat="35.58530532" lon="139.58417348"><ele>84.553</ele><time>2026-09-13T03:31:26Z</time><sat>40</sat></trkpt>
  <trkpt lat="35.58528439" lon="139.58413037"><ele>84.092</ele><time>2026-09-13T03:31:37Z</time><sat>42</sat></trkpt>
  <trkpt lat="35.58528197" lon="139.58407046"><ele>84.696</ele><time>2026-09-13T03:31:43Z</time><sat>41</sat></trkpt>
  <trkpt lat="35.58527993" lon="139.58400653"><ele>84.073</ele><time>2026-09-13T03:31:49Z</time><sat>41</sat></trkpt>
  <trkpt lat="35.58527994" lon="139.58394174"><ele>83.067</ele><time>2026-09-13T03:31:55Z</time><sat>40</sat></trkpt>
  <trkpt lat="35.58529332" lon="139.58387655"><ele>81.781</ele><time>2026-09-13T03:32:01Z</time><sat>41</sat></trkpt>
  <trkpt lat="35.58529974" lon="139.58378903"><ele>81.328</ele><time>2026-09-13T03:32:07Z</time><sat>41</sat></trkpt>
  <trkpt lat="35.58529790" lon="139.58370758"><ele>80.052</ele><time>2026-09-13T03:32:13Z</time><sat>40</sat></trkpt>
  <trkpt lat="35.58530470" lon="139.58362705"><ele>80.359</ele><time>2026-09-13T03:32:19Z</time><sat>41</sat></trkpt>
  <trkpt lat="35.58531019" lon="139.58354042"><ele>80.828</ele><time>2026-09-13T03:32:25Z</time><sat>39</sat></trkpt>
  <trkpt lat="35.58532277" lon="139.58344962"><ele>79.188</ele><time>2026-09-13T03:32:31Z</time><sat>40</sat></trkpt>
  <trkpt lat="35.58533371" lon="139.58335333"><ele>78.324</ele><time>2026-09-13T03:32:37Z</time><sat>41</sat></trkpt>
  <trkpt lat="35.58532875" lon="139.58326194"><ele>78.221</ele><time>2026-09-13T03:32:43Z</time><sat>41</sat></trkpt>
  <trkpt lat="35.58532249" lon="139.58318212"><ele>76.968</ele><time>2026-09-13T03:32:49Z</time><sat>39</sat></trkpt>
  <trkpt lat="35.58531408" lon="139.58310057"><ele>76.108</ele><time>2026-09-13T03:32:55Z</time><sat>35</sat></trkpt>
  <trkpt lat="35.58527909" lon="139.58302156"><ele>73.681</ele><time>2026-09-13T03:33:01Z</time><sat>38</sat></trkpt>
  <trkpt lat="35.58524678" lon="139.58294611"><ele>71.839</ele><time>2026-09-13T03:33:07Z</time><sat>41</sat></trkpt>
  <trkpt lat="35.58522515" lon="139.58287042"><ele>72.915</ele><time>2026-09-13T03:33:13Z</time><sat>38</sat></trkpt>
  <trkpt lat="35.58520237" lon="139.58279212"><ele>71.622</ele><time>2026-09-13T03:33:19Z</time><sat>38</sat></trkpt>
  <trkpt lat="35.58520646" lon="139.58271913"><ele>70.745</ele><time>2026-09-13T03:33:25Z</time><sat>36</sat></trkpt>
  <trkpt lat="35.58520691" lon="139.58261473"><ele>70.826</ele><time>2026-09-13T03:33:31Z</time><sat>26</sat></trkpt>
  <trkpt lat="35.58519409" lon="139.58253103"><ele>70.665</ele><time>2026-09-13T03:33:37Z</time><sat>29</sat></trkpt>
  <trkpt lat="35.58517757" lon="139.58247026"><ele>71.803</ele><time>2026-09-13T03:33:43Z</time><sat>34</sat></trkpt>
  <trkpt lat="35.58515568" lon="139.58240924"><ele>75.519</ele><time>2026-09-13T03:33:49Z</time><sat>35</sat></trkpt>
  <trkpt lat="35.58511948" lon="139.58236563"><ele>74.646</ele><time>2026-09-13T03:33:58Z</time><sat>36</sat></trkpt>
  <trkpt lat="35.58506137" lon="139.58235816"><ele>76.920</ele><time>2026-09-13T03:34:01Z</time><sat>33</sat></trkpt>
  <trkpt lat="35.58501267" lon="139.58234465"><ele>78.410</ele><time>2026-09-13T03:34:04Z</time><sat>22</sat></trkpt>
  <trkpt lat="35.58496664" lon="139.58234488"><ele>79.216</ele><time>2026-09-13T03:34:07Z</time><sat>21</sat></trkpt>
  <trkpt lat="35.58491996" lon="139.58234798"><ele>77.646</ele><time>2026-09-13T03:34:10Z</time><sat>20</sat></trkpt>
  <trkpt lat="35.58487482" lon="139.58231956"><ele>73.133</ele><time>2026-09-13T03:34:16Z</time><sat>20</sat></trkpt>
  <trkpt lat="35.58486440" lon="139.58226320"><ele>73.034</ele><time>2026-09-13T03:34:22Z</time><sat>36</sat></trkpt>
  <trkpt lat="35.58485120" lon="139.58218201"><ele>73.397</ele><time>2026-09-13T03:34:28Z</time><sat>30</sat></trkpt>
  <trkpt lat="35.58483115" lon="139.58211017"><ele>73.786</ele><time>2026-09-13T03:34:34Z</time><sat>38</sat></trkpt>
  <trkpt lat="35.58482601" lon="139.58210098"><ele>74.177</ele><time>2026-09-13T03:34:37Z</time><sat>37</sat></trkpt>
  <trkpt lat="35.58482865" lon="139.58210517"><ele>74.033</ele><time>2026-09-13T03:34:43Z</time><sat>35</sat></trkpt>
  <trkpt lat="35.58482287" lon="139.58210053"><ele>74.124</ele><time>2026-09-13T03:34:46Z</time><sat>38</sat></trkpt>
  <trkpt lat="35.58480049" lon="139.58204062"><ele>73.323</ele><time>2026-09-13T03:34:52Z</time><sat>36</sat></trkpt>
  <trkpt lat="35.58478059" lon="139.58194701"><ele>75.266</ele><time>2026-09-13T03:35:00Z</time><sat>34</sat></trkpt>
  <trkpt lat="35.58476302" lon="139.58187197"><ele>76.996</ele><time>2026-09-13T03:35:06Z</time><sat>38</sat></trkpt>
  <trkpt lat="35.58474247" lon="139.58179847"><ele>78.782</ele><time>2026-09-13T03:35:12Z</time><sat>37</sat></trkpt>
  <trkpt lat="35.58474837" lon="139.58173538"><ele>81.803</ele><time>2026-09-13T03:35:18Z</time><sat>38</sat></trkpt>
  <trkpt lat="35.58475524" lon="139.58166942"><ele>83.659</ele><time>2026-09-13T03:35:26Z</time><sat>32</sat></trkpt>
  <trkpt lat="35.58475002" lon="139.58166358"><ele>84.114</ele><time>2026-09-13T03:35:29Z</time><sat>32</sat></trkpt>
  <trkpt lat="35.58474470" lon="139.58166407"><ele>83.766</ele><time>2026-09-13T03:35:41Z</time><sat>33</sat></trkpt>
  <trkpt lat="35.58473969" lon="139.58166101"><ele>84.123</ele><time>2026-09-13T03:35:47Z</time><sat>34</sat></trkpt>
  <trkpt lat="35.58473709" lon="139.58165452"><ele>84.374</ele><time>2026-09-13T03:35:50Z</time><sat>31</sat></trkpt>
  <trkpt lat="35.58471879" lon="139.58160164"><ele>84.615</ele><time>2026-09-13T03:35:56Z</time><sat>30</sat></trkpt>
  <trkpt lat="35.58473213" lon="139.58148844"><ele>80.891</ele><time>2026-09-13T03:36:02Z</time><sat>26</sat></trkpt>
  <trkpt lat="35.58475940" lon="139.58143504"><ele>79.914</ele><time>2026-09-13T03:36:05Z</time><sat>8</sat></trkpt>
  <trkpt lat="35.58483735" lon="139.58146727"><ele>75.430</ele><time>2026-09-13T03:36:08Z</time><sat>12</sat></trkpt>
  <trkpt lat="35.58493295" lon="139.58150969"><ele>77.783</ele><time>2026-09-13T03:36:11Z</time><sat>24</sat></trkpt>
  <trkpt lat="35.58499570" lon="139.58152815"><ele>73.130</ele><time>2026-09-13T03:36:14Z</time><sat>30</sat></trkpt>
  <trkpt lat="35.58503640" lon="139.58157908"><ele>72.485</ele><time>2026-09-13T03:36:17Z</time><sat>33</sat></trkpt>
  <trkpt lat="35.58504701" lon="139.58160322"><ele>72.063</ele><time>2026-09-13T03:36:20Z</time><sat>35</sat></trkpt>
  <trkpt lat="35.58504147" lon="139.58162033"><ele>70.616</ele><time>2026-09-13T03:36:23Z</time><sat>34</sat></trkpt>
  <trkpt lat="35.58503617" lon="139.58163321"><ele>70.650</ele><time>2026-09-13T03:36:26Z</time><sat>34</sat></trkpt>
  <trkpt lat="35.58503411" lon="139.58163651"><ele>70.705</ele><time>2026-09-13T03:36:32Z</time><sat>36</sat></trkpt>
  <trkpt lat="35.58503406" lon="139.58163898"><ele>70.932</ele><time>2026-09-13T03:36:35Z</time><sat>35</sat></trkpt>
  <trkpt lat="35.58504089" lon="139.58164499"><ele>72.012</ele><time>2026-09-13T03:36:38Z</time><sat>32</sat></trkpt>
  <trkpt lat="35.58504254" lon="139.58164686"><ele>72.067</ele><time>2026-09-13T03:36:44Z</time><sat>37</sat></trkpt>
  <trkpt lat="35.58504153" lon="139.58164652"><ele>72.610</ele><time>2026-09-13T03:36:47Z</time><sat>36</sat></trkpt>
  <trkpt lat="35.58504082" lon="139.58164383"><ele>72.232</ele><time>2026-09-13T03:36:50Z</time><sat>35</sat></trkpt>
  <trkpt lat="35.58503892" lon="139.58163719"><ele>71.843</ele><time>2026-09-13T03:36:56Z</time><sat>35</sat></trkpt>
  <trkpt lat="35.58503639" lon="139.58163761"><ele>71.657</ele><time>2026-09-13T03:36:59Z</time><sat>33</sat></trkpt>
  <trkpt lat="35.58503356" lon="139.58163574"><ele>71.626</ele><time>2026-09-13T03:37:02Z</time><sat>33</sat></trkpt>
  <trkpt lat="35.58503272" lon="139.58163512"><ele>71.636</ele><time>2026-09-13T03:37:08Z</time><sat>36</sat></trkpt>
  <trkpt lat="35.58502440" lon="139.58163386"><ele>71.734</ele><time>2026-09-13T03:37:12Z</time><sat>36</sat></trkpt>
  <trkpt lat="35.58501460" lon="139.58162909"><ele>72.295</ele><time>2026-09-13T03:37:15Z</time><sat>35</sat></trkpt>
  <trkpt lat="35.58501104" lon="139.58162750"><ele>72.073</ele><time>2026-09-13T03:37:22Z</time><sat>35</sat></trkpt>
  <trkpt lat="35.58501019" lon="139.58162678"><ele>71.968</ele><time>2026-09-13T03:37:34Z</time><sat>36</sat></trkpt>
  <trkpt lat="35.58500967" lon="139.58162497"><ele>72.357</ele><time>2026-09-13T03:37:37Z</time><sat>36</sat></trkpt>
  <trkpt lat="35.58500820" lon="139.58162118"><ele>72.357</ele><time>2026-09-13T03:37:40Z</time><sat>37</sat></trkpt>
  <trkpt lat="35.58500519" lon="139.58161496"><ele>72.423</ele><time>2026-09-13T03:37:43Z</time><sat>35</sat></trkpt>
  <trkpt lat="35.58498203" lon="139.58156019"><ele>70.819</ele><time>2026-09-13T03:37:49Z</time><sat>36</sat></trkpt>
  <trkpt lat="35.58496829" lon="139.58148506"><ele>69.698</ele><time>2026-09-13T03:37:55Z</time><sat>36</sat></trkpt>
  <trkpt lat="35.58494673" lon="139.58141688"><ele>70.308</ele><time>2026-09-13T03:38:01Z</time><sat>37</sat></trkpt>
  <trkpt lat="35.58491998" lon="139.58133360"><ele>70.468</ele><time>2026-09-13T03:38:07Z</time><sat>37</sat></trkpt>
  <trkpt lat="35.58488821" lon="139.58126417"><ele>70.212</ele><time>2026-09-13T03:38:13Z</time><sat>38</sat></trkpt>
  <trkpt lat="35.58488058" lon="139.58117007"><ele>70.926</ele><time>2026-09-13T03:38:19Z</time><sat>38</sat></trkpt>
  <trkpt lat="35.58488526" lon="139.58107092"><ele>72.910</ele><time>2026-09-13T03:38:25Z</time><sat>37</sat></trkpt>
  <trkpt lat="35.58485456" lon="139.58098842"><ele>72.831</ele><time>2026-09-13T03:38:31Z</time><sat>39</sat></trkpt>
  <trkpt lat="35.58482192" lon="139.58093880"><ele>74.167</ele><time>2026-09-13T03:38:37Z</time><sat>40</sat></trkpt>
  <trkpt lat="35.58483681" lon="139.58083849"><ele>74.273</ele><time>2026-09-13T03:38:43Z</time><sat>40</sat></trkpt>
  <trkpt lat="35.58483585" lon="139.58075423"><ele>73.724</ele><time>2026-09-13T03:38:49Z</time><sat>38</sat></trkpt>
  <trkpt lat="35.58483007" lon="139.58068203"><ele>71.719</ele><time>2026-09-13T03:38:55Z</time><sat>38</sat></trkpt>
  <trkpt lat="35.58482286" lon="139.58060665"><ele>70.261</ele><time>2026-09-13T03:39:01Z</time><sat>38</sat></trkpt>
  <trkpt lat="35.58484118" lon="139.58052295"><ele>71.118</ele><time>2026-09-13T03:39:07Z</time><sat>38</sat></trkpt>
  <trkpt lat="35.58483132" lon="139.58059233"><ele>71.119</ele><time>2026-09-13T03:39:16Z</time><sat>38</sat></trkpt>
  <trkpt lat="35.58481998" lon="139.58070496"><ele>70.381</ele><time>2026-09-13T03:39:23Z</time><sat>39</sat></trkpt>
  <trkpt lat="35.58480972" lon="139.58077741"><ele>68.155</ele><time>2026-09-13T03:39:29Z</time><sat>38</sat></trkpt>
  <trkpt lat="35.58480680" lon="139.58081991"><ele>66.409</ele><time>2026-09-13T03:39:32Z</time><sat>36</sat></trkpt>
  <trkpt lat="35.58478691" lon="139.58084379"><ele>66.145</ele><time>2026-09-13T03:39:35Z</time><sat>35</sat></trkpt>
  <trkpt lat="35.58477727" lon="139.58085200"><ele>66.183</ele><time>2026-09-13T03:39:38Z</time><sat>38</sat></trkpt>
  <trkpt lat="35.58476847" lon="139.58084215"><ele>67.694</ele><time>2026-09-13T03:39:41Z</time><sat>38</sat></trkpt>
  <trkpt lat="35.58476401" lon="139.58084098"><ele>67.991</ele><time>2026-09-13T03:39:44Z</time><sat>36</sat></trkpt>
  <trkpt lat="35.58475659" lon="139.58083490"><ele>68.371</ele><time>2026-09-13T03:39:50Z</time><sat>35</sat></trkpt>
  <trkpt lat="35.58475670" lon="139.58083530"><ele>68.938</ele><time>2026-09-13T03:39:53Z</time><sat>37</sat></trkpt>
  <trkpt lat="35.58475766" lon="139.58083694"><ele>68.958</ele><time>2026-09-13T03:39:56Z</time><sat>38</sat></trkpt>
  <trkpt lat="35.58475980" lon="139.58084086"><ele>69.997</ele><time>2026-09-13T03:39:59Z</time><sat>37</sat></trkpt>
  <trkpt lat="35.58476342" lon="139.58084057"><ele>70.024</ele><time>2026-09-13T03:40:02Z</time><sat>38</sat></trkpt>
  <trkpt lat="35.58476380" lon="139.58084203"><ele>69.956</ele><time>2026-09-13T03:40:05Z</time><sat>37</sat></trkpt>
  <trkpt lat="35.58476464" lon="139.58084055"><ele>70.000</ele><time>2026-09-13T03:40:08Z</time><sat>38</sat></trkpt>
  <trkpt lat="35.58476336" lon="139.58084842"><ele>71.002</ele><time>2026-09-13T03:40:11Z</time><sat>36</sat></trkpt>
  <trkpt lat="35.58476753" lon="139.58084331"><ele>71.230</ele><time>2026-09-13T03:40:14Z</time><sat>37</sat></trkpt>
  <trkpt lat="35.58476820" lon="139.58084173"><ele>71.574</ele><time>2026-09-13T03:40:17Z</time><sat>38</sat></trkpt>
  <trkpt lat="35.58477146" lon="139.58083869"><ele>71.074</ele><time>2026-09-13T03:40:20Z</time><sat>38</sat></trkpt>
  <trkpt lat="35.58476906" lon="139.58084315"><ele>70.679</ele><time>2026-09-13T03:40:23Z</time><sat>36</sat></trkpt>
  <trkpt lat="35.58475384" lon="139.58083647"><ele>71.116</ele><time>2026-09-13T03:40:35Z</time><sat>33</sat></trkpt>
  <trkpt lat="35.58475364" lon="139.58083593"><ele>71.142</ele><time>2026-09-13T03:40:41Z</time><sat>37</sat></trkpt>
  <trkpt lat="35.58475139" lon="139.58083454"><ele>71.096</ele><time>2026-09-13T03:40:44Z</time><sat>36</sat></trkpt>
  <trkpt lat="35.58474787" lon="139.58083186"><ele>70.915</ele><time>2026-09-13T03:40:47Z</time><sat>38</sat></trkpt>
  <trkpt lat="35.58474744" lon="139.58082272"><ele>71.438</ele><time>2026-09-13T03:40:59Z</time><sat>39</sat></trkpt>
  <trkpt lat="35.58474671" lon="139.58082196"><ele>71.426</ele><time>2026-09-13T03:41:11Z</time><sat>38</sat></trkpt>
  <trkpt lat="35.58474584" lon="139.58082065"><ele>71.781</ele><time>2026-09-13T03:41:20Z</time><sat>33</sat></trkpt>
  <trkpt lat="35.58473775" lon="139.58082169"><ele>70.442</ele><time>2026-09-13T03:41:23Z</time><sat>29</sat></trkpt>
  <trkpt lat="35.58467265" lon="139.58078648"><ele>66.611</ele><time>2026-09-13T03:41:29Z</time><sat>37</sat></trkpt>
  <trkpt lat="35.58466234" lon="139.58069205"><ele>62.652</ele><time>2026-09-13T03:41:35Z</time><sat>38</sat></trkpt>
  <trkpt lat="35.58469138" lon="139.58059193"><ele>64.921</ele><time>2026-09-13T03:41:41Z</time><sat>35</sat></trkpt>
  <trkpt lat="35.58472309" lon="139.58051873"><ele>67.159</ele><time>2026-09-13T03:41:47Z</time><sat>36</sat></trkpt>
  <trkpt lat="35.58474349" lon="139.58044647"><ele>66.271</ele><time>2026-09-13T03:41:53Z</time><sat>34</sat></trkpt>
  <trkpt lat="35.58477320" lon="139.58036288"><ele>67.051</ele><time>2026-09-13T03:41:59Z</time><sat>33</sat></trkpt>
  <trkpt lat="35.58478284" lon="139.58028639"><ele>65.211</ele><time>2026-09-13T03:42:05Z</time><sat>32</sat></trkpt>
  <trkpt lat="35.58477237" lon="139.58022972"><ele>66.797</ele><time>2026-09-13T03:42:11Z</time><sat>38</sat></trkpt>
  <trkpt lat="35.58469694" lon="139.58022393"><ele>64.459</ele><time>2026-09-13T03:42:17Z</time><sat>37</sat></trkpt>
  <trkpt lat="35.58465872" lon="139.58016894"><ele>65.948</ele><time>2026-09-13T03:42:23Z</time><sat>37</sat></trkpt>
  <trkpt lat="35.58464273" lon="139.58009185"><ele>69.070</ele><time>2026-09-13T03:42:29Z</time><sat>36</sat></trkpt>
  <trkpt lat="35.58462160" lon="139.58000415"><ele>70.912</ele><time>2026-09-13T03:42:35Z</time><sat>36</sat></trkpt>
  <trkpt lat="35.58459383" lon="139.57993327"><ele>72.005</ele><time>2026-09-13T03:42:41Z</time><sat>34</sat></trkpt>
  <trkpt lat="35.58456938" lon="139.57986176"><ele>73.719</ele><time>2026-09-13T03:42:47Z</time><sat>36</sat></trkpt>
  <trkpt lat="35.58454564" lon="139.57979313"><ele>74.737</ele><time>2026-09-13T03:42:53Z</time><sat>38</sat></trkpt>
  <trkpt lat="35.58452491" lon="139.57971828"><ele>75.333</ele><time>2026-09-13T03:42:59Z</time><sat>39</sat></trkpt>
  <trkpt lat="35.58449328" lon="139.57964107"><ele>75.807</ele><time>2026-09-13T03:43:05Z</time><sat>38</sat></trkpt>
  <trkpt lat="35.58446438" lon="139.57956443"><ele>76.185</ele><time>2026-09-13T03:43:11Z</time><sat>37</sat></trkpt>
  <trkpt lat="35.58443466" lon="139.57948116"><ele>76.553</ele><time>2026-09-13T03:43:17Z</time><sat>36</sat></trkpt>
  <trkpt lat="35.58441101" lon="139.57937810"><ele>76.074</ele><time>2026-09-13T03:43:25Z</time><sat>36</sat></trkpt>
  <trkpt lat="35.58440528" lon="139.57929562"><ele>78.743</ele><time>2026-09-13T03:43:31Z</time><sat>39</sat></trkpt>
  <trkpt lat="35.58442801" lon="139.57920225"><ele>76.765</ele><time>2026-09-13T03:43:37Z</time><sat>38</sat></trkpt>
  <trkpt lat="35.58446496" lon="139.57912505"><ele>74.277</ele><time>2026-09-13T03:43:43Z</time><sat>32</sat></trkpt>
  <trkpt lat="35.58450634" lon="139.57906911"><ele>72.559</ele><time>2026-09-13T03:43:49Z</time><sat>30</sat></trkpt>
  <trkpt lat="35.58452691" lon="139.57901741"><ele>73.049</ele><time>2026-09-13T03:43:55Z</time><sat>28</sat></trkpt>
  <trkpt lat="35.58453707" lon="139.57894908"><ele>74.206</ele><time>2026-09-13T03:44:01Z</time><sat>31</sat></trkpt>
  <trkpt lat="35.58453615" lon="139.57887077"><ele>75.656</ele><time>2026-09-13T03:44:12Z</time><sat>35</sat></trkpt>
  <trkpt lat="35.58452926" lon="139.57887104"><ele>75.457</ele><time>2026-09-13T03:44:15Z</time><sat>35</sat></trkpt>
  <trkpt lat="35.58452528" lon="139.57887014"><ele>75.304</ele><time>2026-09-13T03:44:18Z</time><sat>33</sat></trkpt>
  <trkpt lat="35.58452506" lon="139.57885381"><ele>75.683</ele><time>2026-09-13T03:44:21Z</time><sat>33</sat></trkpt>
  <trkpt lat="35.58452516" lon="139.57878425"><ele>76.761</ele><time>2026-09-13T03:44:27Z</time><sat>36</sat></trkpt>
  <trkpt lat="35.58450891" lon="139.57871853"><ele>77.445</ele><time>2026-09-13T03:44:33Z</time><sat>35</sat></trkpt>
  <trkpt lat="35.58449134" lon="139.57865524"><ele>78.028</ele><time>2026-09-13T03:44:39Z</time><sat>37</sat></trkpt>
  <trkpt lat="35.58447673" lon="139.57859005"><ele>78.928</ele><time>2026-09-13T03:44:45Z</time><sat>37</sat></trkpt>
  <trkpt lat="35.58446126" lon="139.57851836"><ele>79.115</ele><time>2026-09-13T03:44:51Z</time><sat>37</sat></trkpt>
  <trkpt lat="35.58443128" lon="139.57845456"><ele>77.924</ele><time>2026-09-13T03:44:57Z</time><sat>37</sat></trkpt>
  <trkpt lat="35.58439663" lon="139.57838983"><ele>76.888</ele><time>2026-09-13T03:45:03Z</time><sat>37</sat></trkpt>
  <trkpt lat="35.58434220" lon="139.57830217"><ele>77.380</ele><time>2026-09-13T03:45:11Z</time><sat>35</sat></trkpt>
  <trkpt lat="35.58429828" lon="139.57824155"><ele>77.868</ele><time>2026-09-13T03:45:17Z</time><sat>35</sat></trkpt>
  <trkpt lat="35.58426333" lon="139.57817478"><ele>77.176</ele><time>2026-09-13T03:45:23Z</time><sat>34</sat></trkpt>
  <trkpt lat="35.58422922" lon="139.57811348"><ele>76.258</ele><time>2026-09-13T03:45:29Z</time><sat>32</sat></trkpt>
  <trkpt lat="35.58420191" lon="139.57804476"><ele>77.179</ele><time>2026-09-13T03:45:35Z</time><sat>32</sat></trkpt>
  <trkpt lat="35.58422534" lon="139.57796009"><ele>77.956</ele><time>2026-09-13T03:45:41Z</time><sat>32</sat></trkpt>
  <trkpt lat="35.58419041" lon="139.57789610"><ele>77.843</ele><time>2026-09-13T03:45:47Z</time><sat>29</sat></trkpt>
  <trkpt lat="35.58414830" lon="139.57784129"><ele>78.166</ele><time>2026-09-13T03:45:53Z</time><sat>28</sat></trkpt>
  <trkpt lat="35.58410869" lon="139.57777806"><ele>77.467</ele><time>2026-09-13T03:45:59Z</time><sat>31</sat></trkpt>
  <trkpt lat="35.58406648" lon="139.57771343"><ele>77.495</ele><time>2026-09-13T03:46:05Z</time><sat>30</sat></trkpt>
  <trkpt lat="35.58403648" lon="139.57766963"><ele>77.574</ele><time>2026-09-13T03:46:11Z</time><sat>34</sat></trkpt>
  <trkpt lat="35.58400570" lon="139.57761073"><ele>77.922</ele><time>2026-09-13T03:46:17Z</time><sat>33</sat></trkpt>
  <trkpt lat="35.58397167" lon="139.57755367"><ele>78.225</ele><time>2026-09-13T03:46:23Z</time><sat>33</sat></trkpt>
  <trkpt lat="35.58392378" lon="139.57747137"><ele>78.342</ele><time>2026-09-13T03:46:31Z</time><sat>31</sat></trkpt>
  <trkpt lat="35.58389148" lon="139.57741495"><ele>78.373</ele><time>2026-09-13T03:46:37Z</time><sat>31</sat></trkpt>
  <trkpt lat="35.58385369" lon="139.57735921"><ele>78.800</ele><time>2026-09-13T03:46:43Z</time><sat>34</sat></trkpt>
  <trkpt lat="35.58380255" lon="139.57729001"><ele>78.921</ele><time>2026-09-13T03:46:50Z</time><sat>35</sat></trkpt>
  <trkpt lat="35.58378018" lon="139.57722664"><ele>78.185</ele><time>2026-09-13T03:46:55Z</time><sat>36</sat></trkpt>
  <trkpt lat="35.58373872" lon="139.57715838"><ele>76.896</ele><time>2026-09-13T03:47:01Z</time><sat>31</sat></trkpt>
  <trkpt lat="35.58369041" lon="139.57708898"><ele>78.606</ele><time>2026-09-13T03:47:07Z</time><sat>25</sat></trkpt>
  <trkpt lat="35.58364333" lon="139.57702279"><ele>80.336</ele><time>2026-09-13T03:47:13Z</time><sat>33</sat></trkpt>
  <trkpt lat="35.58360398" lon="139.57696381"><ele>80.933</ele><time>2026-09-13T03:47:19Z</time><sat>38</sat></trkpt>
  <trkpt lat="35.58355655" lon="139.57689297"><ele>81.674</ele><time>2026-09-13T03:47:25Z</time><sat>36</sat></trkpt>
  <trkpt lat="35.58350183" lon="139.57683211"><ele>82.539</ele><time>2026-09-13T03:47:31Z</time><sat>35</sat></trkpt>
  <trkpt lat="35.58344905" lon="139.57677512"><ele>80.290</ele><time>2026-09-13T03:47:37Z</time><sat>33</sat></trkpt>
  <trkpt lat="35.58339857" lon="139.57673407"><ele>80.721</ele><time>2026-09-13T03:47:43Z</time><sat>33</sat></trkpt>
  <trkpt lat="35.58334489" lon="139.57668671"><ele>82.764</ele><time>2026-09-13T03:47:49Z</time><sat>33</sat></trkpt>
  <trkpt lat="35.58328268" lon="139.57666051"><ele>82.362</ele><time>2026-09-13T03:47:55Z</time><sat>30</sat></trkpt>
  <trkpt lat="35.58322535" lon="139.57663056"><ele>80.114</ele><time>2026-09-13T03:48:01Z</time><sat>24</sat></trkpt>
  <trkpt lat="35.58317001" lon="139.57658521"><ele>81.050</ele><time>2026-09-13T03:48:07Z</time><sat>25</sat></trkpt>
  <trkpt lat="35.58310821" lon="139.57654351"><ele>85.654</ele><time>2026-09-13T03:48:13Z</time><sat>31</sat></trkpt>
  <trkpt lat="35.58303754" lon="139.57650519"><ele>86.392</ele><time>2026-09-13T03:48:19Z</time><sat>21</sat></trkpt>
  <trkpt lat="35.58297848" lon="139.57646849"><ele>86.490</ele><time>2026-09-13T03:48:25Z</time><sat>22</sat></trkpt>
  <trkpt lat="35.58293087" lon="139.57642693"><ele>87.282</ele><time>2026-09-13T03:48:31Z</time><sat>35</sat></trkpt>
  <trkpt lat="35.58288426" lon="139.57637735"><ele>86.484</ele><time>2026-09-13T03:48:37Z</time><sat>34</sat></trkpt>
  <trkpt lat="35.58282806" lon="139.57633137"><ele>87.302</ele><time>2026-09-13T03:48:43Z</time><sat>28</sat></trkpt>
  <trkpt lat="35.58277633" lon="139.57627635"><ele>88.378</ele><time>2026-09-13T03:48:49Z</time><sat>39</sat></trkpt>
  <trkpt lat="35.58271796" lon="139.57624283"><ele>89.603</ele><time>2026-09-13T03:48:55Z</time><sat>36</sat></trkpt>
  <trkpt lat="35.58265440" lon="139.57620553"><ele>93.869</ele><time>2026-09-13T03:49:01Z</time><sat>35</sat></trkpt>
  <trkpt lat="35.58261051" lon="139.57614168"><ele>96.134</ele><time>2026-09-13T03:49:07Z</time><sat>35</sat></trkpt>
  <trkpt lat="35.58256980" lon="139.57608892"><ele>96.689</ele><time>2026-09-13T03:49:13Z</time><sat>36</sat></trkpt>
  <trkpt lat="35.58251899" lon="139.57603149"><ele>97.357</ele><time>2026-09-13T03:49:19Z</time><sat>37</sat></trkpt>
  <trkpt lat="35.58247154" lon="139.57597470"><ele>99.210</ele><time>2026-09-13T03:49:25Z</time><sat>34</sat></trkpt>
  <trkpt lat="35.58242529" lon="139.57591165"><ele>100.433</ele><time>2026-09-13T03:49:31Z</time><sat>35</sat></trkpt>
  <trkpt lat="35.58236881" lon="139.57586187"><ele>100.170</ele><time>2026-09-13T03:49:37Z</time><sat>40</sat></trkpt>
  <trkpt lat="35.58231463" lon="139.57581604"><ele>99.669</ele><time>2026-09-13T03:49:43Z</time><sat>37</sat></trkpt>
  <trkpt lat="35.58226003" lon="139.57576557"><ele>98.465</ele><time>2026-09-13T03:49:49Z</time><sat>37</sat></trkpt>
  <trkpt lat="35.58222089" lon="139.57569181"><ele>98.346</ele><time>2026-09-13T03:49:55Z</time><sat>37</sat></trkpt>
  <trkpt lat="35.58217339" lon="139.57562669"><ele>99.737</ele><time>2026-09-13T03:50:01Z</time><sat>39</sat></trkpt>
  <trkpt lat="35.58212715" lon="139.57557123"><ele>98.500</ele><time>2026-09-13T03:50:07Z</time><sat>40</sat></trkpt>
  <trkpt lat="35.58207432" lon="139.57551753"><ele>98.177</ele><time>2026-09-13T03:50:13Z</time><sat>39</sat></trkpt>
  <trkpt lat="35.58202272" lon="139.57546421"><ele>97.901</ele><time>2026-09-13T03:50:19Z</time><sat>41</sat></trkpt>
  <trkpt lat="35.58197049" lon="139.57541466"><ele>97.498</ele><time>2026-09-13T03:50:25Z</time><sat>30</sat></trkpt>
  <trkpt lat="35.58191807" lon="139.57536387"><ele>96.614</ele><time>2026-09-13T03:50:31Z</time><sat>29</sat></trkpt>
  <trkpt lat="35.58187128" lon="139.57530408"><ele>95.467</ele><time>2026-09-13T03:50:37Z</time><sat>26</sat></trkpt>
  <trkpt lat="35.58180531" lon="139.57525482"><ele>96.092</ele><time>2026-09-13T03:50:43Z</time><sat>28</sat></trkpt>
  <trkpt lat="35.58174839" lon="139.57518549"><ele>96.750</ele><time>2026-09-13T03:50:49Z</time><sat>34</sat></trkpt>
  <trkpt lat="35.58168463" lon="139.57512234"><ele>97.307</ele><time>2026-09-13T03:50:55Z</time><sat>36</sat></trkpt>
  <trkpt lat="35.58163894" lon="139.57506634"><ele>97.658</ele><time>2026-09-13T03:51:01Z</time><sat>33</sat></trkpt>
  <trkpt lat="35.58159047" lon="139.57499624"><ele>98.011</ele><time>2026-09-13T03:51:07Z</time><sat>40</sat></trkpt>
  <trkpt lat="35.58153774" lon="139.57494178"><ele>97.900</ele><time>2026-09-13T03:51:13Z</time><sat>39</sat></trkpt>
  <trkpt lat="35.58149646" lon="139.57488165"><ele>98.143</ele><time>2026-09-13T03:51:19Z</time><sat>29</sat></trkpt>
  <trkpt lat="35.58145035" lon="139.57483921"><ele>98.185</ele><time>2026-09-13T03:51:25Z</time><sat>37</sat></trkpt>
  <trkpt lat="35.58140729" lon="139.57478534"><ele>99.628</ele><time>2026-09-13T03:51:31Z</time><sat>40</sat></trkpt>
  <trkpt lat="35.58135942" lon="139.57473320"><ele>100.853</ele><time>2026-09-13T03:51:37Z</time><sat>41</sat></trkpt>
  <trkpt lat="35.58131186" lon="139.57467765"><ele>99.831</ele><time>2026-09-13T03:51:43Z</time><sat>38</sat></trkpt>
  <trkpt lat="35.58126589" lon="139.57462726"><ele>99.608</ele><time>2026-09-13T03:51:49Z</time><sat>38</sat></trkpt>
  <trkpt lat="35.58121147" lon="139.57458063"><ele>99.996</ele><time>2026-09-13T03:51:55Z</time><sat>26</sat></trkpt>
  <trkpt lat="35.58116033" lon="139.57452693"><ele>99.118</ele><time>2026-09-13T03:52:01Z</time><sat>38</sat></trkpt>
  <trkpt lat="35.58111085" lon="139.57445945"><ele>98.152</ele><time>2026-09-13T03:52:07Z</time><sat>39</sat></trkpt>
  <trkpt lat="35.58104949" lon="139.57439815"><ele>97.633</ele><time>2026-09-13T03:52:13Z</time><sat>40</sat></trkpt>
  <trkpt lat="35.58099918" lon="139.57435052"><ele>96.593</ele><time>2026-09-13T03:52:19Z</time><sat>40</sat></trkpt>
  <trkpt lat="35.58095184" lon="139.57429809"><ele>96.924</ele><time>2026-09-13T03:52:25Z</time><sat>39</sat></trkpt>
  <trkpt lat="35.58090134" lon="139.57424825"><ele>98.495</ele><time>2026-09-13T03:52:31Z</time><sat>39</sat></trkpt>
  <trkpt lat="35.58087759" lon="139.57422260"><ele>97.688</ele><time>2026-09-13T03:52:34Z</time><sat>42</sat></trkpt>
  <trkpt lat="35.58087178" lon="139.57422233"><ele>98.413</ele><time>2026-09-13T03:52:37Z</time><sat>42</sat></trkpt>
  <trkpt lat="35.58087623" lon="139.57422825"><ele>98.677</ele><time>2026-09-13T03:52:40Z</time><sat>42</sat></trkpt>
  <trkpt lat="35.58087097" lon="139.57422016"><ele>98.371</ele><time>2026-09-13T03:52:43Z</time><sat>42</sat></trkpt>
  <trkpt lat="35.58085357" lon="139.57420322"><ele>98.773</ele><time>2026-09-13T03:52:46Z</time><sat>42</sat></trkpt>
  <trkpt lat="35.58080357" lon="139.57415669"><ele>99.083</ele><time>2026-09-13T03:52:52Z</time><sat>40</sat></trkpt>
  <trkpt lat="35.58075599" lon="139.57410466"><ele>101.354</ele><time>2026-09-13T03:52:58Z</time><sat>42</sat></trkpt>
  <trkpt lat="35.58070634" lon="139.57405439"><ele>101.183</ele><time>2026-09-13T03:53:04Z</time><sat>41</sat></trkpt>
  <trkpt lat="35.58065741" lon="139.57400475"><ele>100.168</ele><time>2026-09-13T03:53:10Z</time><sat>40</sat></trkpt>
  <trkpt lat="35.58064793" lon="139.57398733"><ele>100.324</ele><time>2026-09-13T03:53:13Z</time><sat>39</sat></trkpt>
  <trkpt lat="35.58065133" lon="139.57398701"><ele>100.395</ele><time>2026-09-13T03:53:16Z</time><sat>39</sat></trkpt>
  <trkpt lat="35.58059826" lon="139.57392895"><ele>100.860</ele><time>2026-09-13T03:53:22Z</time><sat>40</sat></trkpt>
  <trkpt lat="35.58056117" lon="139.57389127"><ele>101.509</ele><time>2026-09-13T03:53:26Z</time><sat>40</sat></trkpt>
  <trkpt lat="35.58050889" lon="139.57382830"><ele>100.562</ele><time>2026-09-13T03:53:32Z</time><sat>38</sat></trkpt>
  <trkpt lat="35.58046946" lon="139.57375159"><ele>100.946</ele><time>2026-09-13T03:53:38Z</time><sat>35</sat></trkpt>
  <trkpt lat="35.58042988" lon="139.57368817"><ele>99.599</ele><time>2026-09-13T03:53:44Z</time><sat>32</sat></trkpt>
  <trkpt lat="35.58039233" lon="139.57362707"><ele>98.334</ele><time>2026-09-13T03:53:50Z</time><sat>33</sat></trkpt>
  <trkpt lat="35.58032051" lon="139.57358649"><ele>98.841</ele><time>2026-09-13T03:53:56Z</time><sat>30</sat></trkpt>
  <trkpt lat="35.58027936" lon="139.57351889"><ele>99.479</ele><time>2026-09-13T03:54:02Z</time><sat>34</sat></trkpt>
  <trkpt lat="35.58024425" lon="139.57345126"><ele>100.122</ele><time>2026-09-13T03:54:08Z</time><sat>34</sat></trkpt>
  <trkpt lat="35.58019424" lon="139.57339229"><ele>102.358</ele><time>2026-09-13T03:54:14Z</time><sat>38</sat></trkpt>
  <trkpt lat="35.58015816" lon="139.57332685"><ele>101.269</ele><time>2026-09-13T03:54:20Z</time><sat>34</sat></trkpt>
  <trkpt lat="35.58010828" lon="139.57328131"><ele>101.529</ele><time>2026-09-13T03:54:26Z</time><sat>31</sat></trkpt>
  <trkpt lat="35.58006147" lon="139.57323471"><ele>101.746</ele><time>2026-09-13T03:54:32Z</time><sat>31</sat></trkpt>
  <trkpt lat="35.58001840" lon="139.57318811"><ele>102.985</ele><time>2026-09-13T03:54:38Z</time><sat>29</sat></trkpt>
  <trkpt lat="35.57996996" lon="139.57311090"><ele>102.764</ele><time>2026-09-13T03:54:44Z</time><sat>36</sat></trkpt>
  <trkpt lat="35.57992267" lon="139.57303244"><ele>104.616</ele><time>2026-09-13T03:54:50Z</time><sat>35</sat></trkpt>
  <trkpt lat="35.57987376" lon="139.57301148"><ele>104.172</ele><time>2026-09-13T03:54:56Z</time><sat>30</sat></trkpt>
  <trkpt lat="35.57983951" lon="139.57309877"><ele>103.471</ele><time>2026-09-13T03:55:02Z</time><sat>34</sat></trkpt>
  <trkpt lat="35.57979971" lon="139.57316902"><ele>106.105</ele><time>2026-09-13T03:55:08Z</time><sat>38</sat></trkpt>
  <trkpt lat="35.57976066" lon="139.57323468"><ele>106.712</ele><time>2026-09-13T03:55:14Z</time><sat>39</sat></trkpt>
  <trkpt lat="35.57972059" lon="139.57328532"><ele>109.102</ele><time>2026-09-13T03:55:20Z</time><sat>39</sat></trkpt>
  <trkpt lat="35.57967082" lon="139.57334143"><ele>110.759</ele><time>2026-09-13T03:55:26Z</time><sat>39</sat></trkpt>
  <trkpt lat="35.57962862" lon="139.57338673"><ele>110.697</ele><time>2026-09-13T03:55:32Z</time><sat>38</sat></trkpt>
  <trkpt lat="35.57958439" lon="139.57344385"><ele>111.266</ele><time>2026-09-13T03:55:38Z</time><sat>36</sat></trkpt>
  <trkpt lat="35.57954695" lon="139.57350494"><ele>112.262</ele><time>2026-09-13T03:55:44Z</time><sat>32</sat></trkpt>
  <trkpt lat="35.57951168" lon="139.57356250"><ele>112.683</ele><time>2026-09-13T03:55:50Z</time><sat>36</sat></trkpt>
  <trkpt lat="35.57949439" lon="139.57358344"><ele>112.124</ele><time>2026-09-13T03:55:53Z</time><sat>36</sat></trkpt>
  <trkpt lat="35.57948989" lon="139.57359314"><ele>110.162</ele><time>2026-09-13T03:55:57Z</time><sat>35</sat></trkpt>
  <trkpt lat="35.57948998" lon="139.57358244"><ele>110.737</ele><time>2026-09-13T03:56:09Z</time><sat>28</sat></trkpt>
  <trkpt lat="35.57947280" lon="139.57356325"><ele>110.111</ele><time>2026-09-13T03:56:12Z</time><sat>24</sat></trkpt>
  <trkpt lat="35.57942759" lon="139.57350180"><ele>110.251</ele><time>2026-09-13T03:56:18Z</time><sat>33</sat></trkpt>
  <trkpt lat="35.57939522" lon="139.57342576"><ele>110.686</ele><time>2026-09-13T03:56:24Z</time><sat>34</sat></trkpt>
  <trkpt lat="35.57937088" lon="139.57333764"><ele>110.332</ele><time>2026-09-13T03:56:30Z</time><sat>38</sat></trkpt>
  <trkpt lat="35.57935145" lon="139.57327103"><ele>110.382</ele><time>2026-09-13T03:56:36Z</time><sat>35</sat></trkpt>
  <trkpt lat="35.57933619" lon="139.57321588"><ele>111.628</ele><time>2026-09-13T03:56:42Z</time><sat>34</sat></trkpt>
  <trkpt lat="35.57930203" lon="139.57315790"><ele>109.277</ele><time>2026-09-13T03:56:48Z</time><sat>30</sat></trkpt>
  <trkpt lat="35.57925311" lon="139.57316192"><ele>109.213</ele><time>2026-09-13T03:56:54Z</time><sat>32</sat></trkpt>
  <trkpt lat="35.57924558" lon="139.57317368"><ele>111.440</ele><time>2026-09-13T03:56:57Z</time><sat>32</sat></trkpt>
  <trkpt lat="35.57924984" lon="139.57316820"><ele>113.410</ele><time>2026-09-13T03:57:00Z</time><sat>34</sat></trkpt>
  <trkpt lat="35.57925907" lon="139.57315418"><ele>116.817</ele><time>2026-09-13T03:57:12Z</time><sat>33</sat></trkpt>
  <trkpt lat="35.57926314" lon="139.57314350"><ele>117.375</ele><time>2026-09-13T03:57:24Z</time><sat>37</sat></trkpt>
  <trkpt lat="35.57926478" lon="139.57314770"><ele>117.797</ele><time>2026-09-13T03:57:27Z</time><sat>35</sat></trkpt>
  <trkpt lat="35.57926441" lon="139.57314884"><ele>118.139</ele><time>2026-09-13T03:57:30Z</time><sat>35</sat></trkpt>
  <trkpt lat="35.57926200" lon="139.57314802"><ele>118.103</ele><time>2026-09-13T03:57:33Z</time><sat>35</sat></trkpt>
  <trkpt lat="35.57926430" lon="139.57314930"><ele>118.085</ele><time>2026-09-13T03:57:36Z</time><sat>34</sat></trkpt>
  <trkpt lat="35.57926357" lon="139.57314892"><ele>118.368</ele><time>2026-09-13T03:57:48Z</time><sat>37</sat></trkpt>
  <trkpt lat="35.57926135" lon="139.57314610"><ele>118.408</ele><time>2026-09-13T03:57:51Z</time><sat>37</sat></trkpt>
  <trkpt lat="35.57926038" lon="139.57314872"><ele>117.881</ele><time>2026-09-13T03:57:54Z</time><sat>37</sat></trkpt>
  <trkpt lat="35.57926098" lon="139.57316378"><ele>117.807</ele><time>2026-09-13T03:57:57Z</time><sat>37</sat></trkpt>
  <trkpt lat="35.57925929" lon="139.57316393"><ele>117.984</ele><time>2026-09-13T03:58:00Z</time><sat>37</sat></trkpt>
  <trkpt lat="35.57925001" lon="139.57316064"><ele>118.285</ele><time>2026-09-13T03:58:03Z</time><sat>38</sat></trkpt>
  <trkpt lat="35.57924882" lon="139.57315628"><ele>118.338</ele><time>2026-09-13T03:58:06Z</time><sat>36</sat></trkpt>
  <trkpt lat="35.57924974" lon="139.57315603"><ele>118.492</ele><time>2026-09-13T03:58:09Z</time><sat>35</sat></trkpt>
  <trkpt lat="35.57925730" lon="139.57316305"><ele>116.904</ele><time>2026-09-13T03:58:20Z</time><sat>38</sat></trkpt>
  <trkpt lat="35.57925891" lon="139.57316216"><ele>116.897</ele><time>2026-09-13T03:58:23Z</time><sat>35</sat></trkpt>
  <trkpt lat="35.57925898" lon="139.57316447"><ele>116.792</ele><time>2026-09-13T03:58:26Z</time><sat>35</sat></trkpt>
  <trkpt lat="35.57925944" lon="139.57316603"><ele>116.779</ele><time>2026-09-13T03:58:29Z</time><sat>34</sat></trkpt>
  <trkpt lat="35.57924852" lon="139.57315779"><ele>116.675</ele><time>2026-09-13T03:58:32Z</time><sat>35</sat></trkpt>
  <trkpt lat="35.57920408" lon="139.57308424"><ele>115.868</ele><time>2026-09-13T03:58:38Z</time><sat>34</sat></trkpt>
  <trkpt lat="35.57911856" lon="139.57310267"><ele>115.586</ele><time>2026-09-13T03:58:44Z</time><sat>38</sat></trkpt>
  <trkpt lat="35.57905872" lon="139.57316426"><ele>114.461</ele><time>2026-09-13T03:58:50Z</time><sat>39</sat></trkpt>
  <trkpt lat="35.57900285" lon="139.57322894"><ele>113.999</ele><time>2026-09-13T03:58:56Z</time><sat>39</sat></trkpt>
  <trkpt lat="35.57895236" lon="139.57329788"><ele>113.498</ele><time>2026-09-13T03:59:02Z</time><sat>39</sat></trkpt>
  <trkpt lat="35.57889920" lon="139.57335440"><ele>112.614</ele><time>2026-09-13T03:59:08Z</time><sat>41</sat></trkpt>
  <trkpt lat="35.57883313" lon="139.57336904"><ele>112.195</ele><time>2026-09-13T03:59:14Z</time><sat>40</sat></trkpt>
  <trkpt lat="35.57877451" lon="139.57329804"><ele>112.239</ele><time>2026-09-13T03:59:20Z</time><sat>41</sat></trkpt>
  <trkpt lat="35.57871935" lon="139.57323116"><ele>112.999</ele><time>2026-09-13T03:59:26Z</time><sat>39</sat></trkpt>
  <trkpt lat="35.57866880" lon="139.57317300"><ele>112.325</ele><time>2026-09-13T03:59:32Z</time><sat>38</sat></trkpt>
  <trkpt lat="35.57861521" lon="139.57312072"><ele>113.057</ele><time>2026-09-13T03:59:38Z</time><sat>39</sat></trkpt>
  <trkpt lat="35.57856117" lon="139.57307935"><ele>113.203</ele><time>2026-09-13T03:59:44Z</time><sat>39</sat></trkpt>
  <trkpt lat="35.57850269" lon="139.57303408"><ele>114.399</ele><time>2026-09-13T03:59:50Z</time><sat>38</sat></trkpt>
  <trkpt lat="35.57845342" lon="139.57298035"><ele>114.571</ele><time>2026-09-13T03:59:56Z</time><sat>36</sat></trkpt>
  <trkpt lat="35.57840425" lon="139.57292829"><ele>114.580</ele><time>2026-09-13T04:00:02Z</time><sat>38</sat></trkpt>
  <trkpt lat="35.57835332" lon="139.57287189"><ele>114.405</ele><time>2026-09-13T04:00:08Z</time><sat>35</sat></trkpt>
  <trkpt lat="35.57830849" lon="139.57281328"><ele>113.696</ele><time>2026-09-13T04:00:14Z</time><sat>34</sat></trkpt>
  <trkpt lat="35.57827067" lon="139.57275132"><ele>112.601</ele><time>2026-09-13T04:00:20Z</time><sat>35</sat></trkpt>
  <trkpt lat="35.57824577" lon="139.57268350"><ele>113.472</ele><time>2026-09-13T04:00:26Z</time><sat>37</sat></trkpt>
  <trkpt lat="35.57823205" lon="139.57260667"><ele>113.163</ele><time>2026-09-13T04:00:32Z</time><sat>34</sat></trkpt>
  <trkpt lat="35.57823042" lon="139.57252043"><ele>111.447</ele><time>2026-09-13T04:00:38Z</time><sat>33</sat></trkpt>
  <trkpt lat="35.57822373" lon="139.57243796"><ele>110.771</ele><time>2026-09-13T04:00:44Z</time><sat>33</sat></trkpt>
  <trkpt lat="35.57821235" lon="139.57235207"><ele>110.917</ele><time>2026-09-13T04:00:51Z</time><sat>31</sat></trkpt>
  <trkpt lat="35.57817951" lon="139.57227855"><ele>110.514</ele><time>2026-09-13T04:00:57Z</time><sat>33</sat></trkpt>
  <trkpt lat="35.57812942" lon="139.57221568"><ele>107.982</ele><time>2026-09-13T04:01:03Z</time><sat>24</sat></trkpt>
  <trkpt lat="35.57811453" lon="139.57215925"><ele>106.878</ele><time>2026-09-13T04:01:06Z</time><sat>23</sat></trkpt>
  <trkpt lat="35.57810628" lon="139.57209837"><ele>106.139</ele><time>2026-09-13T04:01:12Z</time><sat>25</sat></trkpt>
  <trkpt lat="35.57809839" lon="139.57202361"><ele>106.548</ele><time>2026-09-13T04:01:18Z</time><sat>29</sat></trkpt>
  <trkpt lat="35.57808530" lon="139.57195683"><ele>106.775</ele><time>2026-09-13T04:01:24Z</time><sat>38</sat></trkpt>
  <trkpt lat="35.57806381" lon="139.57187551"><ele>105.211</ele><time>2026-09-13T04:01:30Z</time><sat>35</sat></trkpt>
  <trkpt lat="35.57805607" lon="139.57177505"><ele>102.783</ele><time>2026-09-13T04:01:36Z</time><sat>33</sat></trkpt>
  <trkpt lat="35.57806096" lon="139.57168143"><ele>99.453</ele><time>2026-09-13T04:01:42Z</time><sat>30</sat></trkpt>
  <trkpt lat="35.57807663" lon="139.57160736"><ele>97.320</ele><time>2026-09-13T04:01:48Z</time><sat>31</sat></trkpt>
  <trkpt lat="35.57811746" lon="139.57151506"><ele>94.601</ele><time>2026-09-13T04:01:54Z</time><sat>33</sat></trkpt>
  <trkpt lat="35.57811125" lon="139.57142864"><ele>91.137</ele><time>2026-09-13T04:02:00Z</time><sat>30</sat></trkpt>
  <trkpt lat="35.57812553" lon="139.57133229"><ele>93.459</ele><time>2026-09-13T04:02:06Z</time><sat>38</sat></trkpt>
  <trkpt lat="35.57811539" lon="139.57122804"><ele>94.324</ele><time>2026-09-13T04:02:12Z</time><sat>37</sat></trkpt>
  <trkpt lat="35.57809073" lon="139.57112219"><ele>96.593</ele><time>2026-09-13T04:02:18Z</time><sat>32</sat></trkpt>
  <trkpt lat="35.57806130" lon="139.57102025"><ele>96.871</ele><time>2026-09-13T04:02:24Z</time><sat>35</sat></trkpt>
  <trkpt lat="35.57803729" lon="139.57096327"><ele>96.941</ele><time>2026-09-13T04:02:27Z</time><sat>30</sat></trkpt>
  <trkpt lat="35.57802883" lon="139.57087309"><ele>98.297</ele><time>2026-09-13T04:02:33Z</time><sat>35</sat></trkpt>
  <trkpt lat="35.57801453" lon="139.57079206"><ele>97.811</ele><time>2026-09-13T04:02:39Z</time><sat>28</sat></trkpt>
  <trkpt lat="35.57799439" lon="139.57070638"><ele>98.334</ele><time>2026-09-13T04:02:45Z</time><sat>34</sat></trkpt>
  <trkpt lat="35.57798832" lon="139.57063120"><ele>96.496</ele><time>2026-09-13T04:02:51Z</time><sat>30</sat></trkpt>
  <trkpt lat="35.57797548" lon="139.57053480"><ele>96.282</ele><time>2026-09-13T04:02:57Z</time><sat>32</sat></trkpt>
  <trkpt lat="35.57797512" lon="139.57044094"><ele>93.783</ele><time>2026-09-13T04:03:03Z</time><sat>22</sat></trkpt>
  <trkpt lat="35.57797358" lon="139.57037156"><ele>92.157</ele><time>2026-09-13T04:03:09Z</time><sat>29</sat></trkpt>
  <trkpt lat="35.57797367" lon="139.57029477"><ele>90.121</ele><time>2026-09-13T04:03:15Z</time><sat>29</sat></trkpt>
  <trkpt lat="35.57796032" lon="139.57018265"><ele>91.526</ele><time>2026-09-13T04:03:21Z</time><sat>34</sat></trkpt>
  <trkpt lat="35.57794497" lon="139.57008598"><ele>91.847</ele><time>2026-09-13T04:03:27Z</time><sat>36</sat></trkpt>
  <trkpt lat="35.57792641" lon="139.56999599"><ele>92.477</ele><time>2026-09-13T04:03:33Z</time><sat>40</sat></trkpt>
  <trkpt lat="35.57792439" lon="139.56990244"><ele>91.868</ele><time>2026-09-13T04:03:39Z</time><sat>39</sat></trkpt>
  <trkpt lat="35.57791788" lon="139.56981160"><ele>93.766</ele><time>2026-09-13T04:03:45Z</time><sat>39</sat></trkpt>
  <trkpt lat="35.57791235" lon="139.56972851"><ele>95.121</ele><time>2026-09-13T04:03:51Z</time><sat>40</sat></trkpt>
  <trkpt lat="35.57790117" lon="139.56964752"><ele>94.788</ele><time>2026-09-13T04:03:57Z</time><sat>39</sat></trkpt>
  <trkpt lat="35.57788550" lon="139.56956803"><ele>94.267</ele><time>2026-09-13T04:04:03Z</time><sat>39</sat></trkpt>
  <trkpt lat="35.57788568" lon="139.56950705"><ele>92.491</ele><time>2026-09-13T04:04:09Z</time><sat>39</sat></trkpt>
  <trkpt lat="35.57788865" lon="139.56943843"><ele>92.040</ele><time>2026-09-13T04:04:15Z</time><sat>41</sat></trkpt>
  <trkpt lat="35.57788774" lon="139.56936641"><ele>92.871</ele><time>2026-09-13T04:04:21Z</time><sat>41</sat></trkpt>
  <trkpt lat="35.57786700" lon="139.56928556"><ele>94.320</ele><time>2026-09-13T04:04:27Z</time><sat>41</sat></trkpt>
  <trkpt lat="35.57784991" lon="139.56920846"><ele>92.286</ele><time>2026-09-13T04:04:33Z</time><sat>40</sat></trkpt>
  <trkpt lat="35.57784674" lon="139.56912575"><ele>92.532</ele><time>2026-09-13T04:04:39Z</time><sat>39</sat></trkpt>
  <trkpt lat="35.57784354" lon="139.56904416"><ele>92.244</ele><time>2026-09-13T04:04:45Z</time><sat>38</sat></trkpt>
  <trkpt lat="35.57783661" lon="139.56897096"><ele>92.918</ele><time>2026-09-13T04:04:51Z</time><sat>39</sat></trkpt>
  <trkpt lat="35.57783355" lon="139.56889731"><ele>92.283</ele><time>2026-09-13T04:04:57Z</time><sat>38</sat></trkpt>
  <trkpt lat="35.57782216" lon="139.56881675"><ele>90.800</ele><time>2026-09-13T04:05:03Z</time><sat>40</sat></trkpt>
  <trkpt lat="35.57782299" lon="139.56872923"><ele>89.939</ele><time>2026-09-13T04:05:09Z</time><sat>36</sat></trkpt>
  <trkpt lat="35.57780690" lon="139.56865011"><ele>90.476</ele><time>2026-09-13T04:05:15Z</time><sat>36</sat></trkpt>
  <trkpt lat="35.57779929" lon="139.56859223"><ele>89.176</ele><time>2026-09-13T04:05:21Z</time><sat>37</sat></trkpt>
  <trkpt lat="35.57779480" lon="139.56852019"><ele>91.241</ele><time>2026-09-13T04:05:27Z</time><sat>38</sat></trkpt>
  <trkpt lat="35.57778336" lon="139.56844953"><ele>92.637</ele><time>2026-09-13T04:05:33Z</time><sat>38</sat></trkpt>
  <trkpt lat="35.57776844" lon="139.56837087"><ele>94.200</ele><time>2026-09-13T04:05:39Z</time><sat>41</sat></trkpt>
  <trkpt lat="35.57775771" lon="139.56829159"><ele>95.126</ele><time>2026-09-13T04:05:45Z</time><sat>40</sat></trkpt>
  <trkpt lat="35.57774045" lon="139.56821495"><ele>97.928</ele><time>2026-09-13T04:05:51Z</time><sat>39</sat></trkpt>
  <trkpt lat="35.57773839" lon="139.56814374"><ele>97.969</ele><time>2026-09-13T04:05:57Z</time><sat>41</sat></trkpt>
  <trkpt lat="35.57775212" lon="139.56806534"><ele>98.839</ele><time>2026-09-13T04:06:03Z</time><sat>41</sat></trkpt>
  <trkpt lat="35.57774588" lon="139.56799904"><ele>99.226</ele><time>2026-09-13T04:06:09Z</time><sat>40</sat></trkpt>
  <trkpt lat="35.57774474" lon="139.56791868"><ele>97.617</ele><time>2026-09-13T04:06:15Z</time><sat>41</sat></trkpt>
  <trkpt lat="35.57774486" lon="139.56784490"><ele>97.117</ele><time>2026-09-13T04:06:21Z</time><sat>39</sat></trkpt>
  <trkpt lat="35.57774089" lon="139.56777898"><ele>95.334</ele><time>2026-09-13T04:06:27Z</time><sat>38</sat></trkpt>
  <trkpt lat="35.57772927" lon="139.56771032"><ele>96.663</ele><time>2026-09-13T04:06:33Z</time><sat>39</sat></trkpt>
  <trkpt lat="35.57772388" lon="139.56763456"><ele>98.351</ele><time>2026-09-13T04:06:39Z</time><sat>38</sat></trkpt>
  <trkpt lat="35.57771236" lon="139.56756074"><ele>98.263</ele><time>2026-09-13T04:06:45Z</time><sat>40</sat></trkpt>
  <trkpt lat="35.57771098" lon="139.56748590"><ele>98.766</ele><time>2026-09-13T04:06:51Z</time><sat>39</sat></trkpt>
  <trkpt lat="35.57770309" lon="139.56741804"><ele>99.786</ele><time>2026-09-13T04:06:57Z</time><sat>40</sat></trkpt>
  <trkpt lat="35.57769727" lon="139.56733725"><ele>100.504</ele><time>2026-09-13T04:07:03Z</time><sat>40</sat></trkpt>
  <trkpt lat="35.57768557" lon="139.56726227"><ele>101.133</ele><time>2026-09-13T04:07:09Z</time><sat>40</sat></trkpt>
  <trkpt lat="35.57768236" lon="139.56718553"><ele>102.258</ele><time>2026-09-13T04:07:15Z</time><sat>40</sat></trkpt>
  <trkpt lat="35.57767469" lon="139.56710470"><ele>102.415</ele><time>2026-09-13T04:07:21Z</time><sat>40</sat></trkpt>
  <trkpt lat="35.57766483" lon="139.56703704"><ele>101.897</ele><time>2026-09-13T04:07:26Z</time><sat>39</sat></trkpt>
  <trkpt lat="35.57760232" lon="139.56703828"><ele>99.966</ele><time>2026-09-13T04:07:35Z</time><sat>39</sat></trkpt>
  <trkpt lat="35.57758536" lon="139.56711555"><ele>95.677</ele><time>2026-09-13T04:07:41Z</time><sat>40</sat></trkpt>
  <trkpt lat="35.57754722" lon="139.56706808"><ele>95.907</ele><time>2026-09-13T04:07:47Z</time><sat>38</sat></trkpt>
  <trkpt lat="35.57754562" lon="139.56697988"><ele>95.230</ele><time>2026-09-13T04:07:53Z</time><sat>38</sat></trkpt>
  <trkpt lat="35.57752085" lon="139.56705877"><ele>100.231</ele><time>2026-09-13T04:08:05Z</time><sat>40</sat></trkpt>
  <trkpt lat="35.57752125" lon="139.56712998"><ele>101.731</ele><time>2026-09-13T04:08:11Z</time><sat>39</sat></trkpt>
  <trkpt lat="35.57750339" lon="139.56719995"><ele>101.220</ele><time>2026-09-13T04:08:17Z</time><sat>38</sat></trkpt>
  <trkpt lat="35.57747929" lon="139.56727226"><ele>102.019</ele><time>2026-09-13T04:08:23Z</time><sat>40</sat></trkpt>
  <trkpt lat="35.57744068" lon="139.56732928"><ele>104.764</ele><time>2026-09-13T04:08:29Z</time><sat>40</sat></trkpt>
  <trkpt lat="35.57739705" lon="139.56736918"><ele>104.596</ele><time>2026-09-13T04:08:35Z</time><sat>39</sat></trkpt>
  <trkpt lat="35.57736282" lon="139.56731727"><ele>103.683</ele><time>2026-09-13T04:08:41Z</time><sat>31</sat></trkpt>
  <trkpt lat="35.57735147" lon="139.56723703"><ele>105.214</ele><time>2026-09-13T04:08:47Z</time><sat>39</sat></trkpt>
  <trkpt lat="35.57733041" lon="139.56717271"><ele>103.365</ele><time>2026-09-13T04:08:53Z</time><sat>41</sat></trkpt>
  <trkpt lat="35.57728413" lon="139.56712859"><ele>103.258</ele><time>2026-09-13T04:08:59Z</time><sat>40</sat></trkpt>
  <trkpt lat="35.57723554" lon="139.56709315"><ele>103.094</ele><time>2026-09-13T04:09:05Z</time><sat>39</sat></trkpt>
  <trkpt lat="35.57719860" lon="139.56704055"><ele>104.859</ele><time>2026-09-13T04:09:11Z</time><sat>38</sat></trkpt>
  <trkpt lat="35.57714599" lon="139.56699006"><ele>107.149</ele><time>2026-09-13T04:09:17Z</time><sat>36</sat></trkpt>
  <trkpt lat="35.57709869" lon="139.56694163"><ele>109.733</ele><time>2026-09-13T04:09:26Z</time><sat>38</sat></trkpt>
  <trkpt lat="35.57704855" lon="139.56690676"><ele>111.921</ele><time>2026-09-13T04:09:32Z</time><sat>40</sat></trkpt>
  <trkpt lat="35.57700134" lon="139.56689575"><ele>112.732</ele><time>2026-09-13T04:09:38Z</time><sat>41</sat></trkpt>
  <trkpt lat="35.57695827" lon="139.56686068"><ele>111.755</ele><time>2026-09-13T04:09:50Z</time><sat>41</sat></trkpt>
  <trkpt lat="35.57691107" lon="139.56680770"><ele>112.229</ele><time>2026-09-13T04:09:56Z</time><sat>41</sat></trkpt>
  <trkpt lat="35.57686592" lon="139.56674348"><ele>111.803</ele><time>2026-09-13T04:10:02Z</time><sat>41</sat></trkpt>
  <trkpt lat="35.57682680" lon="139.56666566"><ele>110.845</ele><time>2026-09-13T04:10:08Z</time><sat>41</sat></trkpt>
  <trkpt lat="35.57682045" lon="139.56658552"><ele>110.704</ele><time>2026-09-13T04:10:14Z</time><sat>41</sat></trkpt>
  <trkpt lat="35.57682421" lon="139.56649784"><ele>113.156</ele><time>2026-09-13T04:10:20Z</time><sat>41</sat></trkpt>
  <trkpt lat="35.57679506" lon="139.56641027"><ele>109.866</ele><time>2026-09-13T04:10:26Z</time><sat>41</sat></trkpt>
  <trkpt lat="35.57678974" lon="139.56632366"><ele>108.975</ele><time>2026-09-13T04:10:32Z</time><sat>41</sat></trkpt>
  <trkpt lat="35.57676928" lon="139.56627142"><ele>109.856</ele><time>2026-09-13T04:10:38Z</time><sat>41</sat></trkpt>
  <trkpt lat="35.57671695" lon="139.56628611"><ele>111.285</ele><time>2026-09-13T04:10:44Z</time><sat>41</sat></trkpt>
  <trkpt lat="35.57677060" lon="139.56622607"><ele>111.866</ele><time>2026-09-13T04:10:56Z</time><sat>41</sat></trkpt>
  <trkpt lat="35.57683156" lon="139.56619205"><ele>112.131</ele><time>2026-09-13T04:11:02Z</time><sat>41</sat></trkpt>
  <trkpt lat="35.57689998" lon="139.56618368"><ele>112.615</ele><time>2026-09-13T04:11:08Z</time><sat>37</sat></trkpt>
  <trkpt lat="35.57696399" lon="139.56617367"><ele>112.602</ele><time>2026-09-13T04:11:14Z</time><sat>39</sat></trkpt>
  <trkpt lat="35.57702167" lon="139.56616069"><ele>111.744</ele><time>2026-09-13T04:11:20Z</time><sat>39</sat></trkpt>
  <trkpt lat="35.57708729" lon="139.56614926"><ele>110.315</ele><time>2026-09-13T04:11:27Z</time><sat>37</sat></trkpt>
  <trkpt lat="35.57715385" lon="139.56612260"><ele>108.583</ele><time>2026-09-13T04:11:33Z</time><sat>37</sat></trkpt>
  <trkpt lat="35.57723945" lon="139.56608296"><ele>110.108</ele><time>2026-09-13T04:11:39Z</time><sat>35</sat></trkpt>
  <trkpt lat="35.57730415" lon="139.56605602"><ele>110.289</ele><time>2026-09-13T04:11:45Z</time><sat>33</sat></trkpt>
  <trkpt lat="35.57736090" lon="139.56602162"><ele>110.451</ele><time>2026-09-13T04:11:51Z</time><sat>32</sat></trkpt>
  <trkpt lat="35.57742013" lon="139.56597624"><ele>108.825</ele><time>2026-09-13T04:11:57Z</time><sat>35</sat></trkpt>
  <trkpt lat="35.57746783" lon="139.56593171"><ele>108.783</ele><time>2026-09-13T04:12:03Z</time><sat>35</sat></trkpt>
  <trkpt lat="35.57753005" lon="139.56590412"><ele>106.908</ele><time>2026-09-13T04:12:09Z</time><sat>34</sat></trkpt>
  <trkpt lat="35.57759641" lon="139.56587231"><ele>105.677</ele><time>2026-09-13T04:12:15Z</time><sat>34</sat></trkpt>
  <trkpt lat="35.57765523" lon="139.56582823"><ele>105.656</ele><time>2026-09-13T04:12:21Z</time><sat>37</sat></trkpt>
  <trkpt lat="35.57770602" lon="139.56579827"><ele>105.971</ele><time>2026-09-13T04:12:27Z</time><sat>33</sat></trkpt>
  <trkpt lat="35.57776628" lon="139.56580996"><ele>109.528</ele><time>2026-09-13T04:12:33Z</time><sat>38</sat></trkpt>
  <trkpt lat="35.57781897" lon="139.56576763"><ele>110.070</ele><time>2026-09-13T04:12:39Z</time><sat>36</sat></trkpt>
  <trkpt lat="35.57787218" lon="139.56570810"><ele>110.486</ele><time>2026-09-13T04:12:45Z</time><sat>34</sat></trkpt>
  <trkpt lat="35.57792348" lon="139.56564551"><ele>109.475</ele><time>2026-09-13T04:12:51Z</time><sat>34</sat></trkpt>
  <trkpt lat="35.57797799" lon="139.56559094"><ele>108.692</ele><time>2026-09-13T04:12:57Z</time><sat>35</sat></trkpt>
  <trkpt lat="35.57805262" lon="139.56556912"><ele>110.051</ele><time>2026-09-13T04:13:03Z</time><sat>38</sat></trkpt>
  <trkpt lat="35.57811272" lon="139.56552104"><ele>110.306</ele><time>2026-09-13T04:13:09Z</time><sat>39</sat></trkpt>
  <trkpt lat="35.57816741" lon="139.56545950"><ele>111.940</ele><time>2026-09-13T04:13:15Z</time><sat>35</sat></trkpt>
  <trkpt lat="35.57822944" lon="139.56541413"><ele>113.061</ele><time>2026-09-13T04:13:21Z</time><sat>35</sat></trkpt>
  <trkpt lat="35.57828712" lon="139.56536201"><ele>112.450</ele><time>2026-09-13T04:13:27Z</time><sat>34</sat></trkpt>
  <trkpt lat="35.57835959" lon="139.56533173"><ele>115.282</ele><time>2026-09-13T04:13:33Z</time><sat>37</sat></trkpt>
  <trkpt lat="35.57840731" lon="139.56532655"><ele>116.860</ele><time>2026-09-13T04:13:36Z</time><sat>36</sat></trkpt>
  <trkpt lat="35.57848319" lon="139.56528340"><ele>116.727</ele><time>2026-09-13T04:13:42Z</time><sat>33</sat></trkpt>
  <trkpt lat="35.57854766" lon="139.56525081"><ele>115.144</ele><time>2026-09-13T04:13:48Z</time><sat>34</sat></trkpt>
  <trkpt lat="35.57861716" lon="139.56519217"><ele>116.103</ele><time>2026-09-13T04:13:54Z</time><sat>28</sat></trkpt>
  <trkpt lat="35.57865493" lon="139.56512418"><ele>112.094</ele><time>2026-09-13T04:14:00Z</time><sat>34</sat></trkpt>
  <trkpt lat="35.57867892" lon="139.56505012"><ele>113.172</ele><time>2026-09-13T04:14:06Z</time><sat>38</sat></trkpt>
  <trkpt lat="35.57871225" lon="139.56498009"><ele>111.895</ele><time>2026-09-13T04:14:12Z</time><sat>35</sat></trkpt>
  <trkpt lat="35.57875312" lon="139.56490473"><ele>113.946</ele><time>2026-09-13T04:14:18Z</time><sat>38</sat></trkpt>
  <trkpt lat="35.57879429" lon="139.56483781"><ele>113.750</ele><time>2026-09-13T04:14:24Z</time><sat>35</sat></trkpt>
  <trkpt lat="35.57882739" lon="139.56476631"><ele>113.191</ele><time>2026-09-13T04:14:30Z</time><sat>34</sat></trkpt>
  <trkpt lat="35.57887203" lon="139.56469885"><ele>113.495</ele><time>2026-09-13T04:14:36Z</time><sat>35</sat></trkpt>
  <trkpt lat="35.57890003" lon="139.56461608"><ele>114.661</ele><time>2026-09-13T04:14:42Z</time><sat>40</sat></trkpt>
  <trkpt lat="35.57893426" lon="139.56453709"><ele>115.543</ele><time>2026-09-13T04:14:48Z</time><sat>39</sat></trkpt>
  <trkpt lat="35.57897749" lon="139.56446899"><ele>115.635</ele><time>2026-09-13T04:14:54Z</time><sat>40</sat></trkpt>
  <trkpt lat="35.57901024" lon="139.56441424"><ele>114.637</ele><time>2026-09-13T04:14:59Z</time><sat>40</sat></trkpt>
  <trkpt lat="35.57903035" lon="139.56434240"><ele>113.104</ele><time>2026-09-13T04:15:05Z</time><sat>40</sat></trkpt>
  <trkpt lat="35.57906247" lon="139.56427135"><ele>113.195</ele><time>2026-09-13T04:15:11Z</time><sat>40</sat></trkpt>
  <trkpt lat="35.57909144" lon="139.56419777"><ele>113.203</ele><time>2026-09-13T04:15:17Z</time><sat>39</sat></trkpt>
  <trkpt lat="35.57911959" lon="139.56411989"><ele>115.033</ele><time>2026-09-13T04:15:23Z</time><sat>37</sat></trkpt>
  <trkpt lat="35.57914480" lon="139.56403890"><ele>115.265</ele><time>2026-09-13T04:15:29Z</time><sat>32</sat></trkpt>
  <trkpt lat="35.57917471" lon="139.56395162"><ele>114.736</ele><time>2026-09-13T04:15:35Z</time><sat>34</sat></trkpt>
  <trkpt lat="35.57920415" lon="139.56387772"><ele>112.283</ele><time>2026-09-13T04:15:41Z</time><sat>38</sat></trkpt>
  <trkpt lat="35.57923385" lon="139.56380763"><ele>109.323</ele><time>2026-09-13T04:15:47Z</time><sat>39</sat></trkpt>
  <trkpt lat="35.57925490" lon="139.56371816"><ele>109.814</ele><time>2026-09-13T04:15:53Z</time><sat>38</sat></trkpt>
  <trkpt lat="35.57926961" lon="139.56363346"><ele>108.964</ele><time>2026-09-13T04:15:59Z</time><sat>35</sat></trkpt>
  <trkpt lat="35.57928815" lon="139.56355471"><ele>110.110</ele><time>2026-09-13T04:16:05Z</time><sat>33</sat></trkpt>
  <trkpt lat="35.57931459" lon="139.56347451"><ele>114.339</ele><time>2026-09-13T04:16:11Z</time><sat>36</sat></trkpt>
  <trkpt lat="35.57934120" lon="139.56337852"><ele>116.482</ele><time>2026-09-13T04:16:17Z</time><sat>37</sat></trkpt>
  <trkpt lat="35.57933643" lon="139.56328778"><ele>112.417</ele><time>2026-09-13T04:16:23Z</time><sat>30</sat></trkpt>
  <trkpt lat="35.57933478" lon="139.56320394"><ele>115.881</ele><time>2026-09-13T04:16:29Z</time><sat>36</sat></trkpt>
  <trkpt lat="35.57933960" lon="139.56311751"><ele>116.059</ele><time>2026-09-13T04:16:35Z</time><sat>33</sat></trkpt>
  <trkpt lat="35.57934993" lon="139.56302955"><ele>118.388</ele><time>2026-09-13T04:16:41Z</time><sat>34</sat></trkpt>
  <trkpt lat="35.57934330" lon="139.56294480"><ele>117.877</ele><time>2026-09-13T04:16:47Z</time><sat>35</sat></trkpt>
  <trkpt lat="35.57935301" lon="139.56284747"><ele>117.678</ele><time>2026-09-13T04:16:53Z</time><sat>35</sat></trkpt>
  <trkpt lat="35.57933999" lon="139.56273933"><ele>115.205</ele><time>2026-09-13T04:16:59Z</time><sat>38</sat></trkpt>
  <trkpt lat="35.57931877" lon="139.56263878"><ele>114.329</ele><time>2026-09-13T04:17:05Z</time><sat>32</sat></trkpt>
  <trkpt lat="35.57930039" lon="139.56255347"><ele>114.831</ele><time>2026-09-13T04:17:11Z</time><sat>36</sat></trkpt>
  <trkpt lat="35.57929426" lon="139.56248693"><ele>115.062</ele><time>2026-09-13T04:17:17Z</time><sat>37</sat></trkpt>
  <trkpt lat="35.57928824" lon="139.56238937"><ele>111.483</ele><time>2026-09-13T04:17:23Z</time><sat>36</sat></trkpt>
  <trkpt lat="35.57927246" lon="139.56230401"><ele>111.227</ele><time>2026-09-13T04:17:29Z</time><sat>36</sat></trkpt>
  <trkpt lat="35.57926163" lon="139.56225028"><ele>110.213</ele><time>2026-09-13T04:17:32Z</time><sat>35</sat></trkpt>
  <trkpt lat="35.57924043" lon="139.56216370"><ele>110.843</ele><time>2026-09-13T04:17:38Z</time><sat>36</sat></trkpt>
  <trkpt lat="35.57923031" lon="139.56209062"><ele>110.512</ele><time>2026-09-13T04:17:44Z</time><sat>30</sat></trkpt>
  <trkpt lat="35.57923724" lon="139.56199561"><ele>111.253</ele><time>2026-09-13T04:17:50Z</time><sat>36</sat></trkpt>
  <trkpt lat="35.57925380" lon="139.56193413"><ele>111.135</ele><time>2026-09-13T04:17:53Z</time><sat>35</sat></trkpt>
  <trkpt lat="35.57924447" lon="139.56185738"><ele>109.714</ele><time>2026-09-13T04:17:59Z</time><sat>32</sat></trkpt>
  <trkpt lat="35.57922420" lon="139.56180092"><ele>107.343</ele><time>2026-09-13T04:18:05Z</time><sat>35</sat></trkpt>
  <trkpt lat="35.57920750" lon="139.56174388"><ele>105.047</ele><time>2026-09-13T04:18:11Z</time><sat>38</sat></trkpt>
  <trkpt lat="35.57918889" lon="139.56166528"><ele>107.721</ele><time>2026-09-13T04:18:17Z</time><sat>31</sat></trkpt>
  <trkpt lat="35.57917638" lon="139.56156017"><ele>107.063</ele><time>2026-09-13T04:18:23Z</time><sat>35</sat></trkpt>
  <trkpt lat="35.57915116" lon="139.56151224"><ele>104.598</ele><time>2026-09-13T04:18:26Z</time><sat>31</sat></trkpt>
  <trkpt lat="35.57915239" lon="139.56140978"><ele>105.237</ele><time>2026-09-13T04:18:32Z</time><sat>29</sat></trkpt>
  <trkpt lat="35.57915520" lon="139.56130613"><ele>106.612</ele><time>2026-09-13T04:18:38Z</time><sat>31</sat></trkpt>
  <trkpt lat="35.57915571" lon="139.56121620"><ele>106.112</ele><time>2026-09-13T04:18:44Z</time><sat>34</sat></trkpt>
  <trkpt lat="35.57914048" lon="139.56113124"><ele>107.693</ele><time>2026-09-13T04:18:50Z</time><sat>33</sat></trkpt>
  <trkpt lat="35.57913799" lon="139.56104934"><ele>108.820</ele><time>2026-09-13T04:18:56Z</time><sat>34</sat></trkpt>
  <trkpt lat="35.57912494" lon="139.56095963"><ele>106.857</ele><time>2026-09-13T04:19:02Z</time><sat>32</sat></trkpt>
  <trkpt lat="35.57913849" lon="139.56087999"><ele>109.785</ele><time>2026-09-13T04:19:08Z</time><sat>34</sat></trkpt>
  <trkpt lat="35.57914244" lon="139.56079822"><ele>108.417</ele><time>2026-09-13T04:19:14Z</time><sat>34</sat></trkpt>
  <trkpt lat="35.57911432" lon="139.56071764"><ele>102.687</ele><time>2026-09-13T04:19:20Z</time><sat>35</sat></trkpt>
  <trkpt lat="35.57908052" lon="139.56062613"><ele>102.468</ele><time>2026-09-13T04:19:26Z</time><sat>33</sat></trkpt>
  <trkpt lat="35.57905075" lon="139.56055583"><ele>102.411</ele><time>2026-09-13T04:19:32Z</time><sat>33</sat></trkpt>
  <trkpt lat="35.57900367" lon="139.56048989"><ele>98.315</ele><time>2026-09-13T04:19:38Z</time><sat>35</sat></trkpt>
  <trkpt lat="35.57896016" lon="139.56042415"><ele>97.373</ele><time>2026-09-13T04:19:44Z</time><sat>39</sat></trkpt>
  <trkpt lat="35.57892972" lon="139.56036058"><ele>96.334</ele><time>2026-09-13T04:19:50Z</time><sat>37</sat></trkpt>
  <trkpt lat="35.57889753" lon="139.56028582"><ele>94.611</ele><time>2026-09-13T04:19:56Z</time><sat>35</sat></trkpt>
  <trkpt lat="35.57886404" lon="139.56021611"><ele>91.946</ele><time>2026-09-13T04:20:02Z</time><sat>36</sat></trkpt>
  <trkpt lat="35.57883568" lon="139.56015184"><ele>91.456</ele><time>2026-09-13T04:20:08Z</time><sat>36</sat></trkpt>
  <trkpt lat="35.57880842" lon="139.56009420"><ele>91.040</ele><time>2026-09-13T04:20:14Z</time><sat>35</sat></trkpt>
  <trkpt lat="35.57879039" lon="139.56004028"><ele>90.343</ele><time>2026-09-13T04:20:19Z</time><sat>37</sat></trkpt>
  <trkpt lat="35.57877486" lon="139.55997922"><ele>90.494</ele><time>2026-09-13T04:20:25Z</time><sat>38</sat></trkpt>
  <trkpt lat="35.57875596" lon="139.55990287"><ele>91.178</ele><time>2026-09-13T04:20:31Z</time><sat>37</sat></trkpt>
  <trkpt lat="35.57873218" lon="139.55982878"><ele>93.305</ele><time>2026-09-13T04:20:37Z</time><sat>32</sat></trkpt>
  <trkpt lat="35.57870945" lon="139.55976598"><ele>93.572</ele><time>2026-09-13T04:20:43Z</time><sat>35</sat></trkpt>
  <trkpt lat="35.57868869" lon="139.55969403"><ele>92.585</ele><time>2026-09-13T04:20:49Z</time><sat>38</sat></trkpt>
  <trkpt lat="35.57865961" lon="139.55965078"><ele>89.891</ele><time>2026-09-13T04:20:55Z</time><sat>39</sat></trkpt>
  <trkpt lat="35.57863697" lon="139.55957068"><ele>91.348</ele><time>2026-09-13T04:21:01Z</time><sat>39</sat></trkpt>
  <trkpt lat="35.57863178" lon="139.55950929"><ele>92.191</ele><time>2026-09-13T04:21:07Z</time><sat>40</sat></trkpt>
  <trkpt lat="35.57860708" lon="139.55941897"><ele>93.177</ele><time>2026-09-13T04:21:13Z</time><sat>37</sat></trkpt>
  <trkpt lat="35.57856241" lon="139.55935871"><ele>96.257</ele><time>2026-09-13T04:21:19Z</time><sat>37</sat></trkpt>
  <trkpt lat="35.57853011" lon="139.55930147"><ele>98.684</ele><time>2026-09-13T04:21:25Z</time><sat>35</sat></trkpt>
  <trkpt lat="35.57851739" lon="139.55927405"><ele>99.307</ele><time>2026-09-13T04:21:28Z</time><sat>38</sat></trkpt>
  <trkpt lat="35.57851544" lon="139.55926745"><ele>99.412</ele><time>2026-09-13T04:21:37Z</time><sat>34</sat></trkpt>
  <trkpt lat="35.57850721" lon="139.55925853"><ele>98.099</ele><time>2026-09-13T04:21:40Z</time><sat>38</sat></trkpt>
  <trkpt lat="35.57850166" lon="139.55917148"><ele>95.330</ele><time>2026-09-13T04:21:46Z</time><sat>38</sat></trkpt>
  <trkpt lat="35.57846566" lon="139.55913012"><ele>95.319</ele><time>2026-09-13T04:21:49Z</time><sat>38</sat></trkpt>
  <trkpt lat="35.57842710" lon="139.55908250"><ele>96.436</ele><time>2026-09-13T04:21:52Z</time><sat>36</sat></trkpt>
  <trkpt lat="35.57838308" lon="139.55902238"><ele>99.470</ele><time>2026-09-13T04:21:58Z</time><sat>38</sat></trkpt>
  <trkpt lat="35.57835490" lon="139.55895621"><ele>98.818</ele><time>2026-09-13T04:22:04Z</time><sat>36</sat></trkpt>
  <trkpt lat="35.57832849" lon="139.55889921"><ele>99.169</ele><time>2026-09-13T04:22:10Z</time><sat>33</sat></trkpt>
  <trkpt lat="35.57832340" lon="139.55888977"><ele>99.372</ele><time>2026-09-13T04:22:13Z</time><sat>30</sat></trkpt>
  <trkpt lat="35.57833542" lon="139.55890120"><ele>99.165</ele><time>2026-09-13T04:22:16Z</time><sat>30</sat></trkpt>
  <trkpt lat="35.57833772" lon="139.55890331"><ele>99.187</ele><time>2026-09-13T04:22:28Z</time><sat>31</sat></trkpt>
  <trkpt lat="35.57832919" lon="139.55891422"><ele>97.735</ele><time>2026-09-13T04:22:32Z</time><sat>30</sat></trkpt>
  <trkpt lat="35.57833429" lon="139.55892168"><ele>97.969</ele><time>2026-09-13T04:22:35Z</time><sat>26</sat></trkpt>
  <trkpt lat="35.57833211" lon="139.55892712"><ele>98.175</ele><time>2026-09-13T04:22:38Z</time><sat>22</sat></trkpt>
  <trkpt lat="35.57832870" lon="139.55892902"><ele>97.704</ele><time>2026-09-13T04:22:41Z</time><sat>19</sat></trkpt>
  <trkpt lat="35.57832660" lon="139.55893492"><ele>98.111</ele><time>2026-09-13T04:22:52Z</time><sat>22</sat></trkpt>
  <trkpt lat="35.57832823" lon="139.55893013"><ele>98.021</ele><time>2026-09-13T04:22:55Z</time><sat>23</sat></trkpt>
  <trkpt lat="35.57831790" lon="139.55885570"><ele>98.867</ele><time>2026-09-13T04:23:01Z</time><sat>31</sat></trkpt>
  <trkpt lat="35.57830092" lon="139.55877298"><ele>100.262</ele><time>2026-09-13T04:23:07Z</time><sat>30</sat></trkpt>
  <trkpt lat="35.57826841" lon="139.55870629"><ele>100.642</ele><time>2026-09-13T04:23:13Z</time><sat>26</sat></trkpt>
  <trkpt lat="35.57823543" lon="139.55864279"><ele>101.836</ele><time>2026-09-13T04:23:19Z</time><sat>30</sat></trkpt>
  <trkpt lat="35.57822020" lon="139.55857138"><ele>103.884</ele><time>2026-09-13T04:23:25Z</time><sat>26</sat></trkpt>
  <trkpt lat="35.57821451" lon="139.55851064"><ele>100.522</ele><time>2026-09-13T04:23:28Z</time><sat>30</sat></trkpt>
  <trkpt lat="35.57818636" lon="139.55843236"><ele>98.322</ele><time>2026-09-13T04:23:34Z</time><sat>27</sat></trkpt>
  <trkpt lat="35.57814700" lon="139.55835913"><ele>100.286</ele><time>2026-09-13T04:23:40Z</time><sat>32</sat></trkpt>
  <trkpt lat="35.57810142" lon="139.55830383"><ele>96.152</ele><time>2026-09-13T04:23:46Z</time><sat>30</sat></trkpt>
  <trkpt lat="35.57805319" lon="139.55822318"><ele>96.293</ele><time>2026-09-13T04:23:52Z</time><sat>30</sat></trkpt>
  <trkpt lat="35.57797906" lon="139.55820061"><ele>94.793</ele><time>2026-09-13T04:23:58Z</time><sat>34</sat></trkpt>
  <trkpt lat="35.57790374" lon="139.55820564"><ele>95.324</ele><time>2026-09-13T04:24:04Z</time><sat>35</sat></trkpt>
  <trkpt lat="35.57783388" lon="139.55822721"><ele>96.078</ele><time>2026-09-13T04:24:10Z</time><sat>36</sat></trkpt>
  <trkpt lat="35.57780815" lon="139.55828798"><ele>97.020</ele><time>2026-09-13T04:24:16Z</time><sat>29</sat></trkpt>
  <trkpt lat="35.57775644" lon="139.55831356"><ele>99.702</ele><time>2026-09-13T04:24:22Z</time><sat>31</sat></trkpt>
  <trkpt lat="35.57770757" lon="139.55833576"><ele>102.905</ele><time>2026-09-13T04:24:28Z</time><sat>33</sat></trkpt>
  <trkpt lat="35.57772317" lon="139.55835443"><ele>109.033</ele><time>2026-09-13T04:24:40Z</time><sat>29</sat></trkpt>
  <trkpt lat="35.57776785" lon="139.55833548"><ele>109.633</ele><time>2026-09-13T04:24:43Z</time><sat>24</sat></trkpt>
  <trkpt lat="35.57781300" lon="139.55832074"><ele>111.555</ele><time>2026-09-13T04:24:46Z</time><sat>28</sat></trkpt>
  <trkpt lat="35.57788052" lon="139.55832182"><ele>114.406</ele><time>2026-09-13T04:24:52Z</time><sat>35</sat></trkpt>
  <trkpt lat="35.57796386" lon="139.55831557"><ele>115.672</ele><time>2026-09-13T04:24:58Z</time><sat>35</sat></trkpt>
  <trkpt lat="35.57799641" lon="139.55836535"><ele>110.290</ele><time>2026-09-13T04:25:07Z</time><sat>36</sat></trkpt>
  <trkpt lat="35.57798744" lon="139.55834431"><ele>108.714</ele><time>2026-09-13T04:25:10Z</time><sat>35</sat></trkpt>
  <trkpt lat="35.57797054" lon="139.55833950"><ele>108.270</ele><time>2026-09-13T04:25:22Z</time><sat>34</sat></trkpt>
  <trkpt lat="35.57796287" lon="139.55833858"><ele>107.706</ele><time>2026-09-13T04:25:34Z</time><sat>34</sat></trkpt>
  <trkpt lat="35.57796017" lon="139.55833375"><ele>107.726</ele><time>2026-09-13T04:25:43Z</time><sat>31</sat></trkpt>
  <trkpt lat="35.57795828" lon="139.55833401"><ele>107.257</ele><time>2026-09-13T04:25:46Z</time><sat>34</sat></trkpt>
  <trkpt lat="35.57794458" lon="139.55838815"><ele>106.380</ele><time>2026-09-13T04:25:58Z</time><sat>37</sat></trkpt>
  <trkpt lat="35.57793106" lon="139.55840642"><ele>106.915</ele><time>2026-09-13T04:26:01Z</time><sat>36</sat></trkpt>
  <trkpt lat="35.57792520" lon="139.55840883"><ele>106.295</ele><time>2026-09-13T04:26:04Z</time><sat>35</sat></trkpt>
  <trkpt lat="35.57792225" lon="139.55840942"><ele>106.653</ele><time>2026-09-13T04:26:14Z</time><sat>29</sat></trkpt>
  <trkpt lat="35.57792114" lon="139.55841006"><ele>106.835</ele><time>2026-09-13T04:26:23Z</time><sat>29</sat></trkpt>
  <trkpt lat="35.57792069" lon="139.55841055"><ele>106.633</ele><time>2026-09-13T04:26:26Z</time><sat>29</sat></trkpt>
  <trkpt lat="35.57792022" lon="139.55840995"><ele>106.636</ele><time>2026-09-13T04:26:29Z</time><sat>30</sat></trkpt>
  <trkpt lat="35.57790966" lon="139.55840051"><ele>106.318</ele><time>2026-09-13T04:26:32Z</time><sat>31</sat></trkpt>
  <trkpt lat="35.57784459" lon="139.55835596"><ele>107.054</ele><time>2026-09-13T04:26:38Z</time><sat>32</sat></trkpt>
  <trkpt lat="35.57775955" lon="139.55836733"><ele>110.202</ele><time>2026-09-13T04:26:44Z</time><sat>31</sat></trkpt>
  <trkpt lat="35.57768231" lon="139.55838482"><ele>112.130</ele><time>2026-09-13T04:26:49Z</time><sat>31</sat></trkpt>
  <trkpt lat="35.57761075" lon="139.55834795"><ele>111.875</ele><time>2026-09-13T04:26:55Z</time><sat>31</sat></trkpt>
  <trkpt lat="35.57757358" lon="139.55831577"><ele>110.902</ele><time>2026-09-13T04:27:05Z</time><sat>31</sat></trkpt>
  <trkpt lat="35.57752331" lon="139.55832826"><ele>111.278</ele><time>2026-09-13T04:27:14Z</time><sat>31</sat></trkpt>
  <trkpt lat="35.57745859" lon="139.55828943"><ele>104.776</ele><time>2026-09-13T04:27:20Z</time><sat>33</sat></trkpt>
  <trkpt lat="35.57740526" lon="139.55833374"><ele>100.996</ele><time>2026-09-13T04:27:26Z</time><sat>32</sat></trkpt>
  <trkpt lat="35.57734983" lon="139.55830179"><ele>102.343</ele><time>2026-09-13T04:27:32Z</time><sat>33</sat></trkpt>
  <trkpt lat="35.57727463" lon="139.55830363"><ele>98.484</ele><time>2026-09-13T04:27:38Z</time><sat>37</sat></trkpt>
  <trkpt lat="35.57720276" lon="139.55835156"><ele>94.248</ele><time>2026-09-13T04:27:44Z</time><sat>31</sat></trkpt>
  <trkpt lat="35.57715132" lon="139.55837363"><ele>93.364</ele><time>2026-09-13T04:27:47Z</time><sat>34</sat></trkpt>
  <trkpt lat="35.57709998" lon="139.55839408"><ele>94.272</ele><time>2026-09-13T04:27:50Z</time><sat>33</sat></trkpt>
  <trkpt lat="35.57704863" lon="139.55843071"><ele>93.450</ele><time>2026-09-13T04:27:53Z</time><sat>30</sat></trkpt>
  <trkpt lat="35.57700587" lon="139.55846573"><ele>92.578</ele><time>2026-09-13T04:27:56Z</time><sat>28</sat></trkpt>
  <trkpt lat="35.57696980" lon="139.55850263"><ele>91.922</ele><time>2026-09-13T04:27:59Z</time><sat>27</sat></trkpt>
  <trkpt lat="35.57692394" lon="139.55849473"><ele>91.270</ele><time>2026-09-13T04:28:05Z</time><sat>23</sat></trkpt>
  <trkpt lat="35.57692286" lon="139.55840551"><ele>94.230</ele><time>2026-09-13T04:28:14Z</time><sat>29</sat></trkpt>
  <trkpt lat="35.57696558" lon="139.55832429"><ele>93.256</ele><time>2026-09-13T04:28:20Z</time><sat>29</sat></trkpt>
  <trkpt lat="35.57700920" lon="139.55830220"><ele>92.296</ele><time>2026-09-13T04:28:26Z</time><sat>24</sat></trkpt>
  <trkpt lat="35.57702535" lon="139.55821895"><ele>82.651</ele><time>2026-09-13T04:28:35Z</time><sat>37</sat></trkpt>
  <trkpt lat="35.57700740" lon="139.55815004"><ele>80.177</ele><time>2026-09-13T04:28:38Z</time><sat>39</sat></trkpt>
  <trkpt lat="35.57699461" lon="139.55809593"><ele>82.201</ele><time>2026-09-13T04:28:41Z</time><sat>38</sat></trkpt>
  <trkpt lat="35.57697552" lon="139.55803607"><ele>85.650</ele><time>2026-09-13T04:28:44Z</time><sat>38</sat></trkpt>
  <trkpt lat="35.57692990" lon="139.55798491"><ele>87.558</ele><time>2026-09-13T04:28:47Z</time><sat>37</sat></trkpt>
  <trkpt lat="35.57688716" lon="139.55796293"><ele>88.138</ele><time>2026-09-13T04:28:50Z</time><sat>37</sat></trkpt>
  <trkpt lat="35.57681431" lon="139.55796825"><ele>90.015</ele><time>2026-09-13T04:28:56Z</time><sat>38</sat></trkpt>
  <trkpt lat="35.57674042" lon="139.55799178"><ele>91.012</ele><time>2026-09-13T04:29:02Z</time><sat>39</sat></trkpt>
  <trkpt lat="35.57666747" lon="139.55802000"><ele>92.250</ele><time>2026-09-13T04:29:08Z</time><sat>40</sat></trkpt>
  <trkpt lat="35.57659665" lon="139.55804570"><ele>91.671</ele><time>2026-09-13T04:29:14Z</time><sat>40</sat></trkpt>
  <trkpt lat="35.57653251" lon="139.55804818"><ele>91.070</ele><time>2026-09-13T04:29:20Z</time><sat>40</sat></trkpt>
  <trkpt lat="35.57649587" lon="139.55799881"><ele>93.554</ele><time>2026-09-13T04:29:26Z</time><sat>39</sat></trkpt>
  <trkpt lat="35.57647972" lon="139.55792032"><ele>93.682</ele><time>2026-09-13T04:29:32Z</time><sat>40</sat></trkpt>
  <trkpt lat="35.57645882" lon="139.55783972"><ele>95.460</ele><time>2026-09-13T04:29:38Z</time><sat>37</sat></trkpt>
  <trkpt lat="35.57643401" lon="139.55776485"><ele>95.825</ele><time>2026-09-13T04:29:44Z</time><sat>34</sat></trkpt>
  <trkpt lat="35.57641412" lon="139.55769223"><ele>95.988</ele><time>2026-09-13T04:29:50Z</time><sat>37</sat></trkpt>
  <trkpt lat="35.57638836" lon="139.55761225"><ele>97.278</ele><time>2026-09-13T04:29:56Z</time><sat>38</sat></trkpt>
  <trkpt lat="35.57636128" lon="139.55753703"><ele>98.262</ele><time>2026-09-13T04:30:02Z</time><sat>35</sat></trkpt>
  <trkpt lat="35.57632901" lon="139.55746647"><ele>97.893</ele><time>2026-09-13T04:30:08Z</time><sat>31</sat></trkpt>
  <trkpt lat="35.57629587" lon="139.55740056"><ele>97.784</ele><time>2026-09-13T04:30:14Z</time><sat>34</sat></trkpt>
  <trkpt lat="35.57626569" lon="139.55733257"><ele>98.315</ele><time>2026-09-13T04:30:20Z</time><sat>31</sat></trkpt>
  <trkpt lat="35.57623897" lon="139.55726161"><ele>97.896</ele><time>2026-09-13T04:30:26Z</time><sat>31</sat></trkpt>
  <trkpt lat="35.57620790" lon="139.55718445"><ele>97.926</ele><time>2026-09-13T04:30:32Z</time><sat>23</sat></trkpt>
  <trkpt lat="35.57617131" lon="139.55711693"><ele>97.857</ele><time>2026-09-13T04:30:38Z</time><sat>26</sat></trkpt>
  <trkpt lat="35.57613541" lon="139.55705229"><ele>98.045</ele><time>2026-09-13T04:30:44Z</time><sat>34</sat></trkpt>
  <trkpt lat="35.57609317" lon="139.55699305"><ele>98.608</ele><time>2026-09-13T04:30:50Z</time><sat>38</sat></trkpt>
  <trkpt lat="35.57602900" lon="139.55694993"><ele>97.826</ele><time>2026-09-13T04:30:56Z</time><sat>28</sat></trkpt>
  <trkpt lat="35.57597157" lon="139.55688725"><ele>97.774</ele><time>2026-09-13T04:31:02Z</time><sat>21</sat></trkpt>
  <trkpt lat="35.57591999" lon="139.55683160"><ele>97.680</ele><time>2026-09-13T04:31:08Z</time><sat>23</sat></trkpt>
  <trkpt lat="35.57587196" lon="139.55678583"><ele>98.617</ele><time>2026-09-13T04:31:14Z</time><sat>28</sat></trkpt>
  <trkpt lat="35.57581598" lon="139.55674082"><ele>99.240</ele><time>2026-09-13T04:31:20Z</time><sat>29</sat></trkpt>
  <trkpt lat="35.57576226" lon="139.55670714"><ele>101.438</ele><time>2026-09-13T04:31:26Z</time><sat>29</sat></trkpt>
  <trkpt lat="35.57570501" lon="139.55667320"><ele>100.807</ele><time>2026-09-13T04:31:32Z</time><sat>28</sat></trkpt>
  <trkpt lat="35.57564879" lon="139.55666405"><ele>101.773</ele><time>2026-09-13T04:31:38Z</time><sat>30</sat></trkpt>
  <trkpt lat="35.57556260" lon="139.55665805"><ele>101.810</ele><time>2026-09-13T04:31:44Z</time><sat>32</sat></trkpt>
  <trkpt lat="35.57549550" lon="139.55664558"><ele>101.753</ele><time>2026-09-13T04:31:50Z</time><sat>35</sat></trkpt>
  <trkpt lat="35.57545216" lon="139.55662420"><ele>100.626</ele><time>2026-09-13T04:31:56Z</time><sat>36</sat></trkpt>
  <trkpt lat="35.57543070" lon="139.55661835"><ele>101.123</ele><time>2026-09-13T04:31:59Z</time><sat>32</sat></trkpt>
  <trkpt lat="35.57541642" lon="139.55661918"><ele>102.014</ele><time>2026-09-13T04:32:02Z</time><sat>31</sat></trkpt>
  <trkpt lat="35.57541283" lon="139.55661826"><ele>102.940</ele><time>2026-09-13T04:32:14Z</time><sat>38</sat></trkpt>
  <trkpt lat="35.57541561" lon="139.55662314"><ele>102.512</ele><time>2026-09-13T04:32:23Z</time><sat>38</sat></trkpt>
  <trkpt lat="35.57541616" lon="139.55662131"><ele>101.940</ele><time>2026-09-13T04:32:26Z</time><sat>38</sat></trkpt>
  <trkpt lat="35.57534302" lon="139.55659912"><ele>102.762</ele><time>2026-09-13T04:32:32Z</time><sat>37</sat></trkpt>
  <trkpt lat="35.57534099" lon="139.55652099"><ele>102.558</ele><time>2026-09-13T04:32:38Z</time><sat>36</sat></trkpt>
  <trkpt lat="35.57537727" lon="139.55643656"><ele>103.200</ele><time>2026-09-13T04:32:44Z</time><sat>35</sat></trkpt>
  <trkpt lat="35.57540472" lon="139.55635305"><ele>104.220</ele><time>2026-09-13T04:32:50Z</time><sat>34</sat></trkpt>
  <trkpt lat="35.57542493" lon="139.55627645"><ele>104.965</ele><time>2026-09-13T04:32:56Z</time><sat>34</sat></trkpt>
  <trkpt lat="35.57544898" lon="139.55620759"><ele>105.250</ele><time>2026-09-13T04:33:02Z</time><sat>35</sat></trkpt>
  <trkpt lat="35.57547108" lon="139.55611440"><ele>104.031</ele><time>2026-09-13T04:33:08Z</time><sat>36</sat></trkpt>
  <trkpt lat="35.57546651" lon="139.55602242"><ele>104.061</ele><time>2026-09-13T04:33:14Z</time><sat>37</sat></trkpt>
  <trkpt lat="35.57548122" lon="139.55594137"><ele>104.430</ele><time>2026-09-13T04:33:20Z</time><sat>39</sat></trkpt>
  <trkpt lat="35.57549746" lon="139.55585232"><ele>105.525</ele><time>2026-09-13T04:33:26Z</time><sat>41</sat></trkpt>
  <trkpt lat="35.57552103" lon="139.55576444"><ele>105.494</ele><time>2026-09-13T04:33:32Z</time><sat>40</sat></trkpt>
  <trkpt lat="35.57551725" lon="139.55567880"><ele>104.650</ele><time>2026-09-13T04:33:38Z</time><sat>42</sat></trkpt>
  <trkpt lat="35.57546081" lon="139.55563196"><ele>105.007</ele><time>2026-09-13T04:33:44Z</time><sat>41</sat></trkpt>
  <trkpt lat="35.57538015" lon="139.55564473"><ele>105.126</ele><time>2026-09-13T04:33:50Z</time><sat>41</sat></trkpt>
  <trkpt lat="35.57530398" lon="139.55564644"><ele>105.507</ele><time>2026-09-13T04:33:56Z</time><sat>41</sat></trkpt>
  <trkpt lat="35.57524268" lon="139.55563752"><ele>105.327</ele><time>2026-09-13T04:34:02Z</time><sat>38</sat></trkpt>
  <trkpt lat="35.57518546" lon="139.55561972"><ele>104.423</ele><time>2026-09-13T04:34:08Z</time><sat>33</sat></trkpt>
  <trkpt lat="35.57512551" lon="139.55563202"><ele>102.188</ele><time>2026-09-13T04:34:15Z</time><sat>29</sat></trkpt>
  <trkpt lat="35.57506644" lon="139.55564601"><ele>99.694</ele><time>2026-09-13T04:34:21Z</time><sat>28</sat></trkpt>
  <trkpt lat="35.57500457" lon="139.55562043"><ele>97.557</ele><time>2026-09-13T04:34:27Z</time><sat>31</sat></trkpt>
  <trkpt lat="35.57493404" lon="139.55561539"><ele>98.293</ele><time>2026-09-13T04:34:33Z</time><sat>27</sat></trkpt>
  <trkpt lat="35.57486364" lon="139.55560860"><ele>98.572</ele><time>2026-09-13T04:34:39Z</time><sat>29</sat></trkpt>
  <trkpt lat="35.57477865" lon="139.55561905"><ele>96.360</ele><time>2026-09-13T04:34:45Z</time><sat>28</sat></trkpt>
  <trkpt lat="35.57471731" lon="139.55558524"><ele>97.181</ele><time>2026-09-13T04:34:48Z</time><sat>26</sat></trkpt>
  <trkpt lat="35.57466481" lon="139.55554682"><ele>97.249</ele><time>2026-09-13T04:34:51Z</time><sat>28</sat></trkpt>
  <trkpt lat="35.57459098" lon="139.55552651"><ele>98.059</ele><time>2026-09-13T04:34:57Z</time><sat>33</sat></trkpt>
  <trkpt lat="35.57452343" lon="139.55549076"><ele>97.303</ele><time>2026-09-13T04:35:03Z</time><sat>32</sat></trkpt>
  <trkpt lat="35.57445256" lon="139.55548317"><ele>97.174</ele><time>2026-09-13T04:35:09Z</time><sat>36</sat></trkpt>
  <trkpt lat="35.57439827" lon="139.55543653"><ele>95.189</ele><time>2026-09-13T04:35:15Z</time><sat>35</sat></trkpt>
  <trkpt lat="35.57435386" lon="139.55542026"><ele>95.605</ele><time>2026-09-13T04:35:18Z</time><sat>23</sat></trkpt>
  <trkpt lat="35.57430188" lon="139.55541086"><ele>97.314</ele><time>2026-09-13T04:35:21Z</time><sat>23</sat></trkpt>
  <trkpt lat="35.57422769" lon="139.55542162"><ele>94.369</ele><time>2026-09-13T04:35:27Z</time><sat>36</sat></trkpt>
  <trkpt lat="35.57414870" lon="139.55544026"><ele>95.135</ele><time>2026-09-13T04:35:33Z</time><sat>33</sat></trkpt>
  <trkpt lat="35.57408757" lon="139.55544532"><ele>94.723</ele><time>2026-09-13T04:35:39Z</time><sat>32</sat></trkpt>
  <trkpt lat="35.57402184" lon="139.55540539"><ele>95.333</ele><time>2026-09-13T04:35:45Z</time><sat>34</sat></trkpt>
  <trkpt lat="35.57394763" lon="139.55536068"><ele>93.607</ele><time>2026-09-13T04:35:51Z</time><sat>34</sat></trkpt>
  <trkpt lat="35.57387009" lon="139.55534587"><ele>93.768</ele><time>2026-09-13T04:35:57Z</time><sat>34</sat></trkpt>
  <trkpt lat="35.57379529" lon="139.55532977"><ele>90.404</ele><time>2026-09-13T04:36:03Z</time><sat>36</sat></trkpt>
  <trkpt lat="35.57374856" lon="139.55530964"><ele>91.877</ele><time>2026-09-13T04:36:06Z</time><sat>35</sat></trkpt>
  <trkpt lat="35.57367318" lon="139.55530373"><ele>93.315</ele><time>2026-09-13T04:36:12Z</time><sat>37</sat></trkpt>
  <trkpt lat="35.57360077" lon="139.55528655"><ele>91.660</ele><time>2026-09-13T04:36:18Z</time><sat>30</sat></trkpt>
  <trkpt lat="35.57352519" lon="139.55528003"><ele>89.626</ele><time>2026-09-13T04:36:24Z</time><sat>39</sat></trkpt>
  <trkpt lat="35.57345155" lon="139.55526742"><ele>89.914</ele><time>2026-09-13T04:36:30Z</time><sat>30</sat></trkpt>
  <trkpt lat="35.57339131" lon="139.55525529"><ele>89.993</ele><time>2026-09-13T04:36:36Z</time><sat>32</sat></trkpt>
  <trkpt lat="35.57333204" lon="139.55524824"><ele>89.283</ele><time>2026-09-13T04:36:42Z</time><sat>36</sat></trkpt>
  <trkpt lat="35.57326366" lon="139.55523918"><ele>90.658</ele><time>2026-09-13T04:36:48Z</time><sat>34</sat></trkpt>
  <trkpt lat="35.57320510" lon="139.55524370"><ele>89.512</ele><time>2026-09-13T04:36:54Z</time><sat>35</sat></trkpt>
  <trkpt lat="35.57312773" lon="139.55521243"><ele>87.596</ele><time>2026-09-13T04:37:00Z</time><sat>34</sat></trkpt>
  <trkpt lat="35.57305217" lon="139.55517943"><ele>87.721</ele><time>2026-09-13T04:37:06Z</time><sat>34</sat></trkpt>
  <trkpt lat="35.57298534" lon="139.55516372"><ele>87.058</ele><time>2026-09-13T04:37:12Z</time><sat>35</sat></trkpt>
  <trkpt lat="35.57292159" lon="139.55516175"><ele>86.333</ele><time>2026-09-13T04:37:18Z</time><sat>34</sat></trkpt>
  <trkpt lat="35.57285174" lon="139.55514678"><ele>86.074</ele><time>2026-09-13T04:37:24Z</time><sat>31</sat></trkpt>
  <trkpt lat="35.57279563" lon="139.55515675"><ele>85.750</ele><time>2026-09-13T04:37:30Z</time><sat>32</sat></trkpt>
  <trkpt lat="35.57271761" lon="139.55512083"><ele>87.664</ele><time>2026-09-13T04:37:36Z</time><sat>31</sat></trkpt>
  <trkpt lat="35.57265425" lon="139.55507496"><ele>87.351</ele><time>2026-09-13T04:37:42Z</time><sat>33</sat></trkpt>
  <trkpt lat="35.57258193" lon="139.55504327"><ele>86.104</ele><time>2026-09-13T04:37:48Z</time><sat>32</sat></trkpt>
  <trkpt lat="35.57250713" lon="139.55503722"><ele>87.120</ele><time>2026-09-13T04:37:54Z</time><sat>32</sat></trkpt>
  <trkpt lat="35.57245188" lon="139.55502803"><ele>84.161</ele><time>2026-09-13T04:38:00Z</time><sat>33</sat></trkpt>
  <trkpt lat="35.57238114" lon="139.55501761"><ele>83.822</ele><time>2026-09-13T04:38:06Z</time><sat>32</sat></trkpt>
  <trkpt lat="35.57230628" lon="139.55503955"><ele>79.883</ele><time>2026-09-13T04:38:12Z</time><sat>31</sat></trkpt>
  <trkpt lat="35.57223796" lon="139.55504525"><ele>79.864</ele><time>2026-09-13T04:38:18Z</time><sat>34</sat></trkpt>
  <trkpt lat="35.57216472" lon="139.55501955"><ele>80.432</ele><time>2026-09-13T04:38:24Z</time><sat>33</sat></trkpt>
  <trkpt lat="35.57210080" lon="139.55501626"><ele>78.060</ele><time>2026-09-13T04:38:30Z</time><sat>33</sat></trkpt>
  <trkpt lat="35.57202855" lon="139.55498396"><ele>78.712</ele><time>2026-09-13T04:38:36Z</time><sat>30</sat></trkpt>
  <trkpt lat="35.57194982" lon="139.55495002"><ele>79.708</ele><time>2026-09-13T04:38:42Z</time><sat>33</sat></trkpt>
  <trkpt lat="35.57187800" lon="139.55495866"><ele>77.995</ele><time>2026-09-13T04:38:48Z</time><sat>26</sat></trkpt>
  <trkpt lat="35.57181708" lon="139.55494338"><ele>76.507</ele><time>2026-09-13T04:38:54Z</time><sat>27</sat></trkpt>
  <trkpt lat="35.57174748" lon="139.55493638"><ele>74.957</ele><time>2026-09-13T04:39:00Z</time><sat>33</sat></trkpt>
  <trkpt lat="35.57170169" lon="139.55494013"><ele>76.022</ele><time>2026-09-13T04:39:03Z</time><sat>34</sat></trkpt>
  <trkpt lat="35.57163594" lon="139.55492808"><ele>75.105</ele><time>2026-09-13T04:39:09Z</time><sat>37</sat></trkpt>
  <trkpt lat="35.57158006" lon="139.55492803"><ele>74.616</ele><time>2026-09-13T04:39:15Z</time><sat>35</sat></trkpt>
  <trkpt lat="35.57151853" lon="139.55489840"><ele>72.182</ele><time>2026-09-13T04:39:21Z</time><sat>35</sat></trkpt>
  <trkpt lat="35.57145776" lon="139.55486776"><ele>73.693</ele><time>2026-09-13T04:39:27Z</time><sat>35</sat></trkpt>
  <trkpt lat="35.57138408" lon="139.55484542"><ele>75.373</ele><time>2026-09-13T04:39:33Z</time><sat>36</sat></trkpt>
  <trkpt lat="35.57131286" lon="139.55482971"><ele>73.994</ele><time>2026-09-13T04:39:39Z</time><sat>38</sat></trkpt>
  <trkpt lat="35.57125993" lon="139.55483242"><ele>73.440</ele><time>2026-09-13T04:39:45Z</time><sat>33</sat></trkpt>
  <trkpt lat="35.57121482" lon="139.55485718"><ele>71.946</ele><time>2026-09-13T04:39:51Z</time><sat>37</sat></trkpt>
  <trkpt lat="35.57114193" lon="139.55486940"><ele>72.812</ele><time>2026-09-13T04:39:57Z</time><sat>37</sat></trkpt>
  <trkpt lat="35.57106608" lon="139.55486451"><ele>73.727</ele><time>2026-09-13T04:40:03Z</time><sat>36</sat></trkpt>
  <trkpt lat="35.57099785" lon="139.55484320"><ele>74.644</ele><time>2026-09-13T04:40:09Z</time><sat>37</sat></trkpt>
  <trkpt lat="35.57093474" lon="139.55481024"><ele>74.707</ele><time>2026-09-13T04:40:15Z</time><sat>37</sat></trkpt>
  <trkpt lat="35.57086891" lon="139.55478791"><ele>73.995</ele><time>2026-09-13T04:40:21Z</time><sat>34</sat></trkpt>
  <trkpt lat="35.57080283" lon="139.55477111"><ele>73.894</ele><time>2026-09-13T04:40:27Z</time><sat>32</sat></trkpt>
  <trkpt lat="35.57073969" lon="139.55475421"><ele>73.423</ele><time>2026-09-13T04:40:33Z</time><sat>32</sat></trkpt>
  <trkpt lat="35.57067783" lon="139.55474052"><ele>71.722</ele><time>2026-09-13T04:40:39Z</time><sat>34</sat></trkpt>
  <trkpt lat="35.57061042" lon="139.55471957"><ele>71.036</ele><time>2026-09-13T04:40:45Z</time><sat>35</sat></trkpt>
  <trkpt lat="35.57053798" lon="139.55470258"><ele>69.891</ele><time>2026-09-13T04:40:51Z</time><sat>33</sat></trkpt>
  <trkpt lat="35.57046798" lon="139.55469050"><ele>69.925</ele><time>2026-09-13T04:40:57Z</time><sat>31</sat></trkpt>
  <trkpt lat="35.57039780" lon="139.55468612"><ele>70.778</ele><time>2026-09-13T04:41:03Z</time><sat>34</sat></trkpt>
  <trkpt lat="35.57034036" lon="139.55468167"><ele>69.547</ele><time>2026-09-13T04:41:09Z</time><sat>35</sat></trkpt>
  <trkpt lat="35.57031458" lon="139.55469564"><ele>69.690</ele><time>2026-09-13T04:41:12Z</time><sat>34</sat></trkpt>
  <trkpt lat="35.57031264" lon="139.55470271"><ele>70.157</ele><time>2026-09-13T04:41:15Z</time><sat>34</sat></trkpt>
  <trkpt lat="35.57028927" lon="139.55469631"><ele>70.527</ele><time>2026-09-13T04:41:18Z</time><sat>32</sat></trkpt>
  <trkpt lat="35.57022505" lon="139.55466792"><ele>69.919</ele><time>2026-09-13T04:41:24Z</time><sat>31</sat></trkpt>
  <trkpt lat="35.57015853" lon="139.55465371"><ele>68.961</ele><time>2026-09-13T04:41:30Z</time><sat>34</sat></trkpt>
  <trkpt lat="35.57010877" lon="139.55463832"><ele>69.559</ele><time>2026-09-13T04:41:35Z</time><sat>33</sat></trkpt>
  <trkpt lat="35.57004566" lon="139.55460806"><ele>69.125</ele><time>2026-09-13T04:41:41Z</time><sat>36</sat></trkpt>
  <trkpt lat="35.56997340" lon="139.55457632"><ele>69.456</ele><time>2026-09-13T04:41:47Z</time><sat>38</sat></trkpt>
  <trkpt lat="35.56989570" lon="139.55457086"><ele>67.118</ele><time>2026-09-13T04:41:53Z</time><sat>33</sat></trkpt>
  <trkpt lat="35.56982026" lon="139.55456406"><ele>66.633</ele><time>2026-09-13T04:41:59Z</time><sat>36</sat></trkpt>
  <trkpt lat="35.56975393" lon="139.55455380"><ele>66.506</ele><time>2026-09-13T04:42:05Z</time><sat>33</sat></trkpt>
  <trkpt lat="35.56968443" lon="139.55453610"><ele>67.060</ele><time>2026-09-13T04:42:11Z</time><sat>30</sat></trkpt>
  <trkpt lat="35.56961770" lon="139.55454110"><ele>66.449</ele><time>2026-09-13T04:42:17Z</time><sat>32</sat></trkpt>
  <trkpt lat="35.56954088" lon="139.55454357"><ele>67.267</ele><time>2026-09-13T04:42:23Z</time><sat>33</sat></trkpt>
  <trkpt lat="35.56948087" lon="139.55452278"><ele>67.188</ele><time>2026-09-13T04:42:29Z</time><sat>33</sat></trkpt>
  <trkpt lat="35.56941552" lon="139.55450264"><ele>66.376</ele><time>2026-09-13T04:42:35Z</time><sat>33</sat></trkpt>
  <trkpt lat="35.56934341" lon="139.55450768"><ele>66.731</ele><time>2026-09-13T04:42:41Z</time><sat>35</sat></trkpt>
  <trkpt lat="35.56927950" lon="139.55449026"><ele>67.407</ele><time>2026-09-13T04:42:47Z</time><sat>35</sat></trkpt>
  <trkpt lat="35.56921478" lon="139.55445788"><ele>66.849</ele><time>2026-09-13T04:42:53Z</time><sat>35</sat></trkpt>
  <trkpt lat="35.56914742" lon="139.55442992"><ele>66.913</ele><time>2026-09-13T04:42:59Z</time><sat>33</sat></trkpt>
  <trkpt lat="35.56906970" lon="139.55441138"><ele>67.742</ele><time>2026-09-13T04:43:05Z</time><sat>35</sat></trkpt>
  <trkpt lat="35.56899784" lon="139.55439899"><ele>68.325</ele><time>2026-09-13T04:43:11Z</time><sat>34</sat></trkpt>
  <trkpt lat="35.56896502" lon="139.55432243"><ele>68.188</ele><time>2026-09-13T04:43:17Z</time><sat>36</sat></trkpt>
  <trkpt lat="35.56896796" lon="139.55422628"><ele>68.325</ele><time>2026-09-13T04:43:23Z</time><sat>36</sat></trkpt>
  <trkpt lat="35.56895866" lon="139.55414960"><ele>67.594</ele><time>2026-09-13T04:43:29Z</time><sat>35</sat></trkpt>
  <trkpt lat="35.56896049" lon="139.55407822"><ele>68.221</ele><time>2026-09-13T04:43:35Z</time><sat>35</sat></trkpt>
  <trkpt lat="35.56894124" lon="139.55413843"><ele>68.442</ele><time>2026-09-13T04:43:41Z</time><sat>34</sat></trkpt>
  <trkpt lat="35.56889301" lon="139.55418099"><ele>68.919</ele><time>2026-09-13T04:43:47Z</time><sat>38</sat></trkpt>
  <trkpt lat="35.56882999" lon="139.55416642"><ele>70.625</ele><time>2026-09-13T04:43:53Z</time><sat>37</sat></trkpt>
  <trkpt lat="35.56877612" lon="139.55418686"><ele>71.842</ele><time>2026-09-13T04:43:59Z</time><sat>36</sat></trkpt>
  <trkpt lat="35.56871020" lon="139.55418988"><ele>72.316</ele><time>2026-09-13T04:44:05Z</time><sat>39</sat></trkpt>
  <trkpt lat="35.56864617" lon="139.55417385"><ele>72.175</ele><time>2026-09-13T04:44:11Z</time><sat>33</sat></trkpt>
  <trkpt lat="35.56858621" lon="139.55416055"><ele>72.966</ele><time>2026-09-13T04:44:17Z</time><sat>32</sat></trkpt>
  <trkpt lat="35.56852348" lon="139.55415305"><ele>73.385</ele><time>2026-09-13T04:44:23Z</time><sat>31</sat></trkpt>
  <trkpt lat="35.56846462" lon="139.55414784"><ele>72.617</ele><time>2026-09-13T04:44:29Z</time><sat>32</sat></trkpt>
  <trkpt lat="35.56842229" lon="139.55408947"><ele>73.168</ele><time>2026-09-13T04:44:38Z</time><sat>32</sat></trkpt>
  <trkpt lat="35.56841916" lon="139.55403348"><ele>75.130</ele><time>2026-09-13T04:44:44Z</time><sat>30</sat></trkpt>
  <trkpt lat="35.56842498" lon="139.55396666"><ele>72.479</ele><time>2026-09-13T04:44:50Z</time><sat>34</sat></trkpt>
  <trkpt lat="35.56842778" lon="139.55390628"><ele>73.457</ele><time>2026-09-13T04:44:55Z</time><sat>29</sat></trkpt>
  <trkpt lat="35.56847124" lon="139.55384915"><ele>74.201</ele><time>2026-09-13T04:45:01Z</time><sat>30</sat></trkpt>
  <trkpt lat="35.56848906" lon="139.55379417"><ele>74.531</ele><time>2026-09-13T04:45:07Z</time><sat>34</sat></trkpt>
  <trkpt lat="35.56848934" lon="139.55373002"><ele>76.117</ele><time>2026-09-13T04:45:13Z</time><sat>33</sat></trkpt>
  <trkpt lat="35.56848598" lon="139.55365450"><ele>77.020</ele><time>2026-09-13T04:45:19Z</time><sat>32</sat></trkpt>
  <trkpt lat="35.56849717" lon="139.55359101"><ele>77.110</ele><time>2026-09-13T04:45:25Z</time><sat>34</sat></trkpt>
  <trkpt lat="35.56848750" lon="139.55362199"><ele>78.496</ele><time>2026-09-13T04:45:31Z</time><sat>33</sat></trkpt>
  <trkpt lat="35.56847574" lon="139.55363016"><ele>79.437</ele><time>2026-09-13T04:45:34Z</time><sat>31</sat></trkpt>
  <trkpt lat="35.56847581" lon="139.55363431"><ele>79.904</ele><time>2026-09-13T04:45:40Z</time><sat>34</sat></trkpt>
  <trkpt lat="35.56847724" lon="139.55363653"><ele>79.083</ele><time>2026-09-13T04:45:43Z</time><sat>34</sat></trkpt>
  <trkpt lat="35.56847030" lon="139.55364017"><ele>79.258</ele><time>2026-09-13T04:45:46Z</time><sat>30</sat></trkpt>
  <trkpt lat="35.56846591" lon="139.55364189"><ele>80.281</ele><time>2026-09-13T04:45:49Z</time><sat>24</sat></trkpt>
  <trkpt lat="35.56846211" lon="139.55370913"><ele>79.100</ele><time>2026-09-13T04:45:55Z</time><sat>32</sat></trkpt>
  <trkpt lat="35.56847288" lon="139.55378213"><ele>78.021</ele><time>2026-09-13T04:46:01Z</time><sat>33</sat></trkpt>
  <trkpt lat="35.56849814" lon="139.55383846"><ele>75.064</ele><time>2026-09-13T04:46:07Z</time><sat>33</sat></trkpt>
  <trkpt lat="35.56852514" lon="139.55387193"><ele>73.292</ele><time>2026-09-13T04:46:13Z</time><sat>29</sat></trkpt>
  <trkpt lat="35.56852798" lon="139.55385518"><ele>73.492</ele><time>2026-09-13T04:46:16Z</time><sat>32</sat></trkpt>
  <trkpt lat="35.56850997" lon="139.55385059"><ele>73.335</ele><time>2026-09-13T04:46:28Z</time><sat>33</sat></trkpt>
  <trkpt lat="35.56850597" lon="139.55385302"><ele>73.258</ele><time>2026-09-13T04:46:38Z</time><sat>32</sat></trkpt>
  <trkpt lat="35.56849742" lon="139.55385388"><ele>73.634</ele><time>2026-09-13T04:46:47Z</time><sat>33</sat></trkpt>
  <trkpt lat="35.56849806" lon="139.55385277"><ele>73.375</ele><time>2026-09-13T04:46:50Z</time><sat>31</sat></trkpt>
  <trkpt lat="35.56849438" lon="139.55384954"><ele>74.159</ele><time>2026-09-13T04:46:53Z</time><sat>29</sat></trkpt>
  <trkpt lat="35.56848333" lon="139.55385223"><ele>75.036</ele><time>2026-09-13T04:47:05Z</time><sat>33</sat></trkpt>
  <trkpt lat="35.56848263" lon="139.55385226"><ele>75.083</ele><time>2026-09-13T04:47:17Z</time><sat>30</sat></trkpt>
  <trkpt lat="35.56848189" lon="139.55385228"><ele>75.133</ele><time>2026-09-13T04:47:29Z</time><sat>29</sat></trkpt>
  <trkpt lat="35.56847507" lon="139.55385523"><ele>74.535</ele><time>2026-09-13T04:47:41Z</time><sat>32</sat></trkpt>
  <trkpt lat="35.56847327" lon="139.55385652"><ele>74.589</ele><time>2026-09-13T04:47:53Z</time><sat>32</sat></trkpt>
  <trkpt lat="35.56847286" lon="139.55385770"><ele>74.701</ele><time>2026-09-13T04:47:56Z</time><sat>31</sat></trkpt>
  <trkpt lat="35.56847590" lon="139.55385733"><ele>74.563</ele><time>2026-09-13T04:47:59Z</time><sat>30</sat></trkpt>
  <trkpt lat="35.56847645" lon="139.55385667"><ele>74.574</ele><time>2026-09-13T04:48:11Z</time><sat>30</sat></trkpt>
  <trkpt lat="35.56847425" lon="139.55385504"><ele>74.532</ele><time>2026-09-13T04:48:23Z</time><sat>28</sat></trkpt>
  <trkpt lat="35.56847406" lon="139.55385503"><ele>74.552</ele><time>2026-09-13T04:48:34Z</time><sat>25</sat></trkpt>
  <trkpt lat="35.56847792" lon="139.55385675"><ele>74.211</ele><time>2026-09-13T04:48:46Z</time><sat>26</sat></trkpt>
  <trkpt lat="35.56847797" lon="139.55385658"><ele>74.224</ele><time>2026-09-13T04:48:58Z</time><sat>32</sat></trkpt>
  <trkpt lat="35.56847994" lon="139.55385417"><ele>73.681</ele><time>2026-09-13T04:49:07Z</time><sat>30</sat></trkpt>
  <trkpt lat="35.56847705" lon="139.55385349"><ele>73.532</ele><time>2026-09-13T04:49:10Z</time><sat>29</sat></trkpt>
  <trkpt lat="35.56848001" lon="139.55385332"><ele>73.520</ele><time>2026-09-13T04:49:13Z</time><sat>29</sat></trkpt>
  <trkpt lat="35.56848016" lon="139.55385327"><ele>73.543</ele><time>2026-09-13T04:49:25Z</time><sat>32</sat></trkpt>
  <trkpt lat="35.56847847" lon="139.55385355"><ele>73.490</ele><time>2026-09-13T04:49:37Z</time><sat>31</sat></trkpt>
  <trkpt lat="35.56847682" lon="139.55385360"><ele>73.596</ele><time>2026-09-13T04:49:49Z</time><sat>32</sat></trkpt>
  <trkpt lat="35.56847568" lon="139.55385370"><ele>73.663</ele><time>2026-09-13T04:50:01Z</time><sat>30</sat></trkpt>
  <trkpt lat="35.56847498" lon="139.55385368"><ele>73.704</ele><time>2026-09-13T04:50:13Z</time><sat>27</sat></trkpt>
  <trkpt lat="35.56847449" lon="139.55385361"><ele>73.752</ele><time>2026-09-13T04:50:25Z</time><sat>33</sat></trkpt>
  <trkpt lat="35.56847293" lon="139.55385261"><ele>73.874</ele><time>2026-09-13T04:50:37Z</time><sat>28</sat></trkpt>
  <trkpt lat="35.56847101" lon="139.55385511"><ele>73.955</ele><time>2026-09-13T04:50:49Z</time><sat>31</sat></trkpt>
  <trkpt lat="35.56847021" lon="139.55385683"><ele>74.006</ele><time>2026-09-13T04:51:02Z</time><sat>33</sat></trkpt>
  <trkpt lat="35.56846935" lon="139.55385622"><ele>74.143</ele><time>2026-09-13T04:51:11Z</time><sat>29</sat></trkpt>
  <trkpt lat="35.56847364" lon="139.55385393"><ele>74.003</ele><time>2026-09-13T04:51:14Z</time><sat>29</sat></trkpt>
  <trkpt lat="35.56848328" lon="139.55385570"><ele>74.324</ele><time>2026-09-13T04:51:17Z</time><sat>31</sat></trkpt>
  <trkpt lat="35.56848347" lon="139.55385349"><ele>74.612</ele><time>2026-09-13T04:51:29Z</time><sat>23</sat></trkpt>
  <trkpt lat="35.56848348" lon="139.55385342"><ele>74.615</ele><time>2026-09-13T04:51:32Z</time><sat>25</sat></trkpt>
  <trkpt lat="35.56848001" lon="139.55384728"><ele>74.826</ele><time>2026-09-13T04:51:35Z</time><sat>22</sat></trkpt>
  <trkpt lat="35.56847585" lon="139.55376940"><ele>76.945</ele><time>2026-09-13T04:51:41Z</time><sat>26</sat></trkpt>
  <trkpt lat="35.56847714" lon="139.55373751"><ele>78.900</ele><time>2026-09-13T04:51:44Z</time><sat>32</sat></trkpt>
  <trkpt lat="35.56847134" lon="139.55370841"><ele>80.840</ele><time>2026-09-13T04:51:47Z</time><sat>35</sat></trkpt>
  <trkpt lat="35.56847678" lon="139.55368826"><ele>77.293</ele><time>2026-09-13T04:51:50Z</time><sat>35</sat></trkpt>
  <trkpt lat="35.56853585" lon="139.55362296"><ele>74.588</ele><time>2026-09-13T04:51:59Z</time><sat>35</sat></trkpt>
  <trkpt lat="35.56860805" lon="139.55362507"><ele>77.150</ele><time>2026-09-13T04:52:05Z</time><sat>33</sat></trkpt>
  <trkpt lat="35.56867544" lon="139.55363837"><ele>77.144</ele><time>2026-09-13T04:52:11Z</time><sat>34</sat></trkpt>
  <trkpt lat="35.56872841" lon="139.55364861"><ele>77.454</ele><time>2026-09-13T04:52:17Z</time><sat>31</sat></trkpt>
  <trkpt lat="35.56874046" lon="139.55366073"><ele>78.412</ele><time>2026-09-13T04:52:20Z</time><sat>33</sat></trkpt>
  <trkpt lat="35.56874066" lon="139.55366514"><ele>78.409</ele><time>2026-09-13T04:52:23Z</time><sat>33</sat></trkpt>
  <trkpt lat="35.56875303" lon="139.55367152"><ele>77.455</ele><time>2026-09-13T04:52:26Z</time><sat>32</sat></trkpt>
  <trkpt lat="35.56882834" lon="139.55368487"><ele>77.222</ele><time>2026-09-13T04:52:32Z</time><sat>25</sat></trkpt>
  <trkpt lat="35.56889146" lon="139.55369693"><ele>76.094</ele><time>2026-09-13T04:52:38Z</time><sat>33</sat></trkpt>
  <trkpt lat="35.56891035" lon="139.55364534"><ele>78.503</ele><time>2026-09-13T04:52:44Z</time><sat>33</sat></trkpt>
  <trkpt lat="35.56892977" lon="139.55358564"><ele>71.465</ele><time>2026-09-13T04:52:50Z</time><sat>34</sat></trkpt>
  <trkpt lat="35.56898272" lon="139.55352402"><ele>65.881</ele><time>2026-09-13T04:52:56Z</time><sat>35</sat></trkpt>
  <trkpt lat="35.56903272" lon="139.55343855"><ele>60.857</ele><time>2026-09-13T04:53:02Z</time><sat>29</sat></trkpt>
  <trkpt lat="35.56903912" lon="139.55338299"><ele>66.377</ele><time>2026-09-13T04:53:05Z</time><sat>31</sat></trkpt>
  <trkpt lat="35.56900466" lon="139.55331756"><ele>67.226</ele><time>2026-09-13T04:53:08Z</time><sat>32</sat></trkpt>
  <trkpt lat="35.56895753" lon="139.55328143"><ele>68.287</ele><time>2026-09-13T04:53:11Z</time><sat>32</sat></trkpt>
  <trkpt lat="35.56890291" lon="139.55327423"><ele>69.474</ele><time>2026-09-13T04:53:14Z</time><sat>32</sat></trkpt>
  <trkpt lat="35.56885761" lon="139.55327072"><ele>70.111</ele><time>2026-09-13T04:53:17Z</time><sat>31</sat></trkpt>
  <trkpt lat="35.56877691" lon="139.55326742"><ele>71.255</ele><time>2026-09-13T04:53:23Z</time><sat>33</sat></trkpt>
  <trkpt lat="35.56870377" lon="139.55325428"><ele>71.719</ele><time>2026-09-13T04:53:29Z</time><sat>34</sat></trkpt>
  <trkpt lat="35.56861161" lon="139.55323708"><ele>72.625</ele><time>2026-09-13T04:53:37Z</time><sat>31</sat></trkpt>
  <trkpt lat="35.56853970" lon="139.55323333"><ele>73.031</ele><time>2026-09-13T04:53:43Z</time><sat>34</sat></trkpt>
  <trkpt lat="35.56849161" lon="139.55320786"><ele>73.771</ele><time>2026-09-13T04:53:49Z</time><sat>33</sat></trkpt>
  <trkpt lat="35.56847569" lon="139.55317316"><ele>73.346</ele><time>2026-09-13T04:53:55Z</time><sat>36</sat></trkpt>
  <trkpt lat="35.56846695" lon="139.55313910"><ele>70.859</ele><time>2026-09-13T04:53:58Z</time><sat>34</sat></trkpt>
  <trkpt lat="35.56847252" lon="139.55312864"><ele>68.397</ele><time>2026-09-13T04:54:01Z</time><sat>36</sat></trkpt>
  <trkpt lat="35.56848430" lon="139.55313074"><ele>68.298</ele><time>2026-09-13T04:54:04Z</time><sat>36</sat></trkpt>
  <trkpt lat="35.56849337" lon="139.55312265"><ele>65.611</ele><time>2026-09-13T04:54:16Z</time><sat>34</sat></trkpt>
  <trkpt lat="35.56849311" lon="139.55312214"><ele>65.615</ele><time>2026-09-13T04:54:19Z</time><sat>29</sat></trkpt>
  <trkpt lat="35.56849184" lon="139.55312163"><ele>65.334</ele><time>2026-09-13T04:54:22Z</time><sat>27</sat></trkpt>
  <trkpt lat="35.56849224" lon="139.55311464"><ele>65.614</ele><time>2026-09-13T04:54:25Z</time><sat>32</sat></trkpt>
  <trkpt lat="35.56846932" lon="139.55304617"><ele>68.675</ele><time>2026-09-13T04:54:34Z</time><sat>36</sat></trkpt>
  <trkpt lat="35.56846655" lon="139.55302616"><ele>69.318</ele><time>2026-09-13T04:54:40Z</time><sat>34</sat></trkpt>
  <trkpt lat="35.56846724" lon="139.55300241"><ele>69.880</ele><time>2026-09-13T04:54:43Z</time><sat>34</sat></trkpt>
  <trkpt lat="35.56846122" lon="139.55296964"><ele>70.156</ele><time>2026-09-13T04:54:46Z</time><sat>32</sat></trkpt>
  <trkpt lat="35.56845190" lon="139.55294752"><ele>70.220</ele><time>2026-09-13T04:54:49Z</time><sat>26</sat></trkpt>
  <trkpt lat="35.56846506" lon="139.55346575"><ele>64.626</ele><time>2026-09-13T04:55:05Z</time><sat>13</sat></trkpt>
  <trkpt lat="35.56850211" lon="139.55356178"><ele>66.370</ele><time>2026-09-13T04:55:08Z</time><sat>24</sat></trkpt>
  <trkpt lat="35.56853470" lon="139.55361863"><ele>67.110</ele><time>2026-09-13T04:55:11Z</time><sat>30</sat></trkpt>
  <trkpt lat="35.56855891" lon="139.55365384"><ele>67.076</ele><time>2026-09-13T04:55:14Z</time><sat>32</sat></trkpt>
  <trkpt lat="35.56844722" lon="139.55376403"><ele>80.100</ele><time>2026-09-13T04:59:10Z</time><sat>34</sat></trkpt>
  <trkpt lat="35.56843631" lon="139.55382452"><ele>80.082</ele><time>2026-09-13T04:59:16Z</time><sat>33</sat></trkpt>
  <trkpt lat="35.56842589" lon="139.55388828"><ele>78.804</ele><time>2026-09-13T04:59:22Z</time><sat>33</sat></trkpt>
  <trkpt lat="35.56842915" lon="139.55396340"><ele>76.761</ele><time>2026-09-13T04:59:31Z</time><sat>32</sat></trkpt>
  <trkpt lat="35.56842649" lon="139.55399953"><ele>76.679</ele><time>2026-09-13T04:59:35Z</time><sat>31</sat></trkpt>
  <trkpt lat="35.56842553" lon="139.55400262"><ele>76.940</ele><time>2026-09-13T04:59:38Z</time><sat>28</sat></trkpt>
  <trkpt lat="35.56841485" lon="139.55406491"><ele>75.920</ele><time>2026-09-13T04:59:44Z</time><sat>27</sat></trkpt>
  <trkpt lat="35.56839189" lon="139.55412605"><ele>76.483</ele><time>2026-09-13T04:59:50Z</time><sat>30</sat></trkpt>
  <trkpt lat="35.56832581" lon="139.55413322"><ele>77.563</ele><time>2026-09-13T04:59:59Z</time><sat>34</sat></trkpt>
  <trkpt lat="35.56827700" lon="139.55412080"><ele>76.388</ele><time>2026-09-13T05:00:05Z</time><sat>32</sat></trkpt>
  <trkpt lat="35.56823738" lon="139.55408410"><ele>76.542</ele><time>2026-09-13T05:00:11Z</time><sat>36</sat></trkpt>
  <trkpt lat="35.56823612" lon="139.55400908"><ele>75.534</ele><time>2026-09-13T05:00:17Z</time><sat>33</sat></trkpt>
  <trkpt lat="35.56824416" lon="139.55395268"><ele>74.155</ele><time>2026-09-13T05:00:23Z</time><sat>35</sat></trkpt>
  <trkpt lat="35.56824714" lon="139.55387077"><ele>75.675</ele><time>2026-09-13T05:00:29Z</time><sat>31</sat></trkpt>
  <trkpt lat="35.56825618" lon="139.55384535"><ele>75.482</ele><time>2026-09-13T05:00:32Z</time><sat>31</sat></trkpt>
  <trkpt lat="35.56826032" lon="139.55384071"><ele>75.621</ele><time>2026-09-13T05:00:35Z</time><sat>32</sat></trkpt>
  <trkpt lat="35.56827396" lon="139.55377847"><ele>75.554</ele><time>2026-09-13T05:00:41Z</time><sat>27</sat></trkpt>
  <trkpt lat="35.56826681" lon="139.55369550"><ele>74.548</ele><time>2026-09-13T05:00:47Z</time><sat>28</sat></trkpt>
  <trkpt lat="35.56828232" lon="139.55362407"><ele>76.672</ele><time>2026-09-13T05:00:53Z</time><sat>34</sat></trkpt>
  <trkpt lat="35.56825767" lon="139.55354191"><ele>77.046</ele><time>2026-09-13T05:00:59Z</time><sat>34</sat></trkpt>
  <trkpt lat="35.56819553" lon="139.55350364"><ele>78.448</ele><time>2026-09-13T05:01:05Z</time><sat>35</sat></trkpt>
  <trkpt lat="35.56812537" lon="139.55349177"><ele>79.465</ele><time>2026-09-13T05:01:11Z</time><sat>36</sat></trkpt>
  <trkpt lat="35.56806062" lon="139.55350559"><ele>78.209</ele><time>2026-09-13T05:01:17Z</time><sat>34</sat></trkpt>
  <trkpt lat="35.56799022" lon="139.55349744"><ele>79.649</ele><time>2026-09-13T05:01:23Z</time><sat>36</sat></trkpt>
  <trkpt lat="35.56792544" lon="139.55348673"><ele>80.009</ele><time>2026-09-13T05:01:29Z</time><sat>34</sat></trkpt>
  <trkpt lat="35.56791476" lon="139.55348826"><ele>80.009</ele><time>2026-09-13T05:01:32Z</time><sat>36</sat></trkpt>
  <trkpt lat="35.56792274" lon="139.55349355"><ele>80.008</ele><time>2026-09-13T05:01:35Z</time><sat>35</sat></trkpt>
  <trkpt lat="35.56791211" lon="139.55349098"><ele>79.494</ele><time>2026-09-13T05:01:38Z</time><sat>35</sat></trkpt>
  <trkpt lat="35.56786420" lon="139.55348026"><ele>79.643</ele><time>2026-09-13T05:01:44Z</time><sat>36</sat></trkpt>
  <trkpt lat="35.56780718" lon="139.55348068"><ele>81.159</ele><time>2026-09-13T05:01:50Z</time><sat>33</sat></trkpt>
  <trkpt lat="35.56774359" lon="139.55348082"><ele>81.234</ele><time>2026-09-13T05:01:56Z</time><sat>31</sat></trkpt>
  <trkpt lat="35.56768301" lon="139.55346877"><ele>81.352</ele><time>2026-09-13T05:02:02Z</time><sat>36</sat></trkpt>
  <trkpt lat="35.56762619" lon="139.55345944"><ele>83.618</ele><time>2026-09-13T05:02:08Z</time><sat>37</sat></trkpt>
  <trkpt lat="35.56758214" lon="139.55344180"><ele>82.893</ele><time>2026-09-13T05:02:14Z</time><sat>37</sat></trkpt>
  <trkpt lat="35.56757573" lon="139.55344067"><ele>82.801</ele><time>2026-09-13T05:02:17Z</time><sat>37</sat></trkpt>
  <trkpt lat="35.56757817" lon="139.55344101"><ele>82.810</ele><time>2026-09-13T05:02:29Z</time><sat>36</sat></trkpt>
  <trkpt lat="35.56757752" lon="139.55344035"><ele>82.715</ele><time>2026-09-13T05:02:32Z</time><sat>37</sat></trkpt>
  <trkpt lat="35.56756270" lon="139.55343827"><ele>83.287</ele><time>2026-09-13T05:02:35Z</time><sat>35</sat></trkpt>
  <trkpt lat="35.56749087" lon="139.55342927"><ele>84.436</ele><time>2026-09-13T05:02:41Z</time><sat>38</sat></trkpt>
  <trkpt lat="35.56741647" lon="139.55342794"><ele>83.210</ele><time>2026-09-13T05:02:47Z</time><sat>36</sat></trkpt>
  <trkpt lat="35.56734044" lon="139.55341785"><ele>83.871</ele><time>2026-09-13T05:02:53Z</time><sat>38</sat></trkpt>
  <trkpt lat="35.56726719" lon="139.55342111"><ele>84.734</ele><time>2026-09-13T05:02:59Z</time><sat>37</sat></trkpt>
  <trkpt lat="35.56719411" lon="139.55340062"><ele>84.584</ele><time>2026-09-13T05:03:05Z</time><sat>37</sat></trkpt>
  <trkpt lat="35.56712221" lon="139.55338724"><ele>85.395</ele><time>2026-09-13T05:03:11Z</time><sat>27</sat></trkpt>
  <trkpt lat="35.56705507" lon="139.55337173"><ele>87.055</ele><time>2026-09-13T05:03:17Z</time><sat>32</sat></trkpt>
  <trkpt lat="35.56698306" lon="139.55336220"><ele>87.506</ele><time>2026-09-13T05:03:23Z</time><sat>34</sat></trkpt>
  <trkpt lat="35.56691330" lon="139.55334836"><ele>88.421</ele><time>2026-09-13T05:03:29Z</time><sat>34</sat></trkpt>
  <trkpt lat="35.56684066" lon="139.55333818"><ele>87.943</ele><time>2026-09-13T05:03:35Z</time><sat>37</sat></trkpt>
  <trkpt lat="35.56676788" lon="139.55332615"><ele>88.278</ele><time>2026-09-13T05:03:41Z</time><sat>34</sat></trkpt>
  <trkpt lat="35.56669235" lon="139.55331322"><ele>88.070</ele><time>2026-09-13T05:03:47Z</time><sat>33</sat></trkpt>
  <trkpt lat="35.56661882" lon="139.55330834"><ele>88.235</ele><time>2026-09-13T05:03:53Z</time><sat>32</sat></trkpt>
  <trkpt lat="35.56654767" lon="139.55329534"><ele>89.108</ele><time>2026-09-13T05:03:59Z</time><sat>36</sat></trkpt>
  <trkpt lat="35.56648170" lon="139.55329695"><ele>89.697</ele><time>2026-09-13T05:04:05Z</time><sat>36</sat></trkpt>
  <trkpt lat="35.56641398" lon="139.55329534"><ele>90.953</ele><time>2026-09-13T05:04:11Z</time><sat>36</sat></trkpt>
  <trkpt lat="35.56635005" lon="139.55329620"><ele>89.968</ele><time>2026-09-13T05:04:17Z</time><sat>32</sat></trkpt>
  <trkpt lat="35.56627913" lon="139.55329390"><ele>89.400</ele><time>2026-09-13T05:04:23Z</time><sat>30</sat></trkpt>
  <trkpt lat="35.56620026" lon="139.55328371"><ele>90.648</ele><time>2026-09-13T05:04:29Z</time><sat>31</sat></trkpt>
  <trkpt lat="35.56612432" lon="139.55327278"><ele>90.437</ele><time>2026-09-13T05:04:35Z</time><sat>27</sat></trkpt>
  <trkpt lat="35.56605385" lon="139.55327044"><ele>91.288</ele><time>2026-09-13T05:04:41Z</time><sat>27</sat></trkpt>
  <trkpt lat="35.56598738" lon="139.55326504"><ele>92.735</ele><time>2026-09-13T05:04:47Z</time><sat>30</sat></trkpt>
  <trkpt lat="35.56592195" lon="139.55325550"><ele>93.039</ele><time>2026-09-13T05:04:53Z</time><sat>34</sat></trkpt>
  <trkpt lat="35.56586476" lon="139.55325582"><ele>93.099</ele><time>2026-09-13T05:04:59Z</time><sat>35</sat></trkpt>
  <trkpt lat="35.56580740" lon="139.55325184"><ele>93.503</ele><time>2026-09-13T05:05:05Z</time><sat>35</sat></trkpt>
  <trkpt lat="35.56574468" lon="139.55324958"><ele>93.543</ele><time>2026-09-13T05:05:11Z</time><sat>34</sat></trkpt>
  <trkpt lat="35.56568164" lon="139.55325025"><ele>93.745</ele><time>2026-09-13T05:05:17Z</time><sat>36</sat></trkpt>
  <trkpt lat="35.56561757" lon="139.55324213"><ele>94.664</ele><time>2026-09-13T05:05:23Z</time><sat>37</sat></trkpt>
  <trkpt lat="35.56554438" lon="139.55323831"><ele>94.509</ele><time>2026-09-13T05:05:29Z</time><sat>38</sat></trkpt>
  <trkpt lat="35.56547602" lon="139.55323075"><ele>94.298</ele><time>2026-09-13T05:05:35Z</time><sat>38</sat></trkpt>
  <trkpt lat="35.56543576" lon="139.55326923"><ele>94.951</ele><time>2026-09-13T05:05:41Z</time><sat>38</sat></trkpt>
  <trkpt lat="35.56543803" lon="139.55333809"><ele>93.976</ele><time>2026-09-13T05:05:47Z</time><sat>38</sat></trkpt>
  <trkpt lat="35.56543343" lon="139.55341756"><ele>92.525</ele><time>2026-09-13T05:05:56Z</time><sat>38</sat></trkpt>
  <trkpt lat="35.56542846" lon="139.55349214"><ele>90.651</ele><time>2026-09-13T05:06:02Z</time><sat>36</sat></trkpt>
  <trkpt lat="35.56542941" lon="139.55355787"><ele>89.306</ele><time>2026-09-13T05:06:11Z</time><sat>35</sat></trkpt>
  <trkpt lat="35.56537850" lon="139.55358113"><ele>87.491</ele><time>2026-09-13T05:06:17Z</time><sat>36</sat></trkpt>
  <trkpt lat="35.56530697" lon="139.55355830"><ele>86.488</ele><time>2026-09-13T05:06:23Z</time><sat>34</sat></trkpt>
  <trkpt lat="35.56524179" lon="139.55353931"><ele>86.727</ele><time>2026-09-13T05:06:29Z</time><sat>35</sat></trkpt>
  <trkpt lat="35.56517829" lon="139.55351268"><ele>85.746</ele><time>2026-09-13T05:06:35Z</time><sat>35</sat></trkpt>
  <trkpt lat="35.56510405" lon="139.55350345"><ele>85.968</ele><time>2026-09-13T05:06:41Z</time><sat>34</sat></trkpt>
  <trkpt lat="35.56503123" lon="139.55348646"><ele>86.953</ele><time>2026-09-13T05:06:47Z</time><sat>35</sat></trkpt>
  <trkpt lat="35.56497136" lon="139.55348146"><ele>86.605</ele><time>2026-09-13T05:06:53Z</time><sat>36</sat></trkpt>
  <trkpt lat="35.56490029" lon="139.55347289"><ele>84.788</ele><time>2026-09-13T05:06:59Z</time><sat>34</sat></trkpt>
  <trkpt lat="35.56482825" lon="139.55346568"><ele>85.733</ele><time>2026-09-13T05:07:05Z</time><sat>35</sat></trkpt>
  <trkpt lat="35.56477006" lon="139.55346956"><ele>85.404</ele><time>2026-09-13T05:07:11Z</time><sat>37</sat></trkpt>
  <trkpt lat="35.56470238" lon="139.55344496"><ele>84.068</ele><time>2026-09-13T05:07:17Z</time><sat>35</sat></trkpt>
  <trkpt lat="35.56463818" lon="139.55343637"><ele>83.500</ele><time>2026-09-13T05:07:23Z</time><sat>35</sat></trkpt>
  <trkpt lat="35.56457982" lon="139.55340932"><ele>81.439</ele><time>2026-09-13T05:07:29Z</time><sat>35</sat></trkpt>
  <trkpt lat="35.56451402" lon="139.55339211"><ele>80.770</ele><time>2026-09-13T05:07:35Z</time><sat>34</sat></trkpt>
  <trkpt lat="35.56443705" lon="139.55337342"><ele>79.515</ele><time>2026-09-13T05:07:41Z</time><sat>38</sat></trkpt>
  <trkpt lat="35.56435666" lon="139.55335361"><ele>81.105</ele><time>2026-09-13T05:07:47Z</time><sat>35</sat></trkpt>
  <trkpt lat="35.56428594" lon="139.55333152"><ele>80.972</ele><time>2026-09-13T05:07:53Z</time><sat>33</sat></trkpt>
  <trkpt lat="35.56421169" lon="139.55332544"><ele>82.690</ele><time>2026-09-13T05:07:59Z</time><sat>38</sat></trkpt>
  <trkpt lat="35.56413270" lon="139.55331533"><ele>83.231</ele><time>2026-09-13T05:08:05Z</time><sat>38</sat></trkpt>
  <trkpt lat="35.56408651" lon="139.55330961"><ele>82.776</ele><time>2026-09-13T05:08:08Z</time><sat>38</sat></trkpt>
  <trkpt lat="35.56400308" lon="139.55329937"><ele>83.251</ele><time>2026-09-13T05:08:14Z</time><sat>36</sat></trkpt>
  <trkpt lat="35.56393494" lon="139.55327997"><ele>84.030</ele><time>2026-09-13T05:08:20Z</time><sat>38</sat></trkpt>
  <trkpt lat="35.56387091" lon="139.55326391"><ele>82.518</ele><time>2026-09-13T05:08:26Z</time><sat>38</sat></trkpt>
  <trkpt lat="35.56380980" lon="139.55325041"><ele>79.535</ele><time>2026-09-13T05:08:32Z</time><sat>37</sat></trkpt>
  <trkpt lat="35.56374864" lon="139.55323759"><ele>78.678</ele><time>2026-09-13T05:08:38Z</time><sat>37</sat></trkpt>
  <trkpt lat="35.56368290" lon="139.55323214"><ele>79.329</ele><time>2026-09-13T05:08:44Z</time><sat>36</sat></trkpt>
  <trkpt lat="35.56361453" lon="139.55321979"><ele>80.505</ele><time>2026-09-13T05:08:50Z</time><sat>36</sat></trkpt>
  <trkpt lat="35.56354579" lon="139.55319751"><ele>79.764</ele><time>2026-09-13T05:08:56Z</time><sat>37</sat></trkpt>
  <trkpt lat="35.56348099" lon="139.55318248"><ele>78.548</ele><time>2026-09-13T05:09:02Z</time><sat>36</sat></trkpt>
  <trkpt lat="35.56341915" lon="139.55318239"><ele>78.177</ele><time>2026-09-13T05:09:08Z</time><sat>38</sat></trkpt>
  <trkpt lat="35.56335202" lon="139.55317933"><ele>76.215</ele><time>2026-09-13T05:09:14Z</time><sat>36</sat></trkpt>
  <trkpt lat="35.56329460" lon="139.55315118"><ele>74.346</ele><time>2026-09-13T05:09:20Z</time><sat>36</sat></trkpt>
  <trkpt lat="35.56324007" lon="139.55315498"><ele>75.186</ele><time>2026-09-13T05:09:26Z</time><sat>37</sat></trkpt>
  <trkpt lat="35.56317213" lon="139.55316180"><ele>77.096</ele><time>2026-09-13T05:09:32Z</time><sat>38</sat></trkpt>
  <trkpt lat="35.56311037" lon="139.55315463"><ele>76.589</ele><time>2026-09-13T05:09:38Z</time><sat>36</sat></trkpt>
  <trkpt lat="35.56304108" lon="139.55313852"><ele>74.365</ele><time>2026-09-13T05:09:44Z</time><sat>35</sat></trkpt>
  <trkpt lat="35.56295357" lon="139.55311246"><ele>73.952</ele><time>2026-09-13T05:09:50Z</time><sat>34</sat></trkpt>
  <trkpt lat="35.56287356" lon="139.55310136"><ele>73.588</ele><time>2026-09-13T05:09:56Z</time><sat>32</sat></trkpt>
  <trkpt lat="35.56279817" lon="139.55309692"><ele>74.256</ele><time>2026-09-13T05:10:02Z</time><sat>35</sat></trkpt>
  <trkpt lat="35.56273745" lon="139.55307472"><ele>76.192</ele><time>2026-09-13T05:10:08Z</time><sat>35</sat></trkpt>
  <trkpt lat="35.56267101" lon="139.55306141"><ele>73.845</ele><time>2026-09-13T05:10:17Z</time><sat>36</sat></trkpt>
  <trkpt lat="35.56259301" lon="139.55306070"><ele>73.836</ele><time>2026-09-13T05:10:23Z</time><sat>37</sat></trkpt>
  <trkpt lat="35.56254815" lon="139.55304091"><ele>76.219</ele><time>2026-09-13T05:10:26Z</time><sat>37</sat></trkpt>
  <trkpt lat="35.56247698" lon="139.55301557"><ele>73.623</ele><time>2026-09-13T05:10:32Z</time><sat>37</sat></trkpt>
  <trkpt lat="35.56240449" lon="139.55301302"><ele>73.165</ele><time>2026-09-13T05:10:38Z</time><sat>35</sat></trkpt>
  <trkpt lat="35.56234204" lon="139.55300277"><ele>72.787</ele><time>2026-09-13T05:10:44Z</time><sat>35</sat></trkpt>
  <trkpt lat="35.56226610" lon="139.55299438"><ele>71.981</ele><time>2026-09-13T05:10:50Z</time><sat>35</sat></trkpt>
  <trkpt lat="35.56221230" lon="139.55297537"><ele>70.879</ele><time>2026-09-13T05:10:56Z</time><sat>31</sat></trkpt>
  <trkpt lat="35.56214414" lon="139.55294838"><ele>70.263</ele><time>2026-09-13T05:11:02Z</time><sat>30</sat></trkpt>
  <trkpt lat="35.56208567" lon="139.55293104"><ele>70.472</ele><time>2026-09-13T05:11:08Z</time><sat>32</sat></trkpt>
  <trkpt lat="35.56203061" lon="139.55291897"><ele>69.525</ele><time>2026-09-13T05:11:14Z</time><sat>32</sat></trkpt>
  <trkpt lat="35.56195923" lon="139.55291169"><ele>69.530</ele><time>2026-09-13T05:11:20Z</time><sat>31</sat></trkpt>
  <trkpt lat="35.56189993" lon="139.55289212"><ele>69.990</ele><time>2026-09-13T05:11:26Z</time><sat>31</sat></trkpt>
  <trkpt lat="35.56183329" lon="139.55287162"><ele>68.550</ele><time>2026-09-13T05:11:32Z</time><sat>36</sat></trkpt>
  <trkpt lat="35.56176579" lon="139.55285455"><ele>69.360</ele><time>2026-09-13T05:11:38Z</time><sat>35</sat></trkpt>
  <trkpt lat="35.56168433" lon="139.55284769"><ele>70.488</ele><time>2026-09-13T05:11:44Z</time><sat>34</sat></trkpt>
  <trkpt lat="35.56161163" lon="139.55283578"><ele>69.623</ele><time>2026-09-13T05:11:50Z</time><sat>34</sat></trkpt>
  <trkpt lat="35.56153706" lon="139.55283138"><ele>68.769</ele><time>2026-09-13T05:11:56Z</time><sat>33</sat></trkpt>
  <trkpt lat="35.56146346" lon="139.55281929"><ele>69.266</ele><time>2026-09-13T05:12:02Z</time><sat>33</sat></trkpt>
  <trkpt lat="35.56139619" lon="139.55281461"><ele>68.165</ele><time>2026-09-13T05:12:08Z</time><sat>34</sat></trkpt>
  <trkpt lat="35.56131590" lon="139.55279803"><ele>69.662</ele><time>2026-09-13T05:12:14Z</time><sat>34</sat></trkpt>
  <trkpt lat="35.56123726" lon="139.55278702"><ele>71.190</ele><time>2026-09-13T05:12:20Z</time><sat>35</sat></trkpt>
  <trkpt lat="35.56116598" lon="139.55277529"><ele>72.102</ele><time>2026-09-13T05:12:26Z</time><sat>35</sat></trkpt>
  <trkpt lat="35.56109348" lon="139.55276265"><ele>73.836</ele><time>2026-09-13T05:12:32Z</time><sat>35</sat></trkpt>
  <trkpt lat="35.56101850" lon="139.55274037"><ele>74.389</ele><time>2026-09-13T05:12:38Z</time><sat>35</sat></trkpt>
  <trkpt lat="35.56094761" lon="139.55272293"><ele>75.279</ele><time>2026-09-13T05:12:44Z</time><sat>37</sat></trkpt>
  <trkpt lat="35.56088555" lon="139.55271096"><ele>76.565</ele><time>2026-09-13T05:12:50Z</time><sat>35</sat></trkpt>
  <trkpt lat="35.56082321" lon="139.55271021"><ele>77.656</ele><time>2026-09-13T05:12:56Z</time><sat>34</sat></trkpt>
  <trkpt lat="35.56075663" lon="139.55269864"><ele>76.132</ele><time>2026-09-13T05:13:02Z</time><sat>33</sat></trkpt>
  <trkpt lat="35.56068829" lon="139.55268321"><ele>76.753</ele><time>2026-09-13T05:13:08Z</time><sat>34</sat></trkpt>
  <trkpt lat="35.56062218" lon="139.55266796"><ele>76.584</ele><time>2026-09-13T05:13:14Z</time><sat>33</sat></trkpt>
  <trkpt lat="35.56055489" lon="139.55266226"><ele>76.411</ele><time>2026-09-13T05:13:20Z</time><sat>34</sat></trkpt>
  <trkpt lat="35.56048033" lon="139.55263196"><ele>77.129</ele><time>2026-09-13T05:13:26Z</time><sat>33</sat></trkpt>
  <trkpt lat="35.56040973" lon="139.55262460"><ele>77.277</ele><time>2026-09-13T05:13:32Z</time><sat>35</sat></trkpt>
  <trkpt lat="35.56032453" lon="139.55262060"><ele>75.872</ele><time>2026-09-13T05:13:38Z</time><sat>26</sat></trkpt>
  <trkpt lat="35.56025694" lon="139.55261250"><ele>73.066</ele><time>2026-09-13T05:13:44Z</time><sat>28</sat></trkpt>
  <trkpt lat="35.56019909" lon="139.55259545"><ele>72.587</ele><time>2026-09-13T05:13:50Z</time><sat>31</sat></trkpt>
  <trkpt lat="35.56013445" lon="139.55257656"><ele>74.642</ele><time>2026-09-13T05:13:56Z</time><sat>35</sat></trkpt>
  <trkpt lat="35.56006577" lon="139.55255650"><ele>74.724</ele><time>2026-09-13T05:14:02Z</time><sat>35</sat></trkpt>
  <trkpt lat="35.55999400" lon="139.55254659"><ele>74.541</ele><time>2026-09-13T05:14:08Z</time><sat>34</sat></trkpt>
  <trkpt lat="35.55992435" lon="139.55254836"><ele>72.574</ele><time>2026-09-13T05:14:14Z</time><sat>36</sat></trkpt>
  <trkpt lat="35.55985304" lon="139.55252683"><ele>71.970</ele><time>2026-09-13T05:14:20Z</time><sat>35</sat></trkpt>
  <trkpt lat="35.55978532" lon="139.55252062"><ele>71.504</ele><time>2026-09-13T05:14:26Z</time><sat>35</sat></trkpt>
  <trkpt lat="35.55971916" lon="139.55251212"><ele>71.097</ele><time>2026-09-13T05:14:32Z</time><sat>34</sat></trkpt>
  <trkpt lat="35.55966033" lon="139.55250849"><ele>70.582</ele><time>2026-09-13T05:14:38Z</time><sat>36</sat></trkpt>
  <trkpt lat="35.55960350" lon="139.55249312"><ele>70.448</ele><time>2026-09-13T05:14:44Z</time><sat>35</sat></trkpt>
  <trkpt lat="35.55953146" lon="139.55247742"><ele>69.792</ele><time>2026-09-13T05:14:50Z</time><sat>33</sat></trkpt>
  <trkpt lat="35.55945399" lon="139.55247169"><ele>71.041</ele><time>2026-09-13T05:14:56Z</time><sat>34</sat></trkpt>
  <trkpt lat="35.55937513" lon="139.55246611"><ele>71.649</ele><time>2026-09-13T05:15:02Z</time><sat>32</sat></trkpt>
  <trkpt lat="35.55931697" lon="139.55244812"><ele>69.228</ele><time>2026-09-13T05:15:08Z</time><sat>34</sat></trkpt>
  <trkpt lat="35.55925231" lon="139.55244453"><ele>67.095</ele><time>2026-09-13T05:15:14Z</time><sat>34</sat></trkpt>
  <trkpt lat="35.55918222" lon="139.55243740"><ele>66.845</ele><time>2026-09-13T05:15:20Z</time><sat>33</sat></trkpt>
  <trkpt lat="35.55912307" lon="139.55241823"><ele>65.230</ele><time>2026-09-13T05:15:26Z</time><sat>32</sat></trkpt>
  <trkpt lat="35.55905853" lon="139.55242136"><ele>66.361</ele><time>2026-09-13T05:15:32Z</time><sat>34</sat></trkpt>
  <trkpt lat="35.55900139" lon="139.55243715"><ele>67.894</ele><time>2026-09-13T05:15:38Z</time><sat>35</sat></trkpt>
  <trkpt lat="35.55893674" lon="139.55244000"><ele>67.975</ele><time>2026-09-13T05:15:45Z</time><sat>35</sat></trkpt>
  <trkpt lat="35.55890735" lon="139.55242129"><ele>67.556</ele><time>2026-09-13T05:15:51Z</time><sat>36</sat></trkpt>
  <trkpt lat="35.55890420" lon="139.55243049"><ele>67.604</ele><time>2026-09-13T05:15:54Z</time><sat>34</sat></trkpt>
  <trkpt lat="35.55890283" lon="139.55243197"><ele>67.637</ele><time>2026-09-13T05:16:03Z</time><sat>31</sat></trkpt>
  <trkpt lat="35.55889499" lon="139.55243631"><ele>68.077</ele><time>2026-09-13T05:16:06Z</time><sat>32</sat></trkpt>
  <trkpt lat="35.55882065" lon="139.55245458"><ele>69.263</ele><time>2026-09-13T05:16:15Z</time><sat>35</sat></trkpt>
  <trkpt lat="35.55878181" lon="139.55240669"><ele>68.664</ele><time>2026-09-13T05:16:21Z</time><sat>32</sat></trkpt>
  <trkpt lat="35.55882689" lon="139.55231005"><ele>70.867</ele><time>2026-09-13T05:16:27Z</time><sat>34</sat></trkpt>
  <trkpt lat="35.55888174" lon="139.55223876"><ele>72.415</ele><time>2026-09-13T05:16:33Z</time><sat>30</sat></trkpt>
  <trkpt lat="35.55891557" lon="139.55216431"><ele>71.706</ele><time>2026-09-13T05:16:39Z</time><sat>36</sat></trkpt>
  <trkpt lat="35.55891567" lon="139.55210300"><ele>72.836</ele><time>2026-09-13T05:16:45Z</time><sat>36</sat></trkpt>
  <trkpt lat="35.55892759" lon="139.55202564"><ele>72.221</ele><time>2026-09-13T05:16:51Z</time><sat>36</sat></trkpt>
  <trkpt lat="35.55894220" lon="139.55193885"><ele>71.381</ele><time>2026-09-13T05:16:57Z</time><sat>34</sat></trkpt>
  <trkpt lat="35.55894936" lon="139.55185438"><ele>71.878</ele><time>2026-09-13T05:17:03Z</time><sat>32</sat></trkpt>
  <trkpt lat="35.55896065" lon="139.55177387"><ele>72.477</ele><time>2026-09-13T05:17:09Z</time><sat>32</sat></trkpt>
  <trkpt lat="35.55901245" lon="139.55171428"><ele>69.667</ele><time>2026-09-13T05:17:15Z</time><sat>33</sat></trkpt>
  <trkpt lat="35.55906118" lon="139.55163954"><ele>65.365</ele><time>2026-09-13T05:17:21Z</time><sat>33</sat></trkpt>
  <trkpt lat="35.55907209" lon="139.55158378"><ele>65.843</ele><time>2026-09-13T05:17:24Z</time><sat>35</sat></trkpt>
  <trkpt lat="35.55905203" lon="139.55148434"><ele>68.997</ele><time>2026-09-13T05:17:30Z</time><sat>34</sat></trkpt>
  <trkpt lat="35.55904847" lon="139.55142541"><ele>69.355</ele><time>2026-09-13T05:17:36Z</time><sat>36</sat></trkpt>
  <trkpt lat="35.55904416" lon="139.55136167"><ele>69.360</ele><time>2026-09-13T05:17:42Z</time><sat>36</sat></trkpt>
  <trkpt lat="35.55901914" lon="139.55130583"><ele>71.076</ele><time>2026-09-13T05:17:48Z</time><sat>37</sat></trkpt>
  <trkpt lat="35.55894364" lon="139.55131932"><ele>71.617</ele><time>2026-09-13T05:17:54Z</time><sat>37</sat></trkpt>
  <trkpt lat="35.55887638" lon="139.55130450"><ele>71.754</ele><time>2026-09-13T05:18:00Z</time><sat>36</sat></trkpt>
  <trkpt lat="35.55878724" lon="139.55129263"><ele>70.817</ele><time>2026-09-13T05:18:08Z</time><sat>37</sat></trkpt>
  <trkpt lat="35.55872294" lon="139.55130589"><ele>70.568</ele><time>2026-09-13T05:18:14Z</time><sat>36</sat></trkpt>
  <trkpt lat="35.55867110" lon="139.55126486"><ele>71.776</ele><time>2026-09-13T05:18:20Z</time><sat>36</sat></trkpt>
  <trkpt lat="35.55862259" lon="139.55125047"><ele>69.698</ele><time>2026-09-13T05:18:26Z</time><sat>33</sat></trkpt>
  <trkpt lat="35.55861616" lon="139.55125680"><ele>69.650</ele><time>2026-09-13T05:18:29Z</time><sat>33</sat></trkpt>
  <trkpt lat="35.55861650" lon="139.55126586"><ele>69.829</ele><time>2026-09-13T05:18:32Z</time><sat>32</sat></trkpt>
  <trkpt lat="35.55861670" lon="139.55126952"><ele>70.421</ele><time>2026-09-13T05:18:35Z</time><sat>32</sat></trkpt>
  <trkpt lat="35.55861444" lon="139.55126844"><ele>71.251</ele><time>2026-09-13T05:18:38Z</time><sat>33</sat></trkpt>
  <trkpt lat="35.55861536" lon="139.55126173"><ele>71.343</ele><time>2026-09-13T05:18:42Z</time><sat>33</sat></trkpt>
  <trkpt lat="35.55861519" lon="139.55126068"><ele>71.779</ele><time>2026-09-13T05:18:54Z</time><sat>31</sat></trkpt>
  <trkpt lat="35.55861444" lon="139.55126100"><ele>71.950</ele><time>2026-09-13T05:18:57Z</time><sat>30</sat></trkpt>
  <trkpt lat="35.55861635" lon="139.55126229"><ele>72.003</ele><time>2026-09-13T05:19:00Z</time><sat>29</sat></trkpt>
  <trkpt lat="35.55861764" lon="139.55126026"><ele>72.001</ele><time>2026-09-13T05:19:03Z</time><sat>32</sat></trkpt>
  <trkpt lat="35.55861667" lon="139.55125926"><ele>72.387</ele><time>2026-09-13T05:19:15Z</time><sat>31</sat></trkpt>
  <trkpt lat="35.55861688" lon="139.55125765"><ele>72.742</ele><time>2026-09-13T05:19:24Z</time><sat>32</sat></trkpt>
  <trkpt lat="35.55860328" lon="139.55125777"><ele>71.917</ele><time>2026-09-13T05:19:27Z</time><sat>34</sat></trkpt>
  <trkpt lat="35.55854554" lon="139.55125240"><ele>69.727</ele><time>2026-09-13T05:19:36Z</time><sat>33</sat></trkpt>
  <trkpt lat="35.55846979" lon="139.55128344"><ele>68.934</ele><time>2026-09-13T05:19:42Z</time><sat>13</sat></trkpt>
  <trkpt lat="35.55840510" lon="139.55138843"><ele>66.282</ele><time>2026-09-13T05:19:48Z</time><sat>18</sat></trkpt>
  <trkpt lat="35.55840243" lon="139.55149787"><ele>63.495</ele><time>2026-09-13T05:19:51Z</time><sat>22</sat></trkpt>
  <trkpt lat="35.55835639" lon="139.55160910"><ele>64.425</ele><time>2026-09-13T05:19:54Z</time><sat>26</sat></trkpt>
  <trkpt lat="35.55829385" lon="139.55171214"><ele>64.152</ele><time>2026-09-13T05:19:57Z</time><sat>29</sat></trkpt>
  <trkpt lat="35.55826281" lon="139.55176516"><ele>62.386</ele><time>2026-09-13T05:20:00Z</time><sat>33</sat></trkpt>
  <trkpt lat="35.55820810" lon="139.55174057"><ele>70.902</ele><time>2026-09-13T05:20:09Z</time><sat>34</sat></trkpt>
  <trkpt lat="35.55819823" lon="139.55166578"><ele>70.141</ele><time>2026-09-13T05:20:15Z</time><sat>35</sat></trkpt>
  <trkpt lat="35.55815346" lon="139.55161306"><ele>71.374</ele><time>2026-09-13T05:20:24Z</time><sat>37</sat></trkpt>
  <trkpt lat="35.55813245" lon="139.55159963"><ele>72.462</ele><time>2026-09-13T05:20:27Z</time><sat>37</sat></trkpt>
  <trkpt lat="35.55812765" lon="139.55159185"><ele>72.671</ele><time>2026-09-13T05:20:30Z</time><sat>36</sat></trkpt>
  <trkpt lat="35.55813729" lon="139.55159437"><ele>73.055</ele><time>2026-09-13T05:20:39Z</time><sat>35</sat></trkpt>
  <trkpt lat="35.55813121" lon="139.55160116"><ele>71.697</ele><time>2026-09-13T05:20:42Z</time><sat>36</sat></trkpt>
  <trkpt lat="35.55807821" lon="139.55159673"><ele>70.210</ele><time>2026-09-13T05:20:48Z</time><sat>36</sat></trkpt>
  <trkpt lat="35.55801818" lon="139.55156447"><ele>69.847</ele><time>2026-09-13T05:20:54Z</time><sat>36</sat></trkpt>
  <trkpt lat="35.55794854" lon="139.55153413"><ele>70.046</ele><time>2026-09-13T05:21:00Z</time><sat>36</sat></trkpt>
  <trkpt lat="35.55787974" lon="139.55154227"><ele>70.527</ele><time>2026-09-13T05:21:06Z</time><sat>36</sat></trkpt>
  <trkpt lat="35.55782865" lon="139.55158486"><ele>70.678</ele><time>2026-09-13T05:21:12Z</time><sat>35</sat></trkpt>
  <trkpt lat="35.55779098" lon="139.55149698"><ele>70.621</ele><time>2026-09-13T05:21:18Z</time><sat>36</sat></trkpt>
  <trkpt lat="35.55774486" lon="139.55141295"><ele>71.327</ele><time>2026-09-13T05:21:24Z</time><sat>36</sat></trkpt>
  <trkpt lat="35.55769247" lon="139.55134649"><ele>71.996</ele><time>2026-09-13T05:21:30Z</time><sat>36</sat></trkpt>
  <trkpt lat="35.55765503" lon="139.55126938"><ele>71.950</ele><time>2026-09-13T05:21:36Z</time><sat>37</sat></trkpt>
  <trkpt lat="35.55761715" lon="139.55119414"><ele>71.407</ele><time>2026-09-13T05:21:42Z</time><sat>36</sat></trkpt>
  <trkpt lat="35.55757760" lon="139.55111825"><ele>71.377</ele><time>2026-09-13T05:21:48Z</time><sat>36</sat></trkpt>
  <trkpt lat="35.55753525" lon="139.55104210"><ele>71.045</ele><time>2026-09-13T05:21:54Z</time><sat>37</sat></trkpt>
  <trkpt lat="35.55749716" lon="139.55095977"><ele>71.194</ele><time>2026-09-13T05:22:00Z</time><sat>36</sat></trkpt>
  <trkpt lat="35.55745583" lon="139.55087776"><ele>71.669</ele><time>2026-09-13T05:22:06Z</time><sat>36</sat></trkpt>
  <trkpt lat="35.55742132" lon="139.55079818"><ele>71.567</ele><time>2026-09-13T05:22:12Z</time><sat>35</sat></trkpt>
  <trkpt lat="35.55738595" lon="139.55072307"><ele>71.951</ele><time>2026-09-13T05:22:18Z</time><sat>35</sat></trkpt>
  <trkpt lat="35.55734858" lon="139.55065502"><ele>71.499</ele><time>2026-09-13T05:22:24Z</time><sat>35</sat></trkpt>
  <trkpt lat="35.55730948" lon="139.55058792"><ele>70.964</ele><time>2026-09-13T05:22:30Z</time><sat>33</sat></trkpt>
  <trkpt lat="35.55727062" lon="139.55051691"><ele>71.127</ele><time>2026-09-13T05:22:36Z</time><sat>34</sat></trkpt>
  <trkpt lat="35.55723211" lon="139.55044219"><ele>70.768</ele><time>2026-09-13T05:22:42Z</time><sat>35</sat></trkpt>
  <trkpt lat="35.55719543" lon="139.55036810"><ele>70.312</ele><time>2026-09-13T05:22:48Z</time><sat>34</sat></trkpt>
  <trkpt lat="35.55715792" lon="139.55028022"><ele>70.077</ele><time>2026-09-13T05:22:55Z</time><sat>34</sat></trkpt>
  <trkpt lat="35.55712650" lon="139.55020714"><ele>70.241</ele><time>2026-09-13T05:23:01Z</time><sat>34</sat></trkpt>
  <trkpt lat="35.55712308" lon="139.55013509"><ele>70.101</ele><time>2026-09-13T05:23:07Z</time><sat>36</sat></trkpt>
  <trkpt lat="35.55716009" lon="139.55006447"><ele>70.533</ele><time>2026-09-13T05:23:13Z</time><sat>35</sat></trkpt>
  <trkpt lat="35.55715623" lon="139.54999677"><ele>68.990</ele><time>2026-09-13T05:23:22Z</time><sat>34</sat></trkpt>
  <trkpt lat="35.55721084" lon="139.54992884"><ele>70.949</ele><time>2026-09-13T05:23:28Z</time><sat>34</sat></trkpt>
  <trkpt lat="35.55720864" lon="139.54984666"><ele>72.293</ele><time>2026-09-13T05:23:34Z</time><sat>36</sat></trkpt>
  <trkpt lat="35.55716307" lon="139.54978740"><ele>73.060</ele><time>2026-09-13T05:23:40Z</time><sat>37</sat></trkpt>
  <trkpt lat="35.55712106" lon="139.54972730"><ele>74.132</ele><time>2026-09-13T05:23:46Z</time><sat>37</sat></trkpt>
  <trkpt lat="35.55708942" lon="139.54967069"><ele>75.108</ele><time>2026-09-13T05:23:52Z</time><sat>36</sat></trkpt>
  <trkpt lat="35.55705351" lon="139.54961987"><ele>75.442</ele><time>2026-09-13T05:23:58Z</time><sat>37</sat></trkpt>
  <trkpt lat="35.55701998" lon="139.54955801"><ele>76.626</ele><time>2026-09-13T05:24:04Z</time><sat>38</sat></trkpt>
  <trkpt lat="35.55699284" lon="139.54948816"><ele>77.297</ele><time>2026-09-13T05:24:10Z</time><sat>37</sat></trkpt>
  <trkpt lat="35.55695174" lon="139.54943117"><ele>77.423</ele><time>2026-09-13T05:24:16Z</time><sat>37</sat></trkpt>
  <trkpt lat="35.55691686" lon="139.54936140"><ele>77.220</ele><time>2026-09-13T05:24:22Z</time><sat>38</sat></trkpt>
  <trkpt lat="35.55688823" lon="139.54928725"><ele>76.798</ele><time>2026-09-13T05:24:28Z</time><sat>37</sat></trkpt>
  <trkpt lat="35.55684996" lon="139.54920881"><ele>75.724</ele><time>2026-09-13T05:24:35Z</time><sat>36</sat></trkpt>
  <trkpt lat="35.55681974" lon="139.54914347"><ele>74.896</ele><time>2026-09-13T05:24:41Z</time><sat>33</sat></trkpt>
  <trkpt lat="35.55679391" lon="139.54906882"><ele>74.972</ele><time>2026-09-13T05:24:47Z</time><sat>32</sat></trkpt>
  <trkpt lat="35.55676454" lon="139.54899621"><ele>75.357</ele><time>2026-09-13T05:24:53Z</time><sat>27</sat></trkpt>
  <trkpt lat="35.55673019" lon="139.54891963"><ele>75.369</ele><time>2026-09-13T05:24:59Z</time><sat>27</sat></trkpt>
  <trkpt lat="35.55669073" lon="139.54883779"><ele>77.050</ele><time>2026-09-13T05:25:05Z</time><sat>26</sat></trkpt>
  <trkpt lat="35.55666628" lon="139.54877023"><ele>76.074</ele><time>2026-09-13T05:25:11Z</time><sat>30</sat></trkpt>
  <trkpt lat="35.55662921" lon="139.54871000"><ele>76.504</ele><time>2026-09-13T05:25:17Z</time><sat>29</sat></trkpt>
  <trkpt lat="35.55658368" lon="139.54864647"><ele>75.926</ele><time>2026-09-13T05:25:23Z</time><sat>21</sat></trkpt>
  <trkpt lat="35.55654696" lon="139.54858318"><ele>76.395</ele><time>2026-09-13T05:25:29Z</time><sat>22</sat></trkpt>
  <trkpt lat="35.55652240" lon="139.54850035"><ele>76.915</ele><time>2026-09-13T05:25:35Z</time><sat>22</sat></trkpt>
  <trkpt lat="35.55648360" lon="139.54842688"><ele>78.435</ele><time>2026-09-13T05:25:41Z</time><sat>26</sat></trkpt>
  <trkpt lat="35.55644942" lon="139.54834394"><ele>80.188</ele><time>2026-09-13T05:25:47Z</time><sat>26</sat></trkpt>
  <trkpt lat="35.55641535" lon="139.54827187"><ele>79.896</ele><time>2026-09-13T05:25:53Z</time><sat>28</sat></trkpt>
  <trkpt lat="35.55639737" lon="139.54821141"><ele>79.091</ele><time>2026-09-13T05:25:59Z</time><sat>36</sat></trkpt>
  <trkpt lat="35.55637983" lon="139.54815224"><ele>78.580</ele><time>2026-09-13T05:26:05Z</time><sat>37</sat></trkpt>
  <trkpt lat="35.55634545" lon="139.54808781"><ele>77.904</ele><time>2026-09-13T05:26:11Z</time><sat>27</sat></trkpt>
  <trkpt lat="35.55631247" lon="139.54801874"><ele>77.400</ele><time>2026-09-13T05:26:17Z</time><sat>25</sat></trkpt>
  <trkpt lat="35.55628052" lon="139.54795771"><ele>76.945</ele><time>2026-09-13T05:26:23Z</time><sat>33</sat></trkpt>
  <trkpt lat="35.55625613" lon="139.54789902"><ele>75.040</ele><time>2026-09-13T05:26:29Z</time><sat>35</sat></trkpt>
  <trkpt lat="35.55623672" lon="139.54782974"><ele>75.139</ele><time>2026-09-13T05:26:35Z</time><sat>32</sat></trkpt>
  <trkpt lat="35.55620494" lon="139.54776916"><ele>74.628</ele><time>2026-09-13T05:26:41Z</time><sat>26</sat></trkpt>
  <trkpt lat="35.55617090" lon="139.54770248"><ele>75.734</ele><time>2026-09-13T05:26:47Z</time><sat>26</sat></trkpt>
  <trkpt lat="35.55613967" lon="139.54764385"><ele>75.694</ele><time>2026-09-13T05:26:53Z</time><sat>29</sat></trkpt>
  <trkpt lat="35.55610478" lon="139.54757501"><ele>77.515</ele><time>2026-09-13T05:26:59Z</time><sat>35</sat></trkpt>
  <trkpt lat="35.55604584" lon="139.54754349"><ele>78.937</ele><time>2026-09-13T05:27:05Z</time><sat>34</sat></trkpt>
  <trkpt lat="35.55599073" lon="139.54748033"><ele>79.991</ele><time>2026-09-13T05:27:11Z</time><sat>35</sat></trkpt>
  <trkpt lat="35.55596289" lon="139.54740220"><ele>80.701</ele><time>2026-09-13T05:27:17Z</time><sat>27</sat></trkpt>
  <trkpt lat="35.55593853" lon="139.54733164"><ele>82.095</ele><time>2026-09-13T05:27:23Z</time><sat>37</sat></trkpt>
  <trkpt lat="35.55590736" lon="139.54725133"><ele>82.663</ele><time>2026-09-13T05:27:29Z</time><sat>36</sat></trkpt>
  <trkpt lat="35.55587281" lon="139.54717918"><ele>82.680</ele><time>2026-09-13T05:27:35Z</time><sat>33</sat></trkpt>
  <trkpt lat="35.55584004" lon="139.54711316"><ele>83.675</ele><time>2026-09-13T05:27:41Z</time><sat>35</sat></trkpt>
  <trkpt lat="35.55580791" lon="139.54703876"><ele>83.761</ele><time>2026-09-13T05:27:47Z</time><sat>32</sat></trkpt>
  <trkpt lat="35.55577351" lon="139.54696485"><ele>83.450</ele><time>2026-09-13T05:27:53Z</time><sat>25</sat></trkpt>
  <trkpt lat="35.55573958" lon="139.54689190"><ele>84.137</ele><time>2026-09-13T05:27:59Z</time><sat>32</sat></trkpt>
  <trkpt lat="35.55573412" lon="139.54681603"><ele>84.439</ele><time>2026-09-13T05:28:05Z</time><sat>36</sat></trkpt>
  <trkpt lat="35.55573229" lon="139.54674596"><ele>84.090</ele><time>2026-09-13T05:28:11Z</time><sat>37</sat></trkpt>
  <trkpt lat="35.55569520" lon="139.54666904"><ele>84.130</ele><time>2026-09-13T05:28:17Z</time><sat>26</sat></trkpt>
  <trkpt lat="35.55565815" lon="139.54659330"><ele>82.831</ele><time>2026-09-13T05:28:23Z</time><sat>32</sat></trkpt>
  <trkpt lat="35.55563318" lon="139.54651692"><ele>81.611</ele><time>2026-09-13T05:28:29Z</time><sat>33</sat></trkpt>
  <trkpt lat="35.55560191" lon="139.54645669"><ele>80.109</ele><time>2026-09-13T05:28:35Z</time><sat>33</sat></trkpt>
  <trkpt lat="35.55556491" lon="139.54638820"><ele>80.132</ele><time>2026-09-13T05:28:41Z</time><sat>30</sat></trkpt>
  <trkpt lat="35.55553087" lon="139.54631645"><ele>80.240</ele><time>2026-09-13T05:28:47Z</time><sat>32</sat></trkpt>
  <trkpt lat="35.55550064" lon="139.54624055"><ele>80.061</ele><time>2026-09-13T05:28:53Z</time><sat>31</sat></trkpt>
  <trkpt lat="35.55546083" lon="139.54615219"><ele>79.445</ele><time>2026-09-13T05:28:59Z</time><sat>27</sat></trkpt>
  <trkpt lat="35.55541796" lon="139.54608279"><ele>80.673</ele><time>2026-09-13T05:29:05Z</time><sat>34</sat></trkpt>
  <trkpt lat="35.55538252" lon="139.54601354"><ele>79.883</ele><time>2026-09-13T05:29:11Z</time><sat>35</sat></trkpt>
  <trkpt lat="35.55535000" lon="139.54594883"><ele>79.859</ele><time>2026-09-13T05:29:17Z</time><sat>29</sat></trkpt>
  <trkpt lat="35.55532020" lon="139.54588359"><ele>78.967</ele><time>2026-09-13T05:29:23Z</time><sat>30</sat></trkpt>
  <trkpt lat="35.55528850" lon="139.54580839"><ele>78.865</ele><time>2026-09-13T05:29:29Z</time><sat>27</sat></trkpt>
  <trkpt lat="35.55524983" lon="139.54573408"><ele>79.490</ele><time>2026-09-13T05:29:35Z</time><sat>26</sat></trkpt>
  <trkpt lat="35.55521389" lon="139.54566209"><ele>79.476</ele><time>2026-09-13T05:29:41Z</time><sat>29</sat></trkpt>
  <trkpt lat="35.55518194" lon="139.54558886"><ele>79.367</ele><time>2026-09-13T05:29:47Z</time><sat>25</sat></trkpt>
  <trkpt lat="35.55514068" lon="139.54551275"><ele>78.914</ele><time>2026-09-13T05:29:53Z</time><sat>28</sat></trkpt>
  <trkpt lat="35.55510884" lon="139.54544732"><ele>79.475</ele><time>2026-09-13T05:29:59Z</time><sat>27</sat></trkpt>
  <trkpt lat="35.55507817" lon="139.54537129"><ele>80.004</ele><time>2026-09-13T05:30:05Z</time><sat>33</sat></trkpt>
  <trkpt lat="35.55504963" lon="139.54529951"><ele>79.786</ele><time>2026-09-13T05:30:11Z</time><sat>27</sat></trkpt>
  <trkpt lat="35.55502016" lon="139.54522829"><ele>80.124</ele><time>2026-09-13T05:30:17Z</time><sat>34</sat></trkpt>
  <trkpt lat="35.55501878" lon="139.54518710"><ele>81.027</ele><time>2026-09-13T05:30:23Z</time><sat>36</sat></trkpt>
  <trkpt lat="35.55502144" lon="139.54519780"><ele>81.736</ele><time>2026-09-13T05:30:26Z</time><sat>37</sat></trkpt>
  <trkpt lat="35.55502577" lon="139.54521453"><ele>81.298</ele><time>2026-09-13T05:30:29Z</time><sat>36</sat></trkpt>
  <trkpt lat="35.55505333" lon="139.54526548"><ele>81.822</ele><time>2026-09-13T05:30:35Z</time><sat>37</sat></trkpt>
  <trkpt lat="35.55509203" lon="139.54528017"><ele>81.610</ele><time>2026-09-13T05:30:41Z</time><sat>36</sat></trkpt>
  <trkpt lat="35.55510445" lon="139.54526089"><ele>81.823</ele><time>2026-09-13T05:30:44Z</time><sat>36</sat></trkpt>
  <trkpt lat="35.55510300" lon="139.54525829"><ele>82.145</ele><time>2026-09-13T05:30:56Z</time><sat>34</sat></trkpt>
  <trkpt lat="35.55510310" lon="139.54525816"><ele>82.147</ele><time>2026-09-13T05:30:59Z</time><sat>34</sat></trkpt>
  <trkpt lat="35.55510142" lon="139.54525829"><ele>82.154</ele><time>2026-09-13T05:31:02Z</time><sat>33</sat></trkpt>
  <trkpt lat="35.55509938" lon="139.54525858"><ele>82.037</ele><time>2026-09-13T05:31:05Z</time><sat>33</sat></trkpt>
  <trkpt lat="35.55509838" lon="139.54526026"><ele>81.994</ele><time>2026-09-13T05:31:08Z</time><sat>35</sat></trkpt>
  <trkpt lat="35.55509818" lon="139.54525967"><ele>81.940</ele><time>2026-09-13T05:31:11Z</time><sat>35</sat></trkpt>
  <trkpt lat="35.55509961" lon="139.54525687"><ele>81.995</ele><time>2026-09-13T05:31:14Z</time><sat>34</sat></trkpt>
  <trkpt lat="35.55509952" lon="139.54526026"><ele>82.045</ele><time>2026-09-13T05:31:23Z</time><sat>34</sat></trkpt>
  <trkpt lat="35.55508806" lon="139.54527527"><ele>82.700</ele><time>2026-09-13T05:31:27Z</time><sat>35</sat></trkpt>
  <trkpt lat="35.55505450" lon="139.54532289"><ele>81.485</ele><time>2026-09-13T05:31:36Z</time><sat>36</sat></trkpt>
  <trkpt lat="35.55506463" lon="139.54533372"><ele>81.503</ele><time>2026-09-13T05:31:39Z</time><sat>36</sat></trkpt>
  <trkpt lat="35.55506720" lon="139.54533198"><ele>81.299</ele><time>2026-09-13T05:31:42Z</time><sat>36</sat></trkpt>
  <trkpt lat="35.55502473" lon="139.54535684"><ele>81.039</ele><time>2026-09-13T05:31:48Z</time><sat>35</sat></trkpt>
  <trkpt lat="35.55501364" lon="139.54535855"><ele>81.127</ele><time>2026-09-13T05:31:51Z</time><sat>36</sat></trkpt>
  <trkpt lat="35.55501581" lon="139.54535691"><ele>81.144</ele><time>2026-09-13T05:31:54Z</time><sat>36</sat></trkpt>
  <trkpt lat="35.55501481" lon="139.54535669"><ele>80.664</ele><time>2026-09-13T05:31:59Z</time><sat>36</sat></trkpt>
  <trkpt lat="35.55501107" lon="139.54535237"><ele>80.846</ele><time>2026-09-13T05:32:02Z</time><sat>36</sat></trkpt>
  <trkpt lat="35.55500888" lon="139.54533635"><ele>80.551</ele><time>2026-09-13T05:32:05Z</time><sat>34</sat></trkpt>
  <trkpt lat="35.55501018" lon="139.54533456"><ele>80.461</ele><time>2026-09-13T05:32:08Z</time><sat>36</sat></trkpt>
  <trkpt lat="35.55501677" lon="139.54534053"><ele>80.572</ele><time>2026-09-13T05:32:11Z</time><sat>36</sat></trkpt>
  <trkpt lat="35.55501876" lon="139.54534059"><ele>80.572</ele><time>2026-09-13T05:32:14Z</time><sat>36</sat></trkpt>
  <trkpt lat="35.55501378" lon="139.54532833"><ele>80.400</ele><time>2026-09-13T05:32:17Z</time><sat>36</sat></trkpt>
  <trkpt lat="35.55498515" lon="139.54526090"><ele>81.093</ele><time>2026-09-13T05:32:23Z</time><sat>36</sat></trkpt>
  <trkpt lat="35.55495129" lon="139.54519270"><ele>82.116</ele><time>2026-09-13T05:32:29Z</time><sat>36</sat></trkpt>
  <trkpt lat="35.55491648" lon="139.54511918"><ele>82.878</ele><time>2026-09-13T05:32:35Z</time><sat>37</sat></trkpt>
  <trkpt lat="35.55487878" lon="139.54504558"><ele>83.003</ele><time>2026-09-13T05:32:41Z</time><sat>37</sat></trkpt>
  <trkpt lat="35.55483957" lon="139.54497516"><ele>82.556</ele><time>2026-09-13T05:32:47Z</time><sat>37</sat></trkpt>
  <trkpt lat="35.55481386" lon="139.54489774"><ele>82.175</ele><time>2026-09-13T05:32:53Z</time><sat>35</sat></trkpt>
  <trkpt lat="35.55479222" lon="139.54484169"><ele>82.485</ele><time>2026-09-13T05:32:59Z</time><sat>38</sat></trkpt>
  <trkpt lat="35.55476166" lon="139.54476877"><ele>83.967</ele><time>2026-09-13T05:33:05Z</time><sat>36</sat></trkpt>
  <trkpt lat="35.55473351" lon="139.54469322"><ele>85.522</ele><time>2026-09-13T05:33:11Z</time><sat>37</sat></trkpt>
  <trkpt lat="35.55470539" lon="139.54461397"><ele>86.939</ele><time>2026-09-13T05:33:17Z</time><sat>37</sat></trkpt>
  <trkpt lat="35.55467185" lon="139.54453369"><ele>87.860</ele><time>2026-09-13T05:33:23Z</time><sat>34</sat></trkpt>
  <trkpt lat="35.55463697" lon="139.54445398"><ele>88.193</ele><time>2026-09-13T05:33:29Z</time><sat>36</sat></trkpt>
  <trkpt lat="35.55460571" lon="139.54437972"><ele>88.869</ele><time>2026-09-13T05:33:35Z</time><sat>34</sat></trkpt>
  <trkpt lat="35.55457975" lon="139.54431338"><ele>88.658</ele><time>2026-09-13T05:33:41Z</time><sat>34</sat></trkpt>
  <trkpt lat="35.55455234" lon="139.54424566"><ele>89.214</ele><time>2026-09-13T05:33:47Z</time><sat>35</sat></trkpt>
  <trkpt lat="35.55451482" lon="139.54418620"><ele>89.499</ele><time>2026-09-13T05:33:53Z</time><sat>36</sat></trkpt>
  <trkpt lat="35.55445190" lon="139.54417277"><ele>89.736</ele><time>2026-09-13T05:33:59Z</time><sat>36</sat></trkpt>
  <trkpt lat="35.55439737" lon="139.54415987"><ele>89.979</ele><time>2026-09-13T05:34:05Z</time><sat>36</sat></trkpt>
  <trkpt lat="35.55434945" lon="139.54416500"><ele>90.991</ele><time>2026-09-13T05:34:11Z</time><sat>34</sat></trkpt>
  <trkpt lat="35.55429080" lon="139.54416139"><ele>91.260</ele><time>2026-09-13T05:34:17Z</time><sat>35</sat></trkpt>
  <trkpt lat="35.55424364" lon="139.54420968"><ele>91.403</ele><time>2026-09-13T05:34:23Z</time><sat>33</sat></trkpt>
  <trkpt lat="35.55419929" lon="139.54422018"><ele>91.280</ele><time>2026-09-13T05:34:29Z</time><sat>34</sat></trkpt>
  <trkpt lat="35.55416976" lon="139.54414748"><ele>91.680</ele><time>2026-09-13T05:34:35Z</time><sat>35</sat></trkpt>
  <trkpt lat="35.55413279" lon="139.54408270"><ele>92.341</ele><time>2026-09-13T05:34:41Z</time><sat>37</sat></trkpt>
  <trkpt lat="35.55409922" lon="139.54401133"><ele>92.509</ele><time>2026-09-13T05:34:47Z</time><sat>36</sat></trkpt>
  <trkpt lat="35.55406292" lon="139.54394584"><ele>92.280</ele><time>2026-09-13T05:34:53Z</time><sat>35</sat></trkpt>
  <trkpt lat="35.55401998" lon="139.54388844"><ele>92.625</ele><time>2026-09-13T05:34:59Z</time><sat>36</sat></trkpt>
  <trkpt lat="35.55397130" lon="139.54388176"><ele>90.926</ele><time>2026-09-13T05:35:06Z</time><sat>36</sat></trkpt>
  <trkpt lat="35.55393167" lon="139.54378523"><ele>93.386</ele><time>2026-09-13T05:35:12Z</time><sat>28</sat></trkpt>
  <trkpt lat="35.55392179" lon="139.54372911"><ele>92.756</ele><time>2026-09-13T05:35:15Z</time><sat>27</sat></trkpt>
  <trkpt lat="35.55390852" lon="139.54364345"><ele>91.540</ele><time>2026-09-13T05:35:21Z</time><sat>26</sat></trkpt>
  <trkpt lat="35.55388046" lon="139.54356879"><ele>90.913</ele><time>2026-09-13T05:35:27Z</time><sat>21</sat></trkpt>
  <trkpt lat="35.55383828" lon="139.54349779"><ele>91.531</ele><time>2026-09-13T05:35:33Z</time><sat>18</sat></trkpt>
  <trkpt lat="35.55380117" lon="139.54341696"><ele>90.677</ele><time>2026-09-13T05:35:39Z</time><sat>20</sat></trkpt>
  <trkpt lat="35.55376019" lon="139.54333644"><ele>90.945</ele><time>2026-09-13T05:35:45Z</time><sat>23</sat></trkpt>
  <trkpt lat="35.55371836" lon="139.54324553"><ele>92.529</ele><time>2026-09-13T05:35:51Z</time><sat>21</sat></trkpt>
  <trkpt lat="35.55367788" lon="139.54317296"><ele>91.215</ele><time>2026-09-13T05:35:57Z</time><sat>24</sat></trkpt>
  <trkpt lat="35.55365417" lon="139.54310684"><ele>90.182</ele><time>2026-09-13T05:36:03Z</time><sat>31</sat></trkpt>
  <trkpt lat="35.55364458" lon="139.54303285"><ele>91.077</ele><time>2026-09-13T05:36:09Z</time><sat>26</sat></trkpt>
  <trkpt lat="35.55360230" lon="139.54296005"><ele>88.911</ele><time>2026-09-13T05:36:15Z</time><sat>24</sat></trkpt>
  <trkpt lat="35.55356412" lon="139.54290252"><ele>88.686</ele><time>2026-09-13T05:36:21Z</time><sat>24</sat></trkpt>
  <trkpt lat="35.55352946" lon="139.54283996"><ele>87.804</ele><time>2026-09-13T05:36:27Z</time><sat>20</sat></trkpt>
  <trkpt lat="35.55349187" lon="139.54277507"><ele>86.515</ele><time>2026-09-13T05:36:33Z</time><sat>24</sat></trkpt>
  <trkpt lat="35.55346827" lon="139.54271137"><ele>86.325</ele><time>2026-09-13T05:36:39Z</time><sat>30</sat></trkpt>
  <trkpt lat="35.55342675" lon="139.54263808"><ele>86.588</ele><time>2026-09-13T05:36:45Z</time><sat>22</sat></trkpt>
  <trkpt lat="35.55339278" lon="139.54256306"><ele>85.452</ele><time>2026-09-13T05:36:51Z</time><sat>30</sat></trkpt>
  <trkpt lat="35.55336392" lon="139.54249891"><ele>85.110</ele><time>2026-09-13T05:36:57Z</time><sat>29</sat></trkpt>
  <trkpt lat="35.55332395" lon="139.54244319"><ele>85.285</ele><time>2026-09-13T05:37:03Z</time><sat>30</sat></trkpt>
  <trkpt lat="35.55328162" lon="139.54237470"><ele>86.652</ele><time>2026-09-13T05:37:09Z</time><sat>29</sat></trkpt>
  <trkpt lat="35.55323690" lon="139.54231176"><ele>86.528</ele><time>2026-09-13T05:37:15Z</time><sat>27</sat></trkpt>
  <trkpt lat="35.55320234" lon="139.54224516"><ele>86.199</ele><time>2026-09-13T05:37:21Z</time><sat>26</sat></trkpt>
  <trkpt lat="35.55317594" lon="139.54218683"><ele>84.812</ele><time>2026-09-13T05:37:27Z</time><sat>24</sat></trkpt>
  <trkpt lat="35.55315328" lon="139.54212426"><ele>84.083</ele><time>2026-09-13T05:37:33Z</time><sat>28</sat></trkpt>
  <trkpt lat="35.55312557" lon="139.54205906"><ele>83.510</ele><time>2026-09-13T05:37:39Z</time><sat>29</sat></trkpt>
  <trkpt lat="35.55308715" lon="139.54198615"><ele>83.084</ele><time>2026-09-13T05:37:45Z</time><sat>26</sat></trkpt>
  <trkpt lat="35.55304786" lon="139.54191066"><ele>82.964</ele><time>2026-09-13T05:37:51Z</time><sat>27</sat></trkpt>
  <trkpt lat="35.55301270" lon="139.54184270"><ele>82.066</ele><time>2026-09-13T05:37:57Z</time><sat>30</sat></trkpt>
  <trkpt lat="35.55297686" lon="139.54178273"><ele>80.179</ele><time>2026-09-13T05:38:03Z</time><sat>25</sat></trkpt>
  <trkpt lat="35.55294072" lon="139.54170759"><ele>79.773</ele><time>2026-09-13T05:38:09Z</time><sat>30</sat></trkpt>
  <trkpt lat="35.55289910" lon="139.54162687"><ele>79.214</ele><time>2026-09-13T05:38:15Z</time><sat>27</sat></trkpt>
  <trkpt lat="35.55286372" lon="139.54154372"><ele>78.050</ele><time>2026-09-13T05:38:21Z</time><sat>32</sat></trkpt>
  <trkpt lat="35.55282140" lon="139.54147032"><ele>76.764</ele><time>2026-09-13T05:38:27Z</time><sat>31</sat></trkpt>
  <trkpt lat="35.55278502" lon="139.54138698"><ele>75.906</ele><time>2026-09-13T05:38:33Z</time><sat>29</sat></trkpt>
  <trkpt lat="35.55274155" lon="139.54129451"><ele>78.080</ele><time>2026-09-13T05:38:39Z</time><sat>27</sat></trkpt>
  <trkpt lat="35.55270122" lon="139.54121818"><ele>79.781</ele><time>2026-09-13T05:38:45Z</time><sat>34</sat></trkpt>
  <trkpt lat="35.55264756" lon="139.54114607"><ele>83.078</ele><time>2026-09-13T05:38:51Z</time><sat>32</sat></trkpt>
  <trkpt lat="35.55262808" lon="139.54107302"><ele>83.894</ele><time>2026-09-13T05:38:57Z</time><sat>34</sat></trkpt>
  <trkpt lat="35.55262195" lon="139.54105017"><ele>84.577</ele><time>2026-09-13T05:39:00Z</time><sat>36</sat></trkpt>
  <trkpt lat="35.55261797" lon="139.54105588"><ele>84.691</ele><time>2026-09-13T05:39:03Z</time><sat>35</sat></trkpt>
  <trkpt lat="35.55261840" lon="139.54103988"><ele>84.223</ele><time>2026-09-13T05:39:06Z</time><sat>36</sat></trkpt>
  <trkpt lat="35.55258719" lon="139.54097499"><ele>83.049</ele><time>2026-09-13T05:39:12Z</time><sat>35</sat></trkpt>
  <trkpt lat="35.55258622" lon="139.54091401"><ele>79.773</ele><time>2026-09-13T05:39:18Z</time><sat>35</sat></trkpt>
  <trkpt lat="35.55265717" lon="139.54087972"><ele>80.799</ele><time>2026-09-13T05:39:24Z</time><sat>33</sat></trkpt>
  <trkpt lat="35.55271182" lon="139.54083829"><ele>84.744</ele><time>2026-09-13T05:39:30Z</time><sat>32</sat></trkpt>
  <trkpt lat="35.55267591" lon="139.54091832"><ele>83.864</ele><time>2026-09-13T05:39:42Z</time><sat>33</sat></trkpt>
  <trkpt lat="35.55263166" lon="139.54096197"><ele>84.731</ele><time>2026-09-13T05:39:48Z</time><sat>34</sat></trkpt>
  <trkpt lat="35.55257343" lon="139.54096970"><ele>84.195</ele><time>2026-09-13T05:39:54Z</time><sat>30</sat></trkpt>
  <trkpt lat="35.55252171" lon="139.54091699"><ele>84.339</ele><time>2026-09-13T05:40:00Z</time><sat>33</sat></trkpt>
  <trkpt lat="35.55246755" lon="139.54096412"><ele>85.836</ele><time>2026-09-13T05:40:06Z</time><sat>36</sat></trkpt>
  <trkpt lat="35.55242127" lon="139.54100980"><ele>86.210</ele><time>2026-09-13T05:40:12Z</time><sat>34</sat></trkpt>
  <trkpt lat="35.55236954" lon="139.54104669"><ele>85.824</ele><time>2026-09-13T05:40:18Z</time><sat>35</sat></trkpt>
  <trkpt lat="35.55239208" lon="139.54111004"><ele>82.465</ele><time>2026-09-13T05:40:27Z</time><sat>32</sat></trkpt>
  <trkpt lat="35.55235783" lon="139.54115930"><ele>79.332</ele><time>2026-09-13T05:40:36Z</time><sat>36</sat></trkpt>
  <trkpt lat="35.55231540" lon="139.54119635"><ele>79.587</ele><time>2026-09-13T05:40:42Z</time><sat>33</sat></trkpt>
  <trkpt lat="35.55226131" lon="139.54124962"><ele>78.912</ele><time>2026-09-13T05:40:48Z</time><sat>32</sat></trkpt>
  <trkpt lat="35.55219454" lon="139.54127142"><ele>80.056</ele><time>2026-09-13T05:40:54Z</time><sat>29</sat></trkpt>
  <trkpt lat="35.55213420" lon="139.54126241"><ele>78.309</ele><time>2026-09-13T05:41:00Z</time><sat>35</sat></trkpt>
  <trkpt lat="35.55207117" lon="139.54121435"><ele>78.357</ele><time>2026-09-13T05:41:06Z</time><sat>33</sat></trkpt>
  <trkpt lat="35.55203369" lon="139.54117069"><ele>77.718</ele><time>2026-09-13T05:41:12Z</time><sat>29</sat></trkpt>
  <trkpt lat="35.55199625" lon="139.54112688"><ele>76.411</ele><time>2026-09-13T05:41:18Z</time><sat>29</sat></trkpt>
  <trkpt lat="35.55191681" lon="139.54119341"><ele>75.645</ele><time>2026-09-13T05:41:24Z</time><sat>28</sat></trkpt>
  <trkpt lat="35.55186750" lon="139.54121939"><ele>76.323</ele><time>2026-09-13T05:41:27Z</time><sat>31</sat></trkpt>
  <trkpt lat="35.55180734" lon="139.54120796"><ele>77.656</ele><time>2026-09-13T05:41:33Z</time><sat>32</sat></trkpt>
  <trkpt lat="35.55174186" lon="139.54119752"><ele>79.502</ele><time>2026-09-13T05:41:39Z</time><sat>33</sat></trkpt>
  <trkpt lat="35.55169510" lon="139.54120623"><ele>81.980</ele><time>2026-09-13T05:41:45Z</time><sat>34</sat></trkpt>
  <trkpt lat="35.55164004" lon="139.54116082"><ele>82.788</ele><time>2026-09-13T05:41:51Z</time><sat>32</sat></trkpt>
  <trkpt lat="35.55158203" lon="139.54112373"><ele>82.450</ele><time>2026-09-13T05:41:57Z</time><sat>32</sat></trkpt>
  <trkpt lat="35.55152726" lon="139.54112651"><ele>84.132</ele><time>2026-09-13T05:42:03Z</time><sat>33</sat></trkpt>
  <trkpt lat="35.55149642" lon="139.54119257"><ele>84.647</ele><time>2026-09-13T05:42:09Z</time><sat>28</sat></trkpt>
  <trkpt lat="35.55147778" lon="139.54117035"><ele>82.043</ele><time>2026-09-13T05:42:12Z</time><sat>23</sat></trkpt>
  <trkpt lat="35.55145878" lon="139.54109763"><ele>85.492</ele><time>2026-09-13T05:42:15Z</time><sat>30</sat></trkpt>
  <trkpt lat="35.55146482" lon="139.54106059"><ele>86.149</ele><time>2026-09-13T05:42:19Z</time><sat>35</sat></trkpt>
  <trkpt lat="35.55146818" lon="139.54104744"><ele>87.060</ele><time>2026-09-13T05:42:22Z</time><sat>26</sat></trkpt>
  <trkpt lat="35.55147216" lon="139.54104591"><ele>88.792</ele><time>2026-09-13T05:42:28Z</time><sat>26</sat></trkpt>
  <trkpt lat="35.55147368" lon="139.54103757"><ele>89.374</ele><time>2026-09-13T05:42:31Z</time><sat>27</sat></trkpt>
  <trkpt lat="35.55147295" lon="139.54103219"><ele>91.358</ele><time>2026-09-13T05:42:34Z</time><sat>32</sat></trkpt>
  <trkpt lat="35.55147355" lon="139.54102816"><ele>91.482</ele><time>2026-09-13T05:42:37Z</time><sat>32</sat></trkpt>
  <trkpt lat="35.55147478" lon="139.54102964"><ele>90.968</ele><time>2026-09-13T05:42:40Z</time><sat>32</sat></trkpt>
  <trkpt lat="35.55148082" lon="139.54103553"><ele>91.106</ele><time>2026-09-13T05:42:43Z</time><sat>31</sat></trkpt>
  <trkpt lat="35.55147850" lon="139.54100080"><ele>91.418</ele><time>2026-09-13T05:42:54Z</time><sat>31</sat></trkpt>
  <trkpt lat="35.55147916" lon="139.54099099"><ele>92.392</ele><time>2026-09-13T05:43:03Z</time><sat>32</sat></trkpt>
  <trkpt lat="35.55150437" lon="139.54099464"><ele>91.299</ele><time>2026-09-13T05:43:08Z</time><sat>28</sat></trkpt>
  <trkpt lat="35.55152017" lon="139.54098735"><ele>90.970</ele><time>2026-09-13T05:43:11Z</time><sat>33</sat></trkpt>
  <trkpt lat="35.55152915" lon="139.54096736"><ele>92.432</ele><time>2026-09-13T05:43:14Z</time><sat>26</sat></trkpt>
  <trkpt lat="35.55153093" lon="139.54093055"><ele>93.231</ele><time>2026-09-13T05:43:17Z</time><sat>30</sat></trkpt>
  <trkpt lat="35.55156025" lon="139.54092031"><ele>93.374</ele><time>2026-09-13T05:43:29Z</time><sat>33</sat></trkpt>
  <trkpt lat="35.55155772" lon="139.54091949"><ele>93.676</ele><time>2026-09-13T05:43:32Z</time><sat>31</sat></trkpt>
  <trkpt lat="35.55155966" lon="139.54092599"><ele>92.635</ele><time>2026-09-13T05:43:38Z</time><sat>32</sat></trkpt>
  <trkpt lat="35.55151367" lon="139.54093755"><ele>95.412</ele><time>2026-09-13T05:43:43Z</time><sat>32</sat></trkpt>
  <trkpt lat="35.55151078" lon="139.54093197"><ele>96.246</ele><time>2026-09-13T05:43:46Z</time><sat>35</sat></trkpt>
  <trkpt lat="35.55150912" lon="139.54094249"><ele>97.508</ele><time>2026-09-13T05:43:49Z</time><sat>31</sat></trkpt>
  <trkpt lat="35.55150681" lon="139.54096980"><ele>97.190</ele><time>2026-09-13T05:43:53Z</time><sat>25</sat></trkpt>
  <trkpt lat="35.55149952" lon="139.54098635"><ele>97.610</ele><time>2026-09-13T05:43:56Z</time><sat>28</sat></trkpt>
  <trkpt lat="35.55150308" lon="139.54098093"><ele>98.010</ele><time>2026-09-13T05:43:59Z</time><sat>32</sat></trkpt>
  <trkpt lat="35.55150862" lon="139.54098440"><ele>94.229</ele><time>2026-09-13T05:44:02Z</time><sat>36</sat></trkpt>
  <trkpt lat="35.55150551" lon="139.54099742"><ele>94.227</ele><time>2026-09-13T05:44:05Z</time><sat>36</sat></trkpt>
  <trkpt lat="35.55150601" lon="139.54099745"><ele>94.092</ele><time>2026-09-13T05:44:08Z</time><sat>35</sat></trkpt>
  <trkpt lat="35.55150670" lon="139.54098668"><ele>94.029</ele><time>2026-09-13T05:44:11Z</time><sat>35</sat></trkpt>
  <trkpt lat="35.55150172" lon="139.54097736"><ele>94.381</ele><time>2026-09-13T05:44:14Z</time><sat>35</sat></trkpt>
  <trkpt lat="35.55146441" lon="139.54094057"><ele>86.107</ele><time>2026-09-13T05:44:23Z</time><sat>33</sat></trkpt>
  <trkpt lat="35.55147339" lon="139.54087004"><ele>81.980</ele><time>2026-09-13T05:44:35Z</time><sat>36</sat></trkpt>
  <trkpt lat="35.55142021" lon="139.54081663"><ele>80.250</ele><time>2026-09-13T05:44:41Z</time><sat>33</sat></trkpt>
  <trkpt lat="35.55135828" lon="139.54075743"><ele>80.745</ele><time>2026-09-13T05:44:47Z</time><sat>36</sat></trkpt>
  <trkpt lat="35.55130091" lon="139.54070537"><ele>80.519</ele><time>2026-09-13T05:44:53Z</time><sat>36</sat></trkpt>
  <trkpt lat="35.55125405" lon="139.54065021"><ele>81.073</ele><time>2026-09-13T05:44:59Z</time><sat>36</sat></trkpt>
  <trkpt lat="35.55120675" lon="139.54058785"><ele>80.564</ele><time>2026-09-13T05:45:05Z</time><sat>34</sat></trkpt>
  <trkpt lat="35.55115871" lon="139.54053336"><ele>79.962</ele><time>2026-09-13T05:45:11Z</time><sat>32</sat></trkpt>
  <trkpt lat="35.55110629" lon="139.54049102"><ele>79.347</ele><time>2026-09-13T05:45:17Z</time><sat>31</sat></trkpt>
  <trkpt lat="35.55105888" lon="139.54044420"><ele>78.761</ele><time>2026-09-13T05:45:23Z</time><sat>28</sat></trkpt>
  <trkpt lat="35.55099794" lon="139.54039565"><ele>78.047</ele><time>2026-09-13T05:45:30Z</time><sat>25</sat></trkpt>
  <trkpt lat="35.55095146" lon="139.54032738"><ele>77.482</ele><time>2026-09-13T05:45:36Z</time><sat>19</sat></trkpt>
  <trkpt lat="35.55090315" lon="139.54026348"><ele>76.973</ele><time>2026-09-13T05:45:42Z</time><sat>25</sat></trkpt>
  <trkpt lat="35.55083723" lon="139.54021244"><ele>76.875</ele><time>2026-09-13T05:45:48Z</time><sat>25</sat></trkpt>
  <trkpt lat="35.55078522" lon="139.54015111"><ele>76.386</ele><time>2026-09-13T05:45:54Z</time><sat>21</sat></trkpt>
  <trkpt lat="35.55073380" lon="139.54009204"><ele>79.989</ele><time>2026-09-13T05:46:00Z</time><sat>25</sat></trkpt>
  <trkpt lat="35.55068543" lon="139.54003393"><ele>79.676</ele><time>2026-09-13T05:46:06Z</time><sat>30</sat></trkpt>
  <trkpt lat="35.55063732" lon="139.53998101"><ele>78.101</ele><time>2026-09-13T05:46:12Z</time><sat>29</sat></trkpt>
  <trkpt lat="35.55058177" lon="139.53995248"><ele>78.805</ele><time>2026-09-13T05:46:18Z</time><sat>24</sat></trkpt>
  <trkpt lat="35.55051764" lon="139.53990125"><ele>76.506</ele><time>2026-09-13T05:46:24Z</time><sat>30</sat></trkpt>
  <trkpt lat="35.55047410" lon="139.53983765"><ele>74.708</ele><time>2026-09-13T05:46:30Z</time><sat>22</sat></trkpt>
  <trkpt lat="35.55042256" lon="139.53977301"><ele>74.069</ele><time>2026-09-13T05:46:36Z</time><sat>26</sat></trkpt>
  <trkpt lat="35.55036437" lon="139.53973489"><ele>70.903</ele><time>2026-09-13T05:46:42Z</time><sat>24</sat></trkpt>
  <trkpt lat="35.55030992" lon="139.53969373"><ele>67.253</ele><time>2026-09-13T05:46:48Z</time><sat>24</sat></trkpt>
  <trkpt lat="35.55025864" lon="139.53966494"><ele>64.116</ele><time>2026-09-13T05:46:54Z</time><sat>27</sat></trkpt>
  <trkpt lat="35.55019147" lon="139.53964113"><ele>66.167</ele><time>2026-09-13T05:47:00Z</time><sat>27</sat></trkpt>
  <trkpt lat="35.55013562" lon="139.53956564"><ele>67.643</ele><time>2026-09-13T05:47:06Z</time><sat>16</sat></trkpt>
  <trkpt lat="35.55007310" lon="139.53949360"><ele>69.530</ele><time>2026-09-13T05:47:12Z</time><sat>21</sat></trkpt>
  <trkpt lat="35.55004240" lon="139.53945185"><ele>70.472</ele><time>2026-09-13T05:47:15Z</time><sat>27</sat></trkpt>
  <trkpt lat="35.54998537" lon="139.53939137"><ele>68.623</ele><time>2026-09-13T05:47:21Z</time><sat>28</sat></trkpt>
  <trkpt lat="35.54992950" lon="139.53935154"><ele>67.992</ele><time>2026-09-13T05:47:27Z</time><sat>31</sat></trkpt>
  <trkpt lat="35.54987711" lon="139.53927917"><ele>69.605</ele><time>2026-09-13T05:47:33Z</time><sat>32</sat></trkpt>
  <trkpt lat="35.54981580" lon="139.53922569"><ele>67.189</ele><time>2026-09-13T05:47:39Z</time><sat>25</sat></trkpt>
  <trkpt lat="35.54976446" lon="139.53916943"><ele>66.877</ele><time>2026-09-13T05:47:45Z</time><sat>26</sat></trkpt>
  <trkpt lat="35.54970985" lon="139.53916534"><ele>64.427</ele><time>2026-09-13T05:47:51Z</time><sat>28</sat></trkpt>
  <trkpt lat="35.54968283" lon="139.53923527"><ele>64.296</ele><time>2026-09-13T05:47:57Z</time><sat>29</sat></trkpt>
  <trkpt lat="35.54970628" lon="139.53919592"><ele>63.948</ele><time>2026-09-13T05:48:09Z</time><sat>30</sat></trkpt>
  <trkpt lat="35.54970876" lon="139.53919133"><ele>64.296</ele><time>2026-09-13T05:48:12Z</time><sat>31</sat></trkpt>
  <trkpt lat="35.54970952" lon="139.53919337"><ele>63.683</ele><time>2026-09-13T05:48:24Z</time><sat>30</sat></trkpt>
  <trkpt lat="35.54972519" lon="139.53920408"><ele>62.301</ele><time>2026-09-13T05:48:36Z</time><sat>29</sat></trkpt>
  <trkpt lat="35.54972513" lon="139.53920398"><ele>62.295</ele><time>2026-09-13T05:48:45Z</time><sat>26</sat></trkpt>
  <trkpt lat="35.54973389" lon="139.53919620"><ele>61.998</ele><time>2026-09-13T05:48:48Z</time><sat>24</sat></trkpt>
  <trkpt lat="35.54969729" lon="139.53912928"><ele>61.731</ele><time>2026-09-13T05:48:54Z</time><sat>25</sat></trkpt>
  <trkpt lat="35.54965745" lon="139.53906166"><ele>61.654</ele><time>2026-09-13T05:49:00Z</time><sat>31</sat></trkpt>
  <trkpt lat="35.54960460" lon="139.53903513"><ele>62.732</ele><time>2026-09-13T05:49:06Z</time><sat>37</sat></trkpt>
  <trkpt lat="35.54955032" lon="139.53908018"><ele>62.193</ele><time>2026-09-13T05:49:12Z</time><sat>34</sat></trkpt>
  <trkpt lat="35.54949028" lon="139.53912521"><ele>61.556</ele><time>2026-09-13T05:49:18Z</time><sat>35</sat></trkpt>
  <trkpt lat="35.54942920" lon="139.53916276"><ele>61.329</ele><time>2026-09-13T05:49:24Z</time><sat>35</sat></trkpt>
  <trkpt lat="35.54936442" lon="139.53912058"><ele>60.270</ele><time>2026-09-13T05:49:30Z</time><sat>34</sat></trkpt>
  <trkpt lat="35.54930911" lon="139.53905817"><ele>60.249</ele><time>2026-09-13T05:49:36Z</time><sat>34</sat></trkpt>
  <trkpt lat="35.54925743" lon="139.53900573"><ele>61.052</ele><time>2026-09-13T05:49:42Z</time><sat>36</sat></trkpt>
  <trkpt lat="35.54920691" lon="139.53895535"><ele>60.375</ele><time>2026-09-13T05:49:48Z</time><sat>32</sat></trkpt>
  <trkpt lat="35.54916824" lon="139.53890432"><ele>61.138</ele><time>2026-09-13T05:49:54Z</time><sat>35</sat></trkpt>
  <trkpt lat="35.54918804" lon="139.53883574"><ele>62.306</ele><time>2026-09-13T05:50:03Z</time><sat>36</sat></trkpt>
  <trkpt lat="35.54918609" lon="139.53881189"><ele>61.927</ele><time>2026-09-13T05:50:09Z</time><sat>35</sat></trkpt>
  <trkpt lat="35.54919289" lon="139.53880981"><ele>61.538</ele><time>2026-09-13T05:50:12Z</time><sat>35</sat></trkpt>
  <trkpt lat="35.54919662" lon="139.53881429"><ele>61.234</ele><time>2026-09-13T05:50:15Z</time><sat>33</sat></trkpt>
  <trkpt lat="35.54919674" lon="139.53881508"><ele>61.026</ele><time>2026-09-13T05:50:18Z</time><sat>33</sat></trkpt>
  <trkpt lat="35.54919436" lon="139.53882480"><ele>61.120</ele><time>2026-09-13T05:50:21Z</time><sat>33</sat></trkpt>
  <trkpt lat="35.54919184" lon="139.53883340"><ele>61.869</ele><time>2026-09-13T05:50:24Z</time><sat>34</sat></trkpt>
  <trkpt lat="35.54919139" lon="139.53884576"><ele>61.818</ele><time>2026-09-13T05:50:34Z</time><sat>33</sat></trkpt>
  <trkpt lat="35.54919133" lon="139.53884596"><ele>61.751</ele><time>2026-09-13T05:50:37Z</time><sat>35</sat></trkpt>
  <trkpt lat="35.54919174" lon="139.53884325"><ele>61.504</ele><time>2026-09-13T05:50:40Z</time><sat>35</sat></trkpt>
  <trkpt lat="35.54919133" lon="139.53884298"><ele>61.397</ele><time>2026-09-13T05:50:43Z</time><sat>34</sat></trkpt>
  <trkpt lat="35.54919112" lon="139.53884346"><ele>61.394</ele><time>2026-09-13T05:50:46Z</time><sat>35</sat></trkpt>
  <trkpt lat="35.54918477" lon="139.53883432"><ele>61.125</ele><time>2026-09-13T05:50:49Z</time><sat>35</sat></trkpt>
  <trkpt lat="35.54913953" lon="139.53879656"><ele>60.270</ele><time>2026-09-13T05:50:55Z</time><sat>33</sat></trkpt>
  <trkpt lat="35.54908496" lon="139.53875591"><ele>60.238</ele><time>2026-09-13T05:51:01Z</time><sat>34</sat></trkpt>
  <trkpt lat="35.54906355" lon="139.53874361"><ele>60.460</ele><time>2026-09-13T05:51:07Z</time><sat>34</sat></trkpt>
  <trkpt lat="35.54907637" lon="139.53874107"><ele>60.386</ele><time>2026-09-13T05:51:10Z</time><sat>35</sat></trkpt>
  <trkpt lat="35.54907643" lon="139.53873896"><ele>60.354</ele><time>2026-09-13T05:51:13Z</time><sat>36</sat></trkpt>
  <trkpt lat="35.54902284" lon="139.53870577"><ele>60.628</ele><time>2026-09-13T05:51:22Z</time><sat>34</sat></trkpt>
  <trkpt lat="35.54901781" lon="139.53870168"><ele>60.056</ele><time>2026-09-13T05:51:25Z</time><sat>34</sat></trkpt>
  <trkpt lat="35.54903418" lon="139.53872956"><ele>59.476</ele><time>2026-09-13T05:51:28Z</time><sat>34</sat></trkpt>
  <trkpt lat="35.54908182" lon="139.53876053"><ele>60.555</ele><time>2026-09-13T05:51:34Z</time><sat>35</sat></trkpt>
  <trkpt lat="35.54909205" lon="139.53876591"><ele>62.069</ele><time>2026-09-13T05:51:37Z</time><sat>32</sat></trkpt>
  <trkpt lat="35.54908617" lon="139.53875371"><ele>61.101</ele><time>2026-09-13T05:51:40Z</time><sat>33</sat></trkpt>
  <trkpt lat="35.54908433" lon="139.53874967"><ele>61.422</ele><time>2026-09-13T05:51:43Z</time><sat>34</sat></trkpt>
  <trkpt lat="35.54907211" lon="139.53874255"><ele>62.636</ele><time>2026-09-13T05:51:46Z</time><sat>33</sat></trkpt>
  <trkpt lat="35.54907317" lon="139.53874497"><ele>61.889</ele><time>2026-09-13T05:51:49Z</time><sat>32</sat></trkpt>
  <trkpt lat="35.54907364" lon="139.53874642"><ele>61.911</ele><time>2026-09-13T05:51:52Z</time><sat>33</sat></trkpt>
  <trkpt lat="35.54907181" lon="139.53874634"><ele>61.891</ele><time>2026-09-13T05:51:55Z</time><sat>34</sat></trkpt>
  <trkpt lat="35.54906990" lon="139.53874445"><ele>61.773</ele><time>2026-09-13T05:51:58Z</time><sat>33</sat></trkpt>
  <trkpt lat="35.54906767" lon="139.53874535"><ele>61.735</ele><time>2026-09-13T05:52:10Z</time><sat>36</sat></trkpt>
  <trkpt lat="35.54906828" lon="139.53875070"><ele>61.490</ele><time>2026-09-13T05:52:16Z</time><sat>36</sat></trkpt>
  <trkpt lat="35.54906229" lon="139.53875141"><ele>61.365</ele><time>2026-09-13T05:52:19Z</time><sat>34</sat></trkpt>
  <trkpt lat="35.54902467" lon="139.53871843"><ele>61.528</ele><time>2026-09-13T05:52:25Z</time><sat>35</sat></trkpt>
  <trkpt lat="35.54897701" lon="139.53867490"><ele>61.343</ele><time>2026-09-13T05:52:31Z</time><sat>36</sat></trkpt>
  <trkpt lat="35.54891982" lon="139.53864574"><ele>63.257</ele><time>2026-09-13T05:52:37Z</time><sat>37</sat></trkpt>
  <trkpt lat="35.54886525" lon="139.53859411"><ele>64.314</ele><time>2026-09-13T05:52:43Z</time><sat>38</sat></trkpt>
  <trkpt lat="35.54880078" lon="139.53856226"><ele>63.952</ele><time>2026-09-13T05:52:49Z</time><sat>39</sat></trkpt>
  <trkpt lat="35.54875159" lon="139.53852596"><ele>62.885</ele><time>2026-09-13T05:52:55Z</time><sat>39</sat></trkpt>
  <trkpt lat="35.54871088" lon="139.53847838"><ele>62.756</ele><time>2026-09-13T05:53:01Z</time><sat>39</sat></trkpt>
  <trkpt lat="35.54866783" lon="139.53843829"><ele>62.421</ele><time>2026-09-13T05:53:07Z</time><sat>39</sat></trkpt>
  <trkpt lat="35.54861879" lon="139.53839565"><ele>61.963</ele><time>2026-09-13T05:53:13Z</time><sat>39</sat></trkpt>
  <trkpt lat="35.54857034" lon="139.53835138"><ele>61.895</ele><time>2026-09-13T05:53:19Z</time><sat>39</sat></trkpt>
  <trkpt lat="35.54852114" lon="139.53831350"><ele>61.799</ele><time>2026-09-13T05:53:25Z</time><sat>39</sat></trkpt>
  <trkpt lat="35.54847513" lon="139.53826624"><ele>61.847</ele><time>2026-09-13T05:53:31Z</time><sat>39</sat></trkpt>
  <trkpt lat="35.54846813" lon="139.53825898"><ele>62.327</ele><time>2026-09-13T05:53:35Z</time><sat>39</sat></trkpt>
  <trkpt lat="35.54847352" lon="139.53825936"><ele>62.529</ele><time>2026-09-13T05:53:38Z</time><sat>38</sat></trkpt>
  <trkpt lat="35.54846810" lon="139.53824998"><ele>62.344</ele><time>2026-09-13T05:53:41Z</time><sat>38</sat></trkpt>
  <trkpt lat="35.54842825" lon="139.53821241"><ele>61.837</ele><time>2026-09-13T05:53:47Z</time><sat>37</sat></trkpt>
  <trkpt lat="35.54839354" lon="139.53816309"><ele>61.349</ele><time>2026-09-13T05:53:53Z</time><sat>39</sat></trkpt>
  <trkpt lat="35.54834868" lon="139.53811876"><ele>60.466</ele><time>2026-09-13T05:53:59Z</time><sat>37</sat></trkpt>
  <trkpt lat="35.54830695" lon="139.53807392"><ele>59.547</ele><time>2026-09-13T05:54:05Z</time><sat>36</sat></trkpt>
  <trkpt lat="35.54826555" lon="139.53803149"><ele>59.556</ele><time>2026-09-13T05:54:11Z</time><sat>35</sat></trkpt>
  <trkpt lat="35.54822455" lon="139.53798999"><ele>58.674</ele><time>2026-09-13T05:54:17Z</time><sat>36</sat></trkpt>
  <trkpt lat="35.54817494" lon="139.53793816"><ele>58.968</ele><time>2026-09-13T05:54:23Z</time><sat>37</sat></trkpt>
  <trkpt lat="35.54812525" lon="139.53788896"><ele>58.339</ele><time>2026-09-13T05:54:29Z</time><sat>37</sat></trkpt>
  <trkpt lat="35.54807301" lon="139.53784180"><ele>58.760</ele><time>2026-09-13T05:54:35Z</time><sat>36</sat></trkpt>
  <trkpt lat="35.54802035" lon="139.53778904"><ele>58.454</ele><time>2026-09-13T05:54:41Z</time><sat>36</sat></trkpt>
  <trkpt lat="35.54796297" lon="139.53774503"><ele>57.898</ele><time>2026-09-13T05:54:47Z</time><sat>35</sat></trkpt>
  <trkpt lat="35.54790313" lon="139.53769736"><ele>58.210</ele><time>2026-09-13T05:54:53Z</time><sat>36</sat></trkpt>
  <trkpt lat="35.54784844" lon="139.53764974"><ele>58.116</ele><time>2026-09-13T05:54:59Z</time><sat>35</sat></trkpt>
  <trkpt lat="35.54779987" lon="139.53759656"><ele>58.077</ele><time>2026-09-13T05:55:05Z</time><sat>35</sat></trkpt>
  <trkpt lat="35.54775027" lon="139.53754503"><ele>57.981</ele><time>2026-09-13T05:55:11Z</time><sat>35</sat></trkpt>
  <trkpt lat="35.54770266" lon="139.53749551"><ele>57.707</ele><time>2026-09-13T05:55:17Z</time><sat>33</sat></trkpt>
  <trkpt lat="35.54765461" lon="139.53744755"><ele>57.409</ele><time>2026-09-13T05:55:23Z</time><sat>34</sat></trkpt>
  <trkpt lat="35.54760873" lon="139.53740239"><ele>57.870</ele><time>2026-09-13T05:55:29Z</time><sat>35</sat></trkpt>
  <trkpt lat="35.54756279" lon="139.53736012"><ele>57.107</ele><time>2026-09-13T05:55:35Z</time><sat>34</sat></trkpt>
  <trkpt lat="35.54751647" lon="139.53730960"><ele>58.195</ele><time>2026-09-13T05:55:41Z</time><sat>35</sat></trkpt>
  <trkpt lat="35.54747913" lon="139.53725484"><ele>58.257</ele><time>2026-09-13T05:55:47Z</time><sat>35</sat></trkpt>
  <trkpt lat="35.54742482" lon="139.53721881"><ele>58.678</ele><time>2026-09-13T05:55:53Z</time><sat>36</sat></trkpt>
  <trkpt lat="35.54737160" lon="139.53717511"><ele>59.646</ele><time>2026-09-13T05:55:59Z</time><sat>36</sat></trkpt>
  <trkpt lat="35.54734755" lon="139.53711165"><ele>60.341</ele><time>2026-09-13T05:56:05Z</time><sat>37</sat></trkpt>
  <trkpt lat="35.54735072" lon="139.53708232"><ele>58.661</ele><time>2026-09-13T05:56:08Z</time><sat>37</sat></trkpt>
  <trkpt lat="35.54733718" lon="139.53707851"><ele>57.402</ele><time>2026-09-13T05:56:11Z</time><sat>37</sat></trkpt>
  <trkpt lat="35.54732883" lon="139.53708310"><ele>57.903</ele><time>2026-09-13T05:56:14Z</time><sat>37</sat></trkpt>
  <trkpt lat="35.54732523" lon="139.53708653"><ele>57.631</ele><time>2026-09-13T05:56:17Z</time><sat>37</sat></trkpt>
  <trkpt lat="35.54732244" lon="139.53708921"><ele>57.510</ele><time>2026-09-13T05:56:20Z</time><sat>38</sat></trkpt>
  <trkpt lat="35.54731716" lon="139.53708855"><ele>56.895</ele><time>2026-09-13T05:56:26Z</time><sat>37</sat></trkpt>
  <trkpt lat="35.54730324" lon="139.53708910"><ele>56.746</ele><time>2026-09-13T05:56:29Z</time><sat>37</sat></trkpt>
  <trkpt lat="35.54729255" lon="139.53710075"><ele>56.061</ele><time>2026-09-13T05:56:32Z</time><sat>37</sat></trkpt>
  <trkpt lat="35.54728033" lon="139.53711112"><ele>58.179</ele><time>2026-09-13T05:56:43Z</time><sat>38</sat></trkpt>
  <trkpt lat="35.54727598" lon="139.53710654"><ele>59.234</ele><time>2026-09-13T05:56:46Z</time><sat>37</sat></trkpt>
  <trkpt lat="35.54723518" lon="139.53704004"><ele>59.774</ele><time>2026-09-13T05:56:55Z</time><sat>37</sat></trkpt>
  <trkpt lat="35.54717565" lon="139.53699670"><ele>58.853</ele><time>2026-09-13T05:57:01Z</time><sat>38</sat></trkpt>
  <trkpt lat="35.54710687" lon="139.53698708"><ele>59.469</ele><time>2026-09-13T05:57:07Z</time><sat>37</sat></trkpt>
  <trkpt lat="35.54704383" lon="139.53696457"><ele>60.494</ele><time>2026-09-13T05:57:13Z</time><sat>37</sat></trkpt>
  <trkpt lat="35.54699767" lon="139.53691660"><ele>59.799</ele><time>2026-09-13T05:57:19Z</time><sat>34</sat></trkpt>
  <trkpt lat="35.54695873" lon="139.53685621"><ele>58.295</ele><time>2026-09-13T05:57:25Z</time><sat>31</sat></trkpt>
  <trkpt lat="35.54692455" lon="139.53679816"><ele>57.918</ele><time>2026-09-13T05:57:31Z</time><sat>33</sat></trkpt>
  <trkpt lat="35.54691868" lon="139.53678418"><ele>57.365</ele><time>2026-09-13T05:57:34Z</time><sat>33</sat></trkpt>
  <trkpt lat="35.54692210" lon="139.53678327"><ele>57.421</ele><time>2026-09-13T05:57:40Z</time><sat>32</sat></trkpt>
  <trkpt lat="35.54691365" lon="139.53677790"><ele>57.399</ele><time>2026-09-13T05:57:43Z</time><sat>31</sat></trkpt>
  <trkpt lat="35.54689070" lon="139.53672475"><ele>57.885</ele><time>2026-09-13T05:57:49Z</time><sat>33</sat></trkpt>
  <trkpt lat="35.54684153" lon="139.53666326"><ele>57.630</ele><time>2026-09-13T05:57:55Z</time><sat>34</sat></trkpt>
  <trkpt lat="35.54680613" lon="139.53661272"><ele>57.139</ele><time>2026-09-13T05:58:01Z</time><sat>34</sat></trkpt>
  <trkpt lat="35.54675892" lon="139.53656966"><ele>55.927</ele><time>2026-09-13T05:58:07Z</time><sat>29</sat></trkpt>
  <trkpt lat="35.54670499" lon="139.53651876"><ele>56.440</ele><time>2026-09-13T05:58:13Z</time><sat>28</sat></trkpt>
  <trkpt lat="35.54665284" lon="139.53646276"><ele>57.199</ele><time>2026-09-13T05:58:19Z</time><sat>28</sat></trkpt>
  <trkpt lat="35.54659970" lon="139.53640887"><ele>57.796</ele><time>2026-09-13T05:58:25Z</time><sat>28</sat></trkpt>
  <trkpt lat="35.54655200" lon="139.53634915"><ele>58.309</ele><time>2026-09-13T05:58:31Z</time><sat>28</sat></trkpt>
  <trkpt lat="35.54650453" lon="139.53629075"><ele>58.163</ele><time>2026-09-13T05:58:37Z</time><sat>28</sat></trkpt>
  <trkpt lat="35.54645726" lon="139.53623419"><ele>58.487</ele><time>2026-09-13T05:58:43Z</time><sat>25</sat></trkpt>
  <trkpt lat="35.54641150" lon="139.53617903"><ele>58.458</ele><time>2026-09-13T05:58:49Z</time><sat>26</sat></trkpt>
  <trkpt lat="35.54637280" lon="139.53611747"><ele>58.386</ele><time>2026-09-13T05:58:55Z</time><sat>23</sat></trkpt>
  <trkpt lat="35.54633350" lon="139.53605946"><ele>59.178</ele><time>2026-09-13T05:59:01Z</time><sat>25</sat></trkpt>
  <trkpt lat="35.54628634" lon="139.53607188"><ele>61.281</ele><time>2026-09-13T05:59:13Z</time><sat>36</sat></trkpt>
  <trkpt lat="35.54625239" lon="139.53612339"><ele>60.110</ele><time>2026-09-13T05:59:19Z</time><sat>33</sat></trkpt>
  <trkpt lat="35.54620860" lon="139.53616657"><ele>59.454</ele><time>2026-09-13T05:59:25Z</time><sat>22</sat></trkpt>
  <trkpt lat="35.54615421" lon="139.53620345"><ele>59.519</ele><time>2026-09-13T05:59:31Z</time><sat>36</sat></trkpt>
  <trkpt lat="35.54609915" lon="139.53622069"><ele>59.058</ele><time>2026-09-13T05:59:37Z</time><sat>38</sat></trkpt>
  <trkpt lat="35.54604731" lon="139.53616854"><ele>59.018</ele><time>2026-09-13T05:59:43Z</time><sat>38</sat></trkpt>
  <trkpt lat="35.54600110" lon="139.53611014"><ele>59.107</ele><time>2026-09-13T05:59:49Z</time><sat>37</sat></trkpt>
  <trkpt lat="35.54595562" lon="139.53604805"><ele>59.374</ele><time>2026-09-13T05:59:55Z</time><sat>38</sat></trkpt>
  <trkpt lat="35.54591221" lon="139.53598143"><ele>59.950</ele><time>2026-09-13T06:00:01Z</time><sat>37</sat></trkpt>
  <trkpt lat="35.54586972" lon="139.53591593"><ele>59.868</ele><time>2026-09-13T06:00:07Z</time><sat>36</sat></trkpt>
  <trkpt lat="35.54582943" lon="139.53585594"><ele>59.090</ele><time>2026-09-13T06:00:13Z</time><sat>37</sat></trkpt>
  <trkpt lat="35.54580849" lon="139.53578310"><ele>59.122</ele><time>2026-09-13T06:00:19Z</time><sat>38</sat></trkpt>
  <trkpt lat="35.54577607" lon="139.53571704"><ele>58.805</ele><time>2026-09-13T06:00:25Z</time><sat>37</sat></trkpt>
  <trkpt lat="35.54573937" lon="139.53565068"><ele>59.881</ele><time>2026-09-13T06:00:31Z</time><sat>38</sat></trkpt>
  <trkpt lat="35.54570225" lon="139.53558445"><ele>60.120</ele><time>2026-09-13T06:00:37Z</time><sat>37</sat></trkpt>
  <trkpt lat="35.54566518" lon="139.53551967"><ele>58.902</ele><time>2026-09-13T06:00:43Z</time><sat>38</sat></trkpt>
  <trkpt lat="35.54562398" lon="139.53545299"><ele>58.606</ele><time>2026-09-13T06:00:49Z</time><sat>38</sat></trkpt>
  <trkpt lat="35.54559071" lon="139.53538008"><ele>59.172</ele><time>2026-09-13T06:00:55Z</time><sat>38</sat></trkpt>
  <trkpt lat="35.54555807" lon="139.53531000"><ele>60.273</ele><time>2026-09-13T06:01:01Z</time><sat>38</sat></trkpt>
  <trkpt lat="35.54552010" lon="139.53525069"><ele>60.289</ele><time>2026-09-13T06:01:07Z</time><sat>37</sat></trkpt>
  <trkpt lat="35.54550031" lon="139.53518971"><ele>60.809</ele><time>2026-09-13T06:01:13Z</time><sat>37</sat></trkpt>
  <trkpt lat="35.54547179" lon="139.53518295"><ele>59.969</ele><time>2026-09-13T06:01:25Z</time><sat>38</sat></trkpt>
  <trkpt lat="35.54542573" lon="139.53521844"><ele>60.665</ele><time>2026-09-13T06:01:34Z</time><sat>38</sat></trkpt>
  <trkpt lat="35.54542335" lon="139.53516037"><ele>60.848</ele><time>2026-09-13T06:01:46Z</time><sat>39</sat></trkpt>
  <trkpt lat="35.54536484" lon="139.53513478"><ele>61.037</ele><time>2026-09-13T06:01:52Z</time><sat>39</sat></trkpt>
  <trkpt lat="35.54531770" lon="139.53509265"><ele>61.771</ele><time>2026-09-13T06:01:58Z</time><sat>38</sat></trkpt>
  <trkpt lat="35.54527967" lon="139.53502748"><ele>62.055</ele><time>2026-09-13T06:02:04Z</time><sat>38</sat></trkpt>
  <trkpt lat="35.54524030" lon="139.53495867"><ele>62.771</ele><time>2026-09-13T06:02:10Z</time><sat>37</sat></trkpt>
  <trkpt lat="35.54519685" lon="139.53489758"><ele>63.628</ele><time>2026-09-13T06:02:16Z</time><sat>35</sat></trkpt>
  <trkpt lat="35.54515638" lon="139.53483980"><ele>64.102</ele><time>2026-09-13T06:02:22Z</time><sat>34</sat></trkpt>
  <trkpt lat="35.54511364" lon="139.53477178"><ele>65.714</ele><time>2026-09-13T06:02:29Z</time><sat>35</sat></trkpt>
  <trkpt lat="35.54512225" lon="139.53470086"><ele>65.681</ele><time>2026-09-13T06:02:35Z</time><sat>33</sat></trkpt>
  <trkpt lat="35.54515033" lon="139.53463253"><ele>64.952</ele><time>2026-09-13T06:02:41Z</time><sat>31</sat></trkpt>
  <trkpt lat="35.54518147" lon="139.53456056"><ele>64.494</ele><time>2026-09-13T06:02:47Z</time><sat>33</sat></trkpt>
  <trkpt lat="35.54520337" lon="139.53448074"><ele>64.432</ele><time>2026-09-13T06:02:53Z</time><sat>34</sat></trkpt>
  <trkpt lat="35.54522535" lon="139.53440587"><ele>65.101</ele><time>2026-09-13T06:02:59Z</time><sat>32</sat></trkpt>
  <trkpt lat="35.54522785" lon="139.53433094"><ele>64.586</ele><time>2026-09-13T06:03:05Z</time><sat>33</sat></trkpt>
  <trkpt lat="35.54522413" lon="139.53425996"><ele>64.415</ele><time>2026-09-13T06:03:11Z</time><sat>24</sat></trkpt>
  <trkpt lat="35.54521511" lon="139.53418506"><ele>63.571</ele><time>2026-09-13T06:03:17Z</time><sat>25</sat></trkpt>
  <trkpt lat="35.54520386" lon="139.53411740"><ele>63.255</ele><time>2026-09-13T06:03:23Z</time><sat>25</sat></trkpt>
  <trkpt lat="35.54518366" lon="139.53406105"><ele>62.393</ele><time>2026-09-13T06:03:29Z</time><sat>32</sat></trkpt>
  <trkpt lat="35.54518103" lon="139.53406450"><ele>62.370</ele><time>2026-09-13T06:03:32Z</time><sat>32</sat></trkpt>
  <trkpt lat="35.54518147" lon="139.53407178"><ele>61.776</ele><time>2026-09-13T06:03:38Z</time><sat>27</sat></trkpt>
  <trkpt lat="35.54517964" lon="139.53407007"><ele>61.952</ele><time>2026-09-13T06:03:41Z</time><sat>27</sat></trkpt>
  <trkpt lat="35.54517957" lon="139.53406808"><ele>61.638</ele><time>2026-09-13T06:03:44Z</time><sat>27</sat></trkpt>
  <trkpt lat="35.54517657" lon="139.53405521"><ele>61.386</ele><time>2026-09-13T06:03:48Z</time><sat>26</sat></trkpt>
  <trkpt lat="35.54517821" lon="139.53405371"><ele>61.500</ele><time>2026-09-13T06:03:51Z</time><sat>26</sat></trkpt>
  <trkpt lat="35.54517991" lon="139.53405460"><ele>61.492</ele><time>2026-09-13T06:03:57Z</time><sat>30</sat></trkpt>
  <trkpt lat="35.54518034" lon="139.53403509"><ele>61.877</ele><time>2026-09-13T06:04:00Z</time><sat>29</sat></trkpt>
  <trkpt lat="35.54515926" lon="139.53396290"><ele>62.213</ele><time>2026-09-13T06:04:06Z</time><sat>30</sat></trkpt>
  <trkpt lat="35.54513308" lon="139.53389259"><ele>62.716</ele><time>2026-09-13T06:04:12Z</time><sat>30</sat></trkpt>
  <trkpt lat="35.54510492" lon="139.53384211"><ele>62.288</ele><time>2026-09-13T06:04:18Z</time><sat>30</sat></trkpt>
  <trkpt lat="35.54507935" lon="139.53375566"><ele>65.463</ele><time>2026-09-13T06:04:24Z</time><sat>24</sat></trkpt>
  <trkpt lat="35.54505904" lon="139.53366056"><ele>66.740</ele><time>2026-09-13T06:04:30Z</time><sat>34</sat></trkpt>
  <trkpt lat="35.54503451" lon="139.53358536"><ele>66.788</ele><time>2026-09-13T06:04:36Z</time><sat>26</sat></trkpt>
  <trkpt lat="35.54501969" lon="139.53351634"><ele>67.527</ele><time>2026-09-13T06:04:42Z</time><sat>27</sat></trkpt>
  <trkpt lat="35.54497986" lon="139.53346901"><ele>66.780</ele><time>2026-09-13T06:04:48Z</time><sat>29</sat></trkpt>
  <trkpt lat="35.54494240" lon="139.53339722"><ele>64.852</ele><time>2026-09-13T06:04:57Z</time><sat>25</sat></trkpt>
  <trkpt lat="35.54493790" lon="139.53331747"><ele>67.505</ele><time>2026-09-13T06:05:03Z</time><sat>30</sat></trkpt>
  <trkpt lat="35.54493347" lon="139.53323796"><ele>68.667</ele><time>2026-09-13T06:05:09Z</time><sat>29</sat></trkpt>
  <trkpt lat="35.54488994" lon="139.53317055"><ele>67.366</ele><time>2026-09-13T06:05:18Z</time><sat>26</sat></trkpt>
  <trkpt lat="35.54484305" lon="139.53311179"><ele>65.203</ele><time>2026-09-13T06:05:27Z</time><sat>17</sat></trkpt>
  <trkpt lat="35.54484556" lon="139.53303192"><ele>63.683</ele><time>2026-09-13T06:05:33Z</time><sat>16</sat></trkpt>
  <trkpt lat="35.54483458" lon="139.53296623"><ele>68.065</ele><time>2026-09-13T06:05:36Z</time><sat>18</sat></trkpt>
  <trkpt lat="35.54481053" lon="139.53288188"><ele>69.838</ele><time>2026-09-13T06:05:42Z</time><sat>26</sat></trkpt>
  <trkpt lat="35.54476944" lon="139.53283179"><ele>70.638</ele><time>2026-09-13T06:05:48Z</time><sat>36</sat></trkpt>
  <trkpt lat="35.54476524" lon="139.53276842"><ele>70.150</ele><time>2026-09-13T06:05:54Z</time><sat>34</sat></trkpt>
  <trkpt lat="35.54475230" lon="139.53268732"><ele>73.168</ele><time>2026-09-13T06:06:00Z</time><sat>27</sat></trkpt>
  <trkpt lat="35.54472538" lon="139.53262663"><ele>73.061</ele><time>2026-09-13T06:06:06Z</time><sat>28</sat></trkpt>
  <trkpt lat="35.54470473" lon="139.53255798"><ele>75.405</ele><time>2026-09-13T06:06:12Z</time><sat>26</sat></trkpt>
  <trkpt lat="35.54467631" lon="139.53249488"><ele>75.833</ele><time>2026-09-13T06:06:18Z</time><sat>27</sat></trkpt>
  <trkpt lat="35.54465777" lon="139.53242260"><ele>78.790</ele><time>2026-09-13T06:06:24Z</time><sat>21</sat></trkpt>
  <trkpt lat="35.54464700" lon="139.53235381"><ele>79.684</ele><time>2026-09-13T06:06:30Z</time><sat>27</sat></trkpt>
  <trkpt lat="35.54462076" lon="139.53229988"><ele>80.168</ele><time>2026-09-13T06:06:36Z</time><sat>25</sat></trkpt>
  <trkpt lat="35.54460095" lon="139.53223243"><ele>79.978</ele><time>2026-09-13T06:06:42Z</time><sat>26</sat></trkpt>
  <trkpt lat="35.54457248" lon="139.53218099"><ele>79.511</ele><time>2026-09-13T06:06:48Z</time><sat>24</sat></trkpt>
  <trkpt lat="35.54454894" lon="139.53212774"><ele>79.442</ele><time>2026-09-13T06:06:54Z</time><sat>28</sat></trkpt>
  <trkpt lat="35.54452519" lon="139.53207150"><ele>79.636</ele><time>2026-09-13T06:07:00Z</time><sat>29</sat></trkpt>
  <trkpt lat="35.54449773" lon="139.53201293"><ele>80.158</ele><time>2026-09-13T06:07:06Z</time><sat>28</sat></trkpt>
  <trkpt lat="35.54445761" lon="139.53194600"><ele>80.197</ele><time>2026-09-13T06:07:15Z</time><sat>25</sat></trkpt>
  <trkpt lat="35.54444221" lon="139.53185582"><ele>80.594</ele><time>2026-09-13T06:07:21Z</time><sat>22</sat></trkpt>
  <trkpt lat="35.54441731" lon="139.53176139"><ele>81.757</ele><time>2026-09-13T06:07:27Z</time><sat>21</sat></trkpt>
  <trkpt lat="35.54438533" lon="139.53169162"><ele>81.832</ele><time>2026-09-13T06:07:33Z</time><sat>22</sat></trkpt>
  <trkpt lat="35.54434997" lon="139.53163254"><ele>83.711</ele><time>2026-09-13T06:07:39Z</time><sat>20</sat></trkpt>
  <trkpt lat="35.54433613" lon="139.53156773"><ele>84.683</ele><time>2026-09-13T06:07:45Z</time><sat>22</sat></trkpt>
  <trkpt lat="35.54430931" lon="139.53148987"><ele>85.901</ele><time>2026-09-13T06:07:51Z</time><sat>19</sat></trkpt>
  <trkpt lat="35.54427856" lon="139.53141647"><ele>86.132</ele><time>2026-09-13T06:07:57Z</time><sat>18</sat></trkpt>
  <trkpt lat="35.54424489" lon="139.53135025"><ele>87.103</ele><time>2026-09-13T06:08:03Z</time><sat>19</sat></trkpt>
  <trkpt lat="35.54422055" lon="139.53127804"><ele>87.491</ele><time>2026-09-13T06:08:09Z</time><sat>23</sat></trkpt>
  <trkpt lat="35.54418915" lon="139.53121977"><ele>86.614</ele><time>2026-09-13T06:08:15Z</time><sat>21</sat></trkpt>
  <trkpt lat="35.54417247" lon="139.53114187"><ele>87.520</ele><time>2026-09-13T06:08:21Z</time><sat>26</sat></trkpt>
  <trkpt lat="35.54415044" lon="139.53105797"><ele>88.138</ele><time>2026-09-13T06:08:27Z</time><sat>23</sat></trkpt>
  <trkpt lat="35.54413180" lon="139.53097837"><ele>88.110</ele><time>2026-09-13T06:08:33Z</time><sat>19</sat></trkpt>
  <trkpt lat="35.54410974" lon="139.53090155"><ele>88.937</ele><time>2026-09-13T06:08:39Z</time><sat>20</sat></trkpt>
  <trkpt lat="35.54408932" lon="139.53083420"><ele>87.728</ele><time>2026-09-13T06:08:45Z</time><sat>24</sat></trkpt>
  <trkpt lat="35.54406238" lon="139.53076289"><ele>86.826</ele><time>2026-09-13T06:08:51Z</time><sat>21</sat></trkpt>
  <trkpt lat="35.54403330" lon="139.53067990"><ele>86.354</ele><time>2026-09-13T06:08:57Z</time><sat>18</sat></trkpt>
  <trkpt lat="35.54400853" lon="139.53060074"><ele>85.924</ele><time>2026-09-13T06:09:03Z</time><sat>19</sat></trkpt>
  <trkpt lat="35.54398790" lon="139.53051134"><ele>86.905</ele><time>2026-09-13T06:09:09Z</time><sat>21</sat></trkpt>
  <trkpt lat="35.54396825" lon="139.53042632"><ele>86.371</ele><time>2026-09-13T06:09:15Z</time><sat>20</sat></trkpt>
  <trkpt lat="35.54394395" lon="139.53035343"><ele>86.262</ele><time>2026-09-13T06:09:21Z</time><sat>25</sat></trkpt>
  <trkpt lat="35.54393450" lon="139.53028435"><ele>87.571</ele><time>2026-09-13T06:09:27Z</time><sat>33</sat></trkpt>
  <trkpt lat="35.54393050" lon="139.53020766"><ele>86.975</ele><time>2026-09-13T06:09:33Z</time><sat>32</sat></trkpt>
  <trkpt lat="35.54391388" lon="139.53013317"><ele>87.247</ele><time>2026-09-13T06:09:39Z</time><sat>27</sat></trkpt>
  <trkpt lat="35.54388720" lon="139.53005489"><ele>87.270</ele><time>2026-09-13T06:09:45Z</time><sat>27</sat></trkpt>
  <trkpt lat="35.54387784" lon="139.52997964"><ele>87.028</ele><time>2026-09-13T06:09:51Z</time><sat>26</sat></trkpt>
  <trkpt lat="35.54385963" lon="139.52990779"><ele>87.344</ele><time>2026-09-13T06:09:57Z</time><sat>31</sat></trkpt>
  <trkpt lat="35.54382981" lon="139.52984413"><ele>87.610</ele><time>2026-09-13T06:10:03Z</time><sat>36</sat></trkpt>
  <trkpt lat="35.54379691" lon="139.52977664"><ele>87.624</ele><time>2026-09-13T06:10:09Z</time><sat>35</sat></trkpt>
  <trkpt lat="35.54376706" lon="139.52970235"><ele>87.058</ele><time>2026-09-13T06:10:15Z</time><sat>33</sat></trkpt>
  <trkpt lat="35.54374841" lon="139.52962096"><ele>86.180</ele><time>2026-09-13T06:10:21Z</time><sat>30</sat></trkpt>
  <trkpt lat="35.54372621" lon="139.52954281"><ele>85.592</ele><time>2026-09-13T06:10:27Z</time><sat>28</sat></trkpt>
  <trkpt lat="35.54370519" lon="139.52946726"><ele>85.085</ele><time>2026-09-13T06:10:33Z</time><sat>27</sat></trkpt>
  <trkpt lat="35.54368451" lon="139.52937684"><ele>84.955</ele><time>2026-09-13T06:10:40Z</time><sat>27</sat></trkpt>
  <trkpt lat="35.54366194" lon="139.52930299"><ele>85.175</ele><time>2026-09-13T06:10:46Z</time><sat>26</sat></trkpt>
  <trkpt lat="35.54363787" lon="139.52922189"><ele>84.900</ele><time>2026-09-13T06:10:52Z</time><sat>29</sat></trkpt>
  <trkpt lat="35.54361383" lon="139.52914344"><ele>84.339</ele><time>2026-09-13T06:10:58Z</time><sat>31</sat></trkpt>
  <trkpt lat="35.54358631" lon="139.52907038"><ele>83.406</ele><time>2026-09-13T06:11:04Z</time><sat>35</sat></trkpt>
  <trkpt lat="35.54357056" lon="139.52899875"><ele>83.151</ele><time>2026-09-13T06:11:10Z</time><sat>35</sat></trkpt>
  <trkpt lat="35.54355259" lon="139.52891249"><ele>82.176</ele><time>2026-09-13T06:11:22Z</time><sat>35</sat></trkpt>
  <trkpt lat="35.54353711" lon="139.52883653"><ele>81.367</ele><time>2026-09-13T06:11:28Z</time><sat>33</sat></trkpt>
  <trkpt lat="35.54352442" lon="139.52876256"><ele>80.750</ele><time>2026-09-13T06:11:34Z</time><sat>35</sat></trkpt>
  <trkpt lat="35.54349782" lon="139.52867454"><ele>80.197</ele><time>2026-09-13T06:11:41Z</time><sat>34</sat></trkpt>
  <trkpt lat="35.54346879" lon="139.52859755"><ele>79.128</ele><time>2026-09-13T06:11:47Z</time><sat>32</sat></trkpt>
  <trkpt lat="35.54344753" lon="139.52852078"><ele>79.013</ele><time>2026-09-13T06:11:53Z</time><sat>29</sat></trkpt>
  <trkpt lat="35.54342859" lon="139.52845005"><ele>78.447</ele><time>2026-09-13T06:11:59Z</time><sat>31</sat></trkpt>
  <trkpt lat="35.54340369" lon="139.52838911"><ele>77.851</ele><time>2026-09-13T06:12:05Z</time><sat>30</sat></trkpt>
  <trkpt lat="35.54336153" lon="139.52834159"><ele>78.619</ele><time>2026-09-13T06:12:11Z</time><sat>32</sat></trkpt>
  <trkpt lat="35.54330015" lon="139.52836951"><ele>79.666</ele><time>2026-09-13T06:12:20Z</time><sat>33</sat></trkpt>
  <trkpt lat="35.54329108" lon="139.52840245"><ele>80.090</ele><time>2026-09-13T06:12:23Z</time><sat>32</sat></trkpt>
  <trkpt lat="35.54330234" lon="139.52843035"><ele>79.962</ele><time>2026-09-13T06:12:28Z</time><sat>32</sat></trkpt>
  <trkpt lat="35.54331402" lon="139.52843190"><ele>80.117</ele><time>2026-09-13T06:12:40Z</time><sat>32</sat></trkpt>
  <trkpt lat="35.54331111" lon="139.52842485"><ele>80.077</ele><time>2026-09-13T06:12:43Z</time><sat>32</sat></trkpt>
  <trkpt lat="35.54331316" lon="139.52841477"><ele>80.059</ele><time>2026-09-13T06:12:46Z</time><sat>33</sat></trkpt>
  <trkpt lat="35.54331617" lon="139.52841347"><ele>80.085</ele><time>2026-09-13T06:12:49Z</time><sat>33</sat></trkpt>
  <trkpt lat="35.54333440" lon="139.52835884"><ele>80.391</ele><time>2026-09-13T06:12:58Z</time><sat>33</sat></trkpt>
  <trkpt lat="35.54332915" lon="139.52834960"><ele>79.684</ele><time>2026-09-13T06:13:01Z</time><sat>33</sat></trkpt>
  <trkpt lat="35.54332348" lon="139.52834448"><ele>79.464</ele><time>2026-09-13T06:13:04Z</time><sat>34</sat></trkpt>
  <trkpt lat="35.54329777" lon="139.52834196"><ele>78.799</ele><time>2026-09-13T06:13:08Z</time><sat>34</sat></trkpt>
  <trkpt lat="35.54323380" lon="139.52834913"><ele>80.094</ele><time>2026-09-13T06:13:14Z</time><sat>33</sat></trkpt>
  <trkpt lat="35.54315527" lon="139.52834215"><ele>81.602</ele><time>2026-09-13T06:13:20Z</time><sat>34</sat></trkpt>
  <trkpt lat="35.54310170" lon="139.52830000"><ele>81.255</ele><time>2026-09-13T06:13:26Z</time><sat>35</sat></trkpt>
  <trkpt lat="35.54312080" lon="139.52821183"><ele>79.479</ele><time>2026-09-13T06:13:32Z</time><sat>35</sat></trkpt>
  <trkpt lat="35.54314553" lon="139.52813781"><ele>76.910</ele><time>2026-09-13T06:13:38Z</time><sat>35</sat></trkpt>
  <trkpt lat="35.54320863" lon="139.52814525"><ele>76.393</ele><time>2026-09-13T06:13:44Z</time><sat>34</sat></trkpt>
  <trkpt lat="35.54328409" lon="139.52815001"><ele>76.885</ele><time>2026-09-13T06:13:50Z</time><sat>35</sat></trkpt>
  <trkpt lat="35.54334228" lon="139.52813720"><ele>77.454</ele><time>2026-09-13T06:13:56Z</time><sat>35</sat></trkpt>
  <trkpt lat="35.54334385" lon="139.52814341"><ele>79.096</ele><time>2026-09-13T06:13:59Z</time><sat>33</sat></trkpt>
  <trkpt lat="35.54334235" lon="139.52814756"><ele>79.147</ele><time>2026-09-13T06:14:03Z</time><sat>30</sat></trkpt>
  <trkpt lat="35.54334156" lon="139.52814809"><ele>79.171</ele><time>2026-09-13T06:14:15Z</time><sat>18</sat></trkpt>
  <trkpt lat="35.54333829" lon="139.52815002"><ele>79.624</ele><time>2026-09-13T06:14:27Z</time><sat>19</sat></trkpt>
  <trkpt lat="35.54333491" lon="139.52814824"><ele>80.044</ele><time>2026-09-13T06:14:39Z</time><sat>20</sat></trkpt>
  <trkpt lat="35.54333317" lon="139.52814384"><ele>79.778</ele><time>2026-09-13T06:14:51Z</time><sat>20</sat></trkpt>
  <trkpt lat="35.54333607" lon="139.52813809"><ele>79.201</ele><time>2026-09-13T06:15:03Z</time><sat>22</sat></trkpt>
  <trkpt lat="35.54333386" lon="139.52814185"><ele>79.736</ele><time>2026-09-13T06:15:06Z</time><sat>24</sat></trkpt>
  <trkpt lat="35.54327712" lon="139.52816485"><ele>79.852</ele><time>2026-09-13T06:15:12Z</time><sat>35</sat></trkpt>
  <trkpt lat="35.54321273" lon="139.52815922"><ele>78.748</ele><time>2026-09-13T06:15:18Z</time><sat>34</sat></trkpt>
  <trkpt lat="35.54314399" lon="139.52814810"><ele>78.626</ele><time>2026-09-13T06:15:24Z</time><sat>33</sat></trkpt>
  <trkpt lat="35.54310770" lon="139.52809954"><ele>80.959</ele><time>2026-09-13T06:15:30Z</time><sat>35</sat></trkpt>
  <trkpt lat="35.54312709" lon="139.52803050"><ele>81.749</ele><time>2026-09-13T06:15:36Z</time><sat>34</sat></trkpt>
  <trkpt lat="35.54315758" lon="139.52795773"><ele>82.037</ele><time>2026-09-13T06:15:42Z</time><sat>32</sat></trkpt>
  <trkpt lat="35.54317701" lon="139.52788453"><ele>81.956</ele><time>2026-09-13T06:15:48Z</time><sat>31</sat></trkpt>
  <trkpt lat="35.54318855" lon="139.52780666"><ele>82.272</ele><time>2026-09-13T06:15:54Z</time><sat>32</sat></trkpt>
  <trkpt lat="35.54317568" lon="139.52772812"><ele>82.499</ele><time>2026-09-13T06:16:00Z</time><sat>31</sat></trkpt>
  <trkpt lat="35.54315813" lon="139.52764918"><ele>83.066</ele><time>2026-09-13T06:16:06Z</time><sat>32</sat></trkpt>
  <trkpt lat="35.54313636" lon="139.52757082"><ele>83.755</ele><time>2026-09-13T06:16:12Z</time><sat>32</sat></trkpt>
  <trkpt lat="35.54312093" lon="139.52750052"><ele>84.217</ele><time>2026-09-13T06:16:18Z</time><sat>34</sat></trkpt>
  <trkpt lat="35.54311422" lon="139.52742851"><ele>83.197</ele><time>2026-09-13T06:16:24Z</time><sat>32</sat></trkpt>
  <trkpt lat="35.54313279" lon="139.52735404"><ele>82.585</ele><time>2026-09-13T06:16:30Z</time><sat>35</sat></trkpt>
  <trkpt lat="35.54316632" lon="139.52728437"><ele>82.520</ele><time>2026-09-13T06:16:36Z</time><sat>36</sat></trkpt>
  <trkpt lat="35.54322035" lon="139.52723592"><ele>83.026</ele><time>2026-09-13T06:16:42Z</time><sat>36</sat></trkpt>
  <trkpt lat="35.54322583" lon="139.52716195"><ele>83.889</ele><time>2026-09-13T06:16:48Z</time><sat>36</sat></trkpt>
  <trkpt lat="35.54321556" lon="139.52710393"><ele>83.714</ele><time>2026-09-13T06:16:53Z</time><sat>36</sat></trkpt>
  <trkpt lat="35.54320341" lon="139.52703392"><ele>83.879</ele><time>2026-09-13T06:16:59Z</time><sat>34</sat></trkpt>
  <trkpt lat="35.54319733" lon="139.52696541"><ele>83.675</ele><time>2026-09-13T06:17:05Z</time><sat>33</sat></trkpt>
  <trkpt lat="35.54318753" lon="139.52688811"><ele>82.479</ele><time>2026-09-13T06:17:11Z</time><sat>28</sat></trkpt>
  <trkpt lat="35.54317984" lon="139.52680758"><ele>81.759</ele><time>2026-09-13T06:17:17Z</time><sat>30</sat></trkpt>
  <trkpt lat="35.54316853" lon="139.52672331"><ele>80.736</ele><time>2026-09-13T06:17:23Z</time><sat>31</sat></trkpt>
  <trkpt lat="35.54316477" lon="139.52664113"><ele>79.890</ele><time>2026-09-13T06:17:29Z</time><sat>28</sat></trkpt>
  <trkpt lat="35.54316866" lon="139.52655728"><ele>80.208</ele><time>2026-09-13T06:17:35Z</time><sat>33</sat></trkpt>
  <trkpt lat="35.54315783" lon="139.52647680"><ele>80.675</ele><time>2026-09-13T06:17:41Z</time><sat>29</sat></trkpt>
  <trkpt lat="35.54313806" lon="139.52640617"><ele>80.002</ele><time>2026-09-13T06:17:47Z</time><sat>25</sat></trkpt>
  <trkpt lat="35.54312628" lon="139.52632881"><ele>80.006</ele><time>2026-09-13T06:17:53Z</time><sat>23</sat></trkpt>
  <trkpt lat="35.54311685" lon="139.52624839"><ele>79.877</ele><time>2026-09-13T06:17:59Z</time><sat>26</sat></trkpt>
  <trkpt lat="35.54310058" lon="139.52616769"><ele>80.021</ele><time>2026-09-13T06:18:05Z</time><sat>28</sat></trkpt>
  <trkpt lat="35.54308927" lon="139.52608894"><ele>78.770</ele><time>2026-09-13T06:18:11Z</time><sat>29</sat></trkpt>
  <trkpt lat="35.54308441" lon="139.52600760"><ele>78.345</ele><time>2026-09-13T06:18:17Z</time><sat>29</sat></trkpt>
  <trkpt lat="35.54306977" lon="139.52592828"><ele>77.964</ele><time>2026-09-13T06:18:23Z</time><sat>31</sat></trkpt>
  <trkpt lat="35.54305384" lon="139.52584919"><ele>76.451</ele><time>2026-09-13T06:18:29Z</time><sat>29</sat></trkpt>
  <trkpt lat="35.54305339" lon="139.52577446"><ele>76.653</ele><time>2026-09-13T06:18:35Z</time><sat>25</sat></trkpt>
  <trkpt lat="35.54305569" lon="139.52569401"><ele>75.656</ele><time>2026-09-13T06:18:41Z</time><sat>31</sat></trkpt>
  <trkpt lat="35.54305767" lon="139.52562085"><ele>75.854</ele><time>2026-09-13T06:18:47Z</time><sat>27</sat></trkpt>
  <trkpt lat="35.54309689" lon="139.52555326"><ele>76.170</ele><time>2026-09-13T06:18:53Z</time><sat>32</sat></trkpt>
  <trkpt lat="35.54306500" lon="139.52548588"><ele>75.758</ele><time>2026-09-13T06:18:59Z</time><sat>31</sat></trkpt>
  <trkpt lat="35.54302169" lon="139.52542769"><ele>75.955</ele><time>2026-09-13T06:19:05Z</time><sat>29</sat></trkpt>
  <trkpt lat="35.54298566" lon="139.52536115"><ele>77.171</ele><time>2026-09-13T06:19:11Z</time><sat>27</sat></trkpt>
  <trkpt lat="35.54298405" lon="139.52528958"><ele>76.895</ele><time>2026-09-13T06:19:17Z</time><sat>30</sat></trkpt>
  <trkpt lat="35.54298830" lon="139.52522266"><ele>76.670</ele><time>2026-09-13T06:19:23Z</time><sat>28</sat></trkpt>
  <trkpt lat="35.54299222" lon="139.52522324"><ele>77.169</ele><time>2026-09-13T06:19:26Z</time><sat>32</sat></trkpt>
  <trkpt lat="35.54300585" lon="139.52521666"><ele>78.685</ele><time>2026-09-13T06:19:38Z</time><sat>33</sat></trkpt>
  <trkpt lat="35.54300805" lon="139.52521210"><ele>78.451</ele><time>2026-09-13T06:19:41Z</time><sat>33</sat></trkpt>
  <trkpt lat="35.54300537" lon="139.52521321"><ele>78.470</ele><time>2026-09-13T06:19:44Z</time><sat>34</sat></trkpt>
  <trkpt lat="35.54300346" lon="139.52521467"><ele>78.524</ele><time>2026-09-13T06:19:53Z</time><sat>35</sat></trkpt>
  <trkpt lat="35.54299656" lon="139.52520008"><ele>78.686</ele><time>2026-09-13T06:19:56Z</time><sat>34</sat></trkpt>
  <trkpt lat="35.54298429" lon="139.52514668"><ele>78.580</ele><time>2026-09-13T06:20:02Z</time><sat>33</sat></trkpt>
  <trkpt lat="35.54297803" lon="139.52508812"><ele>78.361</ele><time>2026-09-13T06:20:08Z</time><sat>34</sat></trkpt>
  <trkpt lat="35.54296641" lon="139.52502505"><ele>78.864</ele><time>2026-09-13T06:20:14Z</time><sat>35</sat></trkpt>
  <trkpt lat="35.54295114" lon="139.52495038"><ele>78.917</ele><time>2026-09-13T06:20:20Z</time><sat>35</sat></trkpt>
  <trkpt lat="35.54293727" lon="139.52487595"><ele>79.153</ele><time>2026-09-13T06:20:26Z</time><sat>34</sat></trkpt>
  <trkpt lat="35.54293006" lon="139.52479504"><ele>80.873</ele><time>2026-09-13T06:20:32Z</time><sat>35</sat></trkpt>
  <trkpt lat="35.54293543" lon="139.52471422"><ele>81.428</ele><time>2026-09-13T06:20:38Z</time><sat>35</sat></trkpt>
  <trkpt lat="35.54293854" lon="139.52464080"><ele>82.087</ele><time>2026-09-13T06:20:44Z</time><sat>35</sat></trkpt>
  <trkpt lat="35.54294921" lon="139.52456939"><ele>81.910</ele><time>2026-09-13T06:20:50Z</time><sat>36</sat></trkpt>
  <trkpt lat="35.54297077" lon="139.52449687"><ele>81.811</ele><time>2026-09-13T06:20:56Z</time><sat>36</sat></trkpt>
  <trkpt lat="35.54297164" lon="139.52442519"><ele>82.111</ele><time>2026-09-13T06:21:02Z</time><sat>34</sat></trkpt>
  <trkpt lat="35.54297170" lon="139.52435237"><ele>81.581</ele><time>2026-09-13T06:21:09Z</time><sat>32</sat></trkpt>
  <trkpt lat="35.54298422" lon="139.52429903"><ele>83.336</ele><time>2026-09-13T06:21:15Z</time><sat>35</sat></trkpt>
  <trkpt lat="35.54298999" lon="139.52423060"><ele>82.579</ele><time>2026-09-13T06:21:21Z</time><sat>34</sat></trkpt>
  <trkpt lat="35.54297014" lon="139.52415837"><ele>81.812</ele><time>2026-09-13T06:21:27Z</time><sat>34</sat></trkpt>
  <trkpt lat="35.54296358" lon="139.52408654"><ele>81.587</ele><time>2026-09-13T06:21:33Z</time><sat>29</sat></trkpt>
  <trkpt lat="35.54297290" lon="139.52401151"><ele>81.191</ele><time>2026-09-13T06:21:39Z</time><sat>30</sat></trkpt>
  <trkpt lat="35.54295744" lon="139.52392904"><ele>80.907</ele><time>2026-09-13T06:21:45Z</time><sat>31</sat></trkpt>
  <trkpt lat="35.54295035" lon="139.52390818"><ele>79.097</ele><time>2026-09-13T06:21:48Z</time><sat>35</sat></trkpt>
  <trkpt lat="35.54294852" lon="139.52390483"><ele>79.400</ele><time>2026-09-13T06:21:51Z</time><sat>35</sat></trkpt>
  <trkpt lat="35.54294102" lon="139.52390197"><ele>79.533</ele><time>2026-09-13T06:22:03Z</time><sat>29</sat></trkpt>
  <trkpt lat="35.54293852" lon="139.52390675"><ele>79.360</ele><time>2026-09-13T06:22:15Z</time><sat>32</sat></trkpt>
  <trkpt lat="35.54293598" lon="139.52390960"><ele>79.486</ele><time>2026-09-13T06:22:27Z</time><sat>32</sat></trkpt>
  <trkpt lat="35.54293534" lon="139.52391309"><ele>79.440</ele><time>2026-09-13T06:22:39Z</time><sat>27</sat></trkpt>
  <trkpt lat="35.54293600" lon="139.52391302"><ele>79.419</ele><time>2026-09-13T06:22:51Z</time><sat>31</sat></trkpt>
  <trkpt lat="35.54293624" lon="139.52391284"><ele>79.427</ele><time>2026-09-13T06:23:03Z</time><sat>32</sat></trkpt>
  <trkpt lat="35.54293627" lon="139.52391272"><ele>79.442</ele><time>2026-09-13T06:23:06Z</time><sat>33</sat></trkpt>
  <trkpt lat="35.54293585" lon="139.52391618"><ele>79.468</ele><time>2026-09-13T06:23:09Z</time><sat>32</sat></trkpt>
  <trkpt lat="35.54293505" lon="139.52391883"><ele>79.473</ele><time>2026-09-13T06:23:12Z</time><sat>34</sat></trkpt>
  <trkpt lat="35.54292810" lon="139.52391612"><ele>79.321</ele><time>2026-09-13T06:23:24Z</time><sat>32</sat></trkpt>
  <trkpt lat="35.54292743" lon="139.52391638"><ele>79.302</ele><time>2026-09-13T06:23:36Z</time><sat>34</sat></trkpt>
  <trkpt lat="35.54292696" lon="139.52391693"><ele>79.304</ele><time>2026-09-13T06:23:48Z</time><sat>33</sat></trkpt>
  <trkpt lat="35.54292632" lon="139.52391744"><ele>79.346</ele><time>2026-09-13T06:23:59Z</time><sat>33</sat></trkpt>
  <trkpt lat="35.54292588" lon="139.52391740"><ele>80.775</ele><time>2026-09-13T06:24:05Z</time><sat>34</sat></trkpt>
  <trkpt lat="35.54292595" lon="139.52391786"><ele>80.589</ele><time>2026-09-13T06:24:08Z</time><sat>34</sat></trkpt>
  <trkpt lat="35.54292396" lon="139.52391802"><ele>80.550</ele><time>2026-09-13T06:24:13Z</time><sat>33</sat></trkpt>
  <trkpt lat="35.54292357" lon="139.52391779"><ele>80.535</ele><time>2026-09-13T06:24:25Z</time><sat>33</sat></trkpt>
  <trkpt lat="35.54292338" lon="139.52391799"><ele>80.548</ele><time>2026-09-13T06:24:37Z</time><sat>30</sat></trkpt>
  <trkpt lat="35.54292247" lon="139.52391772"><ele>80.973</ele><time>2026-09-13T06:24:47Z</time><sat>33</sat></trkpt>
  <trkpt lat="35.54292211" lon="139.52391744"><ele>81.007</ele><time>2026-09-13T06:24:59Z</time><sat>32</sat></trkpt>
  <trkpt lat="35.54292170" lon="139.52391717"><ele>81.044</ele><time>2026-09-13T06:25:11Z</time><sat>28</sat></trkpt>
  <trkpt lat="35.54291680" lon="139.52392042"><ele>81.609</ele><time>2026-09-13T06:25:23Z</time><sat>34</sat></trkpt>
  <trkpt lat="35.54291496" lon="139.52391678"><ele>81.399</ele><time>2026-09-13T06:25:35Z</time><sat>35</sat></trkpt>
  <trkpt lat="35.54291481" lon="139.52391651"><ele>81.419</ele><time>2026-09-13T06:25:38Z</time><sat>34</sat></trkpt>
  <trkpt lat="35.54291716" lon="139.52391566"><ele>81.257</ele><time>2026-09-13T06:25:41Z</time><sat>34</sat></trkpt>
  <trkpt lat="35.54291847" lon="139.52391554"><ele>81.263</ele><time>2026-09-13T06:25:44Z</time><sat>34</sat></trkpt>
  <trkpt lat="35.54291819" lon="139.52391533"><ele>81.288</ele><time>2026-09-13T06:25:56Z</time><sat>33</sat></trkpt>
  <trkpt lat="35.54291911" lon="139.52391333"><ele>80.969</ele><time>2026-09-13T06:26:08Z</time><sat>31</sat></trkpt>
  <trkpt lat="35.54291983" lon="139.52391070"><ele>81.217</ele><time>2026-09-13T06:26:11Z</time><sat>32</sat></trkpt>
  <trkpt lat="35.54291915" lon="139.52390766"><ele>81.540</ele><time>2026-09-13T06:26:14Z</time><sat>32</sat></trkpt>
  <trkpt lat="35.54291728" lon="139.52390604"><ele>81.540</ele><time>2026-09-13T06:26:17Z</time><sat>34</sat></trkpt>
  <trkpt lat="35.54291675" lon="139.52390593"><ele>81.542</ele><time>2026-09-13T06:26:29Z</time><sat>33</sat></trkpt>
  <trkpt lat="35.54291565" lon="139.52390635"><ele>81.568</ele><time>2026-09-13T06:26:41Z</time><sat>35</sat></trkpt>
  <trkpt lat="35.54291549" lon="139.52390661"><ele>81.546</ele><time>2026-09-13T06:26:53Z</time><sat>28</sat></trkpt>
  <trkpt lat="35.54291546" lon="139.52390670"><ele>81.542</ele><time>2026-09-13T06:27:05Z</time><sat>32</sat></trkpt>
  <trkpt lat="35.54291165" lon="139.52390750"><ele>82.132</ele><time>2026-09-13T06:27:17Z</time><sat>34</sat></trkpt>
  <trkpt lat="35.54290841" lon="139.52390917"><ele>82.029</ele><time>2026-09-13T06:27:29Z</time><sat>32</sat></trkpt>
  <trkpt lat="35.54290861" lon="139.52391029"><ele>82.070</ele><time>2026-09-13T06:27:42Z</time><sat>32</sat></trkpt>
  <trkpt lat="35.54290801" lon="139.52391090"><ele>82.121</ele><time>2026-09-13T06:27:54Z</time><sat>32</sat></trkpt>
  <trkpt lat="35.54290733" lon="139.52391106"><ele>82.144</ele><time>2026-09-13T06:28:06Z</time><sat>32</sat></trkpt>
  <trkpt lat="35.54290703" lon="139.52391126"><ele>82.143</ele><time>2026-09-13T06:28:18Z</time><sat>30</sat></trkpt>
  <trkpt lat="35.54290642" lon="139.52391113"><ele>82.167</ele><time>2026-09-13T06:28:30Z</time><sat>31</sat></trkpt>
  <trkpt lat="35.54290624" lon="139.52391118"><ele>82.199</ele><time>2026-09-13T06:28:41Z</time><sat>33</sat></trkpt>
  <trkpt lat="35.54290617" lon="139.52391162"><ele>82.203</ele><time>2026-09-13T06:28:52Z</time><sat>33</sat></trkpt>
  <trkpt lat="35.54290598" lon="139.52391206"><ele>82.245</ele><time>2026-09-13T06:29:04Z</time><sat>33</sat></trkpt>
  <trkpt lat="35.54290575" lon="139.52391207"><ele>82.202</ele><time>2026-09-13T06:29:16Z</time><sat>35</sat></trkpt>
  <trkpt lat="35.54290518" lon="139.52391241"><ele>82.229</ele><time>2026-09-13T06:29:28Z</time><sat>33</sat></trkpt>
  <trkpt lat="35.54290495" lon="139.52391273"><ele>82.271</ele><time>2026-09-13T06:29:40Z</time><sat>31</sat></trkpt>
  <trkpt lat="35.54290484" lon="139.52391315"><ele>82.245</ele><time>2026-09-13T06:29:52Z</time><sat>32</sat></trkpt>
  <trkpt lat="35.54290473" lon="139.52391352"><ele>82.217</ele><time>2026-09-13T06:30:04Z</time><sat>35</sat></trkpt>
  <trkpt lat="35.54290462" lon="139.52391385"><ele>82.217</ele><time>2026-09-13T06:30:16Z</time><sat>33</sat></trkpt>
  <trkpt lat="35.54290464" lon="139.52391421"><ele>82.284</ele><time>2026-09-13T06:30:28Z</time><sat>32</sat></trkpt>
  <trkpt lat="35.54290457" lon="139.52391458"><ele>82.288</ele><time>2026-09-13T06:30:34Z</time><sat>32</sat></trkpt>
  <trkpt lat="35.54290580" lon="139.52391639"><ele>82.463</ele><time>2026-09-13T06:30:37Z</time><sat>32</sat></trkpt>
  <trkpt lat="35.54290831" lon="139.52391884"><ele>82.472</ele><time>2026-09-13T06:30:40Z</time><sat>35</sat></trkpt>
  <trkpt lat="35.54290870" lon="139.52392000"><ele>82.520</ele><time>2026-09-13T06:30:52Z</time><sat>36</sat></trkpt>
  <trkpt lat="35.54290880" lon="139.52391938"><ele>82.899</ele><time>2026-09-13T06:30:55Z</time><sat>37</sat></trkpt>
  <trkpt lat="35.54290597" lon="139.52392035"><ele>83.110</ele><time>2026-09-13T06:30:58Z</time><sat>36</sat></trkpt>
  <trkpt lat="35.54294512" lon="139.52385251"><ele>82.178</ele><time>2026-09-13T06:31:07Z</time><sat>34</sat></trkpt>
  <trkpt lat="35.54294565" lon="139.52377319"><ele>82.412</ele><time>2026-09-13T06:31:13Z</time><sat>34</sat></trkpt>
  <trkpt lat="35.54295013" lon="139.52368771"><ele>82.065</ele><time>2026-09-13T06:31:19Z</time><sat>34</sat></trkpt>
  <trkpt lat="35.54294656" lon="139.52360899"><ele>83.845</ele><time>2026-09-13T06:31:25Z</time><sat>34</sat></trkpt>
  <trkpt lat="35.54294442" lon="139.52352332"><ele>83.911</ele><time>2026-09-13T06:31:31Z</time><sat>34</sat></trkpt>
  <trkpt lat="35.54292753" lon="139.52344371"><ele>86.460</ele><time>2026-09-13T06:31:37Z</time><sat>34</sat></trkpt>
  <trkpt lat="35.54293903" lon="139.52337181"><ele>86.060</ele><time>2026-09-13T06:31:43Z</time><sat>33</sat></trkpt>
  <trkpt lat="35.54294378" lon="139.52328789"><ele>87.462</ele><time>2026-09-13T06:31:49Z</time><sat>36</sat></trkpt>
  <trkpt lat="35.54294168" lon="139.52322983"><ele>88.272</ele><time>2026-09-13T06:31:55Z</time><sat>34</sat></trkpt>
  <trkpt lat="35.54296476" lon="139.52314703"><ele>87.760</ele><time>2026-09-13T06:32:04Z</time><sat>33</sat></trkpt>
  <trkpt lat="35.54297988" lon="139.52306621"><ele>88.678</ele><time>2026-09-13T06:32:10Z</time><sat>34</sat></trkpt>
  <trkpt lat="35.54296610" lon="139.52297720"><ele>89.064</ele><time>2026-09-13T06:32:16Z</time><sat>32</sat></trkpt>
  <trkpt lat="35.54295320" lon="139.52288672"><ele>90.773</ele><time>2026-09-13T06:32:22Z</time><sat>30</sat></trkpt>
  <trkpt lat="35.54293440" lon="139.52280362"><ele>91.500</ele><time>2026-09-13T06:32:28Z</time><sat>26</sat></trkpt>
  <trkpt lat="35.54291541" lon="139.52272637"><ele>92.306</ele><time>2026-09-13T06:32:34Z</time><sat>29</sat></trkpt>
  <trkpt lat="35.54289973" lon="139.52264766"><ele>92.514</ele><time>2026-09-13T06:32:40Z</time><sat>30</sat></trkpt>
  <trkpt lat="35.54288776" lon="139.52256503"><ele>93.303</ele><time>2026-09-13T06:32:46Z</time><sat>30</sat></trkpt>
  <trkpt lat="35.54287242" lon="139.52248399"><ele>94.533</ele><time>2026-09-13T06:32:52Z</time><sat>30</sat></trkpt>
  <trkpt lat="35.54283742" lon="139.52241120"><ele>94.805</ele><time>2026-09-13T06:32:58Z</time><sat>32</sat></trkpt>
  <trkpt lat="35.54279484" lon="139.52234364"><ele>94.846</ele><time>2026-09-13T06:33:04Z</time><sat>31</sat></trkpt>
  <trkpt lat="35.54279233" lon="139.52226672"><ele>94.801</ele><time>2026-09-13T06:33:10Z</time><sat>33</sat></trkpt>
  <trkpt lat="35.54275237" lon="139.52219730"><ele>94.913</ele><time>2026-09-13T06:33:16Z</time><sat>32</sat></trkpt>
  <trkpt lat="35.54270729" lon="139.52212910"><ele>95.487</ele><time>2026-09-13T06:33:22Z</time><sat>31</sat></trkpt>
  <trkpt lat="35.54265495" lon="139.52206885"><ele>96.735</ele><time>2026-09-13T06:33:28Z</time><sat>31</sat></trkpt>
  <trkpt lat="35.54261661" lon="139.52200212"><ele>97.663</ele><time>2026-09-13T06:33:34Z</time><sat>33</sat></trkpt>
  <trkpt lat="35.54257063" lon="139.52193421"><ele>98.262</ele><time>2026-09-13T06:33:40Z</time><sat>33</sat></trkpt>
  <trkpt lat="35.54253057" lon="139.52187161"><ele>99.275</ele><time>2026-09-13T06:33:46Z</time><sat>31</sat></trkpt>
  <trkpt lat="35.54253020" lon="139.52178799"><ele>99.060</ele><time>2026-09-13T06:33:52Z</time><sat>31</sat></trkpt>
  <trkpt lat="35.54257649" lon="139.52172376"><ele>99.992</ele><time>2026-09-13T06:33:58Z</time><sat>30</sat></trkpt>
  <trkpt lat="35.54265040" lon="139.52173342"><ele>99.581</ele><time>2026-09-13T06:34:04Z</time><sat>31</sat></trkpt>
  <trkpt lat="35.54271964" lon="139.52174973"><ele>99.705</ele><time>2026-09-13T06:34:10Z</time><sat>30</sat></trkpt>
  <trkpt lat="35.54279229" lon="139.52176992"><ele>99.628</ele><time>2026-09-13T06:34:16Z</time><sat>31</sat></trkpt>
  <trkpt lat="35.54286646" lon="139.52177124"><ele>98.783</ele><time>2026-09-13T06:34:22Z</time><sat>35</sat></trkpt>
  <trkpt lat="35.54293208" lon="139.52174248"><ele>98.832</ele><time>2026-09-13T06:34:28Z</time><sat>36</sat></trkpt>
  <trkpt lat="35.54299073" lon="139.52169270"><ele>98.761</ele><time>2026-09-13T06:34:34Z</time><sat>39</sat></trkpt>
  <trkpt lat="35.54304818" lon="139.52164818"><ele>98.727</ele><time>2026-09-13T06:34:40Z</time><sat>39</sat></trkpt>
  <trkpt lat="35.54310665" lon="139.52160143"><ele>98.751</ele><time>2026-09-13T06:34:46Z</time><sat>37</sat></trkpt>
  <trkpt lat="35.54316899" lon="139.52155997"><ele>98.725</ele><time>2026-09-13T06:34:52Z</time><sat>38</sat></trkpt>
  <trkpt lat="35.54322535" lon="139.52151527"><ele>98.422</ele><time>2026-09-13T06:34:58Z</time><sat>39</sat></trkpt>
  <trkpt lat="35.54326348" lon="139.52146154"><ele>97.926</ele><time>2026-09-13T06:35:04Z</time><sat>38</sat></trkpt>
  <trkpt lat="35.54329423" lon="139.52139280"><ele>97.682</ele><time>2026-09-13T06:35:10Z</time><sat>37</sat></trkpt>
  <trkpt lat="35.54333647" lon="139.52132825"><ele>97.339</ele><time>2026-09-13T06:35:16Z</time><sat>38</sat></trkpt>
  <trkpt lat="35.54331481" lon="139.52125787"><ele>96.911</ele><time>2026-09-13T06:35:22Z</time><sat>35</sat></trkpt>
  <trkpt lat="35.54332428" lon="139.52117589"><ele>94.624</ele><time>2026-09-13T06:35:28Z</time><sat>34</sat></trkpt>
  <trkpt lat="35.54330473" lon="139.52109429"><ele>92.479</ele><time>2026-09-13T06:35:34Z</time><sat>29</sat></trkpt>
  <trkpt lat="35.54329408" lon="139.52101201"><ele>91.772</ele><time>2026-09-13T06:35:40Z</time><sat>26</sat></trkpt>
  <trkpt lat="35.54329548" lon="139.52092519"><ele>92.231</ele><time>2026-09-13T06:35:46Z</time><sat>24</sat></trkpt>
  <trkpt lat="35.54328740" lon="139.52083380"><ele>90.772</ele><time>2026-09-13T06:35:52Z</time><sat>25</sat></trkpt>
  <trkpt lat="35.54328069" lon="139.52073821"><ele>91.908</ele><time>2026-09-13T06:35:58Z</time><sat>23</sat></trkpt>
  <trkpt lat="35.54326455" lon="139.52064574"><ele>91.781</ele><time>2026-09-13T06:36:04Z</time><sat>26</sat></trkpt>
  <trkpt lat="35.54325560" lon="139.52056294"><ele>93.471</ele><time>2026-09-13T06:36:10Z</time><sat>22</sat></trkpt>
  <trkpt lat="35.54325103" lon="139.52047923"><ele>92.864</ele><time>2026-09-13T06:36:16Z</time><sat>22</sat></trkpt>
  <trkpt lat="35.54324258" lon="139.52039912"><ele>92.214</ele><time>2026-09-13T06:36:22Z</time><sat>19</sat></trkpt>
  <trkpt lat="35.54324167" lon="139.52031926"><ele>91.915</ele><time>2026-09-13T06:36:28Z</time><sat>19</sat></trkpt>
  <trkpt lat="35.54323136" lon="139.52025138"><ele>88.109</ele><time>2026-09-13T06:36:34Z</time><sat>21</sat></trkpt>
  <trkpt lat="35.54323088" lon="139.52017184"><ele>89.181</ele><time>2026-09-13T06:36:40Z</time><sat>25</sat></trkpt>
  <trkpt lat="35.54323226" lon="139.52008241"><ele>89.771</ele><time>2026-09-13T06:36:46Z</time><sat>25</sat></trkpt>
  <trkpt lat="35.54324216" lon="139.51999754"><ele>90.240</ele><time>2026-09-13T06:36:52Z</time><sat>22</sat></trkpt>
  <trkpt lat="35.54325522" lon="139.51991964"><ele>90.572</ele><time>2026-09-13T06:36:58Z</time><sat>33</sat></trkpt>
  <trkpt lat="35.54325232" lon="139.51983907"><ele>91.700</ele><time>2026-09-13T06:37:04Z</time><sat>25</sat></trkpt>
  <trkpt lat="35.54325024" lon="139.51975074"><ele>92.872</ele><time>2026-09-13T06:37:10Z</time><sat>28</sat></trkpt>
  <trkpt lat="35.54325576" lon="139.51966061"><ele>94.690</ele><time>2026-09-13T06:37:16Z</time><sat>29</sat></trkpt>
  <trkpt lat="35.54325665" lon="139.51957101"><ele>94.692</ele><time>2026-09-13T06:37:22Z</time><sat>27</sat></trkpt>
  <trkpt lat="35.54325733" lon="139.51950158"><ele>93.333</ele><time>2026-09-13T06:37:28Z</time><sat>27</sat></trkpt>
  <trkpt lat="35.54325904" lon="139.51943092"><ele>94.538</ele><time>2026-09-13T06:37:34Z</time><sat>28</sat></trkpt>
  <trkpt lat="35.54326541" lon="139.51936094"><ele>97.923</ele><time>2026-09-13T06:37:40Z</time><sat>27</sat></trkpt>
  <trkpt lat="35.54327057" lon="139.51928335"><ele>97.257</ele><time>2026-09-13T06:37:46Z</time><sat>31</sat></trkpt>
  <trkpt lat="35.54326609" lon="139.51921151"><ele>95.561</ele><time>2026-09-13T06:37:52Z</time><sat>30</sat></trkpt>
  <trkpt lat="35.54325589" lon="139.51913315"><ele>97.372</ele><time>2026-09-13T06:37:58Z</time><sat>31</sat></trkpt>
  <trkpt lat="35.54326032" lon="139.51905827"><ele>96.760</ele><time>2026-09-13T06:38:04Z</time><sat>28</sat></trkpt>
  <trkpt lat="35.54326036" lon="139.51898258"><ele>96.339</ele><time>2026-09-13T06:38:10Z</time><sat>29</sat></trkpt>
  <trkpt lat="35.54326839" lon="139.51891243"><ele>96.387</ele><time>2026-09-13T06:38:16Z</time><sat>34</sat></trkpt>
  <trkpt lat="35.54328479" lon="139.51883791"><ele>96.237</ele><time>2026-09-13T06:38:22Z</time><sat>32</sat></trkpt>
  <trkpt lat="35.54328281" lon="139.51875048"><ele>96.119</ele><time>2026-09-13T06:38:28Z</time><sat>35</sat></trkpt>
  <trkpt lat="35.54326748" lon="139.51866595"><ele>96.019</ele><time>2026-09-13T06:38:34Z</time><sat>35</sat></trkpt>
  <trkpt lat="35.54325828" lon="139.51858398"><ele>94.595</ele><time>2026-09-13T06:38:40Z</time><sat>36</sat></trkpt>
  <trkpt lat="35.54324772" lon="139.51850106"><ele>93.634</ele><time>2026-09-13T06:38:46Z</time><sat>34</sat></trkpt>
  <trkpt lat="35.54323966" lon="139.51840923"><ele>94.314</ele><time>2026-09-13T06:38:52Z</time><sat>37</sat></trkpt>
  <trkpt lat="35.54322415" lon="139.51830262"><ele>92.738</ele><time>2026-09-13T06:38:58Z</time><sat>34</sat></trkpt>
  <trkpt lat="35.54320875" lon="139.51820434"><ele>91.602</ele><time>2026-09-13T06:39:04Z</time><sat>34</sat></trkpt>
  <trkpt lat="35.54319588" lon="139.51811791"><ele>91.075</ele><time>2026-09-13T06:39:10Z</time><sat>34</sat></trkpt>
  <trkpt lat="35.54319279" lon="139.51810305"><ele>91.053</ele><time>2026-09-13T06:39:13Z</time><sat>38</sat></trkpt>
  <trkpt lat="35.54319417" lon="139.51810392"><ele>90.946</ele><time>2026-09-13T06:39:16Z</time><sat>35</sat></trkpt>
  <trkpt lat="35.54318946" lon="139.51810655"><ele>91.290</ele><time>2026-09-13T06:39:19Z</time><sat>34</sat></trkpt>
  <trkpt lat="35.54318520" lon="139.51804900"><ele>91.409</ele><time>2026-09-13T06:39:25Z</time><sat>35</sat></trkpt>
  <trkpt lat="35.54318938" lon="139.51798230"><ele>91.716</ele><time>2026-09-13T06:39:31Z</time><sat>38</sat></trkpt>
  <trkpt lat="35.54320399" lon="139.51791270"><ele>90.811</ele><time>2026-09-13T06:39:37Z</time><sat>36</sat></trkpt>
  <trkpt lat="35.54322555" lon="139.51783774"><ele>90.260</ele><time>2026-09-13T06:39:43Z</time><sat>36</sat></trkpt>
  <trkpt lat="35.54327298" lon="139.51777519"><ele>89.562</ele><time>2026-09-13T06:39:49Z</time><sat>36</sat></trkpt>
  <trkpt lat="35.54333378" lon="139.51774590"><ele>88.533</ele><time>2026-09-13T06:39:55Z</time><sat>36</sat></trkpt>
  <trkpt lat="35.54340588" lon="139.51774158"><ele>87.603</ele><time>2026-09-13T06:40:01Z</time><sat>37</sat></trkpt>
  <trkpt lat="35.54344477" lon="139.51769092"><ele>88.298</ele><time>2026-09-13T06:40:07Z</time><sat>36</sat></trkpt>
  <trkpt lat="35.54343723" lon="139.51762980"><ele>88.553</ele><time>2026-09-13T06:40:13Z</time><sat>37</sat></trkpt>
  <trkpt lat="35.54342000" lon="139.51757223"><ele>87.867</ele><time>2026-09-13T06:40:19Z</time><sat>35</sat></trkpt>
  <trkpt lat="35.54341456" lon="139.51750019"><ele>84.514</ele><time>2026-09-13T06:40:28Z</time><sat>33</sat></trkpt>
  <trkpt lat="35.54340961" lon="139.51741112"><ele>83.192</ele><time>2026-09-13T06:40:37Z</time><sat>36</sat></trkpt>
  <trkpt lat="35.54340014" lon="139.51733997"><ele>83.365</ele><time>2026-09-13T06:40:43Z</time><sat>31</sat></trkpt>
  <trkpt lat="35.54340429" lon="139.51727386"><ele>80.683</ele><time>2026-09-13T06:40:52Z</time><sat>31</sat></trkpt>
  <trkpt lat="35.54340529" lon="139.51719757"><ele>80.354</ele><time>2026-09-13T06:41:01Z</time><sat>30</sat></trkpt>
  <trkpt lat="35.54337422" lon="139.51712139"><ele>78.229</ele><time>2026-09-13T06:41:07Z</time><sat>27</sat></trkpt>
  <trkpt lat="35.54332663" lon="139.51709894"><ele>79.960</ele><time>2026-09-13T06:41:13Z</time><sat>21</sat></trkpt>
  <trkpt lat="35.54328464" lon="139.51705095"><ele>79.479</ele><time>2026-09-13T06:41:23Z</time><sat>30</sat></trkpt>
  <trkpt lat="35.54327669" lon="139.51697602"><ele>80.761</ele><time>2026-09-13T06:41:29Z</time><sat>28</sat></trkpt>
  <trkpt lat="35.54332568" lon="139.51691076"><ele>79.047</ele><time>2026-09-13T06:41:38Z</time><sat>29</sat></trkpt>
  <trkpt lat="35.54338933" lon="139.51687074"><ele>77.709</ele><time>2026-09-13T06:41:44Z</time><sat>24</sat></trkpt>
  <trkpt lat="35.54342418" lon="139.51690806"><ele>71.921</ele><time>2026-09-13T06:41:56Z</time><sat>26</sat></trkpt>
  <trkpt lat="35.54344599" lon="139.51688066"><ele>76.018</ele><time>2026-09-13T06:42:02Z</time><sat>31</sat></trkpt>
  <trkpt lat="35.54346011" lon="139.51686863"><ele>77.239</ele><time>2026-09-13T06:42:05Z</time><sat>35</sat></trkpt>
  <trkpt lat="35.54346233" lon="139.51685996"><ele>78.418</ele><time>2026-09-13T06:42:17Z</time><sat>27</sat></trkpt>
  <trkpt lat="35.54346742" lon="139.51685789"><ele>80.242</ele><time>2026-09-13T06:42:27Z</time><sat>31</sat></trkpt>
  <trkpt lat="35.54344733" lon="139.51685398"><ele>79.677</ele><time>2026-09-13T06:42:39Z</time><sat>33</sat></trkpt>
  <trkpt lat="35.54344193" lon="139.51684016"><ele>81.715</ele><time>2026-09-13T06:42:51Z</time><sat>30</sat></trkpt>
  <trkpt lat="35.54344012" lon="139.51683128"><ele>83.388</ele><time>2026-09-13T06:42:54Z</time><sat>30</sat></trkpt>
  <trkpt lat="35.54343587" lon="139.51682531"><ele>81.970</ele><time>2026-09-13T06:42:57Z</time><sat>33</sat></trkpt>
  <trkpt lat="35.54343330" lon="139.51682554"><ele>82.607</ele><time>2026-09-13T06:43:00Z</time><sat>32</sat></trkpt>
  <trkpt lat="35.54343325" lon="139.51682719"><ele>82.700</ele><time>2026-09-13T06:43:03Z</time><sat>32</sat></trkpt>
  <trkpt lat="35.54343495" lon="139.51682500"><ele>83.859</ele><time>2026-09-13T06:43:06Z</time><sat>31</sat></trkpt>
  <trkpt lat="35.54343044" lon="139.51683258"><ele>84.163</ele><time>2026-09-13T06:43:09Z</time><sat>28</sat></trkpt>
  <trkpt lat="35.54342226" lon="139.51683650"><ele>84.227</ele><time>2026-09-13T06:43:13Z</time><sat>28</sat></trkpt>
  <trkpt lat="35.54342062" lon="139.51683228"><ele>85.461</ele><time>2026-09-13T06:43:25Z</time><sat>32</sat></trkpt>
  <trkpt lat="35.54343367" lon="139.51682155"><ele>84.920</ele><time>2026-09-13T06:43:34Z</time><sat>29</sat></trkpt>
  <trkpt lat="35.54342396" lon="139.51681374"><ele>83.924</ele><time>2026-09-13T06:43:37Z</time><sat>27</sat></trkpt>
  <trkpt lat="35.54335235" lon="139.51684414"><ele>77.555</ele><time>2026-09-13T06:43:46Z</time><sat>24</sat></trkpt>
  <trkpt lat="35.54331746" lon="139.51680750"><ele>78.471</ele><time>2026-09-13T06:43:49Z</time><sat>28</sat></trkpt>
  <trkpt lat="35.54330106" lon="139.51671063"><ele>81.825</ele><time>2026-09-13T06:43:52Z</time><sat>31</sat></trkpt>
  <trkpt lat="35.54329536" lon="139.51663055"><ele>81.460</ele><time>2026-09-13T06:43:55Z</time><sat>33</sat></trkpt>
  <trkpt lat="35.54329223" lon="139.51655728"><ele>81.278</ele><time>2026-09-13T06:43:58Z</time><sat>35</sat></trkpt>
  <trkpt lat="35.54330298" lon="139.51648101"><ele>79.712</ele><time>2026-09-13T06:44:01Z</time><sat>35</sat></trkpt>
  <trkpt lat="35.54331235" lon="139.51638815"><ele>80.650</ele><time>2026-09-13T06:44:04Z</time><sat>37</sat></trkpt>
  <trkpt lat="35.54328762" lon="139.51629911"><ele>80.772</ele><time>2026-09-13T06:44:07Z</time><sat>36</sat></trkpt>
  <trkpt lat="35.54327686" lon="139.51624255"><ele>77.954</ele><time>2026-09-13T06:44:10Z</time><sat>35</sat></trkpt>
  <trkpt lat="35.54327944" lon="139.51617028"><ele>76.253</ele><time>2026-09-13T06:44:16Z</time><sat>31</sat></trkpt>
  <trkpt lat="35.54328303" lon="139.51609994"><ele>77.379</ele><time>2026-09-13T06:44:22Z</time><sat>31</sat></trkpt>
  <trkpt lat="35.54329864" lon="139.51603551"><ele>78.308</ele><time>2026-09-13T06:44:28Z</time><sat>33</sat></trkpt>
  <trkpt lat="35.54329991" lon="139.51596527"><ele>78.495</ele><time>2026-09-13T06:44:34Z</time><sat>33</sat></trkpt>
  <trkpt lat="35.54331516" lon="139.51588554"><ele>78.637</ele><time>2026-09-13T06:44:40Z</time><sat>30</sat></trkpt>
  <trkpt lat="35.54332263" lon="139.51581197"><ele>77.739</ele><time>2026-09-13T06:44:46Z</time><sat>34</sat></trkpt>
  <trkpt lat="35.54331787" lon="139.51573536"><ele>76.760</ele><time>2026-09-13T06:44:52Z</time><sat>35</sat></trkpt>
  <trkpt lat="35.54330117" lon="139.51565603"><ele>76.348</ele><time>2026-09-13T06:44:58Z</time><sat>37</sat></trkpt>
  <trkpt lat="35.54329725" lon="139.51557790"><ele>76.626</ele><time>2026-09-13T06:45:04Z</time><sat>37</sat></trkpt>
  <trkpt lat="35.54328004" lon="139.51549517"><ele>76.187</ele><time>2026-09-13T06:45:10Z</time><sat>36</sat></trkpt>
  <trkpt lat="35.54323271" lon="139.51542620"><ele>77.231</ele><time>2026-09-13T06:45:16Z</time><sat>36</sat></trkpt>
  <trkpt lat="35.54316428" lon="139.51541068"><ele>76.279</ele><time>2026-09-13T06:45:22Z</time><sat>34</sat></trkpt>
  <trkpt lat="35.54309136" lon="139.51541921"><ele>75.438</ele><time>2026-09-13T06:45:28Z</time><sat>32</sat></trkpt>
  <trkpt lat="35.54302725" lon="139.51543164"><ele>75.520</ele><time>2026-09-13T06:45:34Z</time><sat>32</sat></trkpt>
  <trkpt lat="35.54295620" lon="139.51544579"><ele>76.816</ele><time>2026-09-13T06:45:40Z</time><sat>31</sat></trkpt>
  <trkpt lat="35.54288810" lon="139.51544983"><ele>77.795</ele><time>2026-09-13T06:45:46Z</time><sat>32</sat></trkpt>
  <trkpt lat="35.54282600" lon="139.51544581"><ele>77.419</ele><time>2026-09-13T06:45:52Z</time><sat>33</sat></trkpt>
  <trkpt lat="35.54275279" lon="139.51543212"><ele>77.019</ele><time>2026-09-13T06:45:58Z</time><sat>30</sat></trkpt>
  <trkpt lat="35.54270222" lon="139.51539257"><ele>78.894</ele><time>2026-09-13T06:46:04Z</time><sat>34</sat></trkpt>
  <trkpt lat="35.54264568" lon="139.51536891"><ele>79.475</ele><time>2026-09-13T06:46:10Z</time><sat>33</sat></trkpt>
  <trkpt lat="35.54261997" lon="139.51531856"><ele>78.573</ele><time>2026-09-13T06:46:16Z</time><sat>34</sat></trkpt>
  <trkpt lat="35.54260028" lon="139.51524974"><ele>78.487</ele><time>2026-09-13T06:46:22Z</time><sat>32</sat></trkpt>
  <trkpt lat="35.54259132" lon="139.51516805"><ele>77.411</ele><time>2026-09-13T06:46:28Z</time><sat>32</sat></trkpt>
  <trkpt lat="35.54260008" lon="139.51508383"><ele>78.897</ele><time>2026-09-13T06:46:34Z</time><sat>32</sat></trkpt>
  <trkpt lat="35.54260078" lon="139.51495211"><ele>78.063</ele><time>2026-09-13T06:46:44Z</time><sat>32</sat></trkpt>
  <trkpt lat="35.54259228" lon="139.51483536"><ele>76.803</ele><time>2026-09-13T06:46:53Z</time><sat>24</sat></trkpt>
  <trkpt lat="35.54259153" lon="139.51472159"><ele>76.206</ele><time>2026-09-13T06:47:01Z</time><sat>30</sat></trkpt>
  <trkpt lat="35.54257769" lon="139.51463876"><ele>75.939</ele><time>2026-09-13T06:47:07Z</time><sat>21</sat></trkpt>
  <trkpt lat="35.54257323" lon="139.51455753"><ele>75.368</ele><time>2026-09-13T06:47:13Z</time><sat>21</sat></trkpt>
  <trkpt lat="35.54254233" lon="139.51447382"><ele>74.028</ele><time>2026-09-13T06:47:20Z</time><sat>18</sat></trkpt>
  <trkpt lat="35.54252198" lon="139.51437647"><ele>75.251</ele><time>2026-09-13T06:47:29Z</time><sat>31</sat></trkpt>
  <trkpt lat="35.54248839" lon="139.51428883"><ele>74.897</ele><time>2026-09-13T06:47:37Z</time><sat>30</sat></trkpt>
  <trkpt lat="35.54247586" lon="139.51420963"><ele>73.865</ele><time>2026-09-13T06:47:44Z</time><sat>27</sat></trkpt>
  <trkpt lat="35.54247015" lon="139.51412665"><ele>74.944</ele><time>2026-09-13T06:47:50Z</time><sat>25</sat></trkpt>
  <trkpt lat="35.54247444" lon="139.51407114"><ele>74.040</ele><time>2026-09-13T06:47:53Z</time><sat>26</sat></trkpt>
  <trkpt lat="35.54244444" lon="139.51398094"><ele>73.046</ele><time>2026-09-13T06:47:59Z</time><sat>24</sat></trkpt>
  <trkpt lat="35.54241613" lon="139.51392045"><ele>72.021</ele><time>2026-09-13T06:48:05Z</time><sat>25</sat></trkpt>
  <trkpt lat="35.54240634" lon="139.51384919"><ele>72.838</ele><time>2026-09-13T06:48:11Z</time><sat>27</sat></trkpt>
  <trkpt lat="35.54237583" lon="139.51378490"><ele>72.684</ele><time>2026-09-13T06:48:17Z</time><sat>28</sat></trkpt>
  <trkpt lat="35.54234141" lon="139.51374406"><ele>73.476</ele><time>2026-09-13T06:48:23Z</time><sat>36</sat></trkpt>
  <trkpt lat="35.54232482" lon="139.51364916"><ele>75.698</ele><time>2026-09-13T06:48:29Z</time><sat>34</sat></trkpt>
  <trkpt lat="35.54234917" lon="139.51356635"><ele>77.222</ele><time>2026-09-13T06:48:35Z</time><sat>34</sat></trkpt>
  <trkpt lat="35.54236051" lon="139.51349477"><ele>78.246</ele><time>2026-09-13T06:48:41Z</time><sat>26</sat></trkpt>
  <trkpt lat="35.54233967" lon="139.51342113"><ele>77.454</ele><time>2026-09-13T06:48:47Z</time><sat>28</sat></trkpt>
  <trkpt lat="35.54231263" lon="139.51335739"><ele>77.609</ele><time>2026-09-13T06:48:53Z</time><sat>30</sat></trkpt>
  <trkpt lat="35.54229908" lon="139.51328691"><ele>76.623</ele><time>2026-09-13T06:48:59Z</time><sat>24</sat></trkpt>
  <trkpt lat="35.54228767" lon="139.51322102"><ele>80.593</ele><time>2026-09-13T06:49:05Z</time><sat>18</sat></trkpt>
  <trkpt lat="35.54227903" lon="139.51315194"><ele>78.757</ele><time>2026-09-13T06:49:11Z</time><sat>23</sat></trkpt>
  <trkpt lat="35.54224155" lon="139.51309320"><ele>78.110</ele><time>2026-09-13T06:49:17Z</time><sat>22</sat></trkpt>
  <trkpt lat="35.54221733" lon="139.51301939"><ele>78.509</ele><time>2026-09-13T06:49:23Z</time><sat>31</sat></trkpt>
  <trkpt lat="35.54221407" lon="139.51294232"><ele>79.226</ele><time>2026-09-13T06:49:29Z</time><sat>31</sat></trkpt>
  <trkpt lat="35.54218980" lon="139.51287411"><ele>80.730</ele><time>2026-09-13T06:49:35Z</time><sat>27</sat></trkpt>
  <trkpt lat="35.54216925" lon="139.51280575"><ele>80.786</ele><time>2026-09-13T06:49:41Z</time><sat>24</sat></trkpt>
  <trkpt lat="35.54215126" lon="139.51273360"><ele>82.327</ele><time>2026-09-13T06:49:47Z</time><sat>28</sat></trkpt>
  <trkpt lat="35.54212471" lon="139.51266902"><ele>80.705</ele><time>2026-09-13T06:49:53Z</time><sat>25</sat></trkpt>
  <trkpt lat="35.54209797" lon="139.51260861"><ele>81.619</ele><time>2026-09-13T06:49:59Z</time><sat>28</sat></trkpt>
  <trkpt lat="35.54207657" lon="139.51253669"><ele>84.041</ele><time>2026-09-13T06:50:05Z</time><sat>28</sat></trkpt>
  <trkpt lat="35.54203443" lon="139.51247950"><ele>83.260</ele><time>2026-09-13T06:50:11Z</time><sat>31</sat></trkpt>
  <trkpt lat="35.54200428" lon="139.51241380"><ele>82.795</ele><time>2026-09-13T06:50:17Z</time><sat>31</sat></trkpt>
  <trkpt lat="35.54197393" lon="139.51233482"><ele>81.680</ele><time>2026-09-13T06:50:23Z</time><sat>26</sat></trkpt>
  <trkpt lat="35.54194612" lon="139.51225813"><ele>81.552</ele><time>2026-09-13T06:50:29Z</time><sat>21</sat></trkpt>
  <trkpt lat="35.54190962" lon="139.51218036"><ele>81.752</ele><time>2026-09-13T06:50:35Z</time><sat>27</sat></trkpt>
  <trkpt lat="35.54188117" lon="139.51212261"><ele>81.404</ele><time>2026-09-13T06:50:41Z</time><sat>24</sat></trkpt>
  <trkpt lat="35.54184524" lon="139.51206142"><ele>82.903</ele><time>2026-09-13T06:50:47Z</time><sat>32</sat></trkpt>
  <trkpt lat="35.54180695" lon="139.51199160"><ele>81.894</ele><time>2026-09-13T06:50:53Z</time><sat>34</sat></trkpt>
  <trkpt lat="35.54177643" lon="139.51191133"><ele>82.168</ele><time>2026-09-13T06:50:59Z</time><sat>30</sat></trkpt>
  <trkpt lat="35.54173855" lon="139.51184649"><ele>81.174</ele><time>2026-09-13T06:51:05Z</time><sat>22</sat></trkpt>
  <trkpt lat="35.54170676" lon="139.51177448"><ele>82.221</ele><time>2026-09-13T06:51:11Z</time><sat>24</sat></trkpt>
  <trkpt lat="35.54167313" lon="139.51169764"><ele>82.446</ele><time>2026-09-13T06:51:17Z</time><sat>30</sat></trkpt>
  <trkpt lat="35.54163721" lon="139.51162462"><ele>83.408</ele><time>2026-09-13T06:51:23Z</time><sat>30</sat></trkpt>
  <trkpt lat="35.54160673" lon="139.51155605"><ele>83.309</ele><time>2026-09-13T06:51:29Z</time><sat>30</sat></trkpt>
  <trkpt lat="35.54157219" lon="139.51149215"><ele>82.348</ele><time>2026-09-13T06:51:35Z</time><sat>27</sat></trkpt>
  <trkpt lat="35.54153848" lon="139.51144504"><ele>82.543</ele><time>2026-09-13T06:51:41Z</time><sat>32</sat></trkpt>
  <trkpt lat="35.54149932" lon="139.51138138"><ele>83.219</ele><time>2026-09-13T06:51:47Z</time><sat>23</sat></trkpt>
  <trkpt lat="35.54145751" lon="139.51131515"><ele>83.358</ele><time>2026-09-13T06:51:53Z</time><sat>32</sat></trkpt>
  <trkpt lat="35.54141575" lon="139.51124896"><ele>81.912</ele><time>2026-09-13T06:51:59Z</time><sat>31</sat></trkpt>
  <trkpt lat="35.54137647" lon="139.51119120"><ele>82.228</ele><time>2026-09-13T06:52:05Z</time><sat>31</sat></trkpt>
  <trkpt lat="35.54133861" lon="139.51112605"><ele>82.888</ele><time>2026-09-13T06:52:11Z</time><sat>23</sat></trkpt>
  <trkpt lat="35.54129425" lon="139.51106308"><ele>83.328</ele><time>2026-09-13T06:52:17Z</time><sat>27</sat></trkpt>
  <trkpt lat="35.54125241" lon="139.51100865"><ele>84.216</ele><time>2026-09-13T06:52:23Z</time><sat>29</sat></trkpt>
  <trkpt lat="35.54121031" lon="139.51094995"><ele>84.302</ele><time>2026-09-13T06:52:29Z</time><sat>27</sat></trkpt>
  <trkpt lat="35.54116808" lon="139.51087811"><ele>86.575</ele><time>2026-09-13T06:52:35Z</time><sat>32</sat></trkpt>
  <trkpt lat="35.54112644" lon="139.51081678"><ele>86.705</ele><time>2026-09-13T06:52:41Z</time><sat>35</sat></trkpt>
  <trkpt lat="35.54109049" lon="139.51076173"><ele>86.745</ele><time>2026-09-13T06:52:47Z</time><sat>30</sat></trkpt>
  <trkpt lat="35.54104892" lon="139.51072730"><ele>87.685</ele><time>2026-09-13T06:52:53Z</time><sat>35</sat></trkpt>
  <trkpt lat="35.54100751" lon="139.51067053"><ele>87.735</ele><time>2026-09-13T06:52:59Z</time><sat>26</sat></trkpt>
  <trkpt lat="35.54096846" lon="139.51061832"><ele>89.322</ele><time>2026-09-13T06:53:05Z</time><sat>27</sat></trkpt>
  <trkpt lat="35.54092691" lon="139.51056825"><ele>89.109</ele><time>2026-09-13T06:53:11Z</time><sat>27</sat></trkpt>
  <trkpt lat="35.54088348" lon="139.51051351"><ele>88.980</ele><time>2026-09-13T06:53:17Z</time><sat>29</sat></trkpt>
  <trkpt lat="35.54085879" lon="139.51044743"><ele>88.603</ele><time>2026-09-13T06:53:23Z</time><sat>34</sat></trkpt>
  <trkpt lat="35.54086297" lon="139.51041276"><ele>88.268</ele><time>2026-09-13T06:53:26Z</time><sat>31</sat></trkpt>
  <trkpt lat="35.54086839" lon="139.51040299"><ele>87.983</ele><time>2026-09-13T06:53:29Z</time><sat>27</sat></trkpt>
  <trkpt lat="35.54087257" lon="139.51040494"><ele>88.148</ele><time>2026-09-13T06:53:35Z</time><sat>29</sat></trkpt>
  <trkpt lat="35.54086371" lon="139.51039055"><ele>88.119</ele><time>2026-09-13T06:53:38Z</time><sat>29</sat></trkpt>
  <trkpt lat="35.54082581" lon="139.51034544"><ele>87.378</ele><time>2026-09-13T06:53:44Z</time><sat>30</sat></trkpt>
  <trkpt lat="35.54077036" lon="139.51028471"><ele>88.463</ele><time>2026-09-13T06:53:50Z</time><sat>29</sat></trkpt>
  <trkpt lat="35.54072179" lon="139.51021890"><ele>89.226</ele><time>2026-09-13T06:53:56Z</time><sat>32</sat></trkpt>
  <trkpt lat="35.54068073" lon="139.51016569"><ele>88.538</ele><time>2026-09-13T06:54:02Z</time><sat>32</sat></trkpt>
  <trkpt lat="35.54061216" lon="139.51014299"><ele>88.942</ele><time>2026-09-13T06:54:11Z</time><sat>34</sat></trkpt>
  <trkpt lat="35.54055898" lon="139.51012910"><ele>87.813</ele><time>2026-09-13T06:54:17Z</time><sat>27</sat></trkpt>
  <trkpt lat="35.54051711" lon="139.51004858"><ele>87.748</ele><time>2026-09-13T06:54:23Z</time><sat>24</sat></trkpt>
  <trkpt lat="35.54046937" lon="139.50999025"><ele>87.741</ele><time>2026-09-13T06:54:29Z</time><sat>23</sat></trkpt>
  <trkpt lat="35.54043314" lon="139.50992037"><ele>88.806</ele><time>2026-09-13T06:54:35Z</time><sat>32</sat></trkpt>
  <trkpt lat="35.54038984" lon="139.50986870"><ele>89.531</ele><time>2026-09-13T06:54:41Z</time><sat>32</sat></trkpt>
  <trkpt lat="35.54034043" lon="139.50981907"><ele>89.687</ele><time>2026-09-13T06:54:47Z</time><sat>25</sat></trkpt>
  <trkpt lat="35.54028550" lon="139.50977357"><ele>90.348</ele><time>2026-09-13T06:54:53Z</time><sat>32</sat></trkpt>
  <trkpt lat="35.54024111" lon="139.50973277"><ele>90.548</ele><time>2026-09-13T06:54:59Z</time><sat>36</sat></trkpt>
  <trkpt lat="35.54020568" lon="139.50966880"><ele>90.546</ele><time>2026-09-13T06:55:05Z</time><sat>34</sat></trkpt>
  <trkpt lat="35.54015719" lon="139.50962380"><ele>90.493</ele><time>2026-09-13T06:55:11Z</time><sat>24</sat></trkpt>
  <trkpt lat="35.54011589" lon="139.50957264"><ele>91.397</ele><time>2026-09-13T06:55:17Z</time><sat>34</sat></trkpt>
  <trkpt lat="35.54007458" lon="139.50952088"><ele>91.472</ele><time>2026-09-13T06:55:23Z</time><sat>30</sat></trkpt>
  <trkpt lat="35.54002415" lon="139.50948956"><ele>91.641</ele><time>2026-09-13T06:55:29Z</time><sat>29</sat></trkpt>
  <trkpt lat="35.53996825" lon="139.50945928"><ele>92.609</ele><time>2026-09-13T06:55:35Z</time><sat>29</sat></trkpt>
  <trkpt lat="35.53991160" lon="139.50943596"><ele>93.682</ele><time>2026-09-13T06:55:41Z</time><sat>31</sat></trkpt>
  <trkpt lat="35.53986073" lon="139.50939973"><ele>93.890</ele><time>2026-09-13T06:55:47Z</time><sat>30</sat></trkpt>
  <trkpt lat="35.53983884" lon="139.50938497"><ele>94.612</ele><time>2026-09-13T06:55:50Z</time><sat>26</sat></trkpt>
  <trkpt lat="35.53984058" lon="139.50938222"><ele>94.387</ele><time>2026-09-13T06:55:53Z</time><sat>28</sat></trkpt>
  <trkpt lat="35.53983542" lon="139.50938008"><ele>94.601</ele><time>2026-09-13T06:55:56Z</time><sat>32</sat></trkpt>
  <trkpt lat="35.53977200" lon="139.50935235"><ele>94.403</ele><time>2026-09-13T06:56:05Z</time><sat>30</sat></trkpt>
  <trkpt lat="35.53972371" lon="139.50933344"><ele>94.215</ele><time>2026-09-13T06:56:11Z</time><sat>32</sat></trkpt>
  <trkpt lat="35.53967661" lon="139.50931023"><ele>94.806</ele><time>2026-09-13T06:56:17Z</time><sat>31</sat></trkpt>
  <trkpt lat="35.53962503" lon="139.50928469"><ele>95.088</ele><time>2026-09-13T06:56:23Z</time><sat>36</sat></trkpt>
  <trkpt lat="35.53956740" lon="139.50927278"><ele>96.075</ele><time>2026-09-13T06:56:29Z</time><sat>37</sat></trkpt>
  <trkpt lat="35.53951836" lon="139.50924552"><ele>96.357</ele><time>2026-09-13T06:56:35Z</time><sat>37</sat></trkpt>
  <trkpt lat="35.53946503" lon="139.50922142"><ele>97.692</ele><time>2026-09-13T06:56:41Z</time><sat>38</sat></trkpt>
  <trkpt lat="35.53941440" lon="139.50919692"><ele>98.811</ele><time>2026-09-13T06:56:47Z</time><sat>36</sat></trkpt>
  <trkpt lat="35.53939639" lon="139.50918743"><ele>99.565</ele><time>2026-09-13T06:56:50Z</time><sat>36</sat></trkpt>
  <trkpt lat="35.53939826" lon="139.50916501"><ele>99.670</ele><time>2026-09-13T06:56:53Z</time><sat>37</sat></trkpt>
  <trkpt lat="35.53936684" lon="139.50911594"><ele>100.521</ele><time>2026-09-13T06:56:59Z</time><sat>38</sat></trkpt>
  <trkpt lat="35.53933745" lon="139.50906147"><ele>101.492</ele><time>2026-09-13T06:57:05Z</time><sat>38</sat></trkpt>
  <trkpt lat="35.53935223" lon="139.50900595"><ele>101.506</ele><time>2026-09-13T06:57:11Z</time><sat>39</sat></trkpt>
  <trkpt lat="35.53937600" lon="139.50894206"><ele>101.384</ele><time>2026-09-13T06:57:17Z</time><sat>39</sat></trkpt>
  <trkpt lat="35.53940381" lon="139.50888096"><ele>101.507</ele><time>2026-09-13T06:57:23Z</time><sat>38</sat></trkpt>
  <trkpt lat="35.53944141" lon="139.50882580"><ele>102.102</ele><time>2026-09-13T06:57:29Z</time><sat>38</sat></trkpt>
  <trkpt lat="35.53947641" lon="139.50877134"><ele>102.091</ele><time>2026-09-13T06:57:35Z</time><sat>37</sat></trkpt>
  <trkpt lat="35.53945760" lon="139.50870111"><ele>102.446</ele><time>2026-09-13T06:57:41Z</time><sat>39</sat></trkpt>
  <trkpt lat="35.53941635" lon="139.50872491"><ele>101.329</ele><time>2026-09-13T06:57:47Z</time><sat>35</sat></trkpt>
  <trkpt lat="35.53946482" lon="139.50868923"><ele>101.081</ele><time>2026-09-13T06:57:56Z</time><sat>38</sat></trkpt>
  <trkpt lat="35.53951351" lon="139.50863629"><ele>101.581</ele><time>2026-09-13T06:58:02Z</time><sat>38</sat></trkpt>
  <trkpt lat="35.53953624" lon="139.50856553"><ele>101.704</ele><time>2026-09-13T06:58:08Z</time><sat>39</sat></trkpt>
  <trkpt lat="35.53949186" lon="139.50851391"><ele>102.157</ele><time>2026-09-13T06:58:14Z</time><sat>37</sat></trkpt>
  <trkpt lat="35.53944038" lon="139.50847062"><ele>102.834</ele><time>2026-09-13T06:58:20Z</time><sat>39</sat></trkpt>
  <trkpt lat="35.53939010" lon="139.50842471"><ele>103.688</ele><time>2026-09-13T06:58:26Z</time><sat>38</sat></trkpt>
  <trkpt lat="35.53933519" lon="139.50838088"><ele>103.303</ele><time>2026-09-13T06:58:32Z</time><sat>35</sat></trkpt>
  <trkpt lat="35.53929359" lon="139.50832464"><ele>104.337</ele><time>2026-09-13T06:58:38Z</time><sat>37</sat></trkpt>
  <trkpt lat="35.53925093" lon="139.50827370"><ele>105.023</ele><time>2026-09-13T06:58:44Z</time><sat>38</sat></trkpt>
  <trkpt lat="35.53922834" lon="139.50826035"><ele>105.105</ele><time>2026-09-13T06:58:50Z</time><sat>37</sat></trkpt>
  <trkpt lat="35.53923989" lon="139.50827138"><ele>104.814</ele><time>2026-09-13T06:58:55Z</time><sat>36</sat></trkpt>
  <trkpt lat="35.53922925" lon="139.50826516"><ele>105.189</ele><time>2026-09-13T06:58:58Z</time><sat>38</sat></trkpt>
  <trkpt lat="35.53918898" lon="139.50822759"><ele>105.210</ele><time>2026-09-13T06:59:04Z</time><sat>40</sat></trkpt>
  <trkpt lat="35.53915870" lon="139.50818326"><ele>103.340</ele><time>2026-09-13T06:59:10Z</time><sat>39</sat></trkpt>
  <trkpt lat="35.53913190" lon="139.50813753"><ele>102.484</ele><time>2026-09-13T06:59:16Z</time><sat>39</sat></trkpt>
  <trkpt lat="35.53909579" lon="139.50809806"><ele>101.732</ele><time>2026-09-13T06:59:22Z</time><sat>39</sat></trkpt>
  <trkpt lat="35.53905407" lon="139.50805709"><ele>102.000</ele><time>2026-09-13T06:59:28Z</time><sat>39</sat></trkpt>
  <trkpt lat="35.53901286" lon="139.50800997"><ele>101.083</ele><time>2026-09-13T06:59:34Z</time><sat>38</sat></trkpt>
  <trkpt lat="35.53897296" lon="139.50795816"><ele>100.659</ele><time>2026-09-13T06:59:40Z</time><sat>36</sat></trkpt>
  <trkpt lat="35.53893523" lon="139.50790866"><ele>100.892</ele><time>2026-09-13T06:59:46Z</time><sat>38</sat></trkpt>
  <trkpt lat="35.53888587" lon="139.50791082"><ele>100.429</ele><time>2026-09-13T06:59:52Z</time><sat>40</sat></trkpt>
  <trkpt lat="35.53883908" lon="139.50796443"><ele>100.505</ele><time>2026-09-13T06:59:58Z</time><sat>38</sat></trkpt>
  <trkpt lat="35.53878157" lon="139.50798749"><ele>100.899</ele><time>2026-09-13T07:00:04Z</time><sat>38</sat></trkpt>
  <trkpt lat="35.53872828" lon="139.50796891"><ele>100.177</ele><time>2026-09-13T07:00:10Z</time><sat>39</sat></trkpt>
  <trkpt lat="35.53871629" lon="139.50795284"><ele>100.179</ele><time>2026-09-13T07:00:13Z</time><sat>40</sat></trkpt>
  <trkpt lat="35.53871918" lon="139.50795356"><ele>100.135</ele><time>2026-09-13T07:00:16Z</time><sat>39</sat></trkpt>
  <trkpt lat="35.53872063" lon="139.50795418"><ele>99.843</ele><time>2026-09-13T07:00:19Z</time><sat>37</sat></trkpt>
  <trkpt lat="35.53872092" lon="139.50795500"><ele>99.909</ele><time>2026-09-13T07:00:23Z</time><sat>36</sat></trkpt>
  <trkpt lat="35.53872032" lon="139.50795687"><ele>99.916</ele><time>2026-09-13T07:00:26Z</time><sat>35</sat></trkpt>
  <trkpt lat="35.53871998" lon="139.50795792"><ele>99.950</ele><time>2026-09-13T07:00:38Z</time><sat>37</sat></trkpt>
  <trkpt lat="35.53871762" lon="139.50795984"><ele>99.813</ele><time>2026-09-13T07:00:41Z</time><sat>38</sat></trkpt>
  <trkpt lat="35.53870807" lon="139.50798657"><ele>100.480</ele><time>2026-09-13T07:00:44Z</time><sat>38</sat></trkpt>
  <trkpt lat="35.53865484" lon="139.50800639"><ele>99.375</ele><time>2026-09-13T07:00:50Z</time><sat>40</sat></trkpt>
  <trkpt lat="35.53859528" lon="139.50799238"><ele>98.589</ele><time>2026-09-13T07:00:57Z</time><sat>39</sat></trkpt>
  <trkpt lat="35.53857585" lon="139.50797541"><ele>98.304</ele><time>2026-09-13T07:01:03Z</time><sat>40</sat></trkpt>
  <trkpt lat="35.53859664" lon="139.50797884"><ele>98.207</ele><time>2026-09-13T07:01:06Z</time><sat>40</sat></trkpt>
  <trkpt lat="35.53862850" lon="139.50798692"><ele>97.689</ele><time>2026-09-13T07:01:09Z</time><sat>38</sat></trkpt>
  <trkpt lat="35.53868425" lon="139.50799289"><ele>98.673</ele><time>2026-09-13T07:01:15Z</time><sat>36</sat></trkpt>
  <trkpt lat="35.53872727" lon="139.50795870"><ele>98.202</ele><time>2026-09-13T07:01:21Z</time><sat>36</sat></trkpt>
  <trkpt lat="35.53870253" lon="139.50790283"><ele>97.788</ele><time>2026-09-13T07:01:30Z</time><sat>33</sat></trkpt>
  <trkpt lat="35.53866492" lon="139.50786190"><ele>97.068</ele><time>2026-09-13T07:01:39Z</time><sat>36</sat></trkpt>
  <trkpt lat="35.53863121" lon="139.50782291"><ele>96.659</ele><time>2026-09-13T07:01:48Z</time><sat>36</sat></trkpt>
  <trkpt lat="35.53858648" lon="139.50777469"><ele>95.458</ele><time>2026-09-13T07:02:00Z</time><sat>35</sat></trkpt>
  <trkpt lat="35.53855912" lon="139.50772522"><ele>92.805</ele><time>2026-09-13T07:02:09Z</time><sat>35</sat></trkpt>
  <trkpt lat="35.53850458" lon="139.50767205"><ele>90.516</ele><time>2026-09-13T07:02:18Z</time><sat>36</sat></trkpt>
  <trkpt lat="35.53847214" lon="139.50761200"><ele>87.223</ele><time>2026-09-13T07:02:30Z</time><sat>36</sat></trkpt>
  <trkpt lat="35.53844023" lon="139.50755743"><ele>83.852</ele><time>2026-09-13T07:02:42Z</time><sat>32</sat></trkpt>
  <trkpt lat="35.53840651" lon="139.50749490"><ele>81.994</ele><time>2026-09-13T07:02:51Z</time><sat>33</sat></trkpt>
  <trkpt lat="35.53837858" lon="139.50742638"><ele>79.302</ele><time>2026-09-13T07:03:03Z</time><sat>33</sat></trkpt>
  <trkpt lat="35.53834388" lon="139.50737533"><ele>78.931</ele><time>2026-09-13T07:03:09Z</time><sat>34</sat></trkpt>
  <trkpt lat="35.53829537" lon="139.50733043"><ele>78.892</ele><time>2026-09-13T07:03:15Z</time><sat>30</sat></trkpt>
  <trkpt lat="35.53825388" lon="139.50727852"><ele>79.446</ele><time>2026-09-13T07:03:21Z</time><sat>33</sat></trkpt>
  <trkpt lat="35.53821093" lon="139.50722458"><ele>79.016</ele><time>2026-09-13T07:03:27Z</time><sat>33</sat></trkpt>
  <trkpt lat="35.53816007" lon="139.50717311"><ele>79.116</ele><time>2026-09-13T07:03:33Z</time><sat>31</sat></trkpt>
  <trkpt lat="35.53810413" lon="139.50711938"><ele>78.945</ele><time>2026-09-13T07:03:39Z</time><sat>31</sat></trkpt>
  <trkpt lat="35.53805372" lon="139.50706071"><ele>78.408</ele><time>2026-09-13T07:03:45Z</time><sat>30</sat></trkpt>
  <trkpt lat="35.53801485" lon="139.50698517"><ele>79.266</ele><time>2026-09-13T07:03:51Z</time><sat>30</sat></trkpt>
  <trkpt lat="35.53803850" lon="139.50693294"><ele>78.065</ele><time>2026-09-13T07:03:57Z</time><sat>37</sat></trkpt>
  <trkpt lat="35.53808136" lon="139.50686443"><ele>77.372</ele><time>2026-09-13T07:04:03Z</time><sat>22</sat></trkpt>
  <trkpt lat="35.53810228" lon="139.50680634"><ele>76.675</ele><time>2026-09-13T07:04:09Z</time><sat>31</sat></trkpt>
  <trkpt lat="35.53812597" lon="139.50673664"><ele>77.257</ele><time>2026-09-13T07:04:15Z</time><sat>35</sat></trkpt>
  <trkpt lat="35.53813979" lon="139.50665661"><ele>77.719</ele><time>2026-09-13T07:04:21Z</time><sat>29</sat></trkpt>
  <trkpt lat="35.53812995" lon="139.50658552"><ele>77.930</ele><time>2026-09-13T07:04:27Z</time><sat>30</sat></trkpt>
  <trkpt lat="35.53813095" lon="139.50650577"><ele>77.990</ele><time>2026-09-13T07:04:33Z</time><sat>35</sat></trkpt>
  <trkpt lat="35.53806836" lon="139.50646067"><ele>78.376</ele><time>2026-09-13T07:04:39Z</time><sat>36</sat></trkpt>
  <trkpt lat="35.53800286" lon="139.50644778"><ele>78.193</ele><time>2026-09-13T07:04:45Z</time><sat>37</sat></trkpt>
  <trkpt lat="35.53793890" lon="139.50644130"><ele>79.542</ele><time>2026-09-13T07:04:51Z</time><sat>36</sat></trkpt>
  <trkpt lat="35.53788392" lon="139.50644121"><ele>77.979</ele><time>2026-09-13T07:04:57Z</time><sat>37</sat></trkpt>
  <trkpt lat="35.53782643" lon="139.50639682"><ele>78.759</ele><time>2026-09-13T07:05:03Z</time><sat>32</sat></trkpt>
  <trkpt lat="35.53776540" lon="139.50637864"><ele>79.006</ele><time>2026-09-13T07:05:09Z</time><sat>27</sat></trkpt>
  <trkpt lat="35.53769539" lon="139.50637871"><ele>79.500</ele><time>2026-09-13T07:05:15Z</time><sat>28</sat></trkpt>
  <trkpt lat="35.53763444" lon="139.50636409"><ele>77.604</ele><time>2026-09-13T07:05:21Z</time><sat>32</sat></trkpt>
  <trkpt lat="35.53759418" lon="139.50631215"><ele>76.768</ele><time>2026-09-13T07:05:27Z</time><sat>25</sat></trkpt>
  <trkpt lat="35.53754865" lon="139.50626487"><ele>75.777</ele><time>2026-09-13T07:05:33Z</time><sat>26</sat></trkpt>
  <trkpt lat="35.53749846" lon="139.50621275"><ele>75.003</ele><time>2026-09-13T07:05:39Z</time><sat>25</sat></trkpt>
  <trkpt lat="35.53745298" lon="139.50614497"><ele>75.887</ele><time>2026-09-13T07:05:45Z</time><sat>25</sat></trkpt>
  <trkpt lat="35.53740115" lon="139.50609925"><ele>74.254</ele><time>2026-09-13T07:05:51Z</time><sat>31</sat></trkpt>
  <trkpt lat="35.53737358" lon="139.50603486"><ele>74.002</ele><time>2026-09-13T07:05:57Z</time><sat>32</sat></trkpt>
  <trkpt lat="35.53734489" lon="139.50597029"><ele>73.888</ele><time>2026-09-13T07:06:03Z</time><sat>36</sat></trkpt>
  <trkpt lat="35.53733661" lon="139.50590221"><ele>74.241</ele><time>2026-09-13T07:06:09Z</time><sat>32</sat></trkpt>
  <trkpt lat="35.53737943" lon="139.50583316"><ele>76.210</ele><time>2026-09-13T07:06:15Z</time><sat>27</sat></trkpt>
  <trkpt lat="35.53740976" lon="139.50576964"><ele>76.647</ele><time>2026-09-13T07:06:21Z</time><sat>26</sat></trkpt>
  <trkpt lat="35.53743157" lon="139.50570607"><ele>75.812</ele><time>2026-09-13T07:06:27Z</time><sat>28</sat></trkpt>
  <trkpt lat="35.53742700" lon="139.50563624"><ele>76.734</ele><time>2026-09-13T07:06:33Z</time><sat>30</sat></trkpt>
  <trkpt lat="35.53742724" lon="139.50555905"><ele>74.975</ele><time>2026-09-13T07:06:39Z</time><sat>39</sat></trkpt>
  <trkpt lat="35.53741335" lon="139.50549291"><ele>74.224</ele><time>2026-09-13T07:06:45Z</time><sat>39</sat></trkpt>
  <trkpt lat="35.53735685" lon="139.50545549"><ele>74.068</ele><time>2026-09-13T07:06:51Z</time><sat>39</sat></trkpt>
  <trkpt lat="35.53730635" lon="139.50543929"><ele>71.785</ele><time>2026-09-13T07:06:57Z</time><sat>37</sat></trkpt>
  <trkpt lat="35.53724360" lon="139.50540461"><ele>71.084</ele><time>2026-09-13T07:07:03Z</time><sat>36</sat></trkpt>
  <trkpt lat="35.53719732" lon="139.50535807"><ele>70.423</ele><time>2026-09-13T07:07:09Z</time><sat>37</sat></trkpt>
  <trkpt lat="35.53714672" lon="139.50532212"><ele>69.181</ele><time>2026-09-13T07:07:15Z</time><sat>32</sat></trkpt>
  <trkpt lat="35.53710276" lon="139.50528695"><ele>69.284</ele><time>2026-09-13T07:07:21Z</time><sat>33</sat></trkpt>
  <trkpt lat="35.53706115" lon="139.50524805"><ele>68.815</ele><time>2026-09-13T07:07:27Z</time><sat>35</sat></trkpt>
  <trkpt lat="35.53699870" lon="139.50522201"><ele>67.195</ele><time>2026-09-13T07:07:33Z</time><sat>32</sat></trkpt>
  <trkpt lat="35.53694379" lon="139.50517815"><ele>67.573</ele><time>2026-09-13T07:07:39Z</time><sat>26</sat></trkpt>
  <trkpt lat="35.53689440" lon="139.50512260"><ele>66.243</ele><time>2026-09-13T07:07:45Z</time><sat>18</sat></trkpt>
  <trkpt lat="35.53683370" lon="139.50507907"><ele>66.624</ele><time>2026-09-13T07:07:51Z</time><sat>21</sat></trkpt>
  <trkpt lat="35.53677881" lon="139.50504867"><ele>67.129</ele><time>2026-09-13T07:07:57Z</time><sat>19</sat></trkpt>
  <trkpt lat="35.53672346" lon="139.50500229"><ele>69.184</ele><time>2026-09-13T07:08:03Z</time><sat>27</sat></trkpt>
  <trkpt lat="35.53667118" lon="139.50503629"><ele>67.604</ele><time>2026-09-13T07:08:09Z</time><sat>31</sat></trkpt>
  <trkpt lat="35.53660048" lon="139.50505062"><ele>69.969</ele><time>2026-09-13T07:08:15Z</time><sat>32</sat></trkpt>
  <trkpt lat="35.53653820" lon="139.50503613"><ele>69.227</ele><time>2026-09-13T07:08:21Z</time><sat>34</sat></trkpt>
  <trkpt lat="35.53648893" lon="139.50502950"><ele>68.345</ele><time>2026-09-13T07:08:27Z</time><sat>37</sat></trkpt>
  <trkpt lat="35.53646176" lon="139.50508561"><ele>67.780</ele><time>2026-09-13T07:08:33Z</time><sat>31</sat></trkpt>
  <trkpt lat="35.53648454" lon="139.50510637"><ele>69.824</ele><time>2026-09-13T07:08:39Z</time><sat>31</sat></trkpt>
  <trkpt lat="35.53646296" lon="139.50508597"><ele>67.908</ele><time>2026-09-13T07:08:44Z</time><sat>27</sat></trkpt>
  <trkpt lat="35.53645296" lon="139.50507586"><ele>66.838</ele><time>2026-09-13T07:08:47Z</time><sat>29</sat></trkpt>
  <trkpt lat="35.53644640" lon="139.50507357"><ele>66.929</ele><time>2026-09-13T07:08:50Z</time><sat>33</sat></trkpt>
  <trkpt lat="35.53644168" lon="139.50507000"><ele>67.613</ele><time>2026-09-13T07:08:53Z</time><sat>29</sat></trkpt>
  <trkpt lat="35.53642075" lon="139.50506261"><ele>69.890</ele><time>2026-09-13T07:09:05Z</time><sat>19</sat></trkpt>
  <trkpt lat="35.53640783" lon="139.50506939"><ele>71.078</ele><time>2026-09-13T07:09:08Z</time><sat>23</sat></trkpt>
  <trkpt lat="35.53640189" lon="139.50506777"><ele>71.083</ele><time>2026-09-13T07:09:11Z</time><sat>23</sat></trkpt>
  <trkpt lat="35.53641044" lon="139.50506319"><ele>71.613</ele><time>2026-09-13T07:09:14Z</time><sat>20</sat></trkpt>
  <trkpt lat="35.53641650" lon="139.50505968"><ele>71.603</ele><time>2026-09-13T07:09:17Z</time><sat>20</sat></trkpt>
  <trkpt lat="35.53641386" lon="139.50505997"><ele>71.577</ele><time>2026-09-13T07:09:20Z</time><sat>20</sat></trkpt>
  <trkpt lat="35.53640936" lon="139.50506033"><ele>71.535</ele><time>2026-09-13T07:09:23Z</time><sat>22</sat></trkpt>
  <trkpt lat="35.53640709" lon="139.50505896"><ele>72.095</ele><time>2026-09-13T07:09:32Z</time><sat>17</sat></trkpt>
  <trkpt lat="35.53640329" lon="139.50506082"><ele>73.113</ele><time>2026-09-13T07:09:35Z</time><sat>20</sat></trkpt>
  <trkpt lat="35.53640111" lon="139.50505995"><ele>73.267</ele><time>2026-09-13T07:09:38Z</time><sat>19</sat></trkpt>
  <trkpt lat="35.53638495" lon="139.50502725"><ele>72.580</ele><time>2026-09-13T07:09:50Z</time><sat>17</sat></trkpt>
  <trkpt lat="35.53638595" lon="139.50502511"><ele>73.088</ele><time>2026-09-13T07:09:53Z</time><sat>15</sat></trkpt>
  <trkpt lat="35.53638724" lon="139.50502727"><ele>73.470</ele><time>2026-09-13T07:09:56Z</time><sat>21</sat></trkpt>
  <trkpt lat="35.53644493" lon="139.50497331"><ele>70.512</ele><time>2026-09-13T07:10:05Z</time><sat>35</sat></trkpt>
  <trkpt lat="35.53651955" lon="139.50499190"><ele>72.406</ele><time>2026-09-13T07:10:11Z</time><sat>36</sat></trkpt>
  <trkpt lat="35.53656842" lon="139.50502167"><ele>72.002</ele><time>2026-09-13T07:10:17Z</time><sat>36</sat></trkpt>
  <trkpt lat="35.53660199" lon="139.50496549"><ele>72.027</ele><time>2026-09-13T07:10:23Z</time><sat>37</sat></trkpt>
  <trkpt lat="35.53663452" lon="139.50490900"><ele>70.857</ele><time>2026-09-13T07:10:29Z</time><sat>35</sat></trkpt>
  <trkpt lat="35.53666663" lon="139.50484900"><ele>70.675</ele><time>2026-09-13T07:10:35Z</time><sat>37</sat></trkpt>
  <trkpt lat="35.53669979" lon="139.50478992"><ele>70.764</ele><time>2026-09-13T07:10:41Z</time><sat>37</sat></trkpt>
  <trkpt lat="35.53672260" lon="139.50472963"><ele>70.396</ele><time>2026-09-13T07:10:47Z</time><sat>38</sat></trkpt>
  <trkpt lat="35.53666925" lon="139.50469878"><ele>70.306</ele><time>2026-09-13T07:10:53Z</time><sat>36</sat></trkpt>
  <trkpt lat="35.53662119" lon="139.50465002"><ele>70.223</ele><time>2026-09-13T07:10:59Z</time><sat>35</sat></trkpt>
  <trkpt lat="35.53656775" lon="139.50460691"><ele>69.944</ele><time>2026-09-13T07:11:05Z</time><sat>37</sat></trkpt>
  <trkpt lat="35.53651444" lon="139.50456702"><ele>70.220</ele><time>2026-09-13T07:11:11Z</time><sat>36</sat></trkpt>
  <trkpt lat="35.53646736" lon="139.50451540"><ele>70.493</ele><time>2026-09-13T07:11:17Z</time><sat>37</sat></trkpt>
  <trkpt lat="35.53642297" lon="139.50446311"><ele>70.286</ele><time>2026-09-13T07:11:23Z</time><sat>36</sat></trkpt>
  <trkpt lat="35.53638201" lon="139.50440414"><ele>69.891</ele><time>2026-09-13T07:11:29Z</time><sat>36</sat></trkpt>
  <trkpt lat="35.53633624" lon="139.50435914"><ele>69.992</ele><time>2026-09-13T07:11:35Z</time><sat>36</sat></trkpt>
  <trkpt lat="35.53628687" lon="139.50430263"><ele>69.417</ele><time>2026-09-13T07:11:42Z</time><sat>36</sat></trkpt>
  <trkpt lat="35.53623413" lon="139.50424383"><ele>68.195</ele><time>2026-09-13T07:11:51Z</time><sat>35</sat></trkpt>
  <trkpt lat="35.53618558" lon="139.50420277"><ele>67.909</ele><time>2026-09-13T07:11:57Z</time><sat>34</sat></trkpt>
  <trkpt lat="35.53615076" lon="139.50416044"><ele>66.937</ele><time>2026-09-13T07:12:03Z</time><sat>35</sat></trkpt>
  <trkpt lat="35.53610950" lon="139.50410594"><ele>67.217</ele><time>2026-09-13T07:12:09Z</time><sat>37</sat></trkpt>
  <trkpt lat="35.53607001" lon="139.50406720"><ele>67.199</ele><time>2026-09-13T07:12:15Z</time><sat>36</sat></trkpt>
  <trkpt lat="35.53602540" lon="139.50402518"><ele>67.249</ele><time>2026-09-13T07:12:21Z</time><sat>37</sat></trkpt>
  <trkpt lat="35.53597910" lon="139.50397304"><ele>66.803</ele><time>2026-09-13T07:12:27Z</time><sat>28</sat></trkpt>
  <trkpt lat="35.53593264" lon="139.50394101"><ele>65.768</ele><time>2026-09-13T07:12:33Z</time><sat>32</sat></trkpt>
  <trkpt lat="35.53589518" lon="139.50391531"><ele>63.668</ele><time>2026-09-13T07:12:39Z</time><sat>27</sat></trkpt>
  <trkpt lat="35.53588671" lon="139.50390438"><ele>63.855</ele><time>2026-09-13T07:12:42Z</time><sat>27</sat></trkpt>
  <trkpt lat="35.53589014" lon="139.50390816"><ele>63.778</ele><time>2026-09-13T07:12:48Z</time><sat>28</sat></trkpt>
  <trkpt lat="35.53588583" lon="139.50391091"><ele>62.941</ele><time>2026-09-13T07:12:51Z</time><sat>28</sat></trkpt>
  <trkpt lat="35.53588040" lon="139.50391564"><ele>62.830</ele><time>2026-09-13T07:12:54Z</time><sat>29</sat></trkpt>
  <trkpt lat="35.53588024" lon="139.50390978"><ele>63.022</ele><time>2026-09-13T07:12:57Z</time><sat>30</sat></trkpt>
  <trkpt lat="35.53587744" lon="139.50389367"><ele>64.347</ele><time>2026-09-13T07:13:08Z</time><sat>29</sat></trkpt>
  <trkpt lat="35.53587740" lon="139.50389361"><ele>64.358</ele><time>2026-09-13T07:13:11Z</time><sat>31</sat></trkpt>
  <trkpt lat="35.53587798" lon="139.50389699"><ele>65.229</ele><time>2026-09-13T07:13:14Z</time><sat>32</sat></trkpt>
  <trkpt lat="35.53587366" lon="139.50389251"><ele>65.700</ele><time>2026-09-13T07:13:17Z</time><sat>32</sat></trkpt>
  <trkpt lat="35.53587356" lon="139.50388997"><ele>65.671</ele><time>2026-09-13T07:13:20Z</time><sat>32</sat></trkpt>
  <trkpt lat="35.53587013" lon="139.50388746"><ele>65.574</ele><time>2026-09-13T07:13:23Z</time><sat>34</sat></trkpt>
  <trkpt lat="35.53586069" lon="139.50387649"><ele>65.018</ele><time>2026-09-13T07:13:26Z</time><sat>33</sat></trkpt>
  <trkpt lat="35.53586115" lon="139.50387640"><ele>64.760</ele><time>2026-09-13T07:13:29Z</time><sat>34</sat></trkpt>
  <trkpt lat="35.53586232" lon="139.50387758"><ele>64.768</ele><time>2026-09-13T07:13:32Z</time><sat>35</sat></trkpt>
  <trkpt lat="35.53586012" lon="139.50387231"><ele>64.969</ele><time>2026-09-13T07:13:35Z</time><sat>33</sat></trkpt>
  <trkpt lat="35.53585550" lon="139.50386733"><ele>65.490</ele><time>2026-09-13T07:13:38Z</time><sat>31</sat></trkpt>
  <trkpt lat="35.53585704" lon="139.50387626"><ele>65.701</ele><time>2026-09-13T07:13:50Z</time><sat>30</sat></trkpt>
  <trkpt lat="35.53585849" lon="139.50387450"><ele>65.884</ele><time>2026-09-13T07:13:55Z</time><sat>30</sat></trkpt>
  <trkpt lat="35.53585616" lon="139.50387425"><ele>65.877</ele><time>2026-09-13T07:13:58Z</time><sat>31</sat></trkpt>
  <trkpt lat="35.53585324" lon="139.50387188"><ele>65.895</ele><time>2026-09-13T07:14:01Z</time><sat>34</sat></trkpt>
  <trkpt lat="35.53585256" lon="139.50387100"><ele>65.930</ele><time>2026-09-13T07:14:13Z</time><sat>31</sat></trkpt>
  <trkpt lat="35.53585252" lon="139.50387091"><ele>65.939</ele><time>2026-09-13T07:14:16Z</time><sat>33</sat></trkpt>
  <trkpt lat="35.53584765" lon="139.50386789"><ele>66.427</ele><time>2026-09-13T07:14:19Z</time><sat>31</sat></trkpt>
  <trkpt lat="35.53580387" lon="139.50379213"><ele>67.514</ele><time>2026-09-13T07:14:28Z</time><sat>27</sat></trkpt>
  <trkpt lat="35.53576192" lon="139.50374559"><ele>66.538</ele><time>2026-09-13T07:14:34Z</time><sat>25</sat></trkpt>
  <trkpt lat="35.53571770" lon="139.50371021"><ele>64.053</ele><time>2026-09-13T07:14:40Z</time><sat>30</sat></trkpt>
  <trkpt lat="35.53567659" lon="139.50367656"><ele>62.933</ele><time>2026-09-13T07:14:46Z</time><sat>28</sat></trkpt>
  <trkpt lat="35.53563986" lon="139.50363445"><ele>62.475</ele><time>2026-09-13T07:14:52Z</time><sat>29</sat></trkpt>
  <trkpt lat="35.53559766" lon="139.50358855"><ele>63.137</ele><time>2026-09-13T07:14:58Z</time><sat>29</sat></trkpt>
  <trkpt lat="35.53556416" lon="139.50352641"><ele>63.701</ele><time>2026-09-13T07:15:04Z</time><sat>29</sat></trkpt>
  <trkpt lat="35.53551747" lon="139.50347786"><ele>64.716</ele><time>2026-09-13T07:15:10Z</time><sat>33</sat></trkpt>
  <trkpt lat="35.53547810" lon="139.50341242"><ele>64.979</ele><time>2026-09-13T07:15:16Z</time><sat>33</sat></trkpt>
  <trkpt lat="35.53543714" lon="139.50335541"><ele>66.090</ele><time>2026-09-13T07:15:22Z</time><sat>31</sat></trkpt>
  <trkpt lat="35.53542079" lon="139.50334472"><ele>67.926</ele><time>2026-09-13T07:15:25Z</time><sat>33</sat></trkpt>
  <trkpt lat="35.53541926" lon="139.50334602"><ele>68.500</ele><time>2026-09-13T07:15:28Z</time><sat>34</sat></trkpt>
  <trkpt lat="35.53542253" lon="139.50335351"><ele>68.652</ele><time>2026-09-13T07:15:31Z</time><sat>36</sat></trkpt>
  <trkpt lat="35.53542678" lon="139.50335528"><ele>69.100</ele><time>2026-09-13T07:15:34Z</time><sat>37</sat></trkpt>
  <trkpt lat="35.53542602" lon="139.50335839"><ele>69.679</ele><time>2026-09-13T07:15:37Z</time><sat>37</sat></trkpt>
  <trkpt lat="35.53542338" lon="139.50334681"><ele>69.371</ele><time>2026-09-13T07:15:40Z</time><sat>37</sat></trkpt>
  <trkpt lat="35.53539588" lon="139.50328815"><ele>70.681</ele><time>2026-09-13T07:15:46Z</time><sat>37</sat></trkpt>
  <trkpt lat="35.53533258" lon="139.50327284"><ele>70.558</ele><time>2026-09-13T07:15:52Z</time><sat>37</sat></trkpt>
  <trkpt lat="35.53527144" lon="139.50328069"><ele>69.982</ele><time>2026-09-13T07:15:58Z</time><sat>37</sat></trkpt>
  <trkpt lat="35.53521882" lon="139.50328484"><ele>71.095</ele><time>2026-09-13T07:16:04Z</time><sat>37</sat></trkpt>
  <trkpt lat="35.53520445" lon="139.50328873"><ele>70.971</ele><time>2026-09-13T07:16:07Z</time><sat>37</sat></trkpt>
  <trkpt lat="35.53520925" lon="139.50329803"><ele>71.371</ele><time>2026-09-13T07:16:20Z</time><sat>37</sat></trkpt>
  <trkpt lat="35.53520910" lon="139.50329799"><ele>71.379</ele><time>2026-09-13T07:16:23Z</time><sat>37</sat></trkpt>
  <trkpt lat="35.53520405" lon="139.50329385"><ele>71.560</ele><time>2026-09-13T07:16:26Z</time><sat>37</sat></trkpt>
  <trkpt lat="35.53514469" lon="139.50329090"><ele>71.186</ele><time>2026-09-13T07:16:35Z</time><sat>36</sat></trkpt>
  <trkpt lat="35.53509427" lon="139.50330571"><ele>70.406</ele><time>2026-09-13T07:16:44Z</time><sat>36</sat></trkpt>
  <trkpt lat="35.53505163" lon="139.50323589"><ele>70.181</ele><time>2026-09-13T07:16:53Z</time><sat>31</sat></trkpt>
  <trkpt lat="35.53503465" lon="139.50316727"><ele>70.057</ele><time>2026-09-13T07:16:59Z</time><sat>26</sat></trkpt>
  <trkpt lat="35.53500371" lon="139.50310619"><ele>71.405</ele><time>2026-09-13T07:17:05Z</time><sat>32</sat></trkpt>
  <trkpt lat="35.53495884" lon="139.50313500"><ele>71.540</ele><time>2026-09-13T07:17:17Z</time><sat>33</sat></trkpt>
  <trkpt lat="35.53492078" lon="139.50316711"><ele>73.532</ele><time>2026-09-13T07:17:26Z</time><sat>32</sat></trkpt>
  <trkpt lat="35.53486887" lon="139.50314840"><ele>74.998</ele><time>2026-09-13T07:17:35Z</time><sat>33</sat></trkpt>
  <trkpt lat="35.53482092" lon="139.50310761"><ele>74.794</ele><time>2026-09-13T07:17:41Z</time><sat>34</sat></trkpt>
  <trkpt lat="35.53477361" lon="139.50306484"><ele>74.887</ele><time>2026-09-13T07:17:47Z</time><sat>37</sat></trkpt>
  <trkpt lat="35.53471951" lon="139.50301009"><ele>75.246</ele><time>2026-09-13T07:17:54Z</time><sat>37</sat></trkpt>
  <trkpt lat="35.53466992" lon="139.50295755"><ele>76.052</ele><time>2026-09-13T07:18:00Z</time><sat>36</sat></trkpt>
  <trkpt lat="35.53462015" lon="139.50290557"><ele>76.820</ele><time>2026-09-13T07:18:06Z</time><sat>35</sat></trkpt>
  <trkpt lat="35.53456578" lon="139.50286276"><ele>77.065</ele><time>2026-09-13T07:18:12Z</time><sat>36</sat></trkpt>
  <trkpt lat="35.53450854" lon="139.50281396"><ele>77.097</ele><time>2026-09-13T07:18:18Z</time><sat>37</sat></trkpt>
  <trkpt lat="35.53445908" lon="139.50276072"><ele>77.596</ele><time>2026-09-13T07:18:24Z</time><sat>38</sat></trkpt>
  <trkpt lat="35.53441176" lon="139.50271772"><ele>77.698</ele><time>2026-09-13T07:18:30Z</time><sat>37</sat></trkpt>
  <trkpt lat="35.53437456" lon="139.50267157"><ele>76.987</ele><time>2026-09-13T07:18:36Z</time><sat>37</sat></trkpt>
  <trkpt lat="35.53432247" lon="139.50263495"><ele>77.749</ele><time>2026-09-13T07:18:42Z</time><sat>37</sat></trkpt>
  <trkpt lat="35.53428148" lon="139.50258832"><ele>77.732</ele><time>2026-09-13T07:18:48Z</time><sat>37</sat></trkpt>
  <trkpt lat="35.53424197" lon="139.50253797"><ele>78.259</ele><time>2026-09-13T07:18:54Z</time><sat>36</sat></trkpt>
  <trkpt lat="35.53419593" lon="139.50250021"><ele>77.258</ele><time>2026-09-13T07:19:00Z</time><sat>36</sat></trkpt>
  <trkpt lat="35.53415513" lon="139.50245341"><ele>78.067</ele><time>2026-09-13T07:19:06Z</time><sat>37</sat></trkpt>
  <trkpt lat="35.53411348" lon="139.50240886"><ele>77.210</ele><time>2026-09-13T07:19:12Z</time><sat>37</sat></trkpt>
  <trkpt lat="35.53406770" lon="139.50236790"><ele>77.640</ele><time>2026-09-13T07:19:18Z</time><sat>37</sat></trkpt>
  <trkpt lat="35.53402007" lon="139.50232575"><ele>78.412</ele><time>2026-09-13T07:19:24Z</time><sat>37</sat></trkpt>
  <trkpt lat="35.53397845" lon="139.50227375"><ele>79.350</ele><time>2026-09-13T07:19:30Z</time><sat>38</sat></trkpt>
  <trkpt lat="35.53393498" lon="139.50222826"><ele>80.004</ele><time>2026-09-13T07:19:36Z</time><sat>37</sat></trkpt>
  <trkpt lat="35.53388742" lon="139.50218681"><ele>80.009</ele><time>2026-09-13T07:19:42Z</time><sat>35</sat></trkpt>
  <trkpt lat="35.53384321" lon="139.50212776"><ele>80.057</ele><time>2026-09-13T07:19:48Z</time><sat>36</sat></trkpt>
  <trkpt lat="35.53380014" lon="139.50207836"><ele>80.410</ele><time>2026-09-13T07:19:54Z</time><sat>36</sat></trkpt>
  <trkpt lat="35.53375520" lon="139.50202740"><ele>81.000</ele><time>2026-09-13T07:20:00Z</time><sat>37</sat></trkpt>
  <trkpt lat="35.53370849" lon="139.50197997"><ele>80.630</ele><time>2026-09-13T07:20:06Z</time><sat>38</sat></trkpt>
  <trkpt lat="35.53366055" lon="139.50193524"><ele>80.989</ele><time>2026-09-13T07:20:12Z</time><sat>38</sat></trkpt>
  <trkpt lat="35.53361702" lon="139.50188223"><ele>81.239</ele><time>2026-09-13T07:20:18Z</time><sat>37</sat></trkpt>
  <trkpt lat="35.53357704" lon="139.50183051"><ele>81.882</ele><time>2026-09-13T07:20:24Z</time><sat>37</sat></trkpt>
  <trkpt lat="35.53353602" lon="139.50177769"><ele>83.543</ele><time>2026-09-13T07:20:30Z</time><sat>36</sat></trkpt>
  <trkpt lat="35.53353304" lon="139.50171426"><ele>82.847</ele><time>2026-09-13T07:20:36Z</time><sat>38</sat></trkpt>
  <trkpt lat="35.53357532" lon="139.50164774"><ele>82.235</ele><time>2026-09-13T07:20:42Z</time><sat>38</sat></trkpt>
  <trkpt lat="35.53361593" lon="139.50159453"><ele>80.803</ele><time>2026-09-13T07:20:48Z</time><sat>38</sat></trkpt>
  <trkpt lat="35.53365399" lon="139.50153528"><ele>80.423</ele><time>2026-09-13T07:20:54Z</time><sat>38</sat></trkpt>
  <trkpt lat="35.53363450" lon="139.50147074"><ele>81.597</ele><time>2026-09-13T07:21:00Z</time><sat>38</sat></trkpt>
  <trkpt lat="35.53358031" lon="139.50144765"><ele>81.368</ele><time>2026-09-13T07:21:06Z</time><sat>35</sat></trkpt>
  <trkpt lat="35.53352475" lon="139.50142333"><ele>81.589</ele><time>2026-09-13T07:21:12Z</time><sat>37</sat></trkpt>
  <trkpt lat="35.53346625" lon="139.50138672"><ele>81.898</ele><time>2026-09-13T07:21:18Z</time><sat>38</sat></trkpt>
  <trkpt lat="35.53341693" lon="139.50135189"><ele>82.017</ele><time>2026-09-13T07:21:24Z</time><sat>38</sat></trkpt>
  <trkpt lat="35.53336609" lon="139.50131792"><ele>82.012</ele><time>2026-09-13T07:21:30Z</time><sat>38</sat></trkpt>
  <trkpt lat="35.53332380" lon="139.50128998"><ele>82.214</ele><time>2026-09-13T07:21:35Z</time><sat>33</sat></trkpt>
  <trkpt lat="35.53327457" lon="139.50125673"><ele>82.785</ele><time>2026-09-13T07:21:41Z</time><sat>37</sat></trkpt>
  <trkpt lat="35.53322517" lon="139.50121723"><ele>82.078</ele><time>2026-09-13T07:21:47Z</time><sat>38</sat></trkpt>
  <trkpt lat="35.53317514" lon="139.50118091"><ele>81.712</ele><time>2026-09-13T07:21:53Z</time><sat>38</sat></trkpt>
  <trkpt lat="35.53312831" lon="139.50114385"><ele>81.541</ele><time>2026-09-13T07:21:59Z</time><sat>38</sat></trkpt>
  <trkpt lat="35.53307673" lon="139.50111231"><ele>82.312</ele><time>2026-09-13T07:22:05Z</time><sat>39</sat></trkpt>
  <trkpt lat="35.53302867" lon="139.50106961"><ele>82.547</ele><time>2026-09-13T07:22:11Z</time><sat>38</sat></trkpt>
  <trkpt lat="35.53298073" lon="139.50102507"><ele>82.522</ele><time>2026-09-13T07:22:17Z</time><sat>36</sat></trkpt>
  <trkpt lat="35.53293214" lon="139.50098466"><ele>82.592</ele><time>2026-09-13T07:22:23Z</time><sat>36</sat></trkpt>
  <trkpt lat="35.53287969" lon="139.50094573"><ele>82.628</ele><time>2026-09-13T07:22:29Z</time><sat>39</sat></trkpt>
  <trkpt lat="35.53283026" lon="139.50091429"><ele>82.000</ele><time>2026-09-13T07:22:35Z</time><sat>39</sat></trkpt>
  <trkpt lat="35.53279707" lon="139.50086911"><ele>83.843</ele><time>2026-09-13T07:22:41Z</time><sat>39</sat></trkpt>
  <trkpt lat="35.53276190" lon="139.50081097"><ele>85.193</ele><time>2026-09-13T07:22:47Z</time><sat>39</sat></trkpt>
  <trkpt lat="35.53271291" lon="139.50077029"><ele>85.063</ele><time>2026-09-13T07:22:53Z</time><sat>35</sat></trkpt>
  <trkpt lat="35.53268964" lon="139.50071730"><ele>83.475</ele><time>2026-09-13T07:22:59Z</time><sat>37</sat></trkpt>
  <trkpt lat="35.53266132" lon="139.50066863"><ele>82.081</ele><time>2026-09-13T07:23:05Z</time><sat>33</sat></trkpt>
  <trkpt lat="35.53262480" lon="139.50062020"><ele>81.900</ele><time>2026-09-13T07:23:11Z</time><sat>38</sat></trkpt>
  <trkpt lat="35.53259585" lon="139.50056602"><ele>82.292</ele><time>2026-09-13T07:23:17Z</time><sat>39</sat></trkpt>
  <trkpt lat="35.53256239" lon="139.50051692"><ele>79.937</ele><time>2026-09-13T07:23:23Z</time><sat>37</sat></trkpt>
  <trkpt lat="35.53254136" lon="139.50044169"><ele>79.172</ele><time>2026-09-13T07:23:29Z</time><sat>35</sat></trkpt>
  <trkpt lat="35.53250103" lon="139.50036950"><ele>80.669</ele><time>2026-09-13T07:23:35Z</time><sat>32</sat></trkpt>
  <trkpt lat="35.53249056" lon="139.50028846"><ele>79.503</ele><time>2026-09-13T07:23:41Z</time><sat>32</sat></trkpt>
  <trkpt lat="35.53243426" lon="139.50022412"><ele>81.144</ele><time>2026-09-13T07:23:47Z</time><sat>33</sat></trkpt>
  <trkpt lat="35.53239134" lon="139.50016830"><ele>81.228</ele><time>2026-09-13T07:23:53Z</time><sat>31</sat></trkpt>
  <trkpt lat="35.53236642" lon="139.50010697"><ele>79.922</ele><time>2026-09-13T07:23:59Z</time><sat>28</sat></trkpt>
  <trkpt lat="35.53234197" lon="139.50005359"><ele>80.722</ele><time>2026-09-13T07:24:05Z</time><sat>33</sat></trkpt>
  <trkpt lat="35.53232136" lon="139.50000410"><ele>80.652</ele><time>2026-09-13T07:24:11Z</time><sat>34</sat></trkpt>
  <trkpt lat="35.53229809" lon="139.49994020"><ele>80.789</ele><time>2026-09-13T07:24:17Z</time><sat>33</sat></trkpt>
  <trkpt lat="35.53227013" lon="139.49987283"><ele>81.316</ele><time>2026-09-13T07:24:23Z</time><sat>32</sat></trkpt>
  <trkpt lat="35.53225325" lon="139.49980362"><ele>81.508</ele><time>2026-09-13T07:24:29Z</time><sat>33</sat></trkpt>
  <trkpt lat="35.53223680" lon="139.49974193"><ele>80.911</ele><time>2026-09-13T07:24:35Z</time><sat>38</sat></trkpt>
  <trkpt lat="35.53223048" lon="139.49971498"><ele>80.042</ele><time>2026-09-13T07:24:38Z</time><sat>37</sat></trkpt>
  <trkpt lat="35.53222723" lon="139.49971055"><ele>80.022</ele><time>2026-09-13T07:24:41Z</time><sat>38</sat></trkpt>
  <trkpt lat="35.53222542" lon="139.49971284"><ele>80.015</ele><time>2026-09-13T07:24:44Z</time><sat>37</sat></trkpt>
  <trkpt lat="35.53221962" lon="139.49970105"><ele>80.396</ele><time>2026-09-13T07:24:47Z</time><sat>38</sat></trkpt>
  <trkpt lat="35.53219529" lon="139.49964867"><ele>80.842</ele><time>2026-09-13T07:24:53Z</time><sat>37</sat></trkpt>
  <trkpt lat="35.53217481" lon="139.49958211"><ele>81.775</ele><time>2026-09-13T07:24:59Z</time><sat>35</sat></trkpt>
  <trkpt lat="35.53215586" lon="139.49952090"><ele>82.414</ele><time>2026-09-13T07:25:05Z</time><sat>36</sat></trkpt>
  <trkpt lat="35.53214211" lon="139.49945733"><ele>82.331</ele><time>2026-09-13T07:25:11Z</time><sat>38</sat></trkpt>
  <trkpt lat="35.53212603" lon="139.49938746"><ele>83.763</ele><time>2026-09-13T07:25:17Z</time><sat>38</sat></trkpt>
  <trkpt lat="35.53210692" lon="139.49931984"><ele>84.551</ele><time>2026-09-13T07:25:23Z</time><sat>36</sat></trkpt>
  <trkpt lat="35.53209918" lon="139.49926059"><ele>85.052</ele><time>2026-09-13T07:25:28Z</time><sat>36</sat></trkpt>
  <trkpt lat="35.53209372" lon="139.49919896"><ele>85.624</ele><time>2026-09-13T07:25:34Z</time><sat>38</sat></trkpt>
  <trkpt lat="35.53209272" lon="139.49913480"><ele>86.096</ele><time>2026-09-13T07:25:40Z</time><sat>39</sat></trkpt>
  <trkpt lat="35.53207909" lon="139.49905444"><ele>86.086</ele><time>2026-09-13T07:25:46Z</time><sat>38</sat></trkpt>
  <trkpt lat="35.53206633" lon="139.49897792"><ele>85.832</ele><time>2026-09-13T07:25:52Z</time><sat>37</sat></trkpt>
  <trkpt lat="35.53205752" lon="139.49890184"><ele>85.491</ele><time>2026-09-13T07:25:58Z</time><sat>39</sat></trkpt>
  <trkpt lat="35.53204673" lon="139.49884400"><ele>85.334</ele><time>2026-09-13T07:26:04Z</time><sat>36</sat></trkpt>
  <trkpt lat="35.53204152" lon="139.49876149"><ele>85.488</ele><time>2026-09-13T07:26:10Z</time><sat>38</sat></trkpt>
  <trkpt lat="35.53203611" lon="139.49873920"><ele>85.165</ele><time>2026-09-13T07:26:22Z</time><sat>36</sat></trkpt>
  <trkpt lat="35.53202799" lon="139.49865984"><ele>85.641</ele><time>2026-09-13T07:26:28Z</time><sat>34</sat></trkpt>
  <trkpt lat="35.53204603" lon="139.49860102"><ele>86.492</ele><time>2026-09-13T07:26:31Z</time><sat>39</sat></trkpt>
  <trkpt lat="35.53205204" lon="139.49858139"><ele>86.470</ele><time>2026-09-13T07:26:34Z</time><sat>39</sat></trkpt>
  <trkpt lat="35.53204766" lon="139.49858247"><ele>87.330</ele><time>2026-09-13T07:26:37Z</time><sat>38</sat></trkpt>
  <trkpt lat="35.53204484" lon="139.49858389"><ele>87.264</ele><time>2026-09-13T07:26:49Z</time><sat>28</sat></trkpt>
  <trkpt lat="35.53204510" lon="139.49858402"><ele>87.220</ele><time>2026-09-13T07:27:01Z</time><sat>29</sat></trkpt>
  <trkpt lat="35.53204414" lon="139.49858914"><ele>86.539</ele><time>2026-09-13T07:27:13Z</time><sat>36</sat></trkpt>
  <trkpt lat="35.53204462" lon="139.49860092"><ele>86.343</ele><time>2026-09-13T07:27:25Z</time><sat>34</sat></trkpt>
  <trkpt lat="35.53204482" lon="139.49860077"><ele>86.357</ele><time>2026-09-13T07:27:37Z</time><sat>35</sat></trkpt>
  <trkpt lat="35.53204534" lon="139.49860007"><ele>86.314</ele><time>2026-09-13T07:27:49Z</time><sat>37</sat></trkpt>
  <trkpt lat="35.53204585" lon="139.49859956"><ele>86.283</ele><time>2026-09-13T07:28:01Z</time><sat>34</sat></trkpt>
  <trkpt lat="35.53204623" lon="139.49859870"><ele>86.276</ele><time>2026-09-13T07:28:13Z</time><sat>38</sat></trkpt>
  <trkpt lat="35.53204459" lon="139.49859747"><ele>86.628</ele><time>2026-09-13T07:28:25Z</time><sat>36</sat></trkpt>
  <trkpt lat="35.53204734" lon="139.49859495"><ele>86.743</ele><time>2026-09-13T07:28:37Z</time><sat>35</sat></trkpt>
  <trkpt lat="35.53204851" lon="139.49859626"><ele>87.043</ele><time>2026-09-13T07:28:49Z</time><sat>35</sat></trkpt>
  <trkpt lat="35.53204866" lon="139.49859650"><ele>87.014</ele><time>2026-09-13T07:29:01Z</time><sat>33</sat></trkpt>
  <trkpt lat="35.53204888" lon="139.49859638"><ele>87.005</ele><time>2026-09-13T07:29:13Z</time><sat>35</sat></trkpt>
  <trkpt lat="35.53204880" lon="139.49858773"><ele>86.459</ele><time>2026-09-13T07:29:25Z</time><sat>35</sat></trkpt>
  <trkpt lat="35.53204924" lon="139.49858654"><ele>86.648</ele><time>2026-09-13T07:29:37Z</time><sat>35</sat></trkpt>
  <trkpt lat="35.53205167" lon="139.49858527"><ele>87.482</ele><time>2026-09-13T07:29:46Z</time><sat>37</sat></trkpt>
  <trkpt lat="35.53205292" lon="139.49858827"><ele>87.497</ele><time>2026-09-13T07:29:49Z</time><sat>38</sat></trkpt>
  <trkpt lat="35.53205480" lon="139.49858944"><ele>87.408</ele><time>2026-09-13T07:29:52Z</time><sat>38</sat></trkpt>
  <trkpt lat="35.53205651" lon="139.49858368"><ele>87.136</ele><time>2026-09-13T07:30:04Z</time><sat>34</sat></trkpt>
  <trkpt lat="35.53205681" lon="139.49858413"><ele>87.134</ele><time>2026-09-13T07:30:16Z</time><sat>36</sat></trkpt>
  <trkpt lat="35.53205520" lon="139.49858568"><ele>87.172</ele><time>2026-09-13T07:30:28Z</time><sat>36</sat></trkpt>
  <trkpt lat="35.53205483" lon="139.49858629"><ele>87.177</ele><time>2026-09-13T07:30:37Z</time><sat>35</sat></trkpt>
  <trkpt lat="35.53205367" lon="139.49858956"><ele>87.571</ele><time>2026-09-13T07:30:40Z</time><sat>37</sat></trkpt>
  <trkpt lat="35.53200635" lon="139.49860102"><ele>88.069</ele><time>2026-09-13T07:30:49Z</time><sat>38</sat></trkpt>
  <trkpt lat="35.53199153" lon="139.49853880"><ele>88.816</ele><time>2026-09-13T07:30:55Z</time><sat>39</sat></trkpt>
  <trkpt lat="35.53197286" lon="139.49847234"><ele>89.421</ele><time>2026-09-13T07:31:01Z</time><sat>38</sat></trkpt>
  <trkpt lat="35.53196003" lon="139.49840160"><ele>90.322</ele><time>2026-09-13T07:31:07Z</time><sat>39</sat></trkpt>
  <trkpt lat="35.53195511" lon="139.49832864"><ele>90.256</ele><time>2026-09-13T07:31:13Z</time><sat>38</sat></trkpt>
  <trkpt lat="35.53195550" lon="139.49825311"><ele>90.594</ele><time>2026-09-13T07:31:19Z</time><sat>37</sat></trkpt>
  <trkpt lat="35.53195231" lon="139.49817430"><ele>90.897</ele><time>2026-09-13T07:31:25Z</time><sat>37</sat></trkpt>
  <trkpt lat="35.53194003" lon="139.49809942"><ele>90.865</ele><time>2026-09-13T07:31:31Z</time><sat>39</sat></trkpt>
  <trkpt lat="35.53192823" lon="139.49802829"><ele>91.099</ele><time>2026-09-13T07:31:37Z</time><sat>39</sat></trkpt>
  <trkpt lat="35.53192745" lon="139.49795434"><ele>91.321</ele><time>2026-09-13T07:31:43Z</time><sat>38</sat></trkpt>
  <trkpt lat="35.53193094" lon="139.49787737"><ele>91.063</ele><time>2026-09-13T07:31:49Z</time><sat>37</sat></trkpt>
  <trkpt lat="35.53192462" lon="139.49781839"><ele>91.117</ele><time>2026-09-13T07:31:58Z</time><sat>36</sat></trkpt>
  <trkpt lat="35.53192495" lon="139.49783391"><ele>90.469</ele><time>2026-09-13T07:32:02Z</time><sat>37</sat></trkpt>
  <trkpt lat="35.53192707" lon="139.49783875"><ele>90.520</ele><time>2026-09-13T07:32:05Z</time><sat>37</sat></trkpt>
  <trkpt lat="35.53192990" lon="139.49784163"><ele>90.980</ele><time>2026-09-13T07:32:16Z</time><sat>33</sat></trkpt>
  <trkpt lat="35.53193176" lon="139.49784193"><ele>90.980</ele><time>2026-09-13T07:32:19Z</time><sat>33</sat></trkpt>
  <trkpt lat="35.53193143" lon="139.49783375"><ele>91.032</ele><time>2026-09-13T07:32:22Z</time><sat>36</sat></trkpt>
  <trkpt lat="35.53193595" lon="139.49777473"><ele>91.773</ele><time>2026-09-13T07:32:31Z</time><sat>36</sat></trkpt>
  <trkpt lat="35.53193197" lon="139.49768663"><ele>91.239</ele><time>2026-09-13T07:32:40Z</time><sat>36</sat></trkpt>
  <trkpt lat="35.53194009" lon="139.49761631"><ele>90.983</ele><time>2026-09-13T07:32:46Z</time><sat>36</sat></trkpt>
  <trkpt lat="35.53194218" lon="139.49754346"><ele>90.650</ele><time>2026-09-13T07:32:52Z</time><sat>33</sat></trkpt>
  <trkpt lat="35.53194542" lon="139.49746947"><ele>90.894</ele><time>2026-09-13T07:32:58Z</time><sat>33</sat></trkpt>
  <trkpt lat="35.53195070" lon="139.49738859"><ele>91.539</ele><time>2026-09-13T07:33:04Z</time><sat>35</sat></trkpt>
  <trkpt lat="35.53196429" lon="139.49731249"><ele>91.651</ele><time>2026-09-13T07:33:10Z</time><sat>36</sat></trkpt>
  <trkpt lat="35.53197661" lon="139.49723569"><ele>90.835</ele><time>2026-09-13T07:33:16Z</time><sat>35</sat></trkpt>
  <trkpt lat="35.53198169" lon="139.49716029"><ele>91.661</ele><time>2026-09-13T07:33:22Z</time><sat>35</sat></trkpt>
  <trkpt lat="35.53197467" lon="139.49708619"><ele>91.326</ele><time>2026-09-13T07:33:28Z</time><sat>35</sat></trkpt>
  <trkpt lat="35.53198859" lon="139.49701080"><ele>91.064</ele><time>2026-09-13T07:33:34Z</time><sat>34</sat></trkpt>
  <trkpt lat="35.53198982" lon="139.49692760"><ele>91.551</ele><time>2026-09-13T07:33:40Z</time><sat>35</sat></trkpt>
  <trkpt lat="35.53199209" lon="139.49684867"><ele>90.673</ele><time>2026-09-13T07:33:46Z</time><sat>37</sat></trkpt>
  <trkpt lat="35.53200434" lon="139.49676740"><ele>91.518</ele><time>2026-09-13T07:33:52Z</time><sat>36</sat></trkpt>
  <trkpt lat="35.53200673" lon="139.49669030"><ele>90.645</ele><time>2026-09-13T07:33:58Z</time><sat>37</sat></trkpt>
  <trkpt lat="35.53200370" lon="139.49661436"><ele>90.669</ele><time>2026-09-13T07:34:04Z</time><sat>36</sat></trkpt>
  <trkpt lat="35.53201283" lon="139.49653431"><ele>91.579</ele><time>2026-09-13T07:34:10Z</time><sat>36</sat></trkpt>
  <trkpt lat="35.53201991" lon="139.49646065"><ele>92.386</ele><time>2026-09-13T07:34:16Z</time><sat>38</sat></trkpt>
  <trkpt lat="35.53202170" lon="139.49638549"><ele>93.243</ele><time>2026-09-13T07:34:22Z</time><sat>41</sat></trkpt>
  <trkpt lat="35.53202966" lon="139.49631779"><ele>92.445</ele><time>2026-09-13T07:34:28Z</time><sat>41</sat></trkpt>
  <trkpt lat="35.53203151" lon="139.49624358"><ele>92.451</ele><time>2026-09-13T07:34:34Z</time><sat>41</sat></trkpt>
  <trkpt lat="35.53203647" lon="139.49617276"><ele>93.170</ele><time>2026-09-13T07:34:40Z</time><sat>41</sat></trkpt>
  <trkpt lat="35.53205040" lon="139.49609981"><ele>93.557</ele><time>2026-09-13T07:34:46Z</time><sat>41</sat></trkpt>
  <trkpt lat="35.53206384" lon="139.49602535"><ele>93.020</ele><time>2026-09-13T07:34:52Z</time><sat>41</sat></trkpt>
  <trkpt lat="35.53208960" lon="139.49595392"><ele>93.146</ele><time>2026-09-13T07:34:58Z</time><sat>41</sat></trkpt>
  <trkpt lat="35.53211215" lon="139.49588005"><ele>93.095</ele><time>2026-09-13T07:35:04Z</time><sat>41</sat></trkpt>
  <trkpt lat="35.53214644" lon="139.49581561"><ele>93.089</ele><time>2026-09-13T07:35:10Z</time><sat>41</sat></trkpt>
  <trkpt lat="35.53218588" lon="139.49575127"><ele>92.827</ele><time>2026-09-13T07:35:16Z</time><sat>41</sat></trkpt>
  <trkpt lat="35.53223730" lon="139.49571050"><ele>93.362</ele><time>2026-09-13T07:35:22Z</time><sat>39</sat></trkpt>
  <trkpt lat="35.53229478" lon="139.49571616"><ele>93.815</ele><time>2026-09-13T07:35:28Z</time><sat>41</sat></trkpt>
  <trkpt lat="35.53234289" lon="139.49573550"><ele>94.469</ele><time>2026-09-13T07:35:34Z</time><sat>40</sat></trkpt>
  <trkpt lat="35.53229083" lon="139.49571879"><ele>93.999</ele><time>2026-09-13T07:35:40Z</time><sat>41</sat></trkpt>
  <trkpt lat="35.53233519" lon="139.49569147"><ele>94.288</ele><time>2026-09-13T07:35:51Z</time><sat>41</sat></trkpt>
  <trkpt lat="35.53237004" lon="139.49574446"><ele>97.340</ele><time>2026-09-13T07:36:00Z</time><sat>41</sat></trkpt>
  <trkpt lat="35.53231689" lon="139.49574602"><ele>98.719</ele><time>2026-09-13T07:36:09Z</time><sat>32</sat></trkpt>
  <trkpt lat="35.53227577" lon="139.49570215"><ele>98.016</ele><time>2026-09-13T07:36:18Z</time><sat>41</sat></trkpt>
  <trkpt lat="35.53222623" lon="139.49564976"><ele>97.880</ele><time>2026-09-13T07:36:24Z</time><sat>41</sat></trkpt>
  <trkpt lat="35.53216401" lon="139.49561461"><ele>99.384</ele><time>2026-09-13T07:36:30Z</time><sat>39</sat></trkpt>
  <trkpt lat="35.53211267" lon="139.49556754"><ele>99.351</ele><time>2026-09-13T07:36:36Z</time><sat>41</sat></trkpt>
  <trkpt lat="35.53206117" lon="139.49553018"><ele>99.159</ele><time>2026-09-13T07:36:42Z</time><sat>41</sat></trkpt>
  <trkpt lat="35.53201390" lon="139.49549301"><ele>99.594</ele><time>2026-09-13T07:36:48Z</time><sat>41</sat></trkpt>
  <trkpt lat="35.53197449" lon="139.49544221"><ele>100.385</ele><time>2026-09-13T07:36:54Z</time><sat>41</sat></trkpt>
  <trkpt lat="35.53197876" lon="139.49538446"><ele>100.125</ele><time>2026-09-13T07:37:00Z</time><sat>39</sat></trkpt>
  <trkpt lat="35.53198716" lon="139.49531522"><ele>97.925</ele><time>2026-09-13T07:37:06Z</time><sat>40</sat></trkpt>
  <trkpt lat="35.53202270" lon="139.49530839"><ele>94.915</ele><time>2026-09-13T07:37:15Z</time><sat>37</sat></trkpt>
  <trkpt lat="35.53202175" lon="139.49534496"><ele>94.906</ele><time>2026-09-13T07:37:18Z</time><sat>38</sat></trkpt>
  <trkpt lat="35.53201784" lon="139.49536322"><ele>95.542</ele><time>2026-09-13T07:37:21Z</time><sat>37</sat></trkpt>
  <trkpt lat="35.53200359" lon="139.49538813"><ele>95.808</ele><time>2026-09-13T07:37:24Z</time><sat>39</sat></trkpt>
  <trkpt lat="35.53199203" lon="139.49540984"><ele>95.433</ele><time>2026-09-13T07:37:36Z</time><sat>39</sat></trkpt>
  <trkpt lat="35.53199188" lon="139.49541248"><ele>95.380</ele><time>2026-09-13T07:37:42Z</time><sat>38</sat></trkpt>
  <trkpt lat="35.53199228" lon="139.49541483"><ele>95.092</ele><time>2026-09-13T07:37:45Z</time><sat>36</sat></trkpt>
  <trkpt lat="35.53201035" lon="139.49547728"><ele>95.213</ele><time>2026-09-13T07:37:51Z</time><sat>36</sat></trkpt>
  <trkpt lat="35.53201714" lon="139.49551059"><ele>96.083</ele><time>2026-09-13T07:37:54Z</time><sat>39</sat></trkpt>
  <trkpt lat="35.53202811" lon="139.49553121"><ele>97.374</ele><time>2026-09-13T07:38:04Z</time><sat>41</sat></trkpt>
  <trkpt lat="35.53202297" lon="139.49553451"><ele>101.462</ele><time>2026-09-13T07:38:16Z</time><sat>41</sat></trkpt>
  <trkpt lat="35.53202392" lon="139.49553447"><ele>102.526</ele><time>2026-09-13T07:38:19Z</time><sat>41</sat></trkpt>
  <trkpt lat="35.53205563" lon="139.49555555"><ele>102.993</ele><time>2026-09-13T07:38:25Z</time><sat>41</sat></trkpt>
  <trkpt lat="35.53205639" lon="139.49555653"><ele>102.198</ele><time>2026-09-13T07:38:28Z</time><sat>41</sat></trkpt>
  <trkpt lat="35.53205226" lon="139.49555540"><ele>102.202</ele><time>2026-09-13T07:38:31Z</time><sat>41</sat></trkpt>
  <trkpt lat="35.53205916" lon="139.49555879"><ele>102.729</ele><time>2026-09-13T07:38:34Z</time><sat>41</sat></trkpt>
  <trkpt lat="35.53206047" lon="139.49555894"><ele>102.865</ele><time>2026-09-13T07:38:37Z</time><sat>41</sat></trkpt>
  <trkpt lat="35.53205428" lon="139.49556078"><ele>103.716</ele><time>2026-09-13T07:38:40Z</time><sat>41</sat></trkpt>
  <trkpt lat="35.53205185" lon="139.49555996"><ele>103.771</ele><time>2026-09-13T07:38:52Z</time><sat>38</sat></trkpt>
  <trkpt lat="35.53205144" lon="139.49555978"><ele>103.782</ele><time>2026-09-13T07:39:02Z</time><sat>38</sat></trkpt>
  <trkpt lat="35.53205088" lon="139.49555999"><ele>103.804</ele><time>2026-09-13T07:39:14Z</time><sat>39</sat></trkpt>
  <trkpt lat="35.53205124" lon="139.49555998"><ele>103.054</ele><time>2026-09-13T07:39:26Z</time><sat>38</sat></trkpt>
  <trkpt lat="35.53204728" lon="139.49556082"><ele>102.734</ele><time>2026-09-13T07:39:38Z</time><sat>39</sat></trkpt>
  <trkpt lat="35.53203768" lon="139.49556920"><ele>102.512</ele><time>2026-09-13T07:39:50Z</time><sat>38</sat></trkpt>
  <trkpt lat="35.53203641" lon="139.49557062"><ele>102.117</ele><time>2026-09-13T07:39:53Z</time><sat>38</sat></trkpt>
  <trkpt lat="35.53203212" lon="139.49557175"><ele>101.669</ele><time>2026-09-13T07:40:02Z</time><sat>39</sat></trkpt>
  <trkpt lat="35.53203178" lon="139.49557223"><ele>101.729</ele><time>2026-09-13T07:40:14Z</time><sat>37</sat></trkpt>
  <trkpt lat="35.53203186" lon="139.49557212"><ele>101.810</ele><time>2026-09-13T07:40:25Z</time><sat>37</sat></trkpt>
  <trkpt lat="35.53203170" lon="139.49557199"><ele>101.848</ele><time>2026-09-13T07:40:39Z</time><sat>38</sat></trkpt>
  <trkpt lat="35.53203173" lon="139.49557216"><ele>101.890</ele><time>2026-09-13T07:40:51Z</time><sat>38</sat></trkpt>
  <trkpt lat="35.53203159" lon="139.49557227"><ele>101.924</ele><time>2026-09-13T07:41:00Z</time><sat>37</sat></trkpt>
  <trkpt lat="35.53203432" lon="139.49557620"><ele>101.943</ele><time>2026-09-13T07:41:03Z</time><sat>39</sat></trkpt>
  <trkpt lat="35.53208374" lon="139.49554189"><ele>98.759</ele><time>2026-09-13T07:41:09Z</time><sat>40</sat></trkpt>
  <trkpt lat="35.53214563" lon="139.49549376"><ele>98.647</ele><time>2026-09-13T07:41:15Z</time><sat>39</sat></trkpt>
  <trkpt lat="35.53221255" lon="139.49547344"><ele>97.829</ele><time>2026-09-13T07:41:21Z</time><sat>40</sat></trkpt>
  <trkpt lat="35.53228305" lon="139.49544488"><ele>97.204</ele><time>2026-09-13T07:41:27Z</time><sat>39</sat></trkpt>
  <trkpt lat="35.53234544" lon="139.49543550"><ele>96.201</ele><time>2026-09-13T07:41:33Z</time><sat>37</sat></trkpt>
  <trkpt lat="35.53240658" lon="139.49543782"><ele>94.955</ele><time>2026-09-13T07:41:39Z</time><sat>36</sat></trkpt>
  <trkpt lat="35.53246263" lon="139.49543629"><ele>95.141</ele><time>2026-09-13T07:41:45Z</time><sat>34</sat></trkpt>
  <trkpt lat="35.53251987" lon="139.49542895"><ele>94.084</ele><time>2026-09-13T07:41:51Z</time><sat>34</sat></trkpt>
  <trkpt lat="35.53257582" lon="139.49541020"><ele>92.738</ele><time>2026-09-13T07:41:57Z</time><sat>33</sat></trkpt>
  <trkpt lat="35.53264235" lon="139.49540814"><ele>93.991</ele><time>2026-09-13T07:42:04Z</time><sat>34</sat></trkpt>
  <trkpt lat="35.53269975" lon="139.49540673"><ele>95.571</ele><time>2026-09-13T07:42:10Z</time><sat>38</sat></trkpt>
  <trkpt lat="35.53274771" lon="139.49538850"><ele>96.464</ele><time>2026-09-13T07:42:16Z</time><sat>39</sat></trkpt>
  <trkpt lat="35.53276301" lon="139.49545471"><ele>94.842</ele><time>2026-09-13T07:42:22Z</time><sat>37</sat></trkpt>
  <trkpt lat="35.53274922" lon="139.49554463"><ele>94.326</ele><time>2026-09-13T07:42:28Z</time><sat>39</sat></trkpt>
  <trkpt lat="35.53273330" lon="139.49559739"><ele>94.328</ele><time>2026-09-13T07:42:31Z</time><sat>34</sat></trkpt>
  <trkpt lat="35.53274329" lon="139.49562249"><ele>93.941</ele><time>2026-09-13T07:42:34Z</time><sat>15</sat></trkpt>
  <trkpt lat="35.53273169" lon="139.49566039"><ele>90.580</ele><time>2026-09-13T07:42:46Z</time><sat>13</sat></trkpt>
  <trkpt lat="35.53271478" lon="139.49563543"><ele>91.471</ele><time>2026-09-13T07:42:58Z</time><sat>7</sat></trkpt>
  <trkpt lat="35.53273628" lon="139.49560443"><ele>88.918</ele><time>2026-09-13T07:43:01Z</time><sat>8</sat></trkpt>
  <trkpt lat="35.53279299" lon="139.49558896"><ele>88.682</ele><time>2026-09-13T07:43:04Z</time><sat>11</sat></trkpt>
  <trkpt lat="35.53282475" lon="139.49571363"><ele>75.263</ele><time>2026-09-13T08:22:30Z</time></trkpt>
  <trkpt lat="35.53276421" lon="139.49570619"><ele>86.461</ele><time>2026-09-13T08:22:33Z</time><sat>35</sat></trkpt>
  <trkpt lat="35.53274216" lon="139.49569386"><ele>103.254</ele><time>2026-09-13T08:22:36Z</time><sat>38</sat></trkpt>
  <trkpt lat="35.53274387" lon="139.49567694"><ele>106.917</ele><time>2026-09-13T08:22:42Z</time><sat>36</sat></trkpt>
  <trkpt lat="35.53275452" lon="139.49566125"><ele>108.295</ele><time>2026-09-13T08:22:45Z</time><sat>33</sat></trkpt>
  <trkpt lat="35.53279751" lon="139.49561444"><ele>106.809</ele><time>2026-09-13T08:22:51Z</time><sat>34</sat></trkpt>
  <trkpt lat="35.53283487" lon="139.49554888"><ele>108.953</ele><time>2026-09-13T08:22:57Z</time><sat>34</sat></trkpt>
  <trkpt lat="35.53290053" lon="139.49548504"><ele>108.646</ele><time>2026-09-13T08:23:03Z</time><sat>34</sat></trkpt>
  <trkpt lat="35.53292595" lon="139.49543391"><ele>103.478</ele><time>2026-09-13T08:23:06Z</time><sat>35</sat></trkpt>
  <trkpt lat="35.53292200" lon="139.49536094"><ele>101.242</ele><time>2026-09-13T08:23:09Z</time><sat>34</sat></trkpt>
  <trkpt lat="35.53291114" lon="139.49528930"><ele>100.305</ele><time>2026-09-13T08:23:12Z</time><sat>32</sat></trkpt>
  <trkpt lat="35.53288619" lon="139.49524025"><ele>98.742</ele><time>2026-09-13T08:23:15Z</time><sat>23</sat></trkpt>
  <trkpt lat="35.53287751" lon="139.49514235"><ele>93.731</ele><time>2026-09-13T08:23:21Z</time><sat>29</sat></trkpt>
  <trkpt lat="35.53288645" lon="139.49504155"><ele>92.986</ele><time>2026-09-13T08:23:27Z</time><sat>32</sat></trkpt>
  <trkpt lat="35.53288531" lon="139.49495275"><ele>90.882</ele><time>2026-09-13T08:23:33Z</time><sat>31</sat></trkpt>
  <trkpt lat="35.53288505" lon="139.49486387"><ele>91.551</ele><time>2026-09-13T08:23:39Z</time><sat>33</sat></trkpt>
  <trkpt lat="35.53287789" lon="139.49476715"><ele>92.292</ele><time>2026-09-13T08:23:45Z</time><sat>34</sat></trkpt>
  <trkpt lat="35.53287388" lon="139.49467382"><ele>90.626</ele><time>2026-09-13T08:23:51Z</time><sat>34</sat></trkpt>
  <trkpt lat="35.53284873" lon="139.49458612"><ele>89.731</ele><time>2026-09-13T08:23:57Z</time><sat>34</sat></trkpt>
  <trkpt lat="35.53277885" lon="139.49457658"><ele>90.984</ele><time>2026-09-13T08:24:03Z</time><sat>35</sat></trkpt>
  <trkpt lat="35.53270224" lon="139.49459030"><ele>89.829</ele><time>2026-09-13T08:24:09Z</time><sat>38</sat></trkpt>
  <trkpt lat="35.53262897" lon="139.49459808"><ele>89.226</ele><time>2026-09-13T08:24:15Z</time><sat>36</sat></trkpt>
  <trkpt lat="35.53258814" lon="139.49455552"><ele>89.697</ele><time>2026-09-13T08:24:21Z</time><sat>38</sat></trkpt>
  <trkpt lat="35.53260867" lon="139.49445591"><ele>90.978</ele><time>2026-09-13T08:24:27Z</time><sat>38</sat></trkpt>
  <trkpt lat="35.53260300" lon="139.49436695"><ele>91.263</ele><time>2026-09-13T08:24:33Z</time><sat>38</sat></trkpt>
  <trkpt lat="35.53257465" lon="139.49430055"><ele>90.849</ele><time>2026-09-13T08:24:39Z</time><sat>38</sat></trkpt>
  <trkpt lat="35.53251720" lon="139.49425589"><ele>91.758</ele><time>2026-09-13T08:24:45Z</time><sat>35</sat></trkpt>
  <trkpt lat="35.53245882" lon="139.49420745"><ele>91.873</ele><time>2026-09-13T08:24:51Z</time><sat>35</sat></trkpt>
  <trkpt lat="35.53239727" lon="139.49417202"><ele>92.573</ele><time>2026-09-13T08:24:57Z</time><sat>36</sat></trkpt>
  <trkpt lat="35.53234035" lon="139.49413530"><ele>93.228</ele><time>2026-09-13T08:25:03Z</time><sat>34</sat></trkpt>
  <trkpt lat="35.53228658" lon="139.49408578"><ele>94.111</ele><time>2026-09-13T08:25:09Z</time><sat>34</sat></trkpt>
  <trkpt lat="35.53223907" lon="139.49402771"><ele>93.593</ele><time>2026-09-13T08:25:15Z</time><sat>33</sat></trkpt>
  <trkpt lat="35.53220073" lon="139.49395285"><ele>93.823</ele><time>2026-09-13T08:25:21Z</time><sat>35</sat></trkpt>
  <trkpt lat="35.53220051" lon="139.49386264"><ele>94.314</ele><time>2026-09-13T08:25:27Z</time><sat>37</sat></trkpt>
  <trkpt lat="35.53222336" lon="139.49378439"><ele>93.857</ele><time>2026-09-13T08:25:33Z</time><sat>38</sat></trkpt>
  <trkpt lat="35.53224675" lon="139.49371559"><ele>93.387</ele><time>2026-09-13T08:25:39Z</time><sat>35</sat></trkpt>
  <trkpt lat="35.53226724" lon="139.49363888"><ele>93.440</ele><time>2026-09-13T08:25:45Z</time><sat>35</sat></trkpt>
  <trkpt lat="35.53228158" lon="139.49356210"><ele>92.434</ele><time>2026-09-13T08:25:51Z</time><sat>34</sat></trkpt>
  <trkpt lat="35.53230739" lon="139.49348823"><ele>92.073</ele><time>2026-09-13T08:25:57Z</time><sat>34</sat></trkpt>
  <trkpt lat="35.53232690" lon="139.49340879"><ele>91.771</ele><time>2026-09-13T08:26:03Z</time><sat>33</sat></trkpt>
  <trkpt lat="35.53234595" lon="139.49332959"><ele>91.788</ele><time>2026-09-13T08:26:09Z</time><sat>34</sat></trkpt>
  <trkpt lat="35.53235540" lon="139.49324460"><ele>92.237</ele><time>2026-09-13T08:26:15Z</time><sat>31</sat></trkpt>
  <trkpt lat="35.53238341" lon="139.49315967"><ele>92.977</ele><time>2026-09-13T08:26:21Z</time><sat>33</sat></trkpt>
  <trkpt lat="35.53241443" lon="139.49307377"><ele>93.276</ele><time>2026-09-13T08:26:27Z</time><sat>33</sat></trkpt>
  <trkpt lat="35.53242706" lon="139.49298337"><ele>93.661</ele><time>2026-09-13T08:26:33Z</time><sat>34</sat></trkpt>
  <trkpt lat="35.53243912" lon="139.49289608"><ele>93.526</ele><time>2026-09-13T08:26:39Z</time><sat>35</sat></trkpt>
  <trkpt lat="35.53246257" lon="139.49281854"><ele>93.751</ele><time>2026-09-13T08:26:45Z</time><sat>37</sat></trkpt>
  <trkpt lat="35.53249077" lon="139.49274157"><ele>93.751</ele><time>2026-09-13T08:26:51Z</time><sat>37</sat></trkpt>
  <trkpt lat="35.53251051" lon="139.49266593"><ele>93.418</ele><time>2026-09-13T08:26:57Z</time><sat>37</sat></trkpt>
  <trkpt lat="35.53254237" lon="139.49261186"><ele>93.156</ele><time>2026-09-13T08:27:03Z</time><sat>38</sat></trkpt>
  <trkpt lat="35.53256593" lon="139.49253344"><ele>92.853</ele><time>2026-09-13T08:27:09Z</time><sat>39</sat></trkpt>
  <trkpt lat="35.53257644" lon="139.49245024"><ele>93.149</ele><time>2026-09-13T08:27:15Z</time><sat>39</sat></trkpt>
  <trkpt lat="35.53259860" lon="139.49237507"><ele>93.413</ele><time>2026-09-13T08:27:21Z</time><sat>39</sat></trkpt>
  <trkpt lat="35.53262146" lon="139.49229457"><ele>93.206</ele><time>2026-09-13T08:27:27Z</time><sat>39</sat></trkpt>
  <trkpt lat="35.53264410" lon="139.49221516"><ele>93.137</ele><time>2026-09-13T08:27:33Z</time><sat>38</sat></trkpt>
  <trkpt lat="35.53266390" lon="139.49213829"><ele>93.673</ele><time>2026-09-13T08:27:39Z</time><sat>39</sat></trkpt>
  <trkpt lat="35.53263847" lon="139.49207272"><ele>94.133</ele><time>2026-09-13T08:27:45Z</time><sat>38</sat></trkpt>
  <trkpt lat="35.53259312" lon="139.49207375"><ele>94.059</ele><time>2026-09-13T08:27:48Z</time><sat>36</sat></trkpt>
  <trkpt lat="35.53251414" lon="139.49208307"><ele>94.157</ele><time>2026-09-13T08:27:54Z</time><sat>38</sat></trkpt>
  <trkpt lat="35.53243910" lon="139.49206494"><ele>93.909</ele><time>2026-09-13T08:28:00Z</time><sat>38</sat></trkpt>
  <trkpt lat="35.53237421" lon="139.49203683"><ele>94.642</ele><time>2026-09-13T08:28:06Z</time><sat>37</sat></trkpt>
  <trkpt lat="35.53231094" lon="139.49202174"><ele>96.309</ele><time>2026-09-13T08:28:12Z</time><sat>37</sat></trkpt>
  <trkpt lat="35.53225036" lon="139.49202814"><ele>96.534</ele><time>2026-09-13T08:28:18Z</time><sat>37</sat></trkpt>
  <trkpt lat="35.53219557" lon="139.49203340"><ele>96.190</ele><time>2026-09-13T08:28:24Z</time><sat>38</sat></trkpt>
  <trkpt lat="35.53213374" lon="139.49204268"><ele>96.629</ele><time>2026-09-13T08:28:30Z</time><sat>38</sat></trkpt>
  <trkpt lat="35.53207197" lon="139.49202856"><ele>96.855</ele><time>2026-09-13T08:28:36Z</time><sat>37</sat></trkpt>
  <trkpt lat="35.53201022" lon="139.49201639"><ele>96.824</ele><time>2026-09-13T08:28:42Z</time><sat>36</sat></trkpt>
  <trkpt lat="35.53196660" lon="139.49203692"><ele>97.255</ele><time>2026-09-13T08:28:48Z</time><sat>37</sat></trkpt>
  <trkpt lat="35.53192895" lon="139.49210915"><ele>98.174</ele><time>2026-09-13T08:28:54Z</time><sat>37</sat></trkpt>
  <trkpt lat="35.53188307" lon="139.49216022"><ele>98.396</ele><time>2026-09-13T08:29:00Z</time><sat>38</sat></trkpt>
  <trkpt lat="35.53183360" lon="139.49221358"><ele>98.701</ele><time>2026-09-13T08:29:06Z</time><sat>37</sat></trkpt>
  <trkpt lat="35.53178686" lon="139.49227372"><ele>98.880</ele><time>2026-09-13T08:29:12Z</time><sat>37</sat></trkpt>
  <trkpt lat="35.53173988" lon="139.49232618"><ele>98.914</ele><time>2026-09-13T08:29:18Z</time><sat>37</sat></trkpt>
  <trkpt lat="35.53169216" lon="139.49237598"><ele>99.115</ele><time>2026-09-13T08:29:24Z</time><sat>37</sat></trkpt>
  <trkpt lat="35.53164387" lon="139.49242832"><ele>98.956</ele><time>2026-09-13T08:29:30Z</time><sat>37</sat></trkpt>
  <trkpt lat="35.53159689" lon="139.49247790"><ele>98.747</ele><time>2026-09-13T08:29:36Z</time><sat>36</sat></trkpt>
  <trkpt lat="35.53154704" lon="139.49252656"><ele>99.061</ele><time>2026-09-13T08:29:42Z</time><sat>36</sat></trkpt>
  <trkpt lat="35.53149872" lon="139.49256900"><ele>99.896</ele><time>2026-09-13T08:29:48Z</time><sat>35</sat></trkpt>
  <trkpt lat="35.53142552" lon="139.49255440"><ele>98.837</ele><time>2026-09-13T08:29:57Z</time><sat>35</sat></trkpt>
  <trkpt lat="35.53139541" lon="139.49250283"><ele>100.019</ele><time>2026-09-13T08:30:03Z</time><sat>33</sat></trkpt>
  <trkpt lat="35.53138827" lon="139.49242854"><ele>101.641</ele><time>2026-09-13T08:30:09Z</time><sat>32</sat></trkpt>
  <trkpt lat="35.53138045" lon="139.49235097"><ele>102.361</ele><time>2026-09-13T08:30:15Z</time><sat>32</sat></trkpt>
  <trkpt lat="35.53137976" lon="139.49227162"><ele>102.673</ele><time>2026-09-13T08:30:21Z</time><sat>32</sat></trkpt>
  <trkpt lat="35.53137444" lon="139.49219387"><ele>103.727</ele><time>2026-09-13T08:30:27Z</time><sat>32</sat></trkpt>
  <trkpt lat="35.53136029" lon="139.49211211"><ele>105.115</ele><time>2026-09-13T08:30:33Z</time><sat>32</sat></trkpt>
  <trkpt lat="35.53134255" lon="139.49202803"><ele>106.227</ele><time>2026-09-13T08:30:39Z</time><sat>33</sat></trkpt>
  <trkpt lat="35.53133647" lon="139.49194006"><ele>106.154</ele><time>2026-09-13T08:30:45Z</time><sat>31</sat></trkpt>
  <trkpt lat="35.53132380" lon="139.49186453"><ele>106.520</ele><time>2026-09-13T08:30:51Z</time><sat>32</sat></trkpt>
  <trkpt lat="35.53131627" lon="139.49179468"><ele>107.572</ele><time>2026-09-13T08:30:57Z</time><sat>33</sat></trkpt>
  <trkpt lat="35.53131224" lon="139.49172505"><ele>108.183</ele><time>2026-09-13T08:31:03Z</time><sat>32</sat></trkpt>
  <trkpt lat="35.53126426" lon="139.49168490"><ele>108.785</ele><time>2026-09-13T08:31:09Z</time><sat>35</sat></trkpt>
  <trkpt lat="35.53121289" lon="139.49164271"><ele>109.813</ele><time>2026-09-13T08:31:15Z</time><sat>32</sat></trkpt>
  <trkpt lat="35.53116684" lon="139.49160658"><ele>110.104</ele><time>2026-09-13T08:31:21Z</time><sat>29</sat></trkpt>
  <trkpt lat="35.53111181" lon="139.49158340"><ele>110.708</ele><time>2026-09-13T08:31:27Z</time><sat>30</sat></trkpt>
  <trkpt lat="35.53104985" lon="139.49158409"><ele>111.876</ele><time>2026-09-13T08:31:33Z</time><sat>29</sat></trkpt>
  <trkpt lat="35.53099095" lon="139.49156760"><ele>112.240</ele><time>2026-09-13T08:31:39Z</time><sat>30</sat></trkpt>
  <trkpt lat="35.53093687" lon="139.49154244"><ele>113.329</ele><time>2026-09-13T08:31:45Z</time><sat>31</sat></trkpt>
  <trkpt lat="35.53089994" lon="139.49149452"><ele>115.141</ele><time>2026-09-13T08:31:51Z</time><sat>34</sat></trkpt>
  <trkpt lat="35.53097036" lon="139.49147265"><ele>114.372</ele><time>2026-09-13T08:32:00Z</time><sat>36</sat></trkpt>
  <trkpt lat="35.53102051" lon="139.49145044"><ele>112.287</ele><time>2026-09-13T08:32:06Z</time><sat>39</sat></trkpt>
  <trkpt lat="35.53102165" lon="139.49147048"><ele>111.702</ele><time>2026-09-13T08:32:09Z</time><sat>39</sat></trkpt>
  <trkpt lat="35.53101224" lon="139.49146763"><ele>111.249</ele><time>2026-09-13T08:32:18Z</time><sat>36</sat></trkpt>
  <trkpt lat="35.53102286" lon="139.49145851"><ele>109.720</ele><time>2026-09-13T08:32:22Z</time><sat>36</sat></trkpt>
  <trkpt lat="35.53104137" lon="139.49140806"><ele>111.076</ele><time>2026-09-13T08:32:25Z</time><sat>36</sat></trkpt>
  <trkpt lat="35.53105683" lon="139.49135183"><ele>112.323</ele><time>2026-09-13T08:32:28Z</time><sat>38</sat></trkpt>
  <trkpt lat="35.53107841" lon="139.49129823"><ele>113.817</ele><time>2026-09-13T08:32:34Z</time><sat>36</sat></trkpt>
  <trkpt lat="35.53106788" lon="139.49131025"><ele>110.940</ele><time>2026-09-13T08:32:48Z</time><sat>37</sat></trkpt>
  <trkpt lat="35.53104690" lon="139.49138706"><ele>110.104</ele><time>2026-09-13T08:32:54Z</time><sat>35</sat></trkpt>
  <trkpt lat="35.53102436" lon="139.49146337"><ele>109.408</ele><time>2026-09-13T08:33:00Z</time><sat>37</sat></trkpt>
  <trkpt lat="35.53102207" lon="139.49147478"><ele>109.422</ele><time>2026-09-13T08:33:03Z</time><sat>36</sat></trkpt>
  <trkpt lat="35.53101290" lon="139.49146579"><ele>110.126</ele><time>2026-09-13T08:33:12Z</time><sat>38</sat></trkpt>
  <trkpt lat="35.53100385" lon="139.49146123"><ele>109.578</ele><time>2026-09-13T08:33:15Z</time><sat>33</sat></trkpt>
  <trkpt lat="35.53099502" lon="139.49145661"><ele>109.524</ele><time>2026-09-13T08:33:18Z</time><sat>37</sat></trkpt>
  <trkpt lat="35.53099320" lon="139.49145615"><ele>109.538</ele><time>2026-09-13T08:33:30Z</time><sat>35</sat></trkpt>
  <trkpt lat="35.53099308" lon="139.49145568"><ele>109.595</ele><time>2026-09-13T08:33:42Z</time><sat>36</sat></trkpt>
  <trkpt lat="35.53099131" lon="139.49145573"><ele>109.501</ele><time>2026-09-13T08:33:45Z</time><sat>38</sat></trkpt>
  <trkpt lat="35.53097357" lon="139.49152342"><ele>110.199</ele><time>2026-09-13T08:33:54Z</time><sat>34</sat></trkpt>
  <trkpt lat="35.53093711" lon="139.49148298"><ele>111.782</ele><time>2026-09-13T08:34:00Z</time><sat>31</sat></trkpt>
  <trkpt lat="35.53087155" lon="139.49145063"><ele>111.450</ele><time>2026-09-13T08:34:06Z</time><sat>32</sat></trkpt>
  <trkpt lat="35.53082147" lon="139.49142396"><ele>112.519</ele><time>2026-09-13T08:34:12Z</time><sat>36</sat></trkpt>
  <trkpt lat="35.53076538" lon="139.49140264"><ele>113.678</ele><time>2026-09-13T08:34:18Z</time><sat>34</sat></trkpt>
  <trkpt lat="35.53070720" lon="139.49138245"><ele>113.758</ele><time>2026-09-13T08:34:24Z</time><sat>35</sat></trkpt>
  <trkpt lat="35.53064478" lon="139.49137099"><ele>114.924</ele><time>2026-09-13T08:34:30Z</time><sat>36</sat></trkpt>
  <trkpt lat="35.53058790" lon="139.49140784"><ele>115.438</ele><time>2026-09-13T08:34:36Z</time><sat>33</sat></trkpt>
  <trkpt lat="35.53053663" lon="139.49146162"><ele>114.791</ele><time>2026-09-13T08:34:42Z</time><sat>37</sat></trkpt>
  <trkpt lat="35.53048192" lon="139.49151297"><ele>115.174</ele><time>2026-09-13T08:34:48Z</time><sat>33</sat></trkpt>
  <trkpt lat="35.53042417" lon="139.49155899"><ele>114.292</ele><time>2026-09-13T08:34:54Z</time><sat>35</sat></trkpt>
  <trkpt lat="35.53036651" lon="139.49159455"><ele>114.077</ele><time>2026-09-13T08:35:00Z</time><sat>32</sat></trkpt>
  <trkpt lat="35.53030950" lon="139.49163453"><ele>113.992</ele><time>2026-09-13T08:35:06Z</time><sat>32</sat></trkpt>
  <trkpt lat="35.53025655" lon="139.49168590"><ele>114.165</ele><time>2026-09-13T08:35:12Z</time><sat>38</sat></trkpt>
  <trkpt lat="35.53020072" lon="139.49173292"><ele>114.837</ele><time>2026-09-13T08:35:18Z</time><sat>37</sat></trkpt>
  <trkpt lat="35.53013700" lon="139.49176793"><ele>114.661</ele><time>2026-09-13T08:35:24Z</time><sat>35</sat></trkpt>
  <trkpt lat="35.53007376" lon="139.49179990"><ele>114.383</ele><time>2026-09-13T08:35:30Z</time><sat>36</sat></trkpt>
  <trkpt lat="35.53001741" lon="139.49184336"><ele>114.402</ele><time>2026-09-13T08:35:36Z</time><sat>34</sat></trkpt>
  <trkpt lat="35.52998243" lon="139.49188263"><ele>112.936</ele><time>2026-09-13T08:35:42Z</time><sat>35</sat></trkpt>
  <trkpt lat="35.52999398" lon="139.49188316"><ele>112.700</ele><time>2026-09-13T08:35:45Z</time><sat>33</sat></trkpt>
  <trkpt lat="35.52999716" lon="139.49188324"><ele>112.487</ele><time>2026-09-13T08:35:53Z</time><sat>30</sat></trkpt>
  <trkpt lat="35.52999711" lon="139.49188337"><ele>112.456</ele><time>2026-09-13T08:36:05Z</time><sat>34</sat></trkpt>
  <trkpt lat="35.52999440" lon="139.49188314"><ele>112.424</ele><time>2026-09-13T08:36:08Z</time><sat>28</sat></trkpt>
  <trkpt lat="35.52994272" lon="139.49191445"><ele>112.130</ele><time>2026-09-13T08:36:14Z</time><sat>35</sat></trkpt>
  <trkpt lat="35.52988211" lon="139.49195854"><ele>112.138</ele><time>2026-09-13T08:36:20Z</time><sat>33</sat></trkpt>
  <trkpt lat="35.52981995" lon="139.49200037"><ele>110.175</ele><time>2026-09-13T08:36:26Z</time><sat>37</sat></trkpt>
  <trkpt lat="35.52976710" lon="139.49201366"><ele>109.947</ele><time>2026-09-13T08:36:32Z</time><sat>37</sat></trkpt>
  <trkpt lat="35.52971791" lon="139.49202583"><ele>109.215</ele><time>2026-09-13T08:36:38Z</time><sat>37</sat></trkpt>
  <trkpt lat="35.52970948" lon="139.49202928"><ele>109.577</ele><time>2026-09-13T08:36:41Z</time><sat>38</sat></trkpt>
  <trkpt lat="35.52971160" lon="139.49202717"><ele>109.602</ele><time>2026-09-13T08:36:44Z</time><sat>38</sat></trkpt>
  <trkpt lat="35.52969502" lon="139.49203080"><ele>109.258</ele><time>2026-09-13T08:36:47Z</time><sat>36</sat></trkpt>
  <trkpt lat="35.52964123" lon="139.49206707"><ele>107.997</ele><time>2026-09-13T08:36:53Z</time><sat>39</sat></trkpt>
  <trkpt lat="35.52961049" lon="139.49214764"><ele>107.500</ele><time>2026-09-13T08:36:59Z</time><sat>37</sat></trkpt>
  <trkpt lat="35.52959599" lon="139.49223370"><ele>107.657</ele><time>2026-09-13T08:37:05Z</time><sat>38</sat></trkpt>
  <trkpt lat="35.52957500" lon="139.49232169"><ele>107.828</ele><time>2026-09-13T08:37:11Z</time><sat>37</sat></trkpt>
  <trkpt lat="35.52955278" lon="139.49240877"><ele>107.173</ele><time>2026-09-13T08:37:17Z</time><sat>34</sat></trkpt>
  <trkpt lat="35.52953257" lon="139.49249312"><ele>106.566</ele><time>2026-09-13T08:37:23Z</time><sat>34</sat></trkpt>
  <trkpt lat="35.52951343" lon="139.49257530"><ele>105.800</ele><time>2026-09-13T08:37:29Z</time><sat>33</sat></trkpt>
  <trkpt lat="35.52948743" lon="139.49263631"><ele>104.655</ele><time>2026-09-13T08:37:35Z</time><sat>35</sat></trkpt>
  <trkpt lat="35.52943961" lon="139.49258805"><ele>103.942</ele><time>2026-09-13T08:37:41Z</time><sat>37</sat></trkpt>
  <trkpt lat="35.52939513" lon="139.49250908"><ele>103.248</ele><time>2026-09-13T08:37:47Z</time><sat>35</sat></trkpt>
  <trkpt lat="35.52934794" lon="139.49243454"><ele>102.799</ele><time>2026-09-13T08:37:53Z</time><sat>38</sat></trkpt>
  <trkpt lat="35.52928969" lon="139.49237016"><ele>103.006</ele><time>2026-09-13T08:37:59Z</time><sat>36</sat></trkpt>
  <trkpt lat="35.52924400" lon="139.49230371"><ele>102.832</ele><time>2026-09-13T08:38:05Z</time><sat>35</sat></trkpt>
  <trkpt lat="35.52921307" lon="139.49223737"><ele>102.023</ele><time>2026-09-13T08:38:11Z</time><sat>35</sat></trkpt>
  <trkpt lat="35.52920271" lon="139.49216273"><ele>101.163</ele><time>2026-09-13T08:38:17Z</time><sat>37</sat></trkpt>
  <trkpt lat="35.52917695" lon="139.49209114"><ele>101.792</ele><time>2026-09-13T08:38:23Z</time><sat>38</sat></trkpt>
  <trkpt lat="35.52914996" lon="139.49202955"><ele>103.041</ele><time>2026-09-13T08:38:29Z</time><sat>39</sat></trkpt>
  <trkpt lat="35.52915370" lon="139.49195037"><ele>102.065</ele><time>2026-09-13T08:38:35Z</time><sat>37</sat></trkpt>
  <trkpt lat="35.52915419" lon="139.49186422"><ele>101.446</ele><time>2026-09-13T08:38:41Z</time><sat>36</sat></trkpt>
  <trkpt lat="35.52914034" lon="139.49177824"><ele>101.081</ele><time>2026-09-13T08:38:47Z</time><sat>37</sat></trkpt>
  <trkpt lat="35.52913817" lon="139.49169761"><ele>100.956</ele><time>2026-09-13T08:38:53Z</time><sat>37</sat></trkpt>
  <trkpt lat="35.52912722" lon="139.49161572"><ele>101.344</ele><time>2026-09-13T08:38:59Z</time><sat>37</sat></trkpt>
  <trkpt lat="35.52911662" lon="139.49151937"><ele>101.366</ele><time>2026-09-13T08:39:05Z</time><sat>39</sat></trkpt>
  <trkpt lat="35.52911310" lon="139.49144603"><ele>100.494</ele><time>2026-09-13T08:39:11Z</time><sat>38</sat></trkpt>
  <trkpt lat="35.52912110" lon="139.49137133"><ele>100.067</ele><time>2026-09-13T08:39:17Z</time><sat>38</sat></trkpt>
  <trkpt lat="35.52912043" lon="139.49129052"><ele>100.396</ele><time>2026-09-13T08:39:23Z</time><sat>37</sat></trkpt>
  <trkpt lat="35.52911765" lon="139.49120430"><ele>100.408</ele><time>2026-09-13T08:39:29Z</time><sat>37</sat></trkpt>
  <trkpt lat="35.52911598" lon="139.49111693"><ele>100.474</ele><time>2026-09-13T08:39:35Z</time><sat>38</sat></trkpt>
  <trkpt lat="35.52910940" lon="139.49102994"><ele>101.285</ele><time>2026-09-13T08:39:41Z</time><sat>38</sat></trkpt>
  <trkpt lat="35.52910053" lon="139.49094387"><ele>102.120</ele><time>2026-09-13T08:39:47Z</time><sat>38</sat></trkpt>
  <trkpt lat="35.52908825" lon="139.49086526"><ele>102.234</ele><time>2026-09-13T08:39:53Z</time><sat>37</sat></trkpt>
  <trkpt lat="35.52906228" lon="139.49079334"><ele>102.079</ele><time>2026-09-13T08:39:59Z</time><sat>37</sat></trkpt>
  <trkpt lat="35.52904143" lon="139.49072120"><ele>101.769</ele><time>2026-09-13T08:40:05Z</time><sat>36</sat></trkpt>
  <trkpt lat="35.52902116" lon="139.49064618"><ele>102.323</ele><time>2026-09-13T08:40:11Z</time><sat>36</sat></trkpt>
  <trkpt lat="35.52900194" lon="139.49056473"><ele>102.410</ele><time>2026-09-13T08:40:17Z</time><sat>36</sat></trkpt>
  <trkpt lat="35.52897544" lon="139.49048373"><ele>102.094</ele><time>2026-09-13T08:40:23Z</time><sat>36</sat></trkpt>
  <trkpt lat="35.52895548" lon="139.49040384"><ele>101.823</ele><time>2026-09-13T08:40:29Z</time><sat>36</sat></trkpt>
  <trkpt lat="35.52893953" lon="139.49032616"><ele>102.245</ele><time>2026-09-13T08:40:35Z</time><sat>38</sat></trkpt>
  <trkpt lat="35.52892951" lon="139.49024099"><ele>102.377</ele><time>2026-09-13T08:40:41Z</time><sat>39</sat></trkpt>
  <trkpt lat="35.52892749" lon="139.49015471"><ele>102.514</ele><time>2026-09-13T08:40:47Z</time><sat>39</sat></trkpt>
  <trkpt lat="35.52893443" lon="139.49006747"><ele>101.710</ele><time>2026-09-13T08:40:53Z</time><sat>39</sat></trkpt>
  <trkpt lat="35.52894435" lon="139.48998272"><ele>101.382</ele><time>2026-09-13T08:40:59Z</time><sat>39</sat></trkpt>
  <trkpt lat="35.52896120" lon="139.48989475"><ele>101.378</ele><time>2026-09-13T08:41:05Z</time><sat>39</sat></trkpt>
  <trkpt lat="35.52897705" lon="139.48980731"><ele>101.304</ele><time>2026-09-13T08:41:11Z</time><sat>39</sat></trkpt>
  <trkpt lat="35.52899691" lon="139.48972328"><ele>102.180</ele><time>2026-09-13T08:41:17Z</time><sat>39</sat></trkpt>
  <trkpt lat="35.52900997" lon="139.48963847"><ele>102.727</ele><time>2026-09-13T08:41:23Z</time><sat>37</sat></trkpt>
  <trkpt lat="35.52902541" lon="139.48955056"><ele>102.614</ele><time>2026-09-13T08:41:29Z</time><sat>36</sat></trkpt>
  <trkpt lat="35.52904381" lon="139.48946711"><ele>101.755</ele><time>2026-09-13T08:41:35Z</time><sat>36</sat></trkpt>
  <trkpt lat="35.52906010" lon="139.48939393"><ele>101.318</ele><time>2026-09-13T08:41:41Z</time><sat>35</sat></trkpt>
  <trkpt lat="35.52908079" lon="139.48931998"><ele>101.010</ele><time>2026-09-13T08:41:47Z</time><sat>35</sat></trkpt>
  <trkpt lat="35.52910174" lon="139.48924553"><ele>100.889</ele><time>2026-09-13T08:41:53Z</time><sat>34</sat></trkpt>
  <trkpt lat="35.52911689" lon="139.48916822"><ele>101.131</ele><time>2026-09-13T08:41:59Z</time><sat>32</sat></trkpt>
  <trkpt lat="35.52913104" lon="139.48909410"><ele>101.486</ele><time>2026-09-13T08:42:05Z</time><sat>34</sat></trkpt>
  <trkpt lat="35.52913593" lon="139.48901211"><ele>101.036</ele><time>2026-09-13T08:42:11Z</time><sat>36</sat></trkpt>
  <trkpt lat="35.52913686" lon="139.48893178"><ele>100.950</ele><time>2026-09-13T08:42:17Z</time><sat>36</sat></trkpt>
  <trkpt lat="35.52915194" lon="139.48885452"><ele>101.288</ele><time>2026-09-13T08:42:23Z</time><sat>36</sat></trkpt>
  <trkpt lat="35.52916309" lon="139.48878017"><ele>101.680</ele><time>2026-09-13T08:42:29Z</time><sat>36</sat></trkpt>
  <trkpt lat="35.52917700" lon="139.48870034"><ele>102.843</ele><time>2026-09-13T08:42:35Z</time><sat>35</sat></trkpt>
  <trkpt lat="35.52919470" lon="139.48861824"><ele>103.675</ele><time>2026-09-13T08:42:41Z</time><sat>35</sat></trkpt>
  <trkpt lat="35.52920974" lon="139.48853838"><ele>104.062</ele><time>2026-09-13T08:42:47Z</time><sat>36</sat></trkpt>
  <trkpt lat="35.52922393" lon="139.48845282"><ele>104.838</ele><time>2026-09-13T08:42:53Z</time><sat>38</sat></trkpt>
  <trkpt lat="35.52923904" lon="139.48836947"><ele>105.876</ele><time>2026-09-13T08:42:59Z</time><sat>36</sat></trkpt>
  <trkpt lat="35.52924669" lon="139.48828196"><ele>106.460</ele><time>2026-09-13T08:43:05Z</time><sat>37</sat></trkpt>
  <trkpt lat="35.52925054" lon="139.48820196"><ele>105.419</ele><time>2026-09-13T08:43:11Z</time><sat>36</sat></trkpt>
  <trkpt lat="35.52924754" lon="139.48812574"><ele>105.650</ele><time>2026-09-13T08:43:17Z</time><sat>36</sat></trkpt>
  <trkpt lat="35.52923365" lon="139.48804951"><ele>105.278</ele><time>2026-09-13T08:43:23Z</time><sat>36</sat></trkpt>
  <trkpt lat="35.52921195" lon="139.48797266"><ele>104.991</ele><time>2026-09-13T08:43:29Z</time><sat>34</sat></trkpt>
  <trkpt lat="35.52918865" lon="139.48789550"><ele>103.757</ele><time>2026-09-13T08:43:35Z</time><sat>34</sat></trkpt>
  <trkpt lat="35.52915141" lon="139.48783008"><ele>103.455</ele><time>2026-09-13T08:43:41Z</time><sat>35</sat></trkpt>
  <trkpt lat="35.52911702" lon="139.48776770"><ele>103.088</ele><time>2026-09-13T08:43:47Z</time><sat>35</sat></trkpt>
  <trkpt lat="35.52908578" lon="139.48770741"><ele>103.564</ele><time>2026-09-13T08:43:53Z</time><sat>39</sat></trkpt>
  <trkpt lat="35.52906031" lon="139.48765710"><ele>104.102</ele><time>2026-09-13T08:43:58Z</time><sat>39</sat></trkpt>
  <trkpt lat="35.52904129" lon="139.48758909"><ele>103.910</ele><time>2026-09-13T08:44:04Z</time><sat>38</sat></trkpt>
  <trkpt lat="35.52901838" lon="139.48753406"><ele>102.617</ele><time>2026-09-13T08:44:10Z</time><sat>39</sat></trkpt>
  <trkpt lat="35.52900338" lon="139.48746691"><ele>103.840</ele><time>2026-09-13T08:44:16Z</time><sat>38</sat></trkpt>
  <trkpt lat="35.52897906" lon="139.48739932"><ele>104.630</ele><time>2026-09-13T08:44:22Z</time><sat>38</sat></trkpt>
  <trkpt lat="35.52895351" lon="139.48733587"><ele>104.970</ele><time>2026-09-13T08:44:28Z</time><sat>38</sat></trkpt>
  <trkpt lat="35.52892819" lon="139.48728111"><ele>104.724</ele><time>2026-09-13T08:44:34Z</time><sat>37</sat></trkpt>
  <trkpt lat="35.52890702" lon="139.48722542"><ele>104.749</ele><time>2026-09-13T08:44:40Z</time><sat>39</sat></trkpt>
  <trkpt lat="35.52888277" lon="139.48716901"><ele>104.322</ele><time>2026-09-13T08:44:46Z</time><sat>39</sat></trkpt>
  <trkpt lat="35.52885724" lon="139.48710827"><ele>104.357</ele><time>2026-09-13T08:44:52Z</time><sat>40</sat></trkpt>
  <trkpt lat="35.52881771" lon="139.48704014"><ele>104.285</ele><time>2026-09-13T08:44:58Z</time><sat>39</sat></trkpt>
  <trkpt lat="35.52879182" lon="139.48698359"><ele>104.685</ele><time>2026-09-13T08:45:04Z</time><sat>40</sat></trkpt>
  <trkpt lat="35.52876371" lon="139.48692353"><ele>104.053</ele><time>2026-09-13T08:45:10Z</time><sat>40</sat></trkpt>
  <trkpt lat="35.52873001" lon="139.48686440"><ele>104.658</ele><time>2026-09-13T08:45:16Z</time><sat>40</sat></trkpt>
  <trkpt lat="35.52870174" lon="139.48681365"><ele>103.601</ele><time>2026-09-13T08:45:22Z</time><sat>39</sat></trkpt>
  <trkpt lat="35.52866665" lon="139.48674899"><ele>106.496</ele><time>2026-09-13T08:45:28Z</time><sat>39</sat></trkpt>
  <trkpt lat="35.52864283" lon="139.48667693"><ele>105.800</ele><time>2026-09-13T08:45:34Z</time><sat>41</sat></trkpt>
  <trkpt lat="35.52860829" lon="139.48661008"><ele>106.302</ele><time>2026-09-13T08:45:40Z</time><sat>41</sat></trkpt>
  <trkpt lat="35.52857131" lon="139.48654383"><ele>105.710</ele><time>2026-09-13T08:45:46Z</time><sat>40</sat></trkpt>
  <trkpt lat="35.52853000" lon="139.48648479"><ele>104.940</ele><time>2026-09-13T08:45:52Z</time><sat>40</sat></trkpt>
  <trkpt lat="35.52848467" lon="139.48641980"><ele>105.259</ele><time>2026-09-13T08:45:58Z</time><sat>39</sat></trkpt>
  <trkpt lat="35.52845249" lon="139.48636546"><ele>106.212</ele><time>2026-09-13T08:46:04Z</time><sat>40</sat></trkpt>
  <trkpt lat="35.52841457" lon="139.48631443"><ele>107.323</ele><time>2026-09-13T08:46:10Z</time><sat>39</sat></trkpt>
  <trkpt lat="35.52837924" lon="139.48624812"><ele>107.463</ele><time>2026-09-13T08:46:18Z</time><sat>38</sat></trkpt>
  <trkpt lat="35.52833581" lon="139.48619189"><ele>108.995</ele><time>2026-09-13T08:46:24Z</time><sat>40</sat></trkpt>
  <trkpt lat="35.52829747" lon="139.48612742"><ele>109.360</ele><time>2026-09-13T08:46:30Z</time><sat>40</sat></trkpt>
  <trkpt lat="35.52826367" lon="139.48606830"><ele>110.048</ele><time>2026-09-13T08:46:36Z</time><sat>41</sat></trkpt>
  <trkpt lat="35.52824109" lon="139.48599393"><ele>111.494</ele><time>2026-09-13T08:46:42Z</time><sat>41</sat></trkpt>
  <trkpt lat="35.52820498" lon="139.48591835"><ele>112.638</ele><time>2026-09-13T08:46:48Z</time><sat>40</sat></trkpt>
  <trkpt lat="35.52818382" lon="139.48583479"><ele>113.281</ele><time>2026-09-13T08:46:54Z</time><sat>41</sat></trkpt>
  <trkpt lat="35.52815663" lon="139.48577803"><ele>113.068</ele><time>2026-09-13T08:47:00Z</time><sat>40</sat></trkpt>
  <trkpt lat="35.52813561" lon="139.48570761"><ele>113.473</ele><time>2026-09-13T08:47:06Z</time><sat>41</sat></trkpt>
  <trkpt lat="35.52812851" lon="139.48563561"><ele>114.472</ele><time>2026-09-13T08:47:12Z</time><sat>40</sat></trkpt>
  <trkpt lat="35.52812903" lon="139.48556200"><ele>116.117</ele><time>2026-09-13T08:47:18Z</time><sat>40</sat></trkpt>
  <trkpt lat="35.52811617" lon="139.48549102"><ele>116.401</ele><time>2026-09-13T08:47:24Z</time><sat>40</sat></trkpt>
  <trkpt lat="35.52804159" lon="139.48547938"><ele>115.182</ele><time>2026-09-13T08:47:30Z</time><sat>41</sat></trkpt>
  <trkpt lat="35.52801946" lon="139.48548677"><ele>115.941</ele><time>2026-09-13T08:47:33Z</time><sat>40</sat></trkpt>
  <trkpt lat="35.52801284" lon="139.48548825"><ele>115.435</ele><time>2026-09-13T08:47:36Z</time><sat>39</sat></trkpt>
  <trkpt lat="35.52800620" lon="139.48549441"><ele>114.252</ele><time>2026-09-13T08:47:41Z</time><sat>35</sat></trkpt>
  <trkpt lat="35.52794092" lon="139.48547860"><ele>113.538</ele><time>2026-09-13T08:47:50Z</time><sat>41</sat></trkpt>
  <trkpt lat="35.52788820" lon="139.48546851"><ele>112.963</ele><time>2026-09-13T08:47:56Z</time><sat>40</sat></trkpt>
  <trkpt lat="35.52783404" lon="139.48545136"><ele>112.501</ele><time>2026-09-13T08:48:02Z</time><sat>41</sat></trkpt>
  <trkpt lat="35.52778038" lon="139.48543757"><ele>112.924</ele><time>2026-09-13T08:48:08Z</time><sat>40</sat></trkpt>
  <trkpt lat="35.52772558" lon="139.48540323"><ele>112.373</ele><time>2026-09-13T08:48:14Z</time><sat>38</sat></trkpt>
  <trkpt lat="35.52767722" lon="139.48539243"><ele>112.036</ele><time>2026-09-13T08:48:20Z</time><sat>40</sat></trkpt>
  <trkpt lat="35.52762266" lon="139.48536212"><ele>112.650</ele><time>2026-09-13T08:48:26Z</time><sat>40</sat></trkpt>
  <trkpt lat="35.52756487" lon="139.48532595"><ele>112.908</ele><time>2026-09-13T08:48:32Z</time><sat>38</sat></trkpt>
  <trkpt lat="35.52753961" lon="139.48531904"><ele>112.279</ele><time>2026-09-13T08:48:35Z</time><sat>38</sat></trkpt>
  <trkpt lat="35.52754549" lon="139.48532802"><ele>113.053</ele><time>2026-09-13T08:48:38Z</time><sat>39</sat></trkpt>
  <trkpt lat="35.52755124" lon="139.48533295"><ele>112.102</ele><time>2026-09-13T08:48:41Z</time><sat>39</sat></trkpt>
  <trkpt lat="35.52754207" lon="139.48534773"><ele>111.860</ele><time>2026-09-13T08:48:48Z</time><sat>37</sat></trkpt>
  <trkpt lat="35.52746464" lon="139.48533181"><ele>110.794</ele><time>2026-09-13T08:48:54Z</time><sat>39</sat></trkpt>
  <trkpt lat="35.52739901" lon="139.48529776"><ele>112.220</ele><time>2026-09-13T08:49:00Z</time><sat>39</sat></trkpt>
  <trkpt lat="35.52733260" lon="139.48528491"><ele>111.004</ele><time>2026-09-13T08:49:06Z</time><sat>39</sat></trkpt>
  <trkpt lat="35.52729303" lon="139.48531716"><ele>108.587</ele><time>2026-09-13T08:49:12Z</time><sat>36</sat></trkpt>
  <trkpt lat="35.52722653" lon="139.48527484"><ele>108.267</ele><time>2026-09-13T08:49:18Z</time><sat>38</sat></trkpt>
  <trkpt lat="35.52715611" lon="139.48522878"><ele>107.685</ele><time>2026-09-13T08:49:24Z</time><sat>37</sat></trkpt>
  <trkpt lat="35.52710221" lon="139.48519427"><ele>105.629</ele><time>2026-09-13T08:49:30Z</time><sat>36</sat></trkpt>
  <trkpt lat="35.52704034" lon="139.48516905"><ele>106.203</ele><time>2026-09-13T08:49:36Z</time><sat>36</sat></trkpt>
  <trkpt lat="35.52697922" lon="139.48514961"><ele>106.242</ele><time>2026-09-13T08:49:42Z</time><sat>36</sat></trkpt>
  <trkpt lat="35.52691656" lon="139.48512645"><ele>106.069</ele><time>2026-09-13T08:49:48Z</time><sat>38</sat></trkpt>
  <trkpt lat="35.52684302" lon="139.48510417"><ele>105.300</ele><time>2026-09-13T08:49:55Z</time><sat>37</sat></trkpt>
  <trkpt lat="35.52677576" lon="139.48507480"><ele>105.344</ele><time>2026-09-13T08:50:01Z</time><sat>31</sat></trkpt>
  <trkpt lat="35.52670914" lon="139.48502588"><ele>105.055</ele><time>2026-09-13T08:50:07Z</time><sat>33</sat></trkpt>
  <trkpt lat="35.52663962" lon="139.48499759"><ele>105.207</ele><time>2026-09-13T08:50:13Z</time><sat>36</sat></trkpt>
  <trkpt lat="35.52657025" lon="139.48496592"><ele>103.934</ele><time>2026-09-13T08:50:19Z</time><sat>33</sat></trkpt>
  <trkpt lat="35.52649596" lon="139.48494653"><ele>106.060</ele><time>2026-09-13T08:50:25Z</time><sat>35</sat></trkpt>
  <trkpt lat="35.52642391" lon="139.48492315"><ele>106.949</ele><time>2026-09-13T08:50:31Z</time><sat>37</sat></trkpt>
  <trkpt lat="35.52636382" lon="139.48490845"><ele>107.020</ele><time>2026-09-13T08:50:37Z</time><sat>36</sat></trkpt>
  <trkpt lat="35.52629675" lon="139.48488145"><ele>107.954</ele><time>2026-09-13T08:50:43Z</time><sat>37</sat></trkpt>
  <trkpt lat="35.52623308" lon="139.48486296"><ele>108.797</ele><time>2026-09-13T08:50:49Z</time><sat>38</sat></trkpt>
  <trkpt lat="35.52616712" lon="139.48484655"><ele>108.879</ele><time>2026-09-13T08:50:55Z</time><sat>40</sat></trkpt>
  <trkpt lat="35.52610348" lon="139.48483010"><ele>108.602</ele><time>2026-09-13T08:51:01Z</time><sat>33</sat></trkpt>
  <trkpt lat="35.52603558" lon="139.48482042"><ele>108.093</ele><time>2026-09-13T08:51:07Z</time><sat>39</sat></trkpt>
  <trkpt lat="35.52596862" lon="139.48479447"><ele>107.886</ele><time>2026-09-13T08:51:13Z</time><sat>40</sat></trkpt>
  <trkpt lat="35.52589957" lon="139.48477260"><ele>108.314</ele><time>2026-09-13T08:51:19Z</time><sat>37</sat></trkpt>
  <trkpt lat="35.52583339" lon="139.48476044"><ele>106.629</ele><time>2026-09-13T08:51:25Z</time><sat>36</sat></trkpt>
  <trkpt lat="35.52576420" lon="139.48475058"><ele>105.519</ele><time>2026-09-13T08:51:31Z</time><sat>32</sat></trkpt>
  <trkpt lat="35.52568808" lon="139.48472635"><ele>105.927</ele><time>2026-09-13T08:51:37Z</time><sat>38</sat></trkpt>
  <trkpt lat="35.52561461" lon="139.48470232"><ele>105.842</ele><time>2026-09-13T08:51:43Z</time><sat>41</sat></trkpt>
  <trkpt lat="35.52554724" lon="139.48468406"><ele>106.372</ele><time>2026-09-13T08:51:49Z</time><sat>40</sat></trkpt>
  <trkpt lat="35.52547463" lon="139.48466954"><ele>106.192</ele><time>2026-09-13T08:51:55Z</time><sat>38</sat></trkpt>
  <trkpt lat="35.52540293" lon="139.48464496"><ele>106.387</ele><time>2026-09-13T08:52:01Z</time><sat>38</sat></trkpt>
  <trkpt lat="35.52533003" lon="139.48461810"><ele>105.363</ele><time>2026-09-13T08:52:07Z</time><sat>37</sat></trkpt>
  <trkpt lat="35.52525797" lon="139.48459466"><ele>104.769</ele><time>2026-09-13T08:52:13Z</time><sat>36</sat></trkpt>
  <trkpt lat="35.52518772" lon="139.48456938"><ele>104.703</ele><time>2026-09-13T08:52:19Z</time><sat>36</sat></trkpt>
  <trkpt lat="35.52511771" lon="139.48455181"><ele>104.368</ele><time>2026-09-13T08:52:25Z</time><sat>38</sat></trkpt>
  <trkpt lat="35.52505191" lon="139.48453730"><ele>103.013</ele><time>2026-09-13T08:52:31Z</time><sat>38</sat></trkpt>
  <trkpt lat="35.52499083" lon="139.48453995"><ele>101.528</ele><time>2026-09-13T08:52:37Z</time><sat>41</sat></trkpt>
  <trkpt lat="35.52491924" lon="139.48452594"><ele>101.782</ele><time>2026-09-13T08:52:43Z</time><sat>38</sat></trkpt>
  <trkpt lat="35.52484700" lon="139.48451697"><ele>100.578</ele><time>2026-09-13T08:52:49Z</time><sat>35</sat></trkpt>
  <trkpt lat="35.52478133" lon="139.48451084"><ele>99.008</ele><time>2026-09-13T08:52:55Z</time><sat>35</sat></trkpt>
  <trkpt lat="35.52471187" lon="139.48451575"><ele>98.587</ele><time>2026-09-13T08:53:01Z</time><sat>36</sat></trkpt>
  <trkpt lat="35.52464556" lon="139.48451031"><ele>98.071</ele><time>2026-09-13T08:53:07Z</time><sat>38</sat></trkpt>
  <trkpt lat="35.52457659" lon="139.48449861"><ele>97.219</ele><time>2026-09-13T08:53:13Z</time><sat>35</sat></trkpt>
  <trkpt lat="35.52450983" lon="139.48448915"><ele>96.274</ele><time>2026-09-13T08:53:19Z</time><sat>33</sat></trkpt>
  <trkpt lat="35.52443658" lon="139.48448802"><ele>95.844</ele><time>2026-09-13T08:53:25Z</time><sat>37</sat></trkpt>
  <trkpt lat="35.52437855" lon="139.48444694"><ele>95.013</ele><time>2026-09-13T08:53:31Z</time><sat>35</sat></trkpt>
  <trkpt lat="35.52432185" lon="139.48441954"><ele>94.726</ele><time>2026-09-13T08:53:37Z</time><sat>37</sat></trkpt>
  <trkpt lat="35.52431574" lon="139.48434308"><ele>95.883</ele><time>2026-09-13T08:53:43Z</time><sat>35</sat></trkpt>
  <trkpt lat="35.52438301" lon="139.48428229"><ele>96.812</ele><time>2026-09-13T08:53:49Z</time><sat>24</sat></trkpt>
  <trkpt lat="35.52442745" lon="139.48425399"><ele>96.571</ele><time>2026-09-13T08:53:52Z</time><sat>15</sat></trkpt>
  <trkpt lat="35.52445706" lon="139.48420119"><ele>99.460</ele><time>2026-09-13T08:53:55Z</time><sat>15</sat></trkpt>
  <trkpt lat="35.52444595" lon="139.48411281"><ele>102.714</ele><time>2026-09-13T08:53:58Z</time><sat>14</sat></trkpt>
  <trkpt lat="35.52442078" lon="139.48404067"><ele>104.801</ele><time>2026-09-13T08:54:01Z</time><sat>20</sat></trkpt>
  <trkpt lat="35.52434948" lon="139.48398958"><ele>100.960</ele><time>2026-09-13T08:54:07Z</time><sat>29</sat></trkpt>
  <trkpt lat="35.52430266" lon="139.48398073"><ele>98.882</ele><time>2026-09-13T08:54:10Z</time><sat>35</sat></trkpt>
  <trkpt lat="35.52425612" lon="139.48397586"><ele>98.519</ele><time>2026-09-13T08:54:13Z</time><sat>36</sat></trkpt>
  <trkpt lat="35.52418157" lon="139.48397696"><ele>97.274</ele><time>2026-09-13T08:54:19Z</time><sat>36</sat></trkpt>
  <trkpt lat="35.52411056" lon="139.48397629"><ele>97.745</ele><time>2026-09-13T08:54:25Z</time><sat>36</sat></trkpt>
  <trkpt lat="35.52404555" lon="139.48397058"><ele>98.060</ele><time>2026-09-13T08:54:31Z</time><sat>36</sat></trkpt>
  <trkpt lat="35.52398633" lon="139.48395889"><ele>98.213</ele><time>2026-09-13T08:54:37Z</time><sat>36</sat></trkpt>
  <trkpt lat="35.52391623" lon="139.48393826"><ele>99.144</ele><time>2026-09-13T08:54:44Z</time><sat>38</sat></trkpt>
  <trkpt lat="35.52384131" lon="139.48390442"><ele>100.306</ele><time>2026-09-13T08:54:50Z</time><sat>39</sat></trkpt>
  <trkpt lat="35.52377373" lon="139.48389332"><ele>100.701</ele><time>2026-09-13T08:54:56Z</time><sat>36</sat></trkpt>
  <trkpt lat="35.52371028" lon="139.48386132"><ele>100.168</ele><time>2026-09-13T08:55:02Z</time><sat>33</sat></trkpt>
  <trkpt lat="35.52364382" lon="139.48383905"><ele>100.626</ele><time>2026-09-13T08:55:08Z</time><sat>32</sat></trkpt>
  <trkpt lat="35.52356970" lon="139.48383318"><ele>100.259</ele><time>2026-09-13T08:55:14Z</time><sat>32</sat></trkpt>
  <trkpt lat="35.52349629" lon="139.48383361"><ele>100.294</ele><time>2026-09-13T08:55:20Z</time><sat>36</sat></trkpt>
  <trkpt lat="35.52342393" lon="139.48381367"><ele>100.618</ele><time>2026-09-13T08:55:26Z</time><sat>31</sat></trkpt>
  <trkpt lat="35.52335700" lon="139.48379322"><ele>101.081</ele><time>2026-09-13T08:55:32Z</time><sat>33</sat></trkpt>
  <trkpt lat="35.52329678" lon="139.48378636"><ele>101.124</ele><time>2026-09-13T08:55:38Z</time><sat>40</sat></trkpt>
  <trkpt lat="35.52323206" lon="139.48377591"><ele>101.640</ele><time>2026-09-13T08:55:44Z</time><sat>30</sat></trkpt>
  <trkpt lat="35.52316509" lon="139.48376834"><ele>102.292</ele><time>2026-09-13T08:55:50Z</time><sat>29</sat></trkpt>
  <trkpt lat="35.52310683" lon="139.48375633"><ele>101.624</ele><time>2026-09-13T08:55:56Z</time><sat>29</sat></trkpt>
  <trkpt lat="35.52304916" lon="139.48376312"><ele>101.804</ele><time>2026-09-13T08:56:02Z</time><sat>37</sat></trkpt>
  <trkpt lat="35.52298857" lon="139.48374626"><ele>102.546</ele><time>2026-09-13T08:56:08Z</time><sat>39</sat></trkpt>
  <trkpt lat="35.52292849" lon="139.48373940"><ele>102.833</ele><time>2026-09-13T08:56:14Z</time><sat>41</sat></trkpt>
  <trkpt lat="35.52286200" lon="139.48371912"><ele>103.587</ele><time>2026-09-13T08:56:20Z</time><sat>36</sat></trkpt>
  <trkpt lat="35.52278627" lon="139.48369968"><ele>105.021</ele><time>2026-09-13T08:56:26Z</time><sat>34</sat></trkpt>
  <trkpt lat="35.52272313" lon="139.48367172"><ele>105.843</ele><time>2026-09-13T08:56:32Z</time><sat>36</sat></trkpt>
  <trkpt lat="35.52266346" lon="139.48365165"><ele>106.256</ele><time>2026-09-13T08:56:38Z</time><sat>37</sat></trkpt>
  <trkpt lat="35.52260033" lon="139.48363297"><ele>106.685</ele><time>2026-09-13T08:56:44Z</time><sat>33</sat></trkpt>
  <trkpt lat="35.52253885" lon="139.48360573"><ele>106.900</ele><time>2026-09-13T08:56:50Z</time><sat>36</sat></trkpt>
  <trkpt lat="35.52247190" lon="139.48358498"><ele>107.932</ele><time>2026-09-13T08:56:56Z</time><sat>34</sat></trkpt>
  <trkpt lat="35.52241324" lon="139.48356996"><ele>107.278</ele><time>2026-09-13T08:57:02Z</time><sat>35</sat></trkpt>
  <trkpt lat="35.52234694" lon="139.48355297"><ele>109.005</ele><time>2026-09-13T08:57:08Z</time><sat>36</sat></trkpt>
  <trkpt lat="35.52228610" lon="139.48351693"><ele>109.174</ele><time>2026-09-13T08:57:14Z</time><sat>38</sat></trkpt>
  <trkpt lat="35.52222484" lon="139.48349613"><ele>109.640</ele><time>2026-09-13T08:57:20Z</time><sat>38</sat></trkpt>
  <trkpt lat="35.52216273" lon="139.48347623"><ele>110.160</ele><time>2026-09-13T08:57:26Z</time><sat>36</sat></trkpt>
  <trkpt lat="35.52210783" lon="139.48345728"><ele>110.567</ele><time>2026-09-13T08:57:32Z</time><sat>33</sat></trkpt>
  <trkpt lat="35.52205270" lon="139.48344055"><ele>111.069</ele><time>2026-09-13T08:57:38Z</time><sat>33</sat></trkpt>
  <trkpt lat="35.52199634" lon="139.48341899"><ele>111.417</ele><time>2026-09-13T08:57:44Z</time><sat>36</sat></trkpt>
  <trkpt lat="35.52193593" lon="139.48340054"><ele>111.694</ele><time>2026-09-13T08:57:50Z</time><sat>37</sat></trkpt>
  <trkpt lat="35.52188279" lon="139.48337361"><ele>113.047</ele><time>2026-09-13T08:57:56Z</time><sat>34</sat></trkpt>
  <trkpt lat="35.52183334" lon="139.48334405"><ele>112.916</ele><time>2026-09-13T08:58:02Z</time><sat>36</sat></trkpt>
  <trkpt lat="35.52179910" lon="139.48327962"><ele>112.465</ele><time>2026-09-13T08:58:11Z</time><sat>37</sat></trkpt>
  <trkpt lat="35.52172500" lon="139.48325242"><ele>113.392</ele><time>2026-09-13T08:58:17Z</time><sat>32</sat></trkpt>
  <trkpt lat="35.52165849" lon="139.48323045"><ele>113.714</ele><time>2026-09-13T08:58:23Z</time><sat>36</sat></trkpt>
  <trkpt lat="35.52159163" lon="139.48324613"><ele>114.273</ele><time>2026-09-13T08:58:29Z</time><sat>35</sat></trkpt>
  <trkpt lat="35.52153432" lon="139.48325279"><ele>114.327</ele><time>2026-09-13T08:58:35Z</time><sat>36</sat></trkpt>
  <trkpt lat="35.52151351" lon="139.48326281"><ele>114.418</ele><time>2026-09-13T08:58:38Z</time><sat>39</sat></trkpt>
  <trkpt lat="35.52149981" lon="139.48327180"><ele>114.749</ele><time>2026-09-13T08:58:41Z</time><sat>40</sat></trkpt>
  <trkpt lat="35.52151482" lon="139.48327825"><ele>114.168</ele><time>2026-09-13T08:58:53Z</time><sat>41</sat></trkpt>
  <trkpt lat="35.52151096" lon="139.48327723"><ele>114.854</ele><time>2026-09-13T08:58:56Z</time><sat>41</sat></trkpt>
  <trkpt lat="35.52148095" lon="139.48321258"><ele>115.888</ele><time>2026-09-13T08:59:02Z</time><sat>41</sat></trkpt>
  <trkpt lat="35.52144359" lon="139.48315145"><ele>116.288</ele><time>2026-09-13T08:59:08Z</time><sat>41</sat></trkpt>
  <trkpt lat="35.52137653" lon="139.48316954"><ele>115.665</ele><time>2026-09-13T08:59:17Z</time><sat>37</sat></trkpt>
  <trkpt lat="35.52132823" lon="139.48310338"><ele>115.174</ele><time>2026-09-13T08:59:23Z</time><sat>39</sat></trkpt>
  <trkpt lat="35.52128700" lon="139.48302403"><ele>115.220</ele><time>2026-09-13T08:59:29Z</time><sat>38</sat></trkpt>
  <trkpt lat="35.52124577" lon="139.48295173"><ele>115.258</ele><time>2026-09-13T08:59:35Z</time><sat>40</sat></trkpt>
  <trkpt lat="35.52121021" lon="139.48288856"><ele>114.256</ele><time>2026-09-13T08:59:41Z</time><sat>40</sat></trkpt>
  <trkpt lat="35.52116290" lon="139.48282555"><ele>114.771</ele><time>2026-09-13T08:59:47Z</time><sat>40</sat></trkpt>
  <trkpt lat="35.52108262" lon="139.48281592"><ele>115.568</ele><time>2026-09-13T08:59:53Z</time><sat>41</sat></trkpt>
  <trkpt lat="35.52101143" lon="139.48279531"><ele>117.019</ele><time>2026-09-13T08:59:59Z</time><sat>41</sat></trkpt>
  <trkpt lat="35.52095084" lon="139.48275479"><ele>117.192</ele><time>2026-09-13T09:00:05Z</time><sat>40</sat></trkpt>
  <trkpt lat="35.52088131" lon="139.48273031"><ele>117.665</ele><time>2026-09-13T09:00:11Z</time><sat>37</sat></trkpt>
  <trkpt lat="35.52081044" lon="139.48271129"><ele>117.894</ele><time>2026-09-13T09:00:17Z</time><sat>38</sat></trkpt>
  <trkpt lat="35.52073926" lon="139.48269522"><ele>117.653</ele><time>2026-09-13T09:00:23Z</time><sat>37</sat></trkpt>
  <trkpt lat="35.52067166" lon="139.48266933"><ele>117.091</ele><time>2026-09-13T09:00:29Z</time><sat>39</sat></trkpt>
  <trkpt lat="35.52060694" lon="139.48265022"><ele>116.881</ele><time>2026-09-13T09:00:35Z</time><sat>39</sat></trkpt>
  <trkpt lat="35.52053751" lon="139.48263278"><ele>116.894</ele><time>2026-09-13T09:00:41Z</time><sat>38</sat></trkpt>
  <trkpt lat="35.52046829" lon="139.48260473"><ele>116.748</ele><time>2026-09-13T09:00:47Z</time><sat>39</sat></trkpt>
  <trkpt lat="35.52040047" lon="139.48257612"><ele>116.561</ele><time>2026-09-13T09:00:53Z</time><sat>40</sat></trkpt>
  <trkpt lat="35.52033697" lon="139.48253653"><ele>116.588</ele><time>2026-09-13T09:00:59Z</time><sat>39</sat></trkpt>
  <trkpt lat="35.52026775" lon="139.48250573"><ele>117.643</ele><time>2026-09-13T09:01:05Z</time><sat>39</sat></trkpt>
  <trkpt lat="35.52020564" lon="139.48246550"><ele>117.660</ele><time>2026-09-13T09:01:11Z</time><sat>37</sat></trkpt>
  <trkpt lat="35.52015188" lon="139.48241384"><ele>118.196</ele><time>2026-09-13T09:01:17Z</time><sat>37</sat></trkpt>
  <trkpt lat="35.52010146" lon="139.48235445"><ele>119.131</ele><time>2026-09-13T09:01:23Z</time><sat>37</sat></trkpt>
  <trkpt lat="35.52005861" lon="139.48230180"><ele>120.040</ele><time>2026-09-13T09:01:29Z</time><sat>36</sat></trkpt>
  <trkpt lat="35.52002778" lon="139.48223623"><ele>121.091</ele><time>2026-09-13T09:01:35Z</time><sat>38</sat></trkpt>
  <trkpt lat="35.52000321" lon="139.48218062"><ele>120.346</ele><time>2026-09-13T09:01:41Z</time><sat>38</sat></trkpt>
  <trkpt lat="35.51999496" lon="139.48209669"><ele>120.966</ele><time>2026-09-13T09:01:47Z</time><sat>40</sat></trkpt>
  <trkpt lat="35.52005548" lon="139.48204008"><ele>120.640</ele><time>2026-09-13T09:01:53Z</time><sat>39</sat></trkpt>
  <trkpt lat="35.52011014" lon="139.48197717"><ele>120.115</ele><time>2026-09-13T09:01:59Z</time><sat>41</sat></trkpt>
  <trkpt lat="35.52016163" lon="139.48191911"><ele>120.070</ele><time>2026-09-13T09:02:05Z</time><sat>41</sat></trkpt>
  <trkpt lat="35.52020990" lon="139.48185634"><ele>120.305</ele><time>2026-09-13T09:02:11Z</time><sat>40</sat></trkpt>
  <trkpt lat="35.52023378" lon="139.48178003"><ele>121.435</ele><time>2026-09-13T09:02:17Z</time><sat>39</sat></trkpt>
  <trkpt lat="35.52025443" lon="139.48170436"><ele>120.123</ele><time>2026-09-13T09:02:23Z</time><sat>41</sat></trkpt>
  <trkpt lat="35.52017634" lon="139.48169384"><ele>120.122</ele><time>2026-09-13T09:02:29Z</time><sat>40</sat></trkpt>
  <trkpt lat="35.52009631" lon="139.48170528"><ele>119.907</ele><time>2026-09-13T09:02:35Z</time><sat>40</sat></trkpt>
  <trkpt lat="35.52002637" lon="139.48170540"><ele>120.216</ele><time>2026-09-13T09:02:41Z</time><sat>40</sat></trkpt>
  <trkpt lat="35.51995558" lon="139.48170742"><ele>120.292</ele><time>2026-09-13T09:02:47Z</time><sat>41</sat></trkpt>
  <trkpt lat="35.51988225" lon="139.48170841"><ele>119.934</ele><time>2026-09-13T09:02:53Z</time><sat>40</sat></trkpt>
  <trkpt lat="35.51980890" lon="139.48173783"><ele>119.421</ele><time>2026-09-13T09:02:59Z</time><sat>42</sat></trkpt>
  <trkpt lat="35.51974779" lon="139.48177900"><ele>118.829</ele><time>2026-09-13T09:03:05Z</time><sat>40</sat></trkpt>
  <trkpt lat="35.51969988" lon="139.48183768"><ele>118.427</ele><time>2026-09-13T09:03:11Z</time><sat>42</sat></trkpt>
  <trkpt lat="35.51965241" lon="139.48189276"><ele>117.852</ele><time>2026-09-13T09:03:17Z</time><sat>41</sat></trkpt>
  <trkpt lat="35.51960225" lon="139.48191951"><ele>117.576</ele><time>2026-09-13T09:03:23Z</time><sat>41</sat></trkpt>
  <trkpt lat="35.51953902" lon="139.48192874"><ele>117.264</ele><time>2026-09-13T09:03:29Z</time><sat>41</sat></trkpt>
  <trkpt lat="35.51949574" lon="139.48200455"><ele>115.985</ele><time>2026-09-13T09:03:35Z</time><sat>41</sat></trkpt>
  <trkpt lat="35.51944316" lon="139.48206610"><ele>115.477</ele><time>2026-09-13T09:03:41Z</time><sat>39</sat></trkpt>
  <trkpt lat="35.51939474" lon="139.48212782"><ele>114.815</ele><time>2026-09-13T09:03:47Z</time><sat>39</sat></trkpt>
  <trkpt lat="35.51934266" lon="139.48218623"><ele>114.478</ele><time>2026-09-13T09:03:53Z</time><sat>39</sat></trkpt>
  <trkpt lat="35.51929485" lon="139.48225133"><ele>113.629</ele><time>2026-09-13T09:03:59Z</time><sat>36</sat></trkpt>
  <trkpt lat="35.51924225" lon="139.48231050"><ele>112.758</ele><time>2026-09-13T09:04:05Z</time><sat>36</sat></trkpt>
  <trkpt lat="35.51918549" lon="139.48236753"><ele>111.567</ele><time>2026-09-13T09:04:11Z</time><sat>36</sat></trkpt>
  <trkpt lat="35.51911404" lon="139.48240196"><ele>110.249</ele><time>2026-09-13T09:04:17Z</time><sat>36</sat></trkpt>
  <trkpt lat="35.51903079" lon="139.48240185"><ele>108.863</ele><time>2026-09-13T09:04:23Z</time><sat>36</sat></trkpt>
  <trkpt lat="35.51895244" lon="139.48237568"><ele>109.299</ele><time>2026-09-13T09:04:29Z</time><sat>36</sat></trkpt>
  <trkpt lat="35.51888320" lon="139.48233112"><ele>108.786</ele><time>2026-09-13T09:04:35Z</time><sat>37</sat></trkpt>
  <trkpt lat="35.51882904" lon="139.48226008"><ele>107.054</ele><time>2026-09-13T09:04:41Z</time><sat>38</sat></trkpt>
  <trkpt lat="35.51879040" lon="139.48218887"><ele>105.844</ele><time>2026-09-13T09:04:47Z</time><sat>39</sat></trkpt>
  <trkpt lat="35.51875189" lon="139.48212720"><ele>105.764</ele><time>2026-09-13T09:04:53Z</time><sat>39</sat></trkpt>
  <trkpt lat="35.51874948" lon="139.48203908"><ele>104.575</ele><time>2026-09-13T09:04:59Z</time><sat>40</sat></trkpt>
  <trkpt lat="35.51874013" lon="139.48193255"><ele>104.123</ele><time>2026-09-13T09:05:06Z</time><sat>39</sat></trkpt>
  <trkpt lat="35.51873490" lon="139.48184613"><ele>104.164</ele><time>2026-09-13T09:05:12Z</time><sat>38</sat></trkpt>
  <trkpt lat="35.51872241" lon="139.48176053"><ele>103.659</ele><time>2026-09-13T09:05:18Z</time><sat>39</sat></trkpt>
  <trkpt lat="35.51872167" lon="139.48168145"><ele>103.467</ele><time>2026-09-13T09:05:24Z</time><sat>38</sat></trkpt>
  <trkpt lat="35.51871728" lon="139.48160559"><ele>103.080</ele><time>2026-09-13T09:05:30Z</time><sat>40</sat></trkpt>
  <trkpt lat="35.51868707" lon="139.48156261"><ele>101.335</ele><time>2026-09-13T09:05:36Z</time><sat>39</sat></trkpt>
  <trkpt lat="35.51863041" lon="139.48154617"><ele>101.168</ele><time>2026-09-13T09:05:48Z</time><sat>40</sat></trkpt>
  <trkpt lat="35.51857095" lon="139.48152965"><ele>101.220</ele><time>2026-09-13T09:05:54Z</time><sat>39</sat></trkpt>
  <trkpt lat="35.51849227" lon="139.48157207"><ele>101.163</ele><time>2026-09-13T09:06:02Z</time><sat>36</sat></trkpt>
  <trkpt lat="35.51842295" lon="139.48159303"><ele>100.649</ele><time>2026-09-13T09:06:08Z</time><sat>38</sat></trkpt>
  <trkpt lat="35.51835402" lon="139.48162135"><ele>100.988</ele><time>2026-09-13T09:06:14Z</time><sat>36</sat></trkpt>
  <trkpt lat="35.51828789" lon="139.48164371"><ele>101.201</ele><time>2026-09-13T09:06:20Z</time><sat>35</sat></trkpt>
  <trkpt lat="35.51821756" lon="139.48166354"><ele>100.863</ele><time>2026-09-13T09:06:26Z</time><sat>37</sat></trkpt>
  <trkpt lat="35.51815033" lon="139.48169095"><ele>101.936</ele><time>2026-09-13T09:06:32Z</time><sat>36</sat></trkpt>
  <trkpt lat="35.51808410" lon="139.48171063"><ele>102.261</ele><time>2026-09-13T09:06:38Z</time><sat>40</sat></trkpt>
  <trkpt lat="35.51803034" lon="139.48174799"><ele>101.460</ele><time>2026-09-13T09:06:44Z</time><sat>38</sat></trkpt>
  <trkpt lat="35.51798315" lon="139.48180115"><ele>101.657</ele><time>2026-09-13T09:06:50Z</time><sat>23</sat></trkpt>
  <trkpt lat="35.51792686" lon="139.48177893"><ele>99.759</ele><time>2026-09-13T09:06:56Z</time><sat>33</sat></trkpt>
  <trkpt lat="35.51784848" lon="139.48182563"><ele>103.466</ele><time>2026-09-13T09:07:02Z</time><sat>29</sat></trkpt>
  <trkpt lat="35.51778245" lon="139.48185151"><ele>105.951</ele><time>2026-09-13T09:07:08Z</time><sat>31</sat></trkpt>
  <trkpt lat="35.51772065" lon="139.48185172"><ele>105.819</ele><time>2026-09-13T09:07:14Z</time><sat>33</sat></trkpt>
  <trkpt lat="35.51766315" lon="139.48183947"><ele>106.875</ele><time>2026-09-13T09:07:20Z</time><sat>28</sat></trkpt>
  <trkpt lat="35.51759786" lon="139.48183394"><ele>107.537</ele><time>2026-09-13T09:07:26Z</time><sat>27</sat></trkpt>
  <trkpt lat="35.51755108" lon="139.48180712"><ele>107.020</ele><time>2026-09-13T09:07:32Z</time><sat>24</sat></trkpt>
  <trkpt lat="35.51749769" lon="139.48176977"><ele>109.499</ele><time>2026-09-13T09:07:38Z</time><sat>24</sat></trkpt>
  <trkpt lat="35.51745265" lon="139.48174829"><ele>109.233</ele><time>2026-09-13T09:07:44Z</time><sat>25</sat></trkpt>
  <trkpt lat="35.51740545" lon="139.48174745"><ele>109.655</ele><time>2026-09-13T09:07:47Z</time><sat>25</sat></trkpt>
  <trkpt lat="35.51735304" lon="139.48172260"><ele>111.059</ele><time>2026-09-13T09:07:53Z</time><sat>24</sat></trkpt>
  <trkpt lat="35.51729516" lon="139.48170840"><ele>111.712</ele><time>2026-09-13T09:07:59Z</time><sat>27</sat></trkpt>
  <trkpt lat="35.51723674" lon="139.48170340"><ele>107.115</ele><time>2026-09-13T09:08:05Z</time><sat>31</sat></trkpt>
  <trkpt lat="35.51719854" lon="139.48166397"><ele>107.701</ele><time>2026-09-13T09:08:11Z</time><sat>34</sat></trkpt>
  <trkpt lat="35.51717543" lon="139.48161355"><ele>107.626</ele><time>2026-09-13T09:08:14Z</time><sat>33</sat></trkpt>
  <trkpt lat="35.51713379" lon="139.48156842"><ele>109.637</ele><time>2026-09-13T09:08:20Z</time><sat>33</sat></trkpt>
  <trkpt lat="35.51707788" lon="139.48154226"><ele>109.918</ele><time>2026-09-13T09:08:26Z</time><sat>37</sat></trkpt>
  <trkpt lat="35.51705608" lon="139.48153227"><ele>109.761</ele><time>2026-09-13T09:08:29Z</time><sat>37</sat></trkpt>
  <trkpt lat="35.51705851" lon="139.48153579"><ele>109.433</ele><time>2026-09-13T09:08:32Z</time><sat>36</sat></trkpt>
  <trkpt lat="35.51706289" lon="139.48153149"><ele>109.713</ele><time>2026-09-13T09:08:35Z</time><sat>37</sat></trkpt>
  <trkpt lat="35.51706206" lon="139.48153015"><ele>110.063</ele><time>2026-09-13T09:08:38Z</time><sat>36</sat></trkpt>
  <trkpt lat="35.51706197" lon="139.48152141"><ele>110.043</ele><time>2026-09-13T09:08:41Z</time><sat>35</sat></trkpt>
  <trkpt lat="35.51709678" lon="139.48144759"><ele>109.073</ele><time>2026-09-13T09:08:48Z</time><sat>36</sat></trkpt>
  <trkpt lat="35.51710369" lon="139.48136962"><ele>110.186</ele><time>2026-09-13T09:08:54Z</time><sat>40</sat></trkpt>
  <trkpt lat="35.51711161" lon="139.48133067"><ele>110.041</ele><time>2026-09-13T09:08:57Z</time><sat>39</sat></trkpt>
  <trkpt lat="35.51711774" lon="139.48132266"><ele>109.434</ele><time>2026-09-13T09:09:00Z</time><sat>39</sat></trkpt>
  <trkpt lat="35.51711667" lon="139.48133337"><ele>109.725</ele><time>2026-09-13T09:09:12Z</time><sat>34</sat></trkpt>
  <trkpt lat="35.51711680" lon="139.48133369"><ele>109.722</ele><time>2026-09-13T09:09:24Z</time><sat>36</sat></trkpt>
  <trkpt lat="35.51712115" lon="139.48133354"><ele>109.139</ele><time>2026-09-13T09:09:36Z</time><sat>36</sat></trkpt>
  <trkpt lat="35.51712118" lon="139.48133393"><ele>109.154</ele><time>2026-09-13T09:09:48Z</time><sat>38</sat></trkpt>
  <trkpt lat="35.51712177" lon="139.48133610"><ele>109.448</ele><time>2026-09-13T09:09:58Z</time><sat>37</sat></trkpt>
  <trkpt lat="35.51712188" lon="139.48133631"><ele>109.474</ele><time>2026-09-13T09:10:10Z</time><sat>40</sat></trkpt>
  <trkpt lat="35.51712174" lon="139.48133669"><ele>109.504</ele><time>2026-09-13T09:10:22Z</time><sat>39</sat></trkpt>
  <trkpt lat="35.51712160" lon="139.48134707"><ele>108.742</ele><time>2026-09-13T09:10:34Z</time><sat>39</sat></trkpt>
  <trkpt lat="35.51712196" lon="139.48134780"><ele>108.778</ele><time>2026-09-13T09:10:46Z</time><sat>39</sat></trkpt>
  <trkpt lat="35.51712161" lon="139.48134830"><ele>108.874</ele><time>2026-09-13T09:10:58Z</time><sat>36</sat></trkpt>
  <trkpt lat="35.51712175" lon="139.48134840"><ele>108.906</ele><time>2026-09-13T09:11:10Z</time><sat>33</sat></trkpt>
  <trkpt lat="35.51712194" lon="139.48134854"><ele>108.942</ele><time>2026-09-13T09:11:22Z</time><sat>33</sat></trkpt>
  <trkpt lat="35.51712222" lon="139.48134820"><ele>109.003</ele><time>2026-09-13T09:11:34Z</time><sat>35</sat></trkpt>
  <trkpt lat="35.51712228" lon="139.48134794"><ele>109.059</ele><time>2026-09-13T09:11:46Z</time><sat>34</sat></trkpt>
  <trkpt lat="35.51710902" lon="139.48133205"><ele>107.634</ele><time>2026-09-13T09:11:58Z</time><sat>31</sat></trkpt>
  <trkpt lat="35.51710618" lon="139.48133093"><ele>107.640</ele><time>2026-09-13T09:12:10Z</time><sat>26</sat></trkpt>
  <trkpt lat="35.51710516" lon="139.48133121"><ele>107.688</ele><time>2026-09-13T09:12:22Z</time><sat>32</sat></trkpt>
  <trkpt lat="35.51710511" lon="139.48133127"><ele>107.680</ele><time>2026-09-13T09:12:34Z</time><sat>33</sat></trkpt>
  <trkpt lat="35.51710511" lon="139.48133130"><ele>107.672</ele><time>2026-09-13T09:12:37Z</time><sat>31</sat></trkpt>
  <trkpt lat="35.51710553" lon="139.48133378"><ele>107.442</ele><time>2026-09-13T09:12:40Z</time><sat>28</sat></trkpt>
  <trkpt lat="35.51709665" lon="139.48133390"><ele>106.566</ele><time>2026-09-13T09:12:43Z</time><sat>26</sat></trkpt>
  <trkpt lat="35.51709389" lon="139.48133345"><ele>106.342</ele><time>2026-09-13T09:12:46Z</time><sat>35</sat></trkpt>
  <trkpt lat="35.51709111" lon="139.48132602"><ele>106.792</ele><time>2026-09-13T09:12:49Z</time><sat>32</sat></trkpt>
  <trkpt lat="35.51710186" lon="139.48131824"><ele>107.263</ele><time>2026-09-13T09:12:52Z</time><sat>35</sat></trkpt>
  <trkpt lat="35.51710543" lon="139.48131940"><ele>107.298</ele><time>2026-09-13T09:12:55Z</time><sat>38</sat></trkpt>
  <trkpt lat="35.51709063" lon="139.48130889"><ele>108.536</ele><time>2026-09-13T09:12:58Z</time><sat>38</sat></trkpt>
  <trkpt lat="35.51703152" lon="139.48128183"><ele>107.868</ele><time>2026-09-13T09:13:04Z</time><sat>37</sat></trkpt>
  <trkpt lat="35.51697970" lon="139.48124750"><ele>108.843</ele><time>2026-09-13T09:13:10Z</time><sat>37</sat></trkpt>
  <trkpt lat="35.51692419" lon="139.48121998"><ele>109.814</ele><time>2026-09-13T09:13:16Z</time><sat>38</sat></trkpt>
  <trkpt lat="35.51685806" lon="139.48121256"><ele>109.998</ele><time>2026-09-13T09:13:22Z</time><sat>38</sat></trkpt>
  <trkpt lat="35.51680016" lon="139.48121699"><ele>109.721</ele><time>2026-09-13T09:13:28Z</time><sat>36</sat></trkpt>
  <trkpt lat="35.51674321" lon="139.48122221"><ele>109.835</ele><time>2026-09-13T09:13:35Z</time><sat>34</sat></trkpt>
  <trkpt lat="35.51668808" lon="139.48122053"><ele>109.529</ele><time>2026-09-13T09:13:44Z</time><sat>37</sat></trkpt>
  <trkpt lat="35.51664182" lon="139.48119306"><ele>111.342</ele><time>2026-09-13T09:13:50Z</time><sat>34</sat></trkpt>
  <trkpt lat="35.51659996" lon="139.48113745"><ele>114.043</ele><time>2026-09-13T09:13:59Z</time><sat>35</sat></trkpt>
  <trkpt lat="35.51652569" lon="139.48112183"><ele>115.916</ele><time>2026-09-13T09:14:05Z</time><sat>32</sat></trkpt>
  <trkpt lat="35.51644858" lon="139.48110409"><ele>118.076</ele><time>2026-09-13T09:14:11Z</time><sat>28</sat></trkpt>
  <trkpt lat="35.51640066" lon="139.48103027"><ele>117.794</ele><time>2026-09-13T09:14:20Z</time><sat>24</sat></trkpt>
  <trkpt lat="35.51633727" lon="139.48098626"><ele>119.711</ele><time>2026-09-13T09:14:26Z</time><sat>21</sat></trkpt>
  <trkpt lat="35.51627973" lon="139.48093531"><ele>123.784</ele><time>2026-09-13T09:14:32Z</time><sat>20</sat></trkpt>
  <trkpt lat="35.51623816" lon="139.48090021"><ele>124.728</ele><time>2026-09-13T09:14:35Z</time><sat>22</sat></trkpt>
  <trkpt lat="35.51615862" lon="139.48084072"><ele>127.483</ele><time>2026-09-13T09:14:41Z</time><sat>26</sat></trkpt>
  <trkpt lat="35.51609546" lon="139.48079956"><ele>126.953</ele><time>2026-09-13T09:14:47Z</time><sat>27</sat></trkpt>
  <trkpt lat="35.51604787" lon="139.48076576"><ele>124.290</ele><time>2026-09-13T09:14:53Z</time><sat>29</sat></trkpt>
  <trkpt lat="35.51599741" lon="139.48074719"><ele>121.768</ele><time>2026-09-13T09:15:02Z</time><sat>36</sat></trkpt>
  <trkpt lat="35.51597141" lon="139.48068613"><ele>121.322</ele><time>2026-09-13T09:15:08Z</time><sat>39</sat></trkpt>
  <trkpt lat="35.51593656" lon="139.48061056"><ele>119.754</ele><time>2026-09-13T09:15:14Z</time><sat>39</sat></trkpt>
  <trkpt lat="35.51587564" lon="139.48054145"><ele>119.128</ele><time>2026-09-13T09:15:20Z</time><sat>36</sat></trkpt>
  <trkpt lat="35.51582164" lon="139.48047442"><ele>118.434</ele><time>2026-09-13T09:15:26Z</time><sat>36</sat></trkpt>
  <trkpt lat="35.51576303" lon="139.48041638"><ele>119.007</ele><time>2026-09-13T09:15:32Z</time><sat>37</sat></trkpt>
  <trkpt lat="35.51570619" lon="139.48034284"><ele>119.700</ele><time>2026-09-13T09:15:38Z</time><sat>34</sat></trkpt>
  <trkpt lat="35.51567326" lon="139.48030437"><ele>119.378</ele><time>2026-09-13T09:15:41Z</time><sat>36</sat></trkpt>
  <trkpt lat="35.51563092" lon="139.48024119"><ele>118.866</ele><time>2026-09-13T09:15:47Z</time><sat>37</sat></trkpt>
  <trkpt lat="35.51557818" lon="139.48018529"><ele>119.632</ele><time>2026-09-13T09:15:53Z</time><sat>38</sat></trkpt>
  <trkpt lat="35.51552882" lon="139.48012217"><ele>119.648</ele><time>2026-09-13T09:15:59Z</time><sat>37</sat></trkpt>
  <trkpt lat="35.51547626" lon="139.48006412"><ele>119.296</ele><time>2026-09-13T09:16:05Z</time><sat>35</sat></trkpt>
  <trkpt lat="35.51543314" lon="139.48000464"><ele>118.618</ele><time>2026-09-13T09:16:11Z</time><sat>37</sat></trkpt>
  <trkpt lat="35.51538932" lon="139.47995487"><ele>117.613</ele><time>2026-09-13T09:16:17Z</time><sat>37</sat></trkpt>
  <trkpt lat="35.51534143" lon="139.47990117"><ele>117.503</ele><time>2026-09-13T09:16:23Z</time><sat>35</sat></trkpt>
  <trkpt lat="35.51530010" lon="139.47983428"><ele>117.062</ele><time>2026-09-13T09:16:29Z</time><sat>34</sat></trkpt>
  <trkpt lat="35.51525942" lon="139.47977158"><ele>116.818</ele><time>2026-09-13T09:16:35Z</time><sat>35</sat></trkpt>
  <trkpt lat="35.51520958" lon="139.47971871"><ele>116.216</ele><time>2026-09-13T09:16:41Z</time><sat>37</sat></trkpt>
  <trkpt lat="35.51515998" lon="139.47965015"><ele>116.183</ele><time>2026-09-13T09:16:47Z</time><sat>35</sat></trkpt>
  <trkpt lat="35.51511178" lon="139.47958558"><ele>116.190</ele><time>2026-09-13T09:16:53Z</time><sat>33</sat></trkpt>
  <trkpt lat="35.51507033" lon="139.47952778"><ele>115.382</ele><time>2026-09-13T09:16:59Z</time><sat>38</sat></trkpt>
  <trkpt lat="35.51502848" lon="139.47947303"><ele>115.159</ele><time>2026-09-13T09:17:05Z</time><sat>37</sat></trkpt>
  <trkpt lat="35.51498513" lon="139.47941016"><ele>114.946</ele><time>2026-09-13T09:17:11Z</time><sat>38</sat></trkpt>
  <trkpt lat="35.51494087" lon="139.47934349"><ele>115.242</ele><time>2026-09-13T09:17:17Z</time><sat>38</sat></trkpt>
  <trkpt lat="35.51489933" lon="139.47926870"><ele>113.906</ele><time>2026-09-13T09:17:23Z</time><sat>37</sat></trkpt>
  <trkpt lat="35.51484794" lon="139.47919241"><ele>114.585</ele><time>2026-09-13T09:17:29Z</time><sat>39</sat></trkpt>
  <trkpt lat="35.51479759" lon="139.47912247"><ele>114.302</ele><time>2026-09-13T09:17:35Z</time><sat>34</sat></trkpt>
  <trkpt lat="35.51475420" lon="139.47906519"><ele>112.835</ele><time>2026-09-13T09:17:41Z</time><sat>37</sat></trkpt>
  <trkpt lat="35.51471704" lon="139.47899463"><ele>112.359</ele><time>2026-09-13T09:17:47Z</time><sat>41</sat></trkpt>
  <trkpt lat="35.51466919" lon="139.47891716"><ele>113.102</ele><time>2026-09-13T09:17:53Z</time><sat>40</sat></trkpt>
  <trkpt lat="35.51461656" lon="139.47884008"><ele>113.459</ele><time>2026-09-13T09:17:59Z</time><sat>33</sat></trkpt>
  <trkpt lat="35.51457394" lon="139.47877426"><ele>112.160</ele><time>2026-09-13T09:18:05Z</time><sat>31</sat></trkpt>
  <trkpt lat="35.51453536" lon="139.47870742"><ele>112.182</ele><time>2026-09-13T09:18:11Z</time><sat>39</sat></trkpt>
  <trkpt lat="35.51451064" lon="139.47863538"><ele>111.438</ele><time>2026-09-13T09:18:17Z</time><sat>39</sat></trkpt>
  <trkpt lat="35.51447285" lon="139.47857423"><ele>110.286</ele><time>2026-09-13T09:18:23Z</time><sat>36</sat></trkpt>
  <trkpt lat="35.51443495" lon="139.47851413"><ele>109.004</ele><time>2026-09-13T09:18:29Z</time><sat>34</sat></trkpt>
  <trkpt lat="35.51439823" lon="139.47845238"><ele>109.022</ele><time>2026-09-13T09:18:35Z</time><sat>36</sat></trkpt>
  <trkpt lat="35.51436697" lon="139.47839079"><ele>107.417</ele><time>2026-09-13T09:18:41Z</time><sat>36</sat></trkpt>
  <trkpt lat="35.51432298" lon="139.47832495"><ele>107.301</ele><time>2026-09-13T09:18:47Z</time><sat>35</sat></trkpt>
  <trkpt lat="35.51428934" lon="139.47826070"><ele>106.931</ele><time>2026-09-13T09:18:53Z</time><sat>37</sat></trkpt>
  <trkpt lat="35.51425013" lon="139.47819655"><ele>106.784</ele><time>2026-09-13T09:18:59Z</time><sat>36</sat></trkpt>
  <trkpt lat="35.51421334" lon="139.47812843"><ele>106.120</ele><time>2026-09-13T09:19:05Z</time><sat>37</sat></trkpt>
  <trkpt lat="35.51417706" lon="139.47806059"><ele>105.787</ele><time>2026-09-13T09:19:11Z</time><sat>36</sat></trkpt>
  <trkpt lat="35.51413710" lon="139.47799349"><ele>106.413</ele><time>2026-09-13T09:19:17Z</time><sat>31</sat></trkpt>
  <trkpt lat="35.51410182" lon="139.47792421"><ele>106.743</ele><time>2026-09-13T09:19:23Z</time><sat>37</sat></trkpt>
  <trkpt lat="35.51406897" lon="139.47785761"><ele>106.163</ele><time>2026-09-13T09:19:29Z</time><sat>37</sat></trkpt>
  <trkpt lat="35.51403685" lon="139.47779553"><ele>106.828</ele><time>2026-09-13T09:19:35Z</time><sat>39</sat></trkpt>
  <trkpt lat="35.51399085" lon="139.47774592"><ele>104.639</ele><time>2026-09-13T09:19:41Z</time><sat>35</sat></trkpt>
  <trkpt lat="35.51395340" lon="139.47768766"><ele>104.062</ele><time>2026-09-13T09:19:47Z</time><sat>35</sat></trkpt>
  <trkpt lat="35.51391986" lon="139.47762541"><ele>104.636</ele><time>2026-09-13T09:19:53Z</time><sat>36</sat></trkpt>
  <trkpt lat="35.51388448" lon="139.47756084"><ele>104.090</ele><time>2026-09-13T09:19:59Z</time><sat>37</sat></trkpt>
  <trkpt lat="35.51385161" lon="139.47750559"><ele>105.326</ele><time>2026-09-13T09:20:05Z</time><sat>34</sat></trkpt>
  <trkpt lat="35.51381428" lon="139.47745213"><ele>104.789</ele><time>2026-09-13T09:20:11Z</time><sat>35</sat></trkpt>
  <trkpt lat="35.51378207" lon="139.47738576"><ele>104.402</ele><time>2026-09-13T09:20:17Z</time><sat>35</sat></trkpt>
  <trkpt lat="35.51374554" lon="139.47732193"><ele>104.149</ele><time>2026-09-13T09:20:23Z</time><sat>36</sat></trkpt>
  <trkpt lat="35.51370103" lon="139.47726622"><ele>103.227</ele><time>2026-09-13T09:20:29Z</time><sat>34</sat></trkpt>
  <trkpt lat="35.51366690" lon="139.47720352"><ele>103.710</ele><time>2026-09-13T09:20:35Z</time><sat>34</sat></trkpt>
  <trkpt lat="35.51362767" lon="139.47714328"><ele>102.400</ele><time>2026-09-13T09:20:41Z</time><sat>33</sat></trkpt>
  <trkpt lat="35.51358779" lon="139.47706775"><ele>104.216</ele><time>2026-09-13T09:20:47Z</time><sat>33</sat></trkpt>
  <trkpt lat="35.51355272" lon="139.47700216"><ele>104.803</ele><time>2026-09-13T09:20:53Z</time><sat>37</sat></trkpt>
  <trkpt lat="35.51351703" lon="139.47693959"><ele>105.326</ele><time>2026-09-13T09:20:59Z</time><sat>32</sat></trkpt>
  <trkpt lat="35.51349967" lon="139.47687800"><ele>106.470</ele><time>2026-09-13T09:21:05Z</time><sat>34</sat></trkpt>
  <trkpt lat="35.51346292" lon="139.47681527"><ele>107.421</ele><time>2026-09-13T09:21:11Z</time><sat>33</sat></trkpt>
  <trkpt lat="35.51343891" lon="139.47675932"><ele>107.799</ele><time>2026-09-13T09:21:17Z</time><sat>35</sat></trkpt>
  <trkpt lat="35.51341156" lon="139.47669374"><ele>109.046</ele><time>2026-09-13T09:21:23Z</time><sat>33</sat></trkpt>
  <trkpt lat="35.51338408" lon="139.47662859"><ele>108.854</ele><time>2026-09-13T09:21:29Z</time><sat>35</sat></trkpt>
  <trkpt lat="35.51335499" lon="139.47655357"><ele>110.654</ele><time>2026-09-13T09:21:35Z</time><sat>31</sat></trkpt>
  <trkpt lat="35.51333065" lon="139.47648231"><ele>110.017</ele><time>2026-09-13T09:21:41Z</time><sat>36</sat></trkpt>
  <trkpt lat="35.51329536" lon="139.47640938"><ele>113.147</ele><time>2026-09-13T09:21:47Z</time><sat>34</sat></trkpt>
  <trkpt lat="35.51326479" lon="139.47635695"><ele>115.642</ele><time>2026-09-13T09:21:53Z</time><sat>39</sat></trkpt>
  <trkpt lat="35.51323710" lon="139.47629201"><ele>116.964</ele><time>2026-09-13T09:21:59Z</time><sat>37</sat></trkpt>
  <trkpt lat="35.51320525" lon="139.47622255"><ele>117.569</ele><time>2026-09-13T09:22:05Z</time><sat>36</sat></trkpt>
  <trkpt lat="35.51316844" lon="139.47615624"><ele>118.165</ele><time>2026-09-13T09:22:11Z</time><sat>38</sat></trkpt>
  <trkpt lat="35.51314286" lon="139.47610908"><ele>119.368</ele><time>2026-09-13T09:22:23Z</time><sat>42</sat></trkpt>
  <trkpt lat="35.51314120" lon="139.47610679"><ele>120.020</ele><time>2026-09-13T09:22:26Z</time><sat>41</sat></trkpt>
  <trkpt lat="35.51314204" lon="139.47610642"><ele>120.088</ele><time>2026-09-13T09:22:29Z</time><sat>41</sat></trkpt>
  <trkpt lat="35.51313794" lon="139.47607511"><ele>119.466</ele><time>2026-09-13T09:22:39Z</time><sat>42</sat></trkpt>
  <trkpt lat="35.51313177" lon="139.47607420"><ele>118.912</ele><time>2026-09-13T09:22:42Z</time><sat>44</sat></trkpt>
  <trkpt lat="35.51312911" lon="139.47607890"><ele>118.827</ele><time>2026-09-13T09:22:45Z</time><sat>45</sat></trkpt>
  <trkpt lat="35.51312737" lon="139.47608111"><ele>118.613</ele><time>2026-09-13T09:22:48Z</time><sat>45</sat></trkpt>
  <trkpt lat="35.51312690" lon="139.47608080"><ele>118.799</ele><time>2026-09-13T09:22:51Z</time><sat>45</sat></trkpt>
  <trkpt lat="35.51312510" lon="139.47607433"><ele>118.710</ele><time>2026-09-13T09:22:54Z</time><sat>45</sat></trkpt>
  <trkpt lat="35.51313559" lon="139.47600267"><ele>120.881</ele><time>2026-09-13T09:23:06Z</time><sat>45</sat></trkpt>
  <trkpt lat="35.51318200" lon="139.47595964"><ele>121.547</ele><time>2026-09-13T09:23:12Z</time><sat>44</sat></trkpt>
  <trkpt lat="35.51322227" lon="139.47592417"><ele>120.865</ele><time>2026-09-13T09:23:18Z</time><sat>42</sat></trkpt>
  <trkpt lat="35.51320209" lon="139.47586084"><ele>120.948</ele><time>2026-09-13T09:23:24Z</time><sat>40</sat></trkpt>
  <trkpt lat="35.51315820" lon="139.47580748"><ele>121.083</ele><time>2026-09-13T09:23:30Z</time><sat>42</sat></trkpt>
  <trkpt lat="35.51312482" lon="139.47573024"><ele>122.409</ele><time>2026-09-13T09:23:36Z</time><sat>41</sat></trkpt>
  <trkpt lat="35.51307891" lon="139.47566420"><ele>123.493</ele><time>2026-09-13T09:23:42Z</time><sat>38</sat></trkpt>
  <trkpt lat="35.51304756" lon="139.47559318"><ele>123.248</ele><time>2026-09-13T09:23:48Z</time><sat>40</sat></trkpt>
  <trkpt lat="35.51301829" lon="139.47552263"><ele>123.801</ele><time>2026-09-13T09:23:54Z</time><sat>43</sat></trkpt>
  <trkpt lat="35.51298276" lon="139.47545937"><ele>123.223</ele><time>2026-09-13T09:24:00Z</time><sat>43</sat></trkpt>
  <trkpt lat="35.51292974" lon="139.47546616"><ele>122.850</ele><time>2026-09-13T09:24:06Z</time><sat>42</sat></trkpt>
  <trkpt lat="35.51287111" lon="139.47552078"><ele>123.447</ele><time>2026-09-13T09:24:12Z</time><sat>45</sat></trkpt>
  <trkpt lat="35.51279968" lon="139.47557473"><ele>124.857</ele><time>2026-09-13T09:24:18Z</time><sat>44</sat></trkpt>
  <trkpt lat="35.51271754" lon="139.47563351"><ele>124.057</ele><time>2026-09-13T09:24:26Z</time><sat>45</sat></trkpt>
  <trkpt lat="35.51263202" lon="139.47566870"><ele>124.789</ele><time>2026-09-13T09:24:34Z</time><sat>45</sat></trkpt>
  <trkpt lat="35.51257153" lon="139.47560915"><ele>125.335</ele><time>2026-09-13T09:24:40Z</time><sat>44</sat></trkpt>
  <trkpt lat="35.51250903" lon="139.47558013"><ele>123.916</ele><time>2026-09-13T09:24:46Z</time><sat>45</sat></trkpt>
  <trkpt lat="35.51247362" lon="139.47552708"><ele>123.288</ele><time>2026-09-13T09:24:52Z</time><sat>45</sat></trkpt>
  <trkpt lat="35.51244588" lon="139.47545254"><ele>121.839</ele><time>2026-09-13T09:24:58Z</time><sat>35</sat></trkpt>
  <trkpt lat="35.51241507" lon="139.47536942"><ele>120.496</ele><time>2026-09-13T09:25:04Z</time><sat>36</sat></trkpt>
  <trkpt lat="35.51238110" lon="139.47529291"><ele>119.436</ele><time>2026-09-13T09:25:10Z</time><sat>36</sat></trkpt>
  <trkpt lat="35.51235226" lon="139.47520227"><ele>119.677</ele><time>2026-09-13T09:25:16Z</time><sat>39</sat></trkpt>
  <trkpt lat="35.51232252" lon="139.47511756"><ele>120.968</ele><time>2026-09-13T09:25:22Z</time><sat>34</sat></trkpt>
  <trkpt lat="35.51228855" lon="139.47503517"><ele>121.923</ele><time>2026-09-13T09:25:28Z</time><sat>37</sat></trkpt>
  <trkpt lat="35.51225090" lon="139.47495426"><ele>122.261</ele><time>2026-09-13T09:25:34Z</time><sat>36</sat></trkpt>
  <trkpt lat="35.51222229" lon="139.47487127"><ele>120.089</ele><time>2026-09-13T09:25:40Z</time><sat>39</sat></trkpt>
  <trkpt lat="35.51218920" lon="139.47478715"><ele>121.343</ele><time>2026-09-13T09:25:46Z</time><sat>38</sat></trkpt>
  <trkpt lat="35.51216292" lon="139.47470908"><ele>121.552</ele><time>2026-09-13T09:25:52Z</time><sat>32</sat></trkpt>
  <trkpt lat="35.51213112" lon="139.47462997"><ele>121.517</ele><time>2026-09-13T09:25:58Z</time><sat>39</sat></trkpt>
  <trkpt lat="35.51209729" lon="139.47455315"><ele>120.833</ele><time>2026-09-13T09:26:04Z</time><sat>36</sat></trkpt>
  <trkpt lat="35.51206823" lon="139.47447770"><ele>122.436</ele><time>2026-09-13T09:26:10Z</time><sat>32</sat></trkpt>
  <trkpt lat="35.51204376" lon="139.47439262"><ele>122.834</ele><time>2026-09-13T09:26:16Z</time><sat>38</sat></trkpt>
  <trkpt lat="35.51202628" lon="139.47431081"><ele>122.209</ele><time>2026-09-13T09:26:22Z</time><sat>37</sat></trkpt>
  <trkpt lat="35.51201643" lon="139.47422649"><ele>121.940</ele><time>2026-09-13T09:26:28Z</time><sat>34</sat></trkpt>
  <trkpt lat="35.51197446" lon="139.47415377"><ele>122.612</ele><time>2026-09-13T09:26:34Z</time><sat>37</sat></trkpt>
  <trkpt lat="35.51195415" lon="139.47408162"><ele>121.922</ele><time>2026-09-13T09:26:40Z</time><sat>36</sat></trkpt>
  <trkpt lat="35.51196814" lon="139.47399076"><ele>121.061</ele><time>2026-09-13T09:26:46Z</time><sat>36</sat></trkpt>
  <trkpt lat="35.51196161" lon="139.47390555"><ele>121.122</ele><time>2026-09-13T09:26:52Z</time><sat>42</sat></trkpt>
  <trkpt lat="35.51200580" lon="139.47387114"><ele>122.543</ele><time>2026-09-13T09:26:58Z</time><sat>43</sat></trkpt>
  <trkpt lat="35.51206713" lon="139.47386864"><ele>121.802</ele><time>2026-09-13T09:27:04Z</time><sat>40</sat></trkpt>
  <trkpt lat="35.51212480" lon="139.47386017"><ele>122.861</ele><time>2026-09-13T09:27:10Z</time><sat>42</sat></trkpt>
  <trkpt lat="35.51218206" lon="139.47380083"><ele>124.119</ele><time>2026-09-13T09:27:16Z</time><sat>42</sat></trkpt>
  <trkpt lat="35.51217999" lon="139.47371992"><ele>122.853</ele><time>2026-09-13T09:27:22Z</time><sat>39</sat></trkpt>
  <trkpt lat="35.51215394" lon="139.47364481"><ele>124.189</ele><time>2026-09-13T09:27:28Z</time><sat>32</sat></trkpt>
  <trkpt lat="35.51214064" lon="139.47356916"><ele>122.893</ele><time>2026-09-13T09:27:34Z</time><sat>38</sat></trkpt>
  <trkpt lat="35.51211978" lon="139.47349750"><ele>122.751</ele><time>2026-09-13T09:27:40Z</time><sat>38</sat></trkpt>
  <trkpt lat="35.51209432" lon="139.47341883"><ele>122.165</ele><time>2026-09-13T09:27:46Z</time><sat>37</sat></trkpt>
  <trkpt lat="35.51207536" lon="139.47334795"><ele>122.170</ele><time>2026-09-13T09:27:52Z</time><sat>39</sat></trkpt>
  <trkpt lat="35.51207724" lon="139.47326028"><ele>122.914</ele><time>2026-09-13T09:27:58Z</time><sat>34</sat></trkpt>
  <trkpt lat="35.51205604" lon="139.47318612"><ele>123.071</ele><time>2026-09-13T09:28:04Z</time><sat>28</sat></trkpt>
  <trkpt lat="35.51204165" lon="139.47311363"><ele>122.841</ele><time>2026-09-13T09:28:10Z</time><sat>29</sat></trkpt>
  <trkpt lat="35.51202716" lon="139.47303436"><ele>122.859</ele><time>2026-09-13T09:28:16Z</time><sat>31</sat></trkpt>
  <trkpt lat="35.51200640" lon="139.47294556"><ele>123.333</ele><time>2026-09-13T09:28:22Z</time><sat>25</sat></trkpt>
  <trkpt lat="35.51199457" lon="139.47287554"><ele>121.777</ele><time>2026-09-13T09:28:28Z</time><sat>24</sat></trkpt>
  <trkpt lat="35.51198864" lon="139.47280009"><ele>121.819</ele><time>2026-09-13T09:28:34Z</time><sat>32</sat></trkpt>
  <trkpt lat="35.51197299" lon="139.47272678"><ele>121.621</ele><time>2026-09-13T09:28:40Z</time><sat>31</sat></trkpt>
  <trkpt lat="35.51195634" lon="139.47264965"><ele>122.526</ele><time>2026-09-13T09:28:46Z</time><sat>33</sat></trkpt>
  <trkpt lat="35.51194984" lon="139.47256988"><ele>123.452</ele><time>2026-09-13T09:28:52Z</time><sat>33</sat></trkpt>
  <trkpt lat="35.51193417" lon="139.47249406"><ele>123.127</ele><time>2026-09-13T09:28:58Z</time><sat>32</sat></trkpt>
  <trkpt lat="35.51191653" lon="139.47242112"><ele>123.494</ele><time>2026-09-13T09:29:04Z</time><sat>34</sat></trkpt>
  <trkpt lat="35.51191354" lon="139.47235684"><ele>123.234</ele><time>2026-09-13T09:29:10Z</time><sat>39</sat></trkpt>
  <trkpt lat="35.51189873" lon="139.47227272"><ele>123.509</ele><time>2026-09-13T09:29:18Z</time><sat>40</sat></trkpt>
  <trkpt lat="35.51191254" lon="139.47218979"><ele>122.206</ele><time>2026-09-13T09:29:27Z</time><sat>41</sat></trkpt>
  <trkpt lat="35.51194991" lon="139.47212966"><ele>124.550</ele><time>2026-09-13T09:29:33Z</time><sat>41</sat></trkpt>
  <trkpt lat="35.51197921" lon="139.47208126"><ele>126.008</ele><time>2026-09-13T09:29:36Z</time><sat>41</sat></trkpt>
  <trkpt lat="35.51203325" lon="139.47200909"><ele>124.186</ele><time>2026-09-13T09:29:42Z</time><sat>36</sat></trkpt>
  <trkpt lat="35.51207589" lon="139.47193993"><ele>125.523</ele><time>2026-09-13T09:29:48Z</time><sat>33</sat></trkpt>
  <trkpt lat="35.51212607" lon="139.47186310"><ele>123.506</ele><time>2026-09-13T09:29:54Z</time><sat>33</sat></trkpt>
  <trkpt lat="35.51218866" lon="139.47179327"><ele>125.012</ele><time>2026-09-13T09:30:00Z</time><sat>37</sat></trkpt>
  <trkpt lat="35.51224197" lon="139.47173753"><ele>126.198</ele><time>2026-09-13T09:30:06Z</time><sat>37</sat></trkpt>
  <trkpt lat="35.51228653" lon="139.47166776"><ele>124.668</ele><time>2026-09-13T09:30:12Z</time><sat>30</sat></trkpt>
  <trkpt lat="35.51232211" lon="139.47158624"><ele>124.311</ele><time>2026-09-13T09:30:18Z</time><sat>38</sat></trkpt>
  <trkpt lat="35.51236163" lon="139.47152810"><ele>123.925</ele><time>2026-09-13T09:30:24Z</time><sat>36</sat></trkpt>
  <trkpt lat="35.51240267" lon="139.47146582"><ele>123.888</ele><time>2026-09-13T09:30:30Z</time><sat>35</sat></trkpt>
  <trkpt lat="35.51243405" lon="139.47141954"><ele>124.368</ele><time>2026-09-13T09:30:36Z</time><sat>39</sat></trkpt>
  <trkpt lat="35.51248547" lon="139.47134909"><ele>124.646</ele><time>2026-09-13T09:30:42Z</time><sat>38</sat></trkpt>
  <trkpt lat="35.51255061" lon="139.47128699"><ele>125.317</ele><time>2026-09-13T09:30:48Z</time><sat>38</sat></trkpt>
  <trkpt lat="35.51262374" lon="139.47123186"><ele>126.621</ele><time>2026-09-13T09:30:54Z</time><sat>33</sat></trkpt>
  <trkpt lat="35.51265553" lon="139.47116653"><ele>123.872</ele><time>2026-09-13T09:31:03Z</time><sat>42</sat></trkpt>
  <trkpt lat="35.51269116" lon="139.47112090"><ele>121.119</ele><time>2026-09-13T09:31:09Z</time><sat>40</sat></trkpt>
  <trkpt lat="35.51269964" lon="139.47111958"><ele>121.785</ele><time>2026-09-13T09:31:12Z</time><sat>38</sat></trkpt>
  <trkpt lat="35.51268423" lon="139.47114528"><ele>121.786</ele><time>2026-09-13T09:31:15Z</time><sat>35</sat></trkpt>
  <trkpt lat="35.51270048" lon="139.47114505"><ele>121.705</ele><time>2026-09-13T09:31:25Z</time><sat>2</sat></trkpt>
  <trkpt lat="35.51214651" lon="139.47110368"><ele>120.370</ele><time>2026-09-13T09:32:51Z</time><sat>35</sat></trkpt>
  <trkpt lat="35.51213040" lon="139.47113482"><ele>117.124</ele><time>2026-09-13T09:32:54Z</time><sat>35</sat></trkpt>
  <trkpt lat="35.51210562" lon="139.47115244"><ele>117.386</ele><time>2026-09-13T09:32:57Z</time><sat>36</sat></trkpt>
  <trkpt lat="35.51208955" lon="139.47115813"><ele>120.098</ele><time>2026-09-13T09:33:03Z</time><sat>37</sat></trkpt>
  <trkpt lat="35.51206442" lon="139.47116861"><ele>118.196</ele><time>2026-09-13T09:33:06Z</time><sat>38</sat></trkpt>
  <trkpt lat="35.51198008" lon="139.47118308"><ele>113.725</ele><time>2026-09-13T09:33:12Z</time><sat>36</sat></trkpt>
  <trkpt lat="35.51191179" lon="139.47120718"><ele>114.433</ele><time>2026-09-13T09:33:18Z</time><sat>39</sat></trkpt>
  <trkpt lat="35.51185352" lon="139.47120801"><ele>116.776</ele><time>2026-09-13T09:33:24Z</time><sat>38</sat></trkpt>
  <trkpt lat="35.51179941" lon="139.47119766"><ele>118.732</ele><time>2026-09-13T09:33:30Z</time><sat>40</sat></trkpt>
  <trkpt lat="35.51176065" lon="139.47114633"><ele>121.946</ele><time>2026-09-13T09:33:36Z</time><sat>39</sat></trkpt>
  <trkpt lat="35.51176114" lon="139.47106249"><ele>122.968</ele><time>2026-09-13T09:33:42Z</time><sat>38</sat></trkpt>
  <trkpt lat="35.51175804" lon="139.47099949"><ele>124.301</ele><time>2026-09-13T09:33:48Z</time><sat>38</sat></trkpt>
  <trkpt lat="35.51174998" lon="139.47092689"><ele>124.239</ele><time>2026-09-13T09:33:54Z</time><sat>39</sat></trkpt>
  <trkpt lat="35.51176209" lon="139.47085932"><ele>123.233</ele><time>2026-09-13T09:34:00Z</time><sat>41</sat></trkpt>
  <trkpt lat="35.51176558" lon="139.47086483"><ele>123.960</ele><time>2026-09-13T09:34:03Z</time><sat>40</sat></trkpt>
  <trkpt lat="35.51176809" lon="139.47087629"><ele>123.577</ele><time>2026-09-13T09:34:15Z</time><sat>40</sat></trkpt>
  <trkpt lat="35.51176759" lon="139.47088205"><ele>123.078</ele><time>2026-09-13T09:34:27Z</time><sat>34</sat></trkpt>
  <trkpt lat="35.51176795" lon="139.47088278"><ele>123.175</ele><time>2026-09-13T09:34:39Z</time><sat>38</sat></trkpt>
  <trkpt lat="35.51176812" lon="139.47088340"><ele>123.208</ele><time>2026-09-13T09:34:51Z</time><sat>39</sat></trkpt>
  <trkpt lat="35.51176917" lon="139.47088376"><ele>123.278</ele><time>2026-09-13T09:35:03Z</time><sat>38</sat></trkpt>
  <trkpt lat="35.51176991" lon="139.47088453"><ele>123.320</ele><time>2026-09-13T09:35:15Z</time><sat>38</sat></trkpt>
  <trkpt lat="35.51177050" lon="139.47088517"><ele>123.417</ele><time>2026-09-13T09:35:27Z</time><sat>38</sat></trkpt>
  <trkpt lat="35.51177123" lon="139.47088539"><ele>123.550</ele><time>2026-09-13T09:35:39Z</time><sat>36</sat></trkpt>
  <trkpt lat="35.51177231" lon="139.47088876"><ele>123.965</ele><time>2026-09-13T09:35:51Z</time><sat>38</sat></trkpt>
  <trkpt lat="35.51176876" lon="139.47088993"><ele>126.081</ele><time>2026-09-13T09:36:03Z</time><sat>41</sat></trkpt>
  <trkpt lat="35.51177382" lon="139.47089158"><ele>126.305</ele><time>2026-09-13T09:36:15Z</time><sat>38</sat></trkpt>
  <trkpt lat="35.51177410" lon="139.47089130"><ele>126.385</ele><time>2026-09-13T09:36:27Z</time><sat>39</sat></trkpt>
  <trkpt lat="35.51177440" lon="139.47089138"><ele>126.440</ele><time>2026-09-13T09:36:39Z</time><sat>39</sat></trkpt>
  <trkpt lat="35.51177467" lon="139.47089135"><ele>126.475</ele><time>2026-09-13T09:36:51Z</time><sat>37</sat></trkpt>
  <trkpt lat="35.51177474" lon="139.47089107"><ele>126.525</ele><time>2026-09-13T09:37:03Z</time><sat>39</sat></trkpt>
  <trkpt lat="35.51177468" lon="139.47089071"><ele>126.564</ele><time>2026-09-13T09:37:15Z</time><sat>38</sat></trkpt>
  <trkpt lat="35.51177646" lon="139.47088844"><ele>126.003</ele><time>2026-09-13T09:37:27Z</time><sat>40</sat></trkpt>
  <trkpt lat="35.51177734" lon="139.47088907"><ele>125.982</ele><time>2026-09-13T09:37:39Z</time><sat>39</sat></trkpt>
  <trkpt lat="35.51177125" lon="139.47086701"><ele>126.143</ele><time>2026-09-13T09:37:51Z</time><sat>42</sat></trkpt>
  <trkpt lat="35.51176367" lon="139.47089413"><ele>126.568</ele><time>2026-09-13T09:37:54Z</time><sat>36</sat></trkpt>
  <trkpt lat="35.51177383" lon="139.47098779"><ele>127.484</ele><time>2026-09-13T09:38:00Z</time><sat>39</sat></trkpt>
  <trkpt lat="35.51176093" lon="139.47104153"><ele>127.032</ele><time>2026-09-13T09:38:03Z</time><sat>37</sat></trkpt>
  <trkpt lat="35.51173515" lon="139.47112222"><ele>126.915</ele><time>2026-09-13T09:38:09Z</time><sat>37</sat></trkpt>
  <trkpt lat="35.51175066" lon="139.47119483"><ele>126.145</ele><time>2026-09-13T09:38:15Z</time><sat>33</sat></trkpt>
  <trkpt lat="35.51182085" lon="139.47128470"><ele>129.758</ele><time>2026-09-13T09:38:21Z</time><sat>30</sat></trkpt>
  <trkpt lat="35.51187798" lon="139.47130882"><ele>127.025</ele><time>2026-09-13T09:38:27Z</time><sat>37</sat></trkpt>
  <trkpt lat="35.51193568" lon="139.47130579"><ele>128.262</ele><time>2026-09-13T09:38:33Z</time><sat>37</sat></trkpt>
  <trkpt lat="35.51198523" lon="139.47128825"><ele>126.813</ele><time>2026-09-13T09:38:39Z</time><sat>36</sat></trkpt>
  <trkpt lat="35.51199191" lon="139.47138731"><ele>125.561</ele><time>2026-09-13T09:38:45Z</time><sat>38</sat></trkpt>
  <trkpt lat="35.51202524" lon="139.47125983"><ele>125.341</ele><time>2026-09-13T09:38:54Z</time><sat>27</sat></trkpt>
  <trkpt lat="35.51205227" lon="139.47119481"><ele>120.160</ele><time>2026-09-13T09:38:57Z</time><sat>34</sat></trkpt>
  <trkpt lat="35.51207079" lon="139.47110918"><ele>119.042</ele><time>2026-09-13T09:39:03Z</time><sat>39</sat></trkpt>
  <trkpt lat="35.51206706" lon="139.47106896"><ele>118.606</ele><time>2026-09-13T09:39:06Z</time><sat>38</sat></trkpt>
  <trkpt lat="35.51206375" lon="139.47106595"><ele>118.785</ele><time>2026-09-13T09:39:09Z</time><sat>37</sat></trkpt>
  <trkpt lat="35.51205247" lon="139.47106172"><ele>117.616</ele><time>2026-09-13T09:39:21Z</time><sat>36</sat></trkpt>
  <trkpt lat="35.51205164" lon="139.47106074"><ele>118.038</ele><time>2026-09-13T09:39:24Z</time><sat>36</sat></trkpt>
  <trkpt lat="35.51205334" lon="139.47105784"><ele>117.438</ele><time>2026-09-13T09:39:33Z</time><sat>39</sat></trkpt>
  <trkpt lat="35.51205027" lon="139.47106024"><ele>118.319</ele><time>2026-09-13T09:39:36Z</time><sat>40</sat></trkpt>
  <trkpt lat="35.51204532" lon="139.47105875"><ele>118.911</ele><time>2026-09-13T09:39:39Z</time><sat>40</sat></trkpt>
  <trkpt lat="35.51204652" lon="139.47106095"><ele>118.463</ele><time>2026-09-13T09:39:45Z</time><sat>38</sat></trkpt>
  <trkpt lat="35.51204244" lon="139.47106920"><ele>118.758</ele><time>2026-09-13T09:39:48Z</time><sat>38</sat></trkpt>
  <trkpt lat="35.51202623" lon="139.47116778"><ele>120.070</ele><time>2026-09-13T09:39:56Z</time><sat>39</sat></trkpt>
  <trkpt lat="35.51198293" lon="139.47123081"><ele>121.432</ele><time>2026-09-13T09:40:02Z</time><sat>40</sat></trkpt>
  <trkpt lat="35.51193669" lon="139.47128079"><ele>121.917</ele><time>2026-09-13T09:40:08Z</time><sat>39</sat></trkpt>
  <trkpt lat="35.51184794" lon="139.47126372"><ele>120.469</ele><time>2026-09-13T09:40:14Z</time><sat>39</sat></trkpt>
  <trkpt lat="35.51178390" lon="139.47122025"><ele>119.101</ele><time>2026-09-13T09:40:20Z</time><sat>35</sat></trkpt>
  <trkpt lat="35.51175825" lon="139.47120898"><ele>121.053</ele><time>2026-09-13T09:40:23Z</time><sat>36</sat></trkpt>
  <trkpt lat="35.51174628" lon="139.47119968"><ele>121.606</ele><time>2026-09-13T09:40:26Z</time><sat>38</sat></trkpt>
  <trkpt lat="35.51176385" lon="139.47117618"><ele>123.386</ele><time>2026-09-13T09:40:29Z</time><sat>39</sat></trkpt>
  <trkpt lat="35.51169352" lon="139.47116469"><ele>122.579</ele><time>2026-09-13T09:40:35Z</time><sat>40</sat></trkpt>
  <trkpt lat="35.51164093" lon="139.47115859"><ele>122.685</ele><time>2026-09-13T09:40:38Z</time><sat>40</sat></trkpt>
  <trkpt lat="35.51159009" lon="139.47114562"><ele>122.030</ele><time>2026-09-13T09:40:41Z</time><sat>41</sat></trkpt>
  <trkpt lat="35.51152078" lon="139.47115228"><ele>118.178</ele><time>2026-09-13T09:40:47Z</time><sat>41</sat></trkpt>
  <trkpt lat="35.51147560" lon="139.47116949"><ele>114.808</ele><time>2026-09-13T09:40:50Z</time><sat>41</sat></trkpt>
  <trkpt lat="35.51142039" lon="139.47118037"><ele>112.331</ele><time>2026-09-13T09:40:53Z</time><sat>42</sat></trkpt>
  <trkpt lat="35.51132825" lon="139.47117513"><ele>109.636</ele><time>2026-09-13T09:40:59Z</time><sat>39</sat></trkpt>
  <trkpt lat="35.51127987" lon="139.47115469"><ele>109.924</ele><time>2026-09-13T09:41:02Z</time><sat>37</sat></trkpt>
  <trkpt lat="35.51123794" lon="139.47112014"><ele>113.039</ele><time>2026-09-13T09:41:05Z</time><sat>27</sat></trkpt>
  <trkpt lat="35.51120227" lon="139.47108563"><ele>114.144</ele><time>2026-09-13T09:41:08Z</time><sat>25</sat></trkpt>
  <trkpt lat="35.51117197" lon="139.47102301"><ele>117.948</ele><time>2026-09-13T09:41:20Z</time><sat>40</sat></trkpt>
  <trkpt lat="35.51115637" lon="139.47099303"><ele>116.839</ele><time>2026-09-13T09:41:26Z</time><sat>34</sat></trkpt>
  <trkpt lat="35.51114732" lon="139.47100179"><ele>115.619</ele><time>2026-09-13T09:41:29Z</time><sat>34</sat></trkpt>
  <trkpt lat="35.51115782" lon="139.47099084"><ele>116.260</ele><time>2026-09-13T09:41:32Z</time><sat>34</sat></trkpt>
  <trkpt lat="35.51116340" lon="139.47097126"><ele>115.822</ele><time>2026-09-13T09:41:35Z</time><sat>35</sat></trkpt>
  <trkpt lat="35.51119533" lon="139.47091666"><ele>118.396</ele><time>2026-09-13T09:41:41Z</time><sat>38</sat></trkpt>
  <trkpt lat="35.51120752" lon="139.47086915"><ele>128.980</ele><time>2026-09-13T09:41:53Z</time><sat>40</sat></trkpt>
  <trkpt lat="35.51120624" lon="139.47086355"><ele>128.306</ele><time>2026-09-13T09:41:56Z</time><sat>40</sat></trkpt>
  <trkpt lat="35.51120862" lon="139.47086894"><ele>128.497</ele><time>2026-09-13T09:42:08Z</time><sat>40</sat></trkpt>
  <trkpt lat="35.51121103" lon="139.47087293"><ele>128.353</ele><time>2026-09-13T09:42:14Z</time><sat>40</sat></trkpt>
  <trkpt lat="35.51121056" lon="139.47087324"><ele>128.572</ele><time>2026-09-13T09:42:17Z</time><sat>41</sat></trkpt>
  <trkpt lat="35.51121035" lon="139.47087814"><ele>129.272</ele><time>2026-09-13T09:42:20Z</time><sat>38</sat></trkpt>
  <trkpt lat="35.51121271" lon="139.47088852"><ele>129.648</ele><time>2026-09-13T09:42:23Z</time><sat>40</sat></trkpt>
  <trkpt lat="35.51122321" lon="139.47087784"><ele>129.693</ele><time>2026-09-13T09:42:35Z</time><sat>42</sat></trkpt>
  <trkpt lat="35.51122244" lon="139.47088638"><ele>129.970</ele><time>2026-09-13T09:42:38Z</time><sat>42</sat></trkpt>
  <trkpt lat="35.51119450" lon="139.47093855"><ele>126.052</ele><time>2026-09-13T09:42:50Z</time><sat>42</sat></trkpt>
  <trkpt lat="35.51118989" lon="139.47094190"><ele>125.162</ele><time>2026-09-13T09:42:53Z</time><sat>42</sat></trkpt>
  <trkpt lat="35.51118710" lon="139.47093015"><ele>124.833</ele><time>2026-09-13T09:42:56Z</time><sat>40</sat></trkpt>
  <trkpt lat="35.51117026" lon="139.47094452"><ele>125.335</ele><time>2026-09-13T09:43:08Z</time><sat>40</sat></trkpt>
  <trkpt lat="35.51122307" lon="139.47092769"><ele>125.404</ele><time>2026-09-13T09:43:17Z</time><sat>40</sat></trkpt>
  <trkpt lat="35.51124552" lon="139.47094495"><ele>125.019</ele><time>2026-09-13T09:43:26Z</time><sat>40</sat></trkpt>
  <trkpt lat="35.51122870" lon="139.47095613"><ele>124.531</ele><time>2026-09-13T09:43:29Z</time><sat>40</sat></trkpt>
  <trkpt lat="35.51122755" lon="139.47095685"><ele>124.513</ele><time>2026-09-13T09:43:32Z</time><sat>39</sat></trkpt>
  <trkpt lat="35.51123075" lon="139.47095543"><ele>124.543</ele><time>2026-09-13T09:43:35Z</time><sat>41</sat></trkpt>
  <trkpt lat="35.51123836" lon="139.47096461"><ele>124.141</ele><time>2026-09-13T09:43:38Z</time><sat>40</sat></trkpt>
  <trkpt lat="35.51125048" lon="139.47095718"><ele>123.274</ele><time>2026-09-13T09:43:42Z</time><sat>40</sat></trkpt>
  <trkpt lat="35.51126200" lon="139.47095808"><ele>123.369</ele><time>2026-09-13T09:43:48Z</time><sat>40</sat></trkpt>
  <trkpt lat="35.51126552" lon="139.47096362"><ele>124.272</ele><time>2026-09-13T09:43:52Z</time><sat>39</sat></trkpt>
  <trkpt lat="35.51126548" lon="139.47096529"><ele>124.403</ele><time>2026-09-13T09:43:55Z</time><sat>39</sat></trkpt>
  <trkpt lat="35.51126746" lon="139.47096314"><ele>124.795</ele><time>2026-09-13T09:43:58Z</time><sat>39</sat></trkpt>
  <trkpt lat="35.51126959" lon="139.47096436"><ele>125.208</ele><time>2026-09-13T09:44:01Z</time><sat>39</sat></trkpt>
  <trkpt lat="35.51126084" lon="139.47098523"><ele>126.182</ele><time>2026-09-13T09:44:04Z</time><sat>39</sat></trkpt>
  <trkpt lat="35.51124758" lon="139.47098594"><ele>125.955</ele><time>2026-09-13T09:44:07Z</time><sat>37</sat></trkpt>
  <trkpt lat="35.51124355" lon="139.47098751"><ele>126.158</ele><time>2026-09-13T09:44:11Z</time><sat>41</sat></trkpt>
  <trkpt lat="35.51124071" lon="139.47098703"><ele>126.067</ele><time>2026-09-13T09:44:14Z</time><sat>41</sat></trkpt>
  <trkpt lat="35.51117663" lon="139.47096112"><ele>126.018</ele><time>2026-09-13T09:44:23Z</time><sat>40</sat></trkpt>
  <trkpt lat="35.51111411" lon="139.47096303"><ele>125.490</ele><time>2026-09-13T09:44:29Z</time><sat>37</sat></trkpt>
  <trkpt lat="35.51107022" lon="139.47100660"><ele>126.285</ele><time>2026-09-13T09:44:35Z</time><sat>36</sat></trkpt>
  <trkpt lat="35.51103320" lon="139.47104265"><ele>125.712</ele><time>2026-09-13T09:44:41Z</time><sat>35</sat></trkpt>
  <trkpt lat="35.51098302" lon="139.47106185"><ele>126.404</ele><time>2026-09-13T09:44:47Z</time><sat>37</sat></trkpt>
  <trkpt lat="35.51093193" lon="139.47112416"><ele>126.854</ele><time>2026-09-13T09:44:53Z</time><sat>40</sat></trkpt>
  <trkpt lat="35.51087138" lon="139.47116435"><ele>127.431</ele><time>2026-09-13T09:44:59Z</time><sat>35</sat></trkpt>
  <trkpt lat="35.51081542" lon="139.47119288"><ele>125.294</ele><time>2026-09-13T09:45:05Z</time><sat>36</sat></trkpt>
  <trkpt lat="35.51076094" lon="139.47122932"><ele>123.434</ele><time>2026-09-13T09:45:11Z</time><sat>34</sat></trkpt>
  <trkpt lat="35.51070918" lon="139.47126701"><ele>123.009</ele><time>2026-09-13T09:45:17Z</time><sat>36</sat></trkpt>
  <trkpt lat="35.51065744" lon="139.47129275"><ele>121.683</ele><time>2026-09-13T09:45:23Z</time><sat>35</sat></trkpt>
  <trkpt lat="35.51060180" lon="139.47128995"><ele>120.428</ele><time>2026-09-13T09:45:29Z</time><sat>35</sat></trkpt>
  <trkpt lat="35.51054165" lon="139.47128802"><ele>119.058</ele><time>2026-09-13T09:45:35Z</time><sat>32</sat></trkpt>
  <trkpt lat="35.51047911" lon="139.47129113"><ele>117.736</ele><time>2026-09-13T09:45:41Z</time><sat>29</sat></trkpt>
  <trkpt lat="35.51041158" lon="139.47130412"><ele>119.449</ele><time>2026-09-13T09:45:47Z</time><sat>36</sat></trkpt>
  <trkpt lat="35.51034348" lon="139.47131326"><ele>121.413</ele><time>2026-09-13T09:45:53Z</time><sat>41</sat></trkpt>
  <trkpt lat="35.51030222" lon="139.47131288"><ele>122.766</ele><time>2026-09-13T09:45:59Z</time><sat>39</sat></trkpt>
  <trkpt lat="35.51029720" lon="139.47131425"><ele>123.109</ele><time>2026-09-13T09:46:02Z</time><sat>39</sat></trkpt>
  <trkpt lat="35.51029287" lon="139.47131561"><ele>123.111</ele><time>2026-09-13T09:46:11Z</time><sat>40</sat></trkpt>
  <trkpt lat="35.51029251" lon="139.47131987"><ele>123.167</ele><time>2026-09-13T09:46:14Z</time><sat>37</sat></trkpt>
  <trkpt lat="35.51029195" lon="139.47132629"><ele>123.474</ele><time>2026-09-13T09:46:17Z</time><sat>38</sat></trkpt>
  <trkpt lat="35.51029051" lon="139.47131544"><ele>123.623</ele><time>2026-09-13T09:46:20Z</time><sat>38</sat></trkpt>
  <trkpt lat="35.51025747" lon="139.47125923"><ele>124.265</ele><time>2026-09-13T09:46:26Z</time><sat>39</sat></trkpt>
  <trkpt lat="35.51021833" lon="139.47119604"><ele>125.616</ele><time>2026-09-13T09:46:32Z</time><sat>40</sat></trkpt>
  <trkpt lat="35.51019928" lon="139.47112630"><ele>126.404</ele><time>2026-09-13T09:46:38Z</time><sat>40</sat></trkpt>
  <trkpt lat="35.51018198" lon="139.47106749"><ele>127.512</ele><time>2026-09-13T09:46:47Z</time><sat>39</sat></trkpt>
  <trkpt lat="35.51017790" lon="139.47106558"><ele>128.006</ele><time>2026-09-13T09:46:50Z</time><sat>40</sat></trkpt>
  <trkpt lat="35.51017760" lon="139.47105705"><ele>128.754</ele><time>2026-09-13T09:46:53Z</time><sat>40</sat></trkpt>
  <trkpt lat="35.51015607" lon="139.47098921"><ele>131.306</ele><time>2026-09-13T09:46:59Z</time><sat>39</sat></trkpt>
  <trkpt lat="35.51012773" lon="139.47091993"><ele>131.603</ele><time>2026-09-13T09:47:05Z</time><sat>41</sat></trkpt>
  <trkpt lat="35.51014984" lon="139.47085423"><ele>127.676</ele><time>2026-09-13T09:47:11Z</time><sat>40</sat></trkpt>
  <trkpt lat="35.51010334" lon="139.47078730"><ele>126.524</ele><time>2026-09-13T09:47:17Z</time><sat>40</sat></trkpt>
  <trkpt lat="35.51006240" lon="139.47076338"><ele>125.679</ele><time>2026-09-13T09:47:20Z</time><sat>36</sat></trkpt>
  <trkpt lat="35.51001447" lon="139.47075321"><ele>123.294</ele><time>2026-09-13T09:47:23Z</time><sat>40</sat></trkpt>
  <trkpt lat="35.50993238" lon="139.47073513"><ele>119.302</ele><time>2026-09-13T09:47:29Z</time><sat>41</sat></trkpt>
  <trkpt lat="35.50987269" lon="139.47070470"><ele>121.105</ele><time>2026-09-13T09:47:35Z</time><sat>35</sat></trkpt>
  <trkpt lat="35.50981104" lon="139.47069087"><ele>120.949</ele><time>2026-09-13T09:47:41Z</time><sat>38</sat></trkpt>
  <trkpt lat="35.50974860" lon="139.47066956"><ele>121.738</ele><time>2026-09-13T09:47:47Z</time><sat>35</sat></trkpt>
  <trkpt lat="35.50968263" lon="139.47065521"><ele>117.893</ele><time>2026-09-13T09:47:53Z</time><sat>37</sat></trkpt>
  <trkpt lat="35.50960662" lon="139.47065878"><ele>117.746</ele><time>2026-09-13T09:47:59Z</time><sat>34</sat></trkpt>
  <trkpt lat="35.50956099" lon="139.47066283"><ele>112.559</ele><time>2026-09-13T09:48:02Z</time><sat>35</sat></trkpt>
  <trkpt lat="35.50951586" lon="139.47066531"><ele>110.902</ele><time>2026-09-13T09:48:05Z</time><sat>36</sat></trkpt>
  <trkpt lat="35.50943862" lon="139.47064403"><ele>110.568</ele><time>2026-09-13T09:48:11Z</time><sat>34</sat></trkpt>
  <trkpt lat="35.50936652" lon="139.47063782"><ele>115.496</ele><time>2026-09-13T09:48:17Z</time><sat>27</sat></trkpt>
  <trkpt lat="35.50931620" lon="139.47061125"><ele>119.287</ele><time>2026-09-13T09:48:23Z</time><sat>34</sat></trkpt>
  <trkpt lat="35.50925280" lon="139.47060897"><ele>122.567</ele><time>2026-09-13T09:48:29Z</time><sat>38</sat></trkpt>
  <trkpt lat="35.50920551" lon="139.47061067"><ele>122.519</ele><time>2026-09-13T09:48:32Z</time><sat>37</sat></trkpt>
  <trkpt lat="35.50913202" lon="139.47063171"><ele>119.948</ele><time>2026-09-13T09:48:38Z</time><sat>27</sat></trkpt>
  <trkpt lat="35.50905810" lon="139.47065411"><ele>120.071</ele><time>2026-09-13T09:48:44Z</time><sat>26</sat></trkpt>
  <trkpt lat="35.50900290" lon="139.47067860"><ele>119.950</ele><time>2026-09-13T09:48:50Z</time><sat>30</sat></trkpt>
  <trkpt lat="35.50893844" lon="139.47068078"><ele>119.746</ele><time>2026-09-13T09:48:56Z</time><sat>27</sat></trkpt>
  <trkpt lat="35.50888257" lon="139.47071054"><ele>120.418</ele><time>2026-09-13T09:49:02Z</time><sat>31</sat></trkpt>
  <trkpt lat="35.50881902" lon="139.47072664"><ele>119.849</ele><time>2026-09-13T09:49:08Z</time><sat>27</sat></trkpt>
  <trkpt lat="35.50875171" lon="139.47073245"><ele>120.945</ele><time>2026-09-13T09:49:14Z</time><sat>27</sat></trkpt>
  <trkpt lat="35.50870576" lon="139.47073177"><ele>120.219</ele><time>2026-09-13T09:49:17Z</time><sat>26</sat></trkpt>
  <trkpt lat="35.50861627" lon="139.47073585"><ele>120.141</ele><time>2026-09-13T09:49:23Z</time><sat>37</sat></trkpt>
  <trkpt lat="35.50859890" lon="139.47079004"><ele>120.491</ele><time>2026-09-13T09:49:26Z</time><sat>36</sat></trkpt>
  <trkpt lat="35.50859023" lon="139.47085185"><ele>121.150</ele><time>2026-09-13T09:49:29Z</time><sat>35</sat></trkpt>
  <trkpt lat="35.50858246" lon="139.47091434"><ele>125.135</ele><time>2026-09-13T09:49:32Z</time><sat>37</sat></trkpt>
  <trkpt lat="35.50858303" lon="139.47101065"><ele>121.264</ele><time>2026-09-13T09:49:38Z</time><sat>33</sat></trkpt>
  <trkpt lat="35.50856595" lon="139.47109571"><ele>123.866</ele><time>2026-09-13T09:49:44Z</time><sat>39</sat></trkpt>
  <trkpt lat="35.50856953" lon="139.47119241"><ele>125.556</ele><time>2026-09-13T09:49:50Z</time><sat>33</sat></trkpt>
  <trkpt lat="35.50856106" lon="139.47128453"><ele>125.878</ele><time>2026-09-13T09:49:56Z</time><sat>30</sat></trkpt>
  <trkpt lat="35.50855491" lon="139.47137019"><ele>124.766</ele><time>2026-09-13T09:50:02Z</time><sat>33</sat></trkpt>
  <trkpt lat="35.50853014" lon="139.47142987"><ele>118.490</ele><time>2026-09-13T09:50:11Z</time><sat>41</sat></trkpt>
  <trkpt lat="35.50849073" lon="139.47148674"><ele>119.591</ele><time>2026-09-13T09:50:17Z</time><sat>33</sat></trkpt>
  <trkpt lat="35.50847802" lon="139.47150771"><ele>119.788</ele><time>2026-09-13T09:50:20Z</time><sat>38</sat></trkpt>
  <trkpt lat="35.50848356" lon="139.47151446"><ele>119.985</ele><time>2026-09-13T09:50:23Z</time><sat>34</sat></trkpt>
  <trkpt lat="35.50848906" lon="139.47151403"><ele>120.173</ele><time>2026-09-13T09:50:35Z</time><sat>33</sat></trkpt>
  <trkpt lat="35.50848962" lon="139.47151474"><ele>120.243</ele><time>2026-09-13T09:50:47Z</time><sat>30</sat></trkpt>
  <trkpt lat="35.50849288" lon="139.47151621"><ele>121.522</ele><time>2026-09-13T09:50:50Z</time><sat>31</sat></trkpt>
  <trkpt lat="35.50849788" lon="139.47160248"><ele>121.212</ele><time>2026-09-13T09:50:59Z</time><sat>28</sat></trkpt>
  <trkpt lat="35.50849515" lon="139.47168198"><ele>120.388</ele><time>2026-09-13T09:51:05Z</time><sat>31</sat></trkpt>
  <trkpt lat="35.50850967" lon="139.47174781"><ele>119.839</ele><time>2026-09-13T09:51:11Z</time><sat>36</sat></trkpt>
  <trkpt lat="35.50851241" lon="139.47180619"><ele>119.720</ele><time>2026-09-13T09:51:17Z</time><sat>40</sat></trkpt>
  <trkpt lat="35.50850851" lon="139.47184749"><ele>121.424</ele><time>2026-09-13T09:51:23Z</time><sat>39</sat></trkpt>
  <trkpt lat="35.50850751" lon="139.47184723"><ele>121.485</ele><time>2026-09-13T09:51:26Z</time><sat>38</sat></trkpt>
  <trkpt lat="35.50851654" lon="139.47188496"><ele>126.300</ele><time>2026-09-13T09:51:40Z</time><sat>39</sat></trkpt>
  <trkpt lat="35.50851863" lon="139.47188514"><ele>126.577</ele><time>2026-09-13T09:51:46Z</time><sat>40</sat></trkpt>
  <trkpt lat="35.50852310" lon="139.47189466"><ele>126.923</ele><time>2026-09-13T09:51:49Z</time><sat>40</sat></trkpt>
  <trkpt lat="35.50853206" lon="139.47196372"><ele>129.141</ele><time>2026-09-13T09:51:55Z</time><sat>39</sat></trkpt>
  <trkpt lat="35.50856456" lon="139.47204164"><ele>127.747</ele><time>2026-09-13T09:52:04Z</time><sat>39</sat></trkpt>
  <trkpt lat="35.50860409" lon="139.47209874"><ele>127.040</ele><time>2026-09-13T09:52:10Z</time><sat>41</sat></trkpt>
  <trkpt lat="35.50863939" lon="139.47216099"><ele>125.632</ele><time>2026-09-13T09:52:16Z</time><sat>18</sat></trkpt>
  <trkpt lat="35.50867481" lon="139.47222075"><ele>124.460</ele><time>2026-09-13T09:52:22Z</time><sat>35</sat></trkpt>
  <trkpt lat="35.50870664" lon="139.47230102"><ele>128.692</ele><time>2026-09-13T09:52:28Z</time><sat>40</sat></trkpt>
  <trkpt lat="35.50872755" lon="139.47237203"><ele>128.374</ele><time>2026-09-13T09:52:34Z</time><sat>37</sat></trkpt>
  <trkpt lat="35.50876229" lon="139.47241946"><ele>125.680</ele><time>2026-09-13T09:52:40Z</time><sat>38</sat></trkpt>
  <trkpt lat="35.50883467" lon="139.47242825"><ele>125.335</ele><time>2026-09-13T09:52:46Z</time><sat>34</sat></trkpt>
  <trkpt lat="35.50889511" lon="139.47245334"><ele>124.827</ele><time>2026-09-13T09:52:52Z</time><sat>33</sat></trkpt>
  <trkpt lat="35.50895246" lon="139.47249581"><ele>127.859</ele><time>2026-09-13T09:52:58Z</time><sat>35</sat></trkpt>
  <trkpt lat="35.50900839" lon="139.47253044"><ele>127.463</ele><time>2026-09-13T09:53:04Z</time><sat>37</sat></trkpt>
  <trkpt lat="35.50906965" lon="139.47258416"><ele>129.090</ele><time>2026-09-13T09:53:10Z</time><sat>30</sat></trkpt>
  <trkpt lat="35.50913482" lon="139.47262846"><ele>128.460</ele><time>2026-09-13T09:53:16Z</time><sat>27</sat></trkpt>
  <trkpt lat="35.50918376" lon="139.47263999"><ele>133.243</ele><time>2026-09-13T09:53:22Z</time><sat>40</sat></trkpt>
  <trkpt lat="35.50923207" lon="139.47263596"><ele>133.611</ele><time>2026-09-13T09:53:28Z</time><sat>38</sat></trkpt>
  <trkpt lat="35.50926727" lon="139.47260007"><ele>137.466</ele><time>2026-09-13T09:53:34Z</time><sat>40</sat></trkpt>
  <trkpt lat="35.50931456" lon="139.47256961"><ele>139.202</ele><time>2026-09-13T09:53:40Z</time><sat>38</sat></trkpt>
  <trkpt lat="35.50937378" lon="139.47252933"><ele>141.963</ele><time>2026-09-13T09:53:46Z</time><sat>37</sat></trkpt>
  <trkpt lat="35.50943750" lon="139.47250094"><ele>140.895</ele><time>2026-09-13T09:53:52Z</time><sat>40</sat></trkpt>
  <trkpt lat="35.50949878" lon="139.47249913"><ele>138.160</ele><time>2026-09-13T09:53:58Z</time><sat>40</sat></trkpt>
  <trkpt lat="35.50954837" lon="139.47249703"><ele>137.759</ele><time>2026-09-13T09:54:04Z</time><sat>40</sat></trkpt>
  <trkpt lat="35.50960862" lon="139.47249321"><ele>132.941</ele><time>2026-09-13T09:54:10Z</time><sat>39</sat></trkpt>
  <trkpt lat="35.50967235" lon="139.47247487"><ele>134.296</ele><time>2026-09-13T09:54:16Z</time><sat>39</sat></trkpt>
  <trkpt lat="35.50972741" lon="139.47245814"><ele>134.801</ele><time>2026-09-13T09:54:22Z</time><sat>39</sat></trkpt>
  <trkpt lat="35.50978002" lon="139.47246325"><ele>136.331</ele><time>2026-09-13T09:54:28Z</time><sat>38</sat></trkpt>
  <trkpt lat="35.50984612" lon="139.47244684"><ele>137.007</ele><time>2026-09-13T09:54:34Z</time><sat>38</sat></trkpt>
  <trkpt lat="35.50991545" lon="139.47243662"><ele>137.056</ele><time>2026-09-13T09:54:40Z</time><sat>39</sat></trkpt>
  <trkpt lat="35.50995961" lon="139.47241690"><ele>135.008</ele><time>2026-09-13T09:54:43Z</time><sat>41</sat></trkpt>
  <trkpt lat="35.51004233" lon="139.47236910"><ele>131.755</ele><time>2026-09-13T09:54:49Z</time><sat>37</sat></trkpt>
  <trkpt lat="35.51010119" lon="139.47231946"><ele>127.285</ele><time>2026-09-13T09:54:55Z</time><sat>37</sat></trkpt>
  <trkpt lat="35.51014185" lon="139.47226239"><ele>124.345</ele><time>2026-09-13T09:55:01Z</time><sat>35</sat></trkpt>
  <trkpt lat="35.51018570" lon="139.47219296"><ele>123.298</ele><time>2026-09-13T09:55:07Z</time><sat>36</sat></trkpt>
  <trkpt lat="35.51017774" lon="139.47212000"><ele>122.773</ele><time>2026-09-13T09:55:13Z</time><sat>42</sat></trkpt>
  <trkpt lat="35.51018653" lon="139.47204548"><ele>124.664</ele><time>2026-09-13T09:55:19Z</time><sat>42</sat></trkpt>
  <trkpt lat="35.51017512" lon="139.47199115"><ele>127.302</ele><time>2026-09-13T09:55:22Z</time><sat>39</sat></trkpt>
  <trkpt lat="35.51016595" lon="139.47190280"><ele>127.475</ele><time>2026-09-13T09:55:28Z</time><sat>41</sat></trkpt>
  <trkpt lat="35.51019602" lon="139.47183009"><ele>128.201</ele><time>2026-09-13T09:55:34Z</time><sat>39</sat></trkpt>
  <trkpt lat="35.51021418" lon="139.47176056"><ele>129.444</ele><time>2026-09-13T09:55:40Z</time><sat>41</sat></trkpt>
  <trkpt lat="35.51023118" lon="139.47170746"><ele>130.026</ele><time>2026-09-13T09:55:46Z</time><sat>39</sat></trkpt>
  <trkpt lat="35.51023252" lon="139.47162003"><ele>129.799</ele><time>2026-09-13T09:55:55Z</time><sat>41</sat></trkpt>
  <trkpt lat="35.51021361" lon="139.47155455"><ele>127.856</ele><time>2026-09-13T09:56:01Z</time><sat>33</sat></trkpt>
  <trkpt lat="35.51024073" lon="139.47146716"><ele>127.912</ele><time>2026-09-13T09:56:07Z</time><sat>36</sat></trkpt>
  <trkpt lat="35.51026547" lon="139.47140717"><ele>128.467</ele><time>2026-09-13T09:56:13Z</time><sat>37</sat></trkpt>
  <trkpt lat="35.51032653" lon="139.47136258"><ele>128.854</ele><time>2026-09-13T09:56:19Z</time><sat>42</sat></trkpt>
  <trkpt lat="35.51038919" lon="139.47132725"><ele>128.580</ele><time>2026-09-13T09:56:25Z</time><sat>42</sat></trkpt>
  <trkpt lat="35.51040755" lon="139.47125605"><ele>128.063</ele><time>2026-09-13T09:56:31Z</time><sat>43</sat></trkpt>
  <trkpt lat="35.51042805" lon="139.47118580"><ele>126.268</ele><time>2026-09-13T09:56:37Z</time><sat>41</sat></trkpt>
  <trkpt lat="35.51047832" lon="139.47117732"><ele>123.085</ele><time>2026-09-13T09:56:46Z</time><sat>40</sat></trkpt>
  <trkpt lat="35.51052506" lon="139.47117956"><ele>120.929</ele><time>2026-09-13T09:56:52Z</time><sat>37</sat></trkpt>
  <trkpt lat="35.51056867" lon="139.47115208"><ele>120.325</ele><time>2026-09-13T09:56:58Z</time><sat>34</sat></trkpt>
  <trkpt lat="35.51055877" lon="139.47107412"><ele>121.497</ele><time>2026-09-13T09:57:04Z</time><sat>35</sat></trkpt>
  <trkpt lat="35.51055176" lon="139.47099587"><ele>122.098</ele><time>2026-09-13T09:57:10Z</time><sat>32</sat></trkpt>
  <trkpt lat="35.51054647" lon="139.47091886"><ele>122.803</ele><time>2026-09-13T09:57:16Z</time><sat>33</sat></trkpt>
  <trkpt lat="35.51054179" lon="139.47081805"><ele>123.884</ele><time>2026-09-13T09:57:22Z</time><sat>38</sat></trkpt>
  <trkpt lat="35.51053933" lon="139.47072940"><ele>123.359</ele><time>2026-09-13T09:57:28Z</time><sat>37</sat></trkpt>
  <trkpt lat="35.51053674" lon="139.47065543"><ele>123.150</ele><time>2026-09-13T09:57:34Z</time><sat>38</sat></trkpt>
  <trkpt lat="35.51053918" lon="139.47058048"><ele>124.043</ele><time>2026-09-13T09:57:40Z</time><sat>40</sat></trkpt>
  <trkpt lat="35.51053721" lon="139.47049560"><ele>124.374</ele><time>2026-09-13T09:57:46Z</time><sat>39</sat></trkpt>
  <trkpt lat="35.51052673" lon="139.47040149"><ele>125.201</ele><time>2026-09-13T09:57:52Z</time><sat>40</sat></trkpt>
  <trkpt lat="35.51051579" lon="139.47030999"><ele>125.213</ele><time>2026-09-13T09:57:58Z</time><sat>37</sat></trkpt>
  <trkpt lat="35.51051235" lon="139.47022497"><ele>124.457</ele><time>2026-09-13T09:58:04Z</time><sat>37</sat></trkpt>
  <trkpt lat="35.51049265" lon="139.47014738"><ele>122.997</ele><time>2026-09-13T09:58:10Z</time><sat>32</sat></trkpt>
  <trkpt lat="35.51048520" lon="139.47006409"><ele>121.980</ele><time>2026-09-13T09:58:16Z</time><sat>28</sat></trkpt>
  <trkpt lat="35.51047762" lon="139.46998123"><ele>120.470</ele><time>2026-09-13T09:58:22Z</time><sat>31</sat></trkpt>
  <trkpt lat="35.51047364" lon="139.46989578"><ele>119.240</ele><time>2026-09-13T09:58:28Z</time><sat>31</sat></trkpt>
  <trkpt lat="35.51046810" lon="139.46981143"><ele>118.674</ele><time>2026-09-13T09:58:34Z</time><sat>33</sat></trkpt>
  <trkpt lat="35.51047507" lon="139.46972570"><ele>118.741</ele><time>2026-09-13T09:58:40Z</time><sat>35</sat></trkpt>
  <trkpt lat="35.51047153" lon="139.46964531"><ele>118.835</ele><time>2026-09-13T09:58:46Z</time><sat>39</sat></trkpt>
  <trkpt lat="35.51047217" lon="139.46956322"><ele>118.887</ele><time>2026-09-13T09:58:52Z</time><sat>39</sat></trkpt>
  <trkpt lat="35.51049436" lon="139.46947568"><ele>120.680</ele><time>2026-09-13T09:58:58Z</time><sat>42</sat></trkpt>
  <trkpt lat="35.51051560" lon="139.46938407"><ele>119.665</ele><time>2026-09-13T09:59:04Z</time><sat>42</sat></trkpt>
  <trkpt lat="35.51046789" lon="139.46931678"><ele>120.344</ele><time>2026-09-13T09:59:10Z</time><sat>41</sat></trkpt>
  <trkpt lat="35.51041768" lon="139.46928171"><ele>119.216</ele><time>2026-09-13T09:59:16Z</time><sat>40</sat></trkpt>
  <trkpt lat="35.51040453" lon="139.46927758"><ele>119.680</ele><time>2026-09-13T09:59:19Z</time><sat>39</sat></trkpt>
  <trkpt lat="35.51041159" lon="139.46928067"><ele>118.874</ele><time>2026-09-13T09:59:22Z</time><sat>37</sat></trkpt>
  <trkpt lat="35.51042142" lon="139.46928455"><ele>118.248</ele><time>2026-09-13T09:59:26Z</time><sat>36</sat></trkpt>
  <trkpt lat="35.51042230" lon="139.46928550"><ele>118.236</ele><time>2026-09-13T09:59:29Z</time><sat>34</sat></trkpt>
  <trkpt lat="35.51042612" lon="139.46928462"><ele>119.388</ele><time>2026-09-13T09:59:32Z</time><sat>36</sat></trkpt>
  <trkpt lat="35.51046966" lon="139.46931164"><ele>118.269</ele><time>2026-09-13T09:59:44Z</time><sat>43</sat></trkpt>
  <trkpt lat="35.51046650" lon="139.46931763"><ele>118.257</ele><time>2026-09-13T09:59:47Z</time><sat>43</sat></trkpt>
  <trkpt lat="35.51046554" lon="139.46931835"><ele>118.261</ele><time>2026-09-13T09:59:52Z</time><sat>41</sat></trkpt>
  <trkpt lat="35.51046541" lon="139.46931835"><ele>118.250</ele><time>2026-09-13T09:59:55Z</time><sat>39</sat></trkpt>
  <trkpt lat="35.51046215" lon="139.46932335"><ele>117.925</ele><time>2026-09-13T09:59:58Z</time><sat>42</sat></trkpt>
  <trkpt lat="35.51052576" lon="139.46928384"><ele>117.990</ele><time>2026-09-13T10:00:10Z</time><sat>43</sat></trkpt>
  <trkpt lat="35.51058631" lon="139.46929320"><ele>117.306</ele><time>2026-09-13T10:00:16Z</time><sat>43</sat></trkpt>
  <trkpt lat="35.51063309" lon="139.46920719"><ele>119.244</ele><time>2026-09-13T10:00:22Z</time><sat>41</sat></trkpt>
  <trkpt lat="35.51066035" lon="139.46916279"><ele>119.466</ele><time>2026-09-13T10:00:25Z</time><sat>41</sat></trkpt>
  <trkpt lat="35.51070587" lon="139.46907715"><ele>119.591</ele><time>2026-09-13T10:00:31Z</time><sat>41</sat></trkpt>
  <trkpt lat="35.51075306" lon="139.46899362"><ele>119.835</ele><time>2026-09-13T10:00:37Z</time><sat>43</sat></trkpt>
  <trkpt lat="35.51080343" lon="139.46891339"><ele>119.996</ele><time>2026-09-13T10:00:43Z</time><sat>42</sat></trkpt>
  <trkpt lat="35.51085851" lon="139.46883566"><ele>119.835</ele><time>2026-09-13T10:00:49Z</time><sat>42</sat></trkpt>
  <trkpt lat="35.51090521" lon="139.46875938"><ele>120.229</ele><time>2026-09-13T10:00:55Z</time><sat>43</sat></trkpt>
  <trkpt lat="35.51095637" lon="139.46868361"><ele>120.451</ele><time>2026-09-13T10:01:01Z</time><sat>43</sat></trkpt>
  <trkpt lat="35.51099953" lon="139.46861589"><ele>120.863</ele><time>2026-09-13T10:01:07Z</time><sat>42</sat></trkpt>
  <trkpt lat="35.51105256" lon="139.46854478"><ele>121.433</ele><time>2026-09-13T10:01:13Z</time><sat>43</sat></trkpt>
  <trkpt lat="35.51109904" lon="139.46846777"><ele>121.343</ele><time>2026-09-13T10:01:19Z</time><sat>42</sat></trkpt>
  <trkpt lat="35.51112111" lon="139.46838526"><ele>121.307</ele><time>2026-09-13T10:01:25Z</time><sat>42</sat></trkpt>
  <trkpt lat="35.51113537" lon="139.46830356"><ele>121.354</ele><time>2026-09-13T10:01:31Z</time><sat>42</sat></trkpt>
  <trkpt lat="35.51114085" lon="139.46821677"><ele>120.999</ele><time>2026-09-13T10:01:37Z</time><sat>42</sat></trkpt>
  <trkpt lat="35.51113749" lon="139.46813362"><ele>120.224</ele><time>2026-09-13T10:01:43Z</time><sat>42</sat></trkpt>
  <trkpt lat="35.51113666" lon="139.46804558"><ele>119.715</ele><time>2026-09-13T10:01:49Z</time><sat>42</sat></trkpt>
  <trkpt lat="35.51113716" lon="139.46795077"><ele>118.890</ele><time>2026-09-13T10:01:55Z</time><sat>43</sat></trkpt>
  <trkpt lat="35.51113486" lon="139.46785753"><ele>118.629</ele><time>2026-09-13T10:02:01Z</time><sat>43</sat></trkpt>
  <trkpt lat="35.51113895" lon="139.46776190"><ele>117.773</ele><time>2026-09-13T10:02:07Z</time><sat>43</sat></trkpt>
  <trkpt lat="35.51114332" lon="139.46766803"><ele>117.642</ele><time>2026-09-13T10:02:13Z</time><sat>43</sat></trkpt>
  <trkpt lat="35.51113895" lon="139.46757466"><ele>116.691</ele><time>2026-09-13T10:02:19Z</time><sat>43</sat></trkpt>
  <trkpt lat="35.51113429" lon="139.46748041"><ele>115.597</ele><time>2026-09-13T10:02:25Z</time><sat>42</sat></trkpt>
  <trkpt lat="35.51112680" lon="139.46738514"><ele>114.905</ele><time>2026-09-13T10:02:31Z</time><sat>42</sat></trkpt>
  <trkpt lat="35.51113429" lon="139.46730687"><ele>115.058</ele><time>2026-09-13T10:02:36Z</time><sat>42</sat></trkpt>
  <trkpt lat="35.51114263" lon="139.46724042"><ele>114.275</ele><time>2026-09-13T10:02:42Z</time><sat>42</sat></trkpt>
  <trkpt lat="35.51113842" lon="139.46718554"><ele>114.511</ele><time>2026-09-13T10:02:45Z</time><sat>40</sat></trkpt>
  <trkpt lat="35.51112991" lon="139.46708489"><ele>114.830</ele><time>2026-09-13T10:02:51Z</time><sat>38</sat></trkpt>
  <trkpt lat="35.51112020" lon="139.46702863"><ele>114.685</ele><time>2026-09-13T10:02:54Z</time><sat>40</sat></trkpt>
  <trkpt lat="35.51111032" lon="139.46697330"><ele>114.703</ele><time>2026-09-13T10:02:57Z</time><sat>42</sat></trkpt>
  <trkpt lat="35.51109634" lon="139.46686690"><ele>114.242</ele><time>2026-09-13T10:03:03Z</time><sat>38</sat></trkpt>
  <trkpt lat="35.51108364" lon="139.46676247"><ele>114.004</ele><time>2026-09-13T10:03:09Z</time><sat>36</sat></trkpt>
  <trkpt lat="35.51107551" lon="139.46665973"><ele>113.738</ele><time>2026-09-13T10:03:15Z</time><sat>38</sat></trkpt>
  <trkpt lat="35.51106719" lon="139.46660516"><ele>113.401</ele><time>2026-09-13T10:03:18Z</time><sat>37</sat></trkpt>
  <trkpt lat="35.51104656" lon="139.46650078"><ele>113.283</ele><time>2026-09-13T10:03:24Z</time><sat>40</sat></trkpt>
  <trkpt lat="35.51103230" lon="139.46639851"><ele>112.861</ele><time>2026-09-13T10:03:30Z</time><sat>36</sat></trkpt>
  <trkpt lat="35.51102048" lon="139.46630137"><ele>112.862</ele><time>2026-09-13T10:03:36Z</time><sat>37</sat></trkpt>
  <trkpt lat="35.51100853" lon="139.46620653"><ele>112.049</ele><time>2026-09-13T10:03:42Z</time><sat>43</sat></trkpt>
  <trkpt lat="35.51099868" lon="139.46613069"><ele>111.517</ele><time>2026-09-13T10:03:48Z</time><sat>40</sat></trkpt>
  <trkpt lat="35.51100425" lon="139.46613505"><ele>110.442</ele><time>2026-09-13T10:03:51Z</time><sat>43</sat></trkpt>
  <trkpt lat="35.51100624" lon="139.46613936"><ele>110.340</ele><time>2026-09-13T10:03:54Z</time><sat>44</sat></trkpt>
  <trkpt lat="35.51100724" lon="139.46613878"><ele>110.362</ele><time>2026-09-13T10:03:57Z</time><sat>43</sat></trkpt>
  <trkpt lat="35.51102502" lon="139.46612792"><ele>110.659</ele><time>2026-09-13T10:04:00Z</time><sat>43</sat></trkpt>
  <trkpt lat="35.51108910" lon="139.46610997"><ele>111.124</ele><time>2026-09-13T10:04:06Z</time><sat>44</sat></trkpt>
  <trkpt lat="35.51113014" lon="139.46606609"><ele>111.764</ele><time>2026-09-13T10:04:12Z</time><sat>43</sat></trkpt>
  <trkpt lat="35.51112946" lon="139.46606354"><ele>111.663</ele><time>2026-09-13T10:04:15Z</time><sat>44</sat></trkpt>
  <trkpt lat="35.51112860" lon="139.46606646"><ele>111.369</ele><time>2026-09-13T10:04:24Z</time><sat>42</sat></trkpt>
  <trkpt lat="35.51112840" lon="139.46606616"><ele>111.272</ele><time>2026-09-13T10:04:27Z</time><sat>41</sat></trkpt>
  <trkpt lat="35.51111795" lon="139.46600892"><ele>110.588</ele><time>2026-09-13T10:04:33Z</time><sat>41</sat></trkpt>
  <trkpt lat="35.51109763" lon="139.46592822"><ele>110.377</ele><time>2026-09-13T10:04:39Z</time><sat>40</sat></trkpt>
  <trkpt lat="35.51101719" lon="139.46593151"><ele>110.335</ele><time>2026-09-13T10:04:45Z</time><sat>43</sat></trkpt>
  <trkpt lat="35.51094023" lon="139.46596260"><ele>110.756</ele><time>2026-09-13T10:04:51Z</time><sat>44</sat></trkpt>
  <trkpt lat="35.51087549" lon="139.46595900"><ele>109.653</ele><time>2026-09-13T10:04:57Z</time><sat>44</sat></trkpt>
  <trkpt lat="35.51085460" lon="139.46585654"><ele>110.044</ele><time>2026-09-13T10:05:03Z</time><sat>43</sat></trkpt>
  <trkpt lat="35.51085102" lon="139.46575203"><ele>110.017</ele><time>2026-09-13T10:05:09Z</time><sat>38</sat></trkpt>
  <trkpt lat="35.51083519" lon="139.46565777"><ele>111.199</ele><time>2026-09-13T10:05:15Z</time><sat>37</sat></trkpt>
  <trkpt lat="35.51082878" lon="139.46558096"><ele>109.823</ele><time>2026-09-13T10:05:21Z</time><sat>44</sat></trkpt>
  <trkpt lat="35.51085929" lon="139.46550568"><ele>108.606</ele><time>2026-09-13T10:05:27Z</time><sat>40</sat></trkpt>
  <trkpt lat="35.51088019" lon="139.46541944"><ele>108.687</ele><time>2026-09-13T10:05:33Z</time><sat>35</sat></trkpt>
  <trkpt lat="35.51091038" lon="139.46532205"><ele>108.059</ele><time>2026-09-13T10:05:39Z</time><sat>34</sat></trkpt>
  <trkpt lat="35.51091858" lon="139.46522075"><ele>107.650</ele><time>2026-09-13T10:05:45Z</time><sat>39</sat></trkpt>
  <trkpt lat="35.51091913" lon="139.46512060"><ele>107.334</ele><time>2026-09-13T10:05:51Z</time><sat>37</sat></trkpt>
  <trkpt lat="35.51094610" lon="139.46506350"><ele>105.797</ele><time>2026-09-13T10:05:57Z</time><sat>40</sat></trkpt>
  <trkpt lat="35.51099833" lon="139.46507847"><ele>105.519</ele><time>2026-09-13T10:06:03Z</time><sat>41</sat></trkpt>
  <trkpt lat="35.51104255" lon="139.46505375"><ele>106.294</ele><time>2026-09-13T10:06:09Z</time><sat>38</sat></trkpt>
  <trkpt lat="35.51110161" lon="139.46501750"><ele>106.705</ele><time>2026-09-13T10:06:15Z</time><sat>35</sat></trkpt>
  <trkpt lat="35.51116404" lon="139.46498798"><ele>106.623</ele><time>2026-09-13T10:06:21Z</time><sat>42</sat></trkpt>
  <trkpt lat="35.51122447" lon="139.46496003"><ele>105.236</ele><time>2026-09-13T10:06:27Z</time><sat>39</sat></trkpt>
  <trkpt lat="35.51126603" lon="139.46492563"><ele>104.443</ele><time>2026-09-13T10:06:33Z</time><sat>39</sat></trkpt>
  <trkpt lat="35.51132240" lon="139.46489911"><ele>105.831</ele><time>2026-09-13T10:06:39Z</time><sat>36</sat></trkpt>
  <trkpt lat="35.51134700" lon="139.46488324"><ele>105.661</ele><time>2026-09-13T10:06:42Z</time><sat>39</sat></trkpt>
  <trkpt lat="35.51134522" lon="139.46487920"><ele>106.124</ele><time>2026-09-13T10:06:45Z</time><sat>41</sat></trkpt>
  <trkpt lat="35.51134290" lon="139.46488397"><ele>106.598</ele><time>2026-09-13T10:06:51Z</time><sat>41</sat></trkpt>
  <trkpt lat="35.51134652" lon="139.46487725"><ele>106.631</ele><time>2026-09-13T10:06:54Z</time><sat>41</sat></trkpt>
  <trkpt lat="35.51134883" lon="139.46487345"><ele>106.525</ele><time>2026-09-13T10:06:57Z</time><sat>41</sat></trkpt>
  <trkpt lat="35.51134751" lon="139.46487245"><ele>107.825</ele><time>2026-09-13T10:07:03Z</time><sat>43</sat></trkpt>
  <trkpt lat="35.51136170" lon="139.46486278"><ele>107.935</ele><time>2026-09-13T10:07:08Z</time><sat>42</sat></trkpt>
  <trkpt lat="35.51141858" lon="139.46483468"><ele>108.592</ele><time>2026-09-13T10:07:14Z</time><sat>44</sat></trkpt>
  <trkpt lat="35.51148677" lon="139.46480502"><ele>107.420</ele><time>2026-09-13T10:07:20Z</time><sat>43</sat></trkpt>
  <trkpt lat="35.51155219" lon="139.46476963"><ele>107.383</ele><time>2026-09-13T10:07:26Z</time><sat>43</sat></trkpt>
  <trkpt lat="35.51161736" lon="139.46474061"><ele>108.225</ele><time>2026-09-13T10:07:32Z</time><sat>43</sat></trkpt>
  <trkpt lat="35.51167873" lon="139.46470712"><ele>108.771</ele><time>2026-09-13T10:07:38Z</time><sat>43</sat></trkpt>
  <trkpt lat="35.51174016" lon="139.46468719"><ele>109.386</ele><time>2026-09-13T10:07:44Z</time><sat>42</sat></trkpt>
  <trkpt lat="35.51179780" lon="139.46466062"><ele>110.078</ele><time>2026-09-13T10:07:50Z</time><sat>43</sat></trkpt>
  <trkpt lat="35.51185778" lon="139.46462987"><ele>109.846</ele><time>2026-09-13T10:07:56Z</time><sat>45</sat></trkpt>
  <trkpt lat="35.51192298" lon="139.46460969"><ele>110.534</ele><time>2026-09-13T10:08:02Z</time><sat>43</sat></trkpt>
  <trkpt lat="35.51198977" lon="139.46458954"><ele>110.453</ele><time>2026-09-13T10:08:08Z</time><sat>43</sat></trkpt>
  <trkpt lat="35.51202263" lon="139.46454131"><ele>109.655</ele><time>2026-09-13T10:08:14Z</time><sat>44</sat></trkpt>
  <trkpt lat="35.51198625" lon="139.46447270"><ele>109.773</ele><time>2026-09-13T10:08:20Z</time><sat>45</sat></trkpt>
  <trkpt lat="35.51196097" lon="139.46439828"><ele>109.327</ele><time>2026-09-13T10:08:26Z</time><sat>44</sat></trkpt>
  <trkpt lat="35.51194041" lon="139.46431633"><ele>108.520</ele><time>2026-09-13T10:08:32Z</time><sat>45</sat></trkpt>
  <trkpt lat="35.51192404" lon="139.46423703"><ele>108.127</ele><time>2026-09-13T10:08:38Z</time><sat>44</sat></trkpt>
  <trkpt lat="35.51190836" lon="139.46415815"><ele>107.994</ele><time>2026-09-13T10:08:44Z</time><sat>44</sat></trkpt>
  <trkpt lat="35.51189181" lon="139.46407782"><ele>108.386</ele><time>2026-09-13T10:08:50Z</time><sat>42</sat></trkpt>
  <trkpt lat="35.51187270" lon="139.46399934"><ele>109.378</ele><time>2026-09-13T10:08:56Z</time><sat>41</sat></trkpt>
  <trkpt lat="35.51185794" lon="139.46391454"><ele>110.456</ele><time>2026-09-13T10:09:02Z</time><sat>40</sat></trkpt>
  <trkpt lat="35.51185061" lon="139.46382283"><ele>111.033</ele><time>2026-09-13T10:09:08Z</time><sat>42</sat></trkpt>
  <trkpt lat="35.51184094" lon="139.46373901"><ele>110.127</ele><time>2026-09-13T10:09:14Z</time><sat>42</sat></trkpt>
  <trkpt lat="35.51183594" lon="139.46371453"><ele>110.281</ele><time>2026-09-13T10:09:17Z</time><sat>41</sat></trkpt>
  <trkpt lat="35.51182949" lon="139.46370473"><ele>110.032</ele><time>2026-09-13T10:09:20Z</time><sat>41</sat></trkpt>
  <trkpt lat="35.51183528" lon="139.46367516"><ele>109.873</ele><time>2026-09-13T10:09:23Z</time><sat>42</sat></trkpt>
  <trkpt lat="35.51184689" lon="139.46358964"><ele>109.250</ele><time>2026-09-13T10:09:29Z</time><sat>43</sat></trkpt>
  <trkpt lat="35.51182599" lon="139.46349659"><ele>108.606</ele><time>2026-09-13T10:09:35Z</time><sat>40</sat></trkpt>
  <trkpt lat="35.51180607" lon="139.46339720"><ele>108.208</ele><time>2026-09-13T10:09:41Z</time><sat>43</sat></trkpt>
  <trkpt lat="35.51178131" lon="139.46329472"><ele>107.873</ele><time>2026-09-13T10:09:47Z</time><sat>41</sat></trkpt>
  <trkpt lat="35.51174647" lon="139.46320612"><ele>108.317</ele><time>2026-09-13T10:09:53Z</time><sat>41</sat></trkpt>
  <trkpt lat="35.51173049" lon="139.46309839"><ele>109.128</ele><time>2026-09-13T10:09:59Z</time><sat>39</sat></trkpt>
  <trkpt lat="35.51170961" lon="139.46301082"><ele>109.872</ele><time>2026-09-13T10:10:05Z</time><sat>39</sat></trkpt>
  <trkpt lat="35.51171565" lon="139.46293581"><ele>110.010</ele><time>2026-09-13T10:10:11Z</time><sat>42</sat></trkpt>
  <trkpt lat="35.51176123" lon="139.46292280"><ele>110.063</ele><time>2026-09-13T10:10:14Z</time><sat>41</sat></trkpt>
  <trkpt lat="35.51180887" lon="139.46291377"><ele>110.068</ele><time>2026-09-13T10:10:17Z</time><sat>42</sat></trkpt>
  <trkpt lat="35.51185119" lon="139.46283183"><ele>110.028</ele><time>2026-09-13T10:10:23Z</time><sat>42</sat></trkpt>
  <trkpt lat="35.51183501" lon="139.46277594"><ele>109.818</ele><time>2026-09-13T10:10:26Z</time><sat>38</sat></trkpt>
  <trkpt lat="35.51181945" lon="139.46272025"><ele>109.648</ele><time>2026-09-13T10:10:29Z</time><sat>38</sat></trkpt>
  <trkpt lat="35.51180420" lon="139.46266345"><ele>109.488</ele><time>2026-09-13T10:10:32Z</time><sat>38</sat></trkpt>
  <trkpt lat="35.51179032" lon="139.46261032"><ele>110.218</ele><time>2026-09-13T10:10:35Z</time><sat>38</sat></trkpt>
  <trkpt lat="35.51176574" lon="139.46252677"><ele>110.185</ele><time>2026-09-13T10:10:41Z</time><sat>37</sat></trkpt>
  <trkpt lat="35.51174573" lon="139.46244768"><ele>110.198</ele><time>2026-09-13T10:10:47Z</time><sat>39</sat></trkpt>
  <trkpt lat="35.51174301" lon="139.46235718"><ele>110.263</ele><time>2026-09-13T10:10:53Z</time><sat>37</sat></trkpt>
  <trkpt lat="35.51174207" lon="139.46226856"><ele>110.843</ele><time>2026-09-13T10:10:59Z</time><sat>37</sat></trkpt>
  <trkpt lat="35.51173526" lon="139.46217346"><ele>111.217</ele><time>2026-09-13T10:11:05Z</time><sat>38</sat></trkpt>
  <trkpt lat="35.51168273" lon="139.46214340"><ele>111.121</ele><time>2026-09-13T10:11:11Z</time><sat>38</sat></trkpt>
  <trkpt lat="35.51162014" lon="139.46212886"><ele>114.430</ele><time>2026-09-13T10:11:20Z</time><sat>41</sat></trkpt>
  <trkpt lat="35.51156612" lon="139.46209665"><ele>115.019</ele><time>2026-09-13T10:11:29Z</time><sat>42</sat></trkpt>
  <trkpt lat="35.51150828" lon="139.46205674"><ele>114.234</ele><time>2026-09-13T10:11:35Z</time><sat>39</sat></trkpt>
  <trkpt lat="35.51150001" lon="139.46207360"><ele>114.509</ele><time>2026-09-13T10:11:41Z</time><sat>40</sat></trkpt>
  <trkpt lat="35.51150311" lon="139.46207902"><ele>114.551</ele><time>2026-09-13T10:11:44Z</time><sat>40</sat></trkpt>
  <trkpt lat="35.51150696" lon="139.46206717"><ele>114.628</ele><time>2026-09-13T10:11:49Z</time><sat>40</sat></trkpt>
  <trkpt lat="35.51150943" lon="139.46204957"><ele>114.709</ele><time>2026-09-13T10:11:52Z</time><sat>39</sat></trkpt>
  <trkpt lat="35.51151115" lon="139.46197884"><ele>115.059</ele><time>2026-09-13T10:12:04Z</time><sat>41</sat></trkpt>
  <trkpt lat="35.51151947" lon="139.46190789"><ele>117.325</ele><time>2026-09-13T10:12:10Z</time><sat>41</sat></trkpt>
  <trkpt lat="35.51151830" lon="139.46182468"><ele>118.744</ele><time>2026-09-13T10:12:16Z</time><sat>40</sat></trkpt>
  <trkpt lat="35.51153348" lon="139.46176818"><ele>119.395</ele><time>2026-09-13T10:12:22Z</time><sat>39</sat></trkpt>
  <trkpt lat="35.51155457" lon="139.46170109"><ele>120.801</ele><time>2026-09-13T10:12:31Z</time><sat>40</sat></trkpt>
  <trkpt lat="35.51155652" lon="139.46162116"><ele>121.196</ele><time>2026-09-13T10:12:40Z</time><sat>43</sat></trkpt>
  <trkpt lat="35.51154547" lon="139.46155674"><ele>121.902</ele><time>2026-09-13T10:12:46Z</time><sat>41</sat></trkpt>
  <trkpt lat="35.51151656" lon="139.46148802"><ele>123.391</ele><time>2026-09-13T10:12:52Z</time><sat>41</sat></trkpt>
  <trkpt lat="35.51150587" lon="139.46141592"><ele>122.067</ele><time>2026-09-13T10:12:58Z</time><sat>41</sat></trkpt>
  <trkpt lat="35.51149776" lon="139.46133825"><ele>122.267</ele><time>2026-09-13T10:13:04Z</time><sat>43</sat></trkpt>
  <trkpt lat="35.51147511" lon="139.46125471"><ele>122.127</ele><time>2026-09-13T10:13:10Z</time><sat>42</sat></trkpt>
  <trkpt lat="35.51146002" lon="139.46117047"><ele>122.204</ele><time>2026-09-13T10:13:16Z</time><sat>43</sat></trkpt>
  <trkpt lat="35.51143499" lon="139.46109800"><ele>122.399</ele><time>2026-09-13T10:13:22Z</time><sat>42</sat></trkpt>
  <trkpt lat="35.51140711" lon="139.46102335"><ele>123.126</ele><time>2026-09-13T10:13:28Z</time><sat>42</sat></trkpt>
  <trkpt lat="35.51136743" lon="139.46095358"><ele>122.865</ele><time>2026-09-13T10:13:34Z</time><sat>43</sat></trkpt>
  <trkpt lat="35.51132955" lon="139.46088190"><ele>123.179</ele><time>2026-09-13T10:13:40Z</time><sat>44</sat></trkpt>
  <trkpt lat="35.51129262" lon="139.46081222"><ele>123.364</ele><time>2026-09-13T10:13:46Z</time><sat>42</sat></trkpt>
  <trkpt lat="35.51125555" lon="139.46074086"><ele>123.508</ele><time>2026-09-13T10:13:52Z</time><sat>41</sat></trkpt>
  <trkpt lat="35.51122105" lon="139.46066266"><ele>124.219</ele><time>2026-09-13T10:13:58Z</time><sat>43</sat></trkpt>
  <trkpt lat="35.51119219" lon="139.46058293"><ele>124.630</ele><time>2026-09-13T10:14:04Z</time><sat>41</sat></trkpt>
  <trkpt lat="35.51115874" lon="139.46050495"><ele>125.588</ele><time>2026-09-13T10:14:10Z</time><sat>41</sat></trkpt>
  <trkpt lat="35.51112772" lon="139.46042070"><ele>125.982</ele><time>2026-09-13T10:14:16Z</time><sat>40</sat></trkpt>
  <trkpt lat="35.51109780" lon="139.46032949"><ele>125.250</ele><time>2026-09-13T10:14:22Z</time><sat>35</sat></trkpt>
  <trkpt lat="35.51107853" lon="139.46023633"><ele>124.913</ele><time>2026-09-13T10:14:28Z</time><sat>36</sat></trkpt>
  <trkpt lat="35.51106127" lon="139.46015474"><ele>125.268</ele><time>2026-09-13T10:14:34Z</time><sat>38</sat></trkpt>
  <trkpt lat="35.51103966" lon="139.46007712"><ele>125.497</ele><time>2026-09-13T10:14:40Z</time><sat>36</sat></trkpt>
  <trkpt lat="35.51100104" lon="139.45999746"><ele>125.386</ele><time>2026-09-13T10:14:46Z</time><sat>37</sat></trkpt>
  <trkpt lat="35.51094700" lon="139.45993415"><ele>125.571</ele><time>2026-09-13T10:14:52Z</time><sat>40</sat></trkpt>
  <trkpt lat="35.51089654" lon="139.45986708"><ele>126.474</ele><time>2026-09-13T10:14:58Z</time><sat>43</sat></trkpt>
  <trkpt lat="35.51084952" lon="139.45983668"><ele>126.184</ele><time>2026-09-13T10:15:04Z</time><sat>44</sat></trkpt>
  <trkpt lat="35.51089365" lon="139.45982402"><ele>125.762</ele><time>2026-09-13T10:15:10Z</time><sat>44</sat></trkpt>
  <trkpt lat="35.51095099" lon="139.45978736"><ele>125.605</ele><time>2026-09-13T10:15:16Z</time><sat>41</sat></trkpt>
  <trkpt lat="35.51099636" lon="139.45975382"><ele>125.156</ele><time>2026-09-13T10:15:22Z</time><sat>41</sat></trkpt>
  <trkpt lat="35.51100484" lon="139.45974628"><ele>124.916</ele><time>2026-09-13T10:15:25Z</time><sat>41</sat></trkpt>
  <trkpt lat="35.51100738" lon="139.45974645"><ele>124.603</ele><time>2026-09-13T10:15:28Z</time><sat>41</sat></trkpt>
  <trkpt lat="35.51100825" lon="139.45974769"><ele>124.423</ele><time>2026-09-13T10:15:31Z</time><sat>41</sat></trkpt>
  <trkpt lat="35.51100887" lon="139.45975111"><ele>124.425</ele><time>2026-09-13T10:15:34Z</time><sat>39</sat></trkpt>
  <trkpt lat="35.51101097" lon="139.45975430"><ele>124.178</ele><time>2026-09-13T10:15:37Z</time><sat>40</sat></trkpt>
  <trkpt lat="35.51101059" lon="139.45976318"><ele>123.660</ele><time>2026-09-13T10:15:40Z</time><sat>40</sat></trkpt>
  <trkpt lat="35.51100842" lon="139.45976423"><ele>123.291</ele><time>2026-09-13T10:15:43Z</time><sat>39</sat></trkpt>
  <trkpt lat="35.51100594" lon="139.45976669"><ele>123.195</ele><time>2026-09-13T10:15:47Z</time><sat>39</sat></trkpt>
  <trkpt lat="35.51100279" lon="139.45977027"><ele>122.969</ele><time>2026-09-13T10:15:59Z</time><sat>32</sat></trkpt>
  <trkpt lat="35.51100399" lon="139.45976636"><ele>123.338</ele><time>2026-09-13T10:16:11Z</time><sat>29</sat></trkpt>
  <trkpt lat="35.51100405" lon="139.45976624"><ele>123.342</ele><time>2026-09-13T10:16:14Z</time><sat>29</sat></trkpt>
  <trkpt lat="35.51099858" lon="139.45974479"><ele>122.891</ele><time>2026-09-13T10:16:17Z</time><sat>26</sat></trkpt>
  <trkpt lat="35.51096254" lon="139.45967278"><ele>123.397</ele><time>2026-09-13T10:16:23Z</time><sat>33</sat></trkpt>
  <trkpt lat="35.51092270" lon="139.45961360"><ele>122.221</ele><time>2026-09-13T10:16:29Z</time><sat>34</sat></trkpt>
  <trkpt lat="35.51088357" lon="139.45964121"><ele>121.818</ele><time>2026-09-13T10:16:32Z</time><sat>34</sat></trkpt>
  <trkpt lat="35.51085250" lon="139.45968544"><ele>122.060</ele><time>2026-09-13T10:16:35Z</time><sat>37</sat></trkpt>
  <trkpt lat="35.51078285" lon="139.45974824"><ele>120.913</ele><time>2026-09-13T10:16:41Z</time><sat>38</sat></trkpt>
  <trkpt lat="35.51071127" lon="139.45980386"><ele>120.518</ele><time>2026-09-13T10:16:47Z</time><sat>37</sat></trkpt>
  <trkpt lat="35.51063444" lon="139.45985964"><ele>120.826</ele><time>2026-09-13T10:16:53Z</time><sat>38</sat></trkpt>
  <trkpt lat="35.51055433" lon="139.45987254"><ele>121.857</ele><time>2026-09-13T10:16:59Z</time><sat>37</sat></trkpt>
  <trkpt lat="35.51052865" lon="139.45981109"><ele>122.043</ele><time>2026-09-13T10:17:02Z</time><sat>40</sat></trkpt>
  <trkpt lat="35.51049503" lon="139.45973841"><ele>121.932</ele><time>2026-09-13T10:17:08Z</time><sat>32</sat></trkpt>
  <trkpt lat="35.51048086" lon="139.45964325"><ele>122.123</ele><time>2026-09-13T10:17:14Z</time><sat>30</sat></trkpt>
  <trkpt lat="35.51048429" lon="139.45955065"><ele>123.671</ele><time>2026-09-13T10:17:20Z</time><sat>35</sat></trkpt>
  <trkpt lat="35.51047624" lon="139.45945578"><ele>122.449</ele><time>2026-09-13T10:17:26Z</time><sat>42</sat></trkpt>
  <trkpt lat="35.51046062" lon="139.45936429"><ele>120.985</ele><time>2026-09-13T10:17:32Z</time><sat>38</sat></trkpt>
  <trkpt lat="35.51041706" lon="139.45929304"><ele>120.796</ele><time>2026-09-13T10:17:38Z</time><sat>42</sat></trkpt>
  <trkpt lat="35.51039213" lon="139.45921546"><ele>120.215</ele><time>2026-09-13T10:17:44Z</time><sat>32</sat></trkpt>
  <trkpt lat="35.51037045" lon="139.45912927"><ele>119.975</ele><time>2026-09-13T10:17:50Z</time><sat>28</sat></trkpt>
  <trkpt lat="35.51035049" lon="139.45905035"><ele>119.252</ele><time>2026-09-13T10:17:56Z</time><sat>31</sat></trkpt>
  <trkpt lat="35.51033478" lon="139.45897633"><ele>118.685</ele><time>2026-09-13T10:18:02Z</time><sat>33</sat></trkpt>
  <trkpt lat="35.51031020" lon="139.45890415"><ele>119.001</ele><time>2026-09-13T10:18:08Z</time><sat>26</sat></trkpt>
  <trkpt lat="35.51028547" lon="139.45882391"><ele>118.333</ele><time>2026-09-13T10:18:14Z</time><sat>30</sat></trkpt>
  <trkpt lat="35.51026091" lon="139.45874348"><ele>118.807</ele><time>2026-09-13T10:18:20Z</time><sat>30</sat></trkpt>
  <trkpt lat="35.51026148" lon="139.45865393"><ele>118.617</ele><time>2026-09-13T10:18:26Z</time><sat>36</sat></trkpt>
  <trkpt lat="35.51024176" lon="139.45856141"><ele>119.515</ele><time>2026-09-13T10:18:32Z</time><sat>35</sat></trkpt>
  <trkpt lat="35.51022488" lon="139.45848278"><ele>118.220</ele><time>2026-09-13T10:18:38Z</time><sat>35</sat></trkpt>
  <trkpt lat="35.51020682" lon="139.45841696"><ele>118.070</ele><time>2026-09-13T10:18:44Z</time><sat>31</sat></trkpt>
  <trkpt lat="35.51016471" lon="139.45835376"><ele>117.947</ele><time>2026-09-13T10:18:50Z</time><sat>31</sat></trkpt>
  <trkpt lat="35.51011044" lon="139.45828887"><ele>119.264</ele><time>2026-09-13T10:18:56Z</time><sat>33</sat></trkpt>
  <trkpt lat="35.51005662" lon="139.45823336"><ele>119.885</ele><time>2026-09-13T10:19:02Z</time><sat>33</sat></trkpt>
  <trkpt lat="35.51003228" lon="139.45815176"><ele>121.126</ele><time>2026-09-13T10:19:08Z</time><sat>32</sat></trkpt>
  <trkpt lat="35.51009271" lon="139.45810375"><ele>120.902</ele><time>2026-09-13T10:19:17Z</time><sat>33</sat></trkpt>
  <trkpt lat="35.51010621" lon="139.45801492"><ele>120.858</ele><time>2026-09-13T10:19:23Z</time><sat>34</sat></trkpt>
  <trkpt lat="35.51014508" lon="139.45795700"><ele>120.594</ele><time>2026-09-13T10:19:29Z</time><sat>42</sat></trkpt>
  <trkpt lat="35.51020699" lon="139.45792769"><ele>120.364</ele><time>2026-09-13T10:19:35Z</time><sat>43</sat></trkpt>
  <trkpt lat="35.51025473" lon="139.45788509"><ele>119.697</ele><time>2026-09-13T10:19:41Z</time><sat>41</sat></trkpt>
  <trkpt lat="35.51026289" lon="139.45788622"><ele>120.073</ele><time>2026-09-13T10:19:47Z</time><sat>41</sat></trkpt>
  <trkpt lat="35.51026050" lon="139.45790512"><ele>119.763</ele><time>2026-09-13T10:19:50Z</time><sat>43</sat></trkpt>
  <trkpt lat="35.51026394" lon="139.45790482"><ele>119.103</ele><time>2026-09-13T10:19:53Z</time><sat>42</sat></trkpt>
  <trkpt lat="35.51026563" lon="139.45789634"><ele>119.367</ele><time>2026-09-13T10:19:56Z</time><sat>40</sat></trkpt>
  <trkpt lat="35.51026448" lon="139.45789997"><ele>118.990</ele><time>2026-09-13T10:19:59Z</time><sat>40</sat></trkpt>
  <trkpt lat="35.51026855" lon="139.45789065"><ele>119.599</ele><time>2026-09-13T10:20:04Z</time><sat>41</sat></trkpt>
  <trkpt lat="35.51026634" lon="139.45788651"><ele>119.514</ele><time>2026-09-13T10:20:07Z</time><sat>42</sat></trkpt>
  <trkpt lat="35.51026609" lon="139.45788611"><ele>119.516</ele><time>2026-09-13T10:20:10Z</time><sat>43</sat></trkpt>
  <trkpt lat="35.51026356" lon="139.45788350"><ele>119.631</ele><time>2026-09-13T10:20:13Z</time><sat>43</sat></trkpt>
  <trkpt lat="35.51024005" lon="139.45784041"><ele>119.739</ele><time>2026-09-13T10:20:25Z</time><sat>42</sat></trkpt>
  <trkpt lat="35.51024003" lon="139.45783322"><ele>119.705</ele><time>2026-09-13T10:20:28Z</time><sat>42</sat></trkpt>
  <trkpt lat="35.51023988" lon="139.45783162"><ele>119.937</ele><time>2026-09-13T10:20:42Z</time><sat>41</sat></trkpt>
  <trkpt lat="35.51024093" lon="139.45783076"><ele>119.964</ele><time>2026-09-13T10:20:51Z</time><sat>42</sat></trkpt>
  <trkpt lat="35.51024706" lon="139.45783272"><ele>119.692</ele><time>2026-09-13T10:20:54Z</time><sat>42</sat></trkpt>
  <trkpt lat="35.51026771" lon="139.45778312"><ele>120.940</ele><time>2026-09-13T10:21:03Z</time><sat>43</sat></trkpt>
  <trkpt lat="35.51020403" lon="139.45776774"><ele>119.748</ele><time>2026-09-13T10:21:12Z</time><sat>44</sat></trkpt>
  <trkpt lat="35.51014229" lon="139.45775524"><ele>119.131</ele><time>2026-09-13T10:21:21Z</time><sat>44</sat></trkpt>
  <trkpt lat="35.51011106" lon="139.45768673"><ele>120.316</ele><time>2026-09-13T10:21:27Z</time><sat>44</sat></trkpt>
  <trkpt lat="35.51007509" lon="139.45762177"><ele>120.759</ele><time>2026-09-13T10:21:33Z</time><sat>44</sat></trkpt>
  <trkpt lat="35.51001027" lon="139.45759839"><ele>121.169</ele><time>2026-09-13T10:21:39Z</time><sat>44</sat></trkpt>
  <trkpt lat="35.50998531" lon="139.45754693"><ele>120.724</ele><time>2026-09-13T10:21:45Z</time><sat>44</sat></trkpt>
  <trkpt lat="35.50999067" lon="139.45753928"><ele>120.579</ele><time>2026-09-13T10:21:48Z</time><sat>44</sat></trkpt>
  <trkpt lat="35.50999131" lon="139.45752744"><ele>120.346</ele><time>2026-09-13T10:21:51Z</time><sat>44</sat></trkpt>
  <trkpt lat="35.50997945" lon="139.45740730"><ele>118.896</ele><time>2026-09-13T10:21:59Z</time><sat>43</sat></trkpt>
  <trkpt lat="35.50997429" lon="139.45731904"><ele>117.559</ele><time>2026-09-13T10:22:05Z</time><sat>43</sat></trkpt>
  <trkpt lat="35.50998522" lon="139.45720450"><ele>116.406</ele><time>2026-09-13T10:22:11Z</time><sat>35</sat></trkpt>
  <trkpt lat="35.50998424" lon="139.45713908"><ele>116.102</ele><time>2026-09-13T10:22:14Z</time><sat>34</sat></trkpt>
  <trkpt lat="35.50998068" lon="139.45707196"><ele>115.328</ele><time>2026-09-13T10:22:17Z</time><sat>32</sat></trkpt>
  <trkpt lat="35.50997938" lon="139.45700470"><ele>114.552</ele><time>2026-09-13T10:22:20Z</time><sat>25</sat></trkpt>
  <trkpt lat="35.50997658" lon="139.45693971"><ele>114.548</ele><time>2026-09-13T10:22:23Z</time><sat>25</sat></trkpt>
  <trkpt lat="35.50996370" lon="139.45687997"><ele>114.873</ele><time>2026-09-13T10:22:26Z</time><sat>26</sat></trkpt>
  <trkpt lat="35.50994672" lon="139.45682722"><ele>114.683</ele><time>2026-09-13T10:22:29Z</time><sat>31</sat></trkpt>
  <trkpt lat="35.50992664" lon="139.45677421"><ele>114.118</ele><time>2026-09-13T10:22:32Z</time><sat>35</sat></trkpt>
  <trkpt lat="35.50990923" lon="139.45672116"><ele>114.128</ele><time>2026-09-13T10:22:35Z</time><sat>34</sat></trkpt>
  <trkpt lat="35.50989231" lon="139.45666805"><ele>114.567</ele><time>2026-09-13T10:22:38Z</time><sat>34</sat></trkpt>
  <trkpt lat="35.50988090" lon="139.45661108"><ele>115.009</ele><time>2026-09-13T10:22:41Z</time><sat>37</sat></trkpt>
  <trkpt lat="35.50987399" lon="139.45655288"><ele>114.411</ele><time>2026-09-13T10:22:44Z</time><sat>35</sat></trkpt>
  <trkpt lat="35.50985762" lon="139.45649978"><ele>114.046</ele><time>2026-09-13T10:22:47Z</time><sat>33</sat></trkpt>
  <trkpt lat="35.50984107" lon="139.45644387"><ele>113.236</ele><time>2026-09-13T10:22:50Z</time><sat>29</sat></trkpt>
  <trkpt lat="35.50982698" lon="139.45638473"><ele>112.698</ele><time>2026-09-13T10:22:53Z</time><sat>34</sat></trkpt>
  <trkpt lat="35.50980914" lon="139.45632518"><ele>112.717</ele><time>2026-09-13T10:22:56Z</time><sat>36</sat></trkpt>
  <trkpt lat="35.50979655" lon="139.45626361"><ele>112.272</ele><time>2026-09-13T10:22:59Z</time><sat>40</sat></trkpt>
  <trkpt lat="35.50978315" lon="139.45620156"><ele>111.548</ele><time>2026-09-13T10:23:02Z</time><sat>40</sat></trkpt>
  <trkpt lat="35.50977217" lon="139.45613867"><ele>110.836</ele><time>2026-09-13T10:23:05Z</time><sat>35</sat></trkpt>
  <trkpt lat="35.50975418" lon="139.45607970"><ele>110.762</ele><time>2026-09-13T10:23:08Z</time><sat>35</sat></trkpt>
  <trkpt lat="35.50973644" lon="139.45602609"><ele>112.213</ele><time>2026-09-13T10:23:11Z</time><sat>41</sat></trkpt>
  <trkpt lat="35.50973364" lon="139.45593742"><ele>111.926</ele><time>2026-09-13T10:23:17Z</time><sat>41</sat></trkpt>
  <trkpt lat="35.50970980" lon="139.45586145"><ele>110.498</ele><time>2026-09-13T10:23:23Z</time><sat>35</sat></trkpt>
  <trkpt lat="35.50968080" lon="139.45578176"><ele>109.906</ele><time>2026-09-13T10:23:29Z</time><sat>38</sat></trkpt>
  <trkpt lat="35.50965141" lon="139.45568617"><ele>109.431</ele><time>2026-09-13T10:23:35Z</time><sat>42</sat></trkpt>
  <trkpt lat="35.50962226" lon="139.45559588"><ele>110.061</ele><time>2026-09-13T10:23:41Z</time><sat>39</sat></trkpt>
  <trkpt lat="35.50960130" lon="139.45552109"><ele>109.857</ele><time>2026-09-13T10:23:47Z</time><sat>39</sat></trkpt>
  <trkpt lat="35.50958527" lon="139.45543093"><ele>110.905</ele><time>2026-09-13T10:23:53Z</time><sat>39</sat></trkpt>
  <trkpt lat="35.50956789" lon="139.45535457"><ele>110.821</ele><time>2026-09-13T10:23:59Z</time><sat>40</sat></trkpt>
  <trkpt lat="35.50955038" lon="139.45527244"><ele>108.808</ele><time>2026-09-13T10:24:06Z</time><sat>39</sat></trkpt>
  <trkpt lat="35.50953926" lon="139.45521741"><ele>109.775</ele><time>2026-09-13T10:24:09Z</time><sat>39</sat></trkpt>
  <trkpt lat="35.50954746" lon="139.45511253"><ele>108.230</ele><time>2026-09-13T10:24:15Z</time><sat>36</sat></trkpt>
  <trkpt lat="35.50954828" lon="139.45502507"><ele>108.264</ele><time>2026-09-13T10:24:21Z</time><sat>26</sat></trkpt>
  <trkpt lat="35.50950184" lon="139.45492670"><ele>111.298</ele><time>2026-09-13T10:24:27Z</time><sat>27</sat></trkpt>
  <trkpt lat="35.50946811" lon="139.45485348"><ele>112.308</ele><time>2026-09-13T10:24:33Z</time><sat>38</sat></trkpt>
  <trkpt lat="35.50944440" lon="139.45478288"><ele>114.571</ele><time>2026-09-13T10:24:39Z</time><sat>36</sat></trkpt>
  <trkpt lat="35.50941788" lon="139.45471721"><ele>114.539</ele><time>2026-09-13T10:24:45Z</time><sat>31</sat></trkpt>
  <trkpt lat="35.50938473" lon="139.45464660"><ele>115.251</ele><time>2026-09-13T10:24:51Z</time><sat>30</sat></trkpt>
  <trkpt lat="35.50935661" lon="139.45455205"><ele>115.998</ele><time>2026-09-13T10:24:57Z</time><sat>31</sat></trkpt>
  <trkpt lat="35.50933403" lon="139.45449675"><ele>117.770</ele><time>2026-09-13T10:25:00Z</time><sat>30</sat></trkpt>
  <trkpt lat="35.50929841" lon="139.45440633"><ele>117.114</ele><time>2026-09-13T10:25:06Z</time><sat>31</sat></trkpt>
  <trkpt lat="35.50928558" lon="139.45431919"><ele>119.108</ele><time>2026-09-13T10:25:12Z</time><sat>37</sat></trkpt>
  <trkpt lat="35.50926403" lon="139.45424209"><ele>119.285</ele><time>2026-09-13T10:25:18Z</time><sat>38</sat></trkpt>
  <trkpt lat="35.50923519" lon="139.45416745"><ele>119.535</ele><time>2026-09-13T10:25:24Z</time><sat>31</sat></trkpt>
  <trkpt lat="35.50920596" lon="139.45409976"><ele>118.727</ele><time>2026-09-13T10:25:30Z</time><sat>39</sat></trkpt>
  <trkpt lat="35.50918737" lon="139.45401204"><ele>121.135</ele><time>2026-09-13T10:25:36Z</time><sat>30</sat></trkpt>
  <trkpt lat="35.50916808" lon="139.45392986"><ele>120.485</ele><time>2026-09-13T10:25:42Z</time><sat>30</sat></trkpt>
  <trkpt lat="35.50914596" lon="139.45383000"><ele>120.195</ele><time>2026-09-13T10:25:48Z</time><sat>28</sat></trkpt>
  <trkpt lat="35.50911995" lon="139.45375078"><ele>120.594</ele><time>2026-09-13T10:25:54Z</time><sat>33</sat></trkpt>
  <trkpt lat="35.50910710" lon="139.45369050"><ele>122.526</ele><time>2026-09-13T10:26:00Z</time><sat>32</sat></trkpt>
  <trkpt lat="35.50908111" lon="139.45360481"><ele>122.292</ele><time>2026-09-13T10:26:06Z</time><sat>32</sat></trkpt>
  <trkpt lat="35.50905602" lon="139.45353382"><ele>120.863</ele><time>2026-09-13T10:26:12Z</time><sat>32</sat></trkpt>
  <trkpt lat="35.50903415" lon="139.45346281"><ele>122.234</ele><time>2026-09-13T10:26:18Z</time><sat>36</sat></trkpt>
  <trkpt lat="35.50901257" lon="139.45339782"><ele>121.517</ele><time>2026-09-13T10:26:24Z</time><sat>33</sat></trkpt>
  <trkpt lat="35.50898354" lon="139.45333336"><ele>121.992</ele><time>2026-09-13T10:26:30Z</time><sat>36</sat></trkpt>
  <trkpt lat="35.50894361" lon="139.45327987"><ele>121.795</ele><time>2026-09-13T10:26:36Z</time><sat>35</sat></trkpt>
  <trkpt lat="35.50891095" lon="139.45323470"><ele>121.236</ele><time>2026-09-13T10:26:42Z</time><sat>40</sat></trkpt>
  <trkpt lat="35.50890987" lon="139.45316217"><ele>122.757</ele><time>2026-09-13T10:26:48Z</time><sat>39</sat></trkpt>
  <trkpt lat="35.50890355" lon="139.45308134"><ele>122.677</ele><time>2026-09-13T10:26:54Z</time><sat>34</sat></trkpt>
  <trkpt lat="35.50889751" lon="139.45300153"><ele>121.694</ele><time>2026-09-13T10:27:00Z</time><sat>35</sat></trkpt>
  <trkpt lat="35.50887851" lon="139.45292583"><ele>120.966</ele><time>2026-09-13T10:27:06Z</time><sat>34</sat></trkpt>
  <trkpt lat="35.50886303" lon="139.45284548"><ele>120.429</ele><time>2026-09-13T10:27:12Z</time><sat>35</sat></trkpt>
  <trkpt lat="35.50884584" lon="139.45275815"><ele>120.843</ele><time>2026-09-13T10:27:18Z</time><sat>36</sat></trkpt>
  <trkpt lat="35.50883054" lon="139.45266907"><ele>121.043</ele><time>2026-09-13T10:27:24Z</time><sat>40</sat></trkpt>
  <trkpt lat="35.50880674" lon="139.45258437"><ele>121.408</ele><time>2026-09-13T10:27:30Z</time><sat>41</sat></trkpt>
  <trkpt lat="35.50879122" lon="139.45250075"><ele>121.535</ele><time>2026-09-13T10:27:36Z</time><sat>39</sat></trkpt>
  <trkpt lat="35.50877625" lon="139.45241598"><ele>121.928</ele><time>2026-09-13T10:27:42Z</time><sat>34</sat></trkpt>
  <trkpt lat="35.50877727" lon="139.45233099"><ele>122.028</ele><time>2026-09-13T10:27:48Z</time><sat>34</sat></trkpt>
  <trkpt lat="35.50876576" lon="139.45225132"><ele>122.243</ele><time>2026-09-13T10:27:54Z</time><sat>33</sat></trkpt>
  <trkpt lat="35.50876214" lon="139.45217304"><ele>121.995</ele><time>2026-09-13T10:28:00Z</time><sat>36</sat></trkpt>
  <trkpt lat="35.50874798" lon="139.45209535"><ele>122.475</ele><time>2026-09-13T10:28:06Z</time><sat>32</sat></trkpt>
  <trkpt lat="35.50872531" lon="139.45202902"><ele>121.673</ele><time>2026-09-13T10:28:12Z</time><sat>34</sat></trkpt>
  <trkpt lat="35.50871832" lon="139.45195645"><ele>121.690</ele><time>2026-09-13T10:28:18Z</time><sat>33</sat></trkpt>
  <trkpt lat="35.50870789" lon="139.45187645"><ele>120.075</ele><time>2026-09-13T10:28:24Z</time><sat>33</sat></trkpt>
  <trkpt lat="35.50868567" lon="139.45179634"><ele>120.610</ele><time>2026-09-13T10:28:30Z</time><sat>35</sat></trkpt>
  <trkpt lat="35.50867484" lon="139.45171996"><ele>120.532</ele><time>2026-09-13T10:28:36Z</time><sat>29</sat></trkpt>
  <trkpt lat="35.50865898" lon="139.45164062"><ele>120.420</ele><time>2026-09-13T10:28:42Z</time><sat>34</sat></trkpt>
  <trkpt lat="35.50863764" lon="139.45155822"><ele>119.289</ele><time>2026-09-13T10:28:48Z</time><sat>35</sat></trkpt>
  <trkpt lat="35.50862296" lon="139.45147545"><ele>119.582</ele><time>2026-09-13T10:28:54Z</time><sat>39</sat></trkpt>
  <trkpt lat="35.50861056" lon="139.45139049"><ele>120.548</ele><time>2026-09-13T10:29:00Z</time><sat>34</sat></trkpt>
  <trkpt lat="35.50858631" lon="139.45132346"><ele>119.945</ele><time>2026-09-13T10:29:06Z</time><sat>40</sat></trkpt>
  <trkpt lat="35.50857117" lon="139.45125182"><ele>119.307</ele><time>2026-09-13T10:29:12Z</time><sat>37</sat></trkpt>
  <trkpt lat="35.50856021" lon="139.45117704"><ele>118.612</ele><time>2026-09-13T10:29:18Z</time><sat>33</sat></trkpt>
  <trkpt lat="35.50854961" lon="139.45114960"><ele>120.117</ele><time>2026-09-13T10:29:21Z</time><sat>37</sat></trkpt>
  <trkpt lat="35.50854132" lon="139.45113628"><ele>120.368</ele><time>2026-09-13T10:29:24Z</time><sat>41</sat></trkpt>
  <trkpt lat="35.50852988" lon="139.45106126"><ele>120.396</ele><time>2026-09-13T10:29:30Z</time><sat>43</sat></trkpt>
  <trkpt lat="35.50852154" lon="139.45099221"><ele>121.563</ele><time>2026-09-13T10:29:36Z</time><sat>45</sat></trkpt>
  <trkpt lat="35.50850409" lon="139.45091817"><ele>122.244</ele><time>2026-09-13T10:29:42Z</time><sat>45</sat></trkpt>
  <trkpt lat="35.50848537" lon="139.45084354"><ele>121.848</ele><time>2026-09-13T10:29:48Z</time><sat>44</sat></trkpt>
  <trkpt lat="35.50847454" lon="139.45076731"><ele>121.745</ele><time>2026-09-13T10:29:54Z</time><sat>45</sat></trkpt>
  <trkpt lat="35.50845534" lon="139.45067431"><ele>120.512</ele><time>2026-09-13T10:30:01Z</time><sat>44</sat></trkpt>
  <trkpt lat="35.50843579" lon="139.45059798"><ele>119.747</ele><time>2026-09-13T10:30:07Z</time><sat>45</sat></trkpt>
  <trkpt lat="35.50842677" lon="139.45051719"><ele>119.409</ele><time>2026-09-13T10:30:13Z</time><sat>43</sat></trkpt>
  <trkpt lat="35.50840880" lon="139.45043612"><ele>119.170</ele><time>2026-09-13T10:30:19Z</time><sat>43</sat></trkpt>
  <trkpt lat="35.50838689" lon="139.45034970"><ele>119.596</ele><time>2026-09-13T10:30:25Z</time><sat>42</sat></trkpt>
  <trkpt lat="35.50836481" lon="139.45025895"><ele>120.725</ele><time>2026-09-13T10:30:31Z</time><sat>39</sat></trkpt>
  <trkpt lat="35.50833494" lon="139.45016746"><ele>121.318</ele><time>2026-09-13T10:30:37Z</time><sat>43</sat></trkpt>
  <trkpt lat="35.50830843" lon="139.45007223"><ele>121.379</ele><time>2026-09-13T10:30:43Z</time><sat>36</sat></trkpt>
  <trkpt lat="35.50828227" lon="139.44996958"><ele>121.074</ele><time>2026-09-13T10:30:49Z</time><sat>40</sat></trkpt>
  <trkpt lat="35.50825801" lon="139.44987247"><ele>121.505</ele><time>2026-09-13T10:30:55Z</time><sat>38</sat></trkpt>
  <trkpt lat="35.50823051" lon="139.44977989"><ele>121.477</ele><time>2026-09-13T10:31:01Z</time><sat>39</sat></trkpt>
  <trkpt lat="35.50820058" lon="139.44968220"><ele>122.354</ele><time>2026-09-13T10:31:07Z</time><sat>41</sat></trkpt>
  <trkpt lat="35.50822722" lon="139.44959534"><ele>122.143</ele><time>2026-09-13T10:31:13Z</time><sat>42</sat></trkpt>
  <trkpt lat="35.50828832" lon="139.44957838"><ele>119.537</ele><time>2026-09-13T10:31:19Z</time><sat>39</sat></trkpt>
  <trkpt lat="35.50834709" lon="139.44957879"><ele>117.588</ele><time>2026-09-13T10:31:25Z</time><sat>41</sat></trkpt>
  <trkpt lat="35.50841356" lon="139.44957617"><ele>119.613</ele><time>2026-09-13T10:31:31Z</time><sat>40</sat></trkpt>
  <trkpt lat="35.50847679" lon="139.44954009"><ele>121.163</ele><time>2026-09-13T10:31:37Z</time><sat>34</sat></trkpt>
  <trkpt lat="35.50848027" lon="139.44943841"><ele>120.122</ele><time>2026-09-13T10:31:43Z</time><sat>30</sat></trkpt>
  <trkpt lat="35.50847983" lon="139.44933138"><ele>119.760</ele><time>2026-09-13T10:31:49Z</time><sat>27</sat></trkpt>
  <trkpt lat="35.50848288" lon="139.44925944"><ele>119.969</ele><time>2026-09-13T10:31:55Z</time><sat>25</sat></trkpt>
  <trkpt lat="35.50848959" lon="139.44919494"><ele>122.762</ele><time>2026-09-13T10:32:04Z</time><sat>37</sat></trkpt>
  <trkpt lat="35.50848891" lon="139.44911322"><ele>123.061</ele><time>2026-09-13T10:32:10Z</time><sat>36</sat></trkpt>
  <trkpt lat="35.50848698" lon="139.44902702"><ele>123.020</ele><time>2026-09-13T10:32:16Z</time><sat>34</sat></trkpt>
  <trkpt lat="35.50847222" lon="139.44893112"><ele>122.833</ele><time>2026-09-13T10:32:22Z</time><sat>37</sat></trkpt>
  <trkpt lat="35.50846016" lon="139.44883357"><ele>123.683</ele><time>2026-09-13T10:32:28Z</time><sat>37</sat></trkpt>
  <trkpt lat="35.50844713" lon="139.44874047"><ele>123.932</ele><time>2026-09-13T10:32:34Z</time><sat>31</sat></trkpt>
  <trkpt lat="35.50843898" lon="139.44864133"><ele>123.451</ele><time>2026-09-13T10:32:40Z</time><sat>41</sat></trkpt>
  <trkpt lat="35.50842823" lon="139.44854242"><ele>124.393</ele><time>2026-09-13T10:32:46Z</time><sat>41</sat></trkpt>
  <trkpt lat="35.50841395" lon="139.44848995"><ele>121.947</ele><time>2026-09-13T10:32:55Z</time><sat>41</sat></trkpt>
  <trkpt lat="35.50833801" lon="139.44851657"><ele>122.200</ele><time>2026-09-13T10:33:01Z</time><sat>40</sat></trkpt>
  <trkpt lat="35.50825812" lon="139.44853574"><ele>120.871</ele><time>2026-09-13T10:33:07Z</time><sat>43</sat></trkpt>
  <trkpt lat="35.50818595" lon="139.44854575"><ele>121.082</ele><time>2026-09-13T10:33:13Z</time><sat>39</sat></trkpt>
  <trkpt lat="35.50816098" lon="139.44854587"><ele>120.914</ele><time>2026-09-13T10:33:16Z</time><sat>39</sat></trkpt>
  <trkpt lat="35.50815963" lon="139.44854602"><ele>121.039</ele><time>2026-09-13T10:33:19Z</time><sat>31</sat></trkpt>
  <trkpt lat="35.50815861" lon="139.44854400"><ele>121.051</ele><time>2026-09-13T10:33:22Z</time><sat>37</sat></trkpt>
  <trkpt lat="35.50815339" lon="139.44853903"><ele>121.321</ele><time>2026-09-13T10:33:25Z</time><sat>39</sat></trkpt>
  <trkpt lat="35.50814501" lon="139.44852694"><ele>122.119</ele><time>2026-09-13T10:33:28Z</time><sat>36</sat></trkpt>
  <trkpt lat="35.50813673" lon="139.44849252"><ele>123.709</ele><time>2026-09-13T10:33:40Z</time><sat>39</sat></trkpt>
  <trkpt lat="35.50814175" lon="139.44848993"><ele>123.689</ele><time>2026-09-13T10:33:52Z</time><sat>41</sat></trkpt>
  <trkpt lat="35.50814112" lon="139.44849056"><ele>123.602</ele><time>2026-09-13T10:33:55Z</time><sat>39</sat></trkpt>
  <trkpt lat="35.50814328" lon="139.44846959"><ele>123.936</ele><time>2026-09-13T10:33:58Z</time><sat>38</sat></trkpt>
  <trkpt lat="35.50813223" lon="139.44839923"><ele>124.027</ele><time>2026-09-13T10:34:04Z</time><sat>38</sat></trkpt>
  <trkpt lat="35.50812696" lon="139.44833954"><ele>122.891</ele><time>2026-09-13T10:34:10Z</time><sat>35</sat></trkpt>
  <trkpt lat="35.50811716" lon="139.44826258"><ele>123.918</ele><time>2026-09-13T10:34:16Z</time><sat>35</sat></trkpt>
  <trkpt lat="35.50809643" lon="139.44818167"><ele>123.629</ele><time>2026-09-13T10:34:22Z</time><sat>40</sat></trkpt>
  <trkpt lat="35.50807468" lon="139.44808393"><ele>122.950</ele><time>2026-09-13T10:34:30Z</time><sat>42</sat></trkpt>
  <trkpt lat="35.50806815" lon="139.44799664"><ele>122.532</ele><time>2026-09-13T10:34:36Z</time><sat>35</sat></trkpt>
  <trkpt lat="35.50806407" lon="139.44794045"><ele>123.629</ele><time>2026-09-13T10:34:39Z</time><sat>32</sat></trkpt>
  <trkpt lat="35.50805492" lon="139.44783911"><ele>124.211</ele><time>2026-09-13T10:34:45Z</time><sat>35</sat></trkpt>
  <trkpt lat="35.50805242" lon="139.44773996"><ele>125.483</ele><time>2026-09-13T10:34:51Z</time><sat>34</sat></trkpt>
  <trkpt lat="35.50805066" lon="139.44765110"><ele>124.892</ele><time>2026-09-13T10:34:57Z</time><sat>29</sat></trkpt>
  <trkpt lat="35.50804423" lon="139.44755435"><ele>125.482</ele><time>2026-09-13T10:35:03Z</time><sat>27</sat></trkpt>
  <trkpt lat="35.50803655" lon="139.44746237"><ele>125.106</ele><time>2026-09-13T10:35:09Z</time><sat>29</sat></trkpt>
  <trkpt lat="35.50803769" lon="139.44739723"><ele>124.751</ele><time>2026-09-13T10:35:15Z</time><sat>36</sat></trkpt>
  <trkpt lat="35.50802817" lon="139.44734318"><ele>124.070</ele><time>2026-09-13T10:35:21Z</time><sat>40</sat></trkpt>
  <trkpt lat="35.50801543" lon="139.44727804"><ele>123.158</ele><time>2026-09-13T10:35:27Z</time><sat>41</sat></trkpt>
  <trkpt lat="35.50801134" lon="139.44719887"><ele>122.597</ele><time>2026-09-13T10:35:33Z</time><sat>35</sat></trkpt>
  <trkpt lat="35.50800295" lon="139.44712064"><ele>121.805</ele><time>2026-09-13T10:35:39Z</time><sat>40</sat></trkpt>
  <trkpt lat="35.50800302" lon="139.44704323"><ele>120.665</ele><time>2026-09-13T10:35:45Z</time><sat>37</sat></trkpt>
  <trkpt lat="35.50800181" lon="139.44695624"><ele>120.737</ele><time>2026-09-13T10:35:51Z</time><sat>28</sat></trkpt>
  <trkpt lat="35.50799117" lon="139.44686911"><ele>120.349</ele><time>2026-09-13T10:35:57Z</time><sat>34</sat></trkpt>
  <trkpt lat="35.50799467" lon="139.44679541"><ele>119.623</ele><time>2026-09-13T10:36:03Z</time><sat>37</sat></trkpt>
  <trkpt lat="35.50798706" lon="139.44669773"><ele>118.905</ele><time>2026-09-13T10:36:09Z</time><sat>40</sat></trkpt>
  <trkpt lat="35.50798043" lon="139.44660898"><ele>117.873</ele><time>2026-09-13T10:36:15Z</time><sat>39</sat></trkpt>
  <trkpt lat="35.50798232" lon="139.44652629"><ele>118.362</ele><time>2026-09-13T10:36:21Z</time><sat>41</sat></trkpt>
  <trkpt lat="35.50796709" lon="139.44644469"><ele>118.523</ele><time>2026-09-13T10:36:27Z</time><sat>37</sat></trkpt>
  <trkpt lat="35.50794588" lon="139.44637717"><ele>117.474</ele><time>2026-09-13T10:36:36Z</time><sat>36</sat></trkpt>
  <trkpt lat="35.50793929" lon="139.44631161"><ele>117.434</ele><time>2026-09-13T10:36:42Z</time><sat>40</sat></trkpt>
  <trkpt lat="35.50791932" lon="139.44624445"><ele>117.570</ele><time>2026-09-13T10:36:48Z</time><sat>43</sat></trkpt>
  <trkpt lat="35.50785497" lon="139.44621718"><ele>117.536</ele><time>2026-09-13T10:36:54Z</time><sat>44</sat></trkpt>
  <trkpt lat="35.50780588" lon="139.44616906"><ele>118.297</ele><time>2026-09-13T10:37:00Z</time><sat>43</sat></trkpt>
  <trkpt lat="35.50779311" lon="139.44609660"><ele>118.235</ele><time>2026-09-13T10:37:06Z</time><sat>41</sat></trkpt>
  <trkpt lat="35.50779647" lon="139.44601663"><ele>117.456</ele><time>2026-09-13T10:37:12Z</time><sat>36</sat></trkpt>
  <trkpt lat="35.50779180" lon="139.44593401"><ele>117.083</ele><time>2026-09-13T10:37:18Z</time><sat>34</sat></trkpt>
  <trkpt lat="35.50779681" lon="139.44585003"><ele>116.369</ele><time>2026-09-13T10:37:24Z</time><sat>25</sat></trkpt>
  <trkpt lat="35.50779073" lon="139.44576259"><ele>115.971</ele><time>2026-09-13T10:37:30Z</time><sat>24</sat></trkpt>
  <trkpt lat="35.50778249" lon="139.44566029"><ele>118.453</ele><time>2026-09-13T10:37:36Z</time><sat>22</sat></trkpt>
  <trkpt lat="35.50777363" lon="139.44556882"><ele>118.997</ele><time>2026-09-13T10:37:42Z</time><sat>31</sat></trkpt>
  <trkpt lat="35.50777008" lon="139.44548932"><ele>120.070</ele><time>2026-09-13T10:37:48Z</time><sat>25</sat></trkpt>
  <trkpt lat="35.50774623" lon="139.44543393"><ele>122.627</ele><time>2026-09-13T10:37:54Z</time><sat>31</sat></trkpt>
  <trkpt lat="35.50769226" lon="139.44541565"><ele>123.819</ele><time>2026-09-13T10:38:00Z</time><sat>37</sat></trkpt>
  <trkpt lat="35.50768373" lon="139.44542060"><ele>123.709</ele><time>2026-09-13T10:38:06Z</time><sat>39</sat></trkpt>
  <trkpt lat="35.50768672" lon="139.44541887"><ele>123.684</ele><time>2026-09-13T10:38:09Z</time><sat>38</sat></trkpt>
  <trkpt lat="35.50768756" lon="139.44541918"><ele>123.601</ele><time>2026-09-13T10:38:21Z</time><sat>35</sat></trkpt>
  <trkpt lat="35.50768779" lon="139.44541889"><ele>123.572</ele><time>2026-09-13T10:38:31Z</time><sat>38</sat></trkpt>
  <trkpt lat="35.50769034" lon="139.44541914"><ele>123.502</ele><time>2026-09-13T10:38:37Z</time><sat>30</sat></trkpt>
  <trkpt lat="35.50769608" lon="139.44542220"><ele>122.459</ele><time>2026-09-13T10:38:40Z</time><sat>34</sat></trkpt>
  <trkpt lat="35.50772923" lon="139.44534754"><ele>122.628</ele><time>2026-09-13T10:38:49Z</time><sat>41</sat></trkpt>
  <trkpt lat="35.50773414" lon="139.44527021"><ele>122.249</ele><time>2026-09-13T10:38:55Z</time><sat>42</sat></trkpt>
  <trkpt lat="35.50772677" lon="139.44517773"><ele>121.976</ele><time>2026-09-13T10:39:01Z</time><sat>42</sat></trkpt>
  <trkpt lat="35.50767562" lon="139.44514956"><ele>122.533</ele><time>2026-09-13T10:39:07Z</time><sat>41</sat></trkpt>
  <trkpt lat="35.50760859" lon="139.44516470"><ele>121.529</ele><time>2026-09-13T10:39:13Z</time><sat>41</sat></trkpt>
  <trkpt lat="35.50754852" lon="139.44519582"><ele>121.932</ele><time>2026-09-13T10:39:19Z</time><sat>40</sat></trkpt>
  <trkpt lat="35.50749280" lon="139.44518097"><ele>121.944</ele><time>2026-09-13T10:39:25Z</time><sat>40</sat></trkpt>
  <trkpt lat="35.50742095" lon="139.44513483"><ele>124.027</ele><time>2026-09-13T10:39:31Z</time><sat>43</sat></trkpt>
  <trkpt lat="35.50736853" lon="139.44506083"><ele>126.148</ele><time>2026-09-13T10:39:37Z</time><sat>27</sat></trkpt>
  <trkpt lat="35.50731317" lon="139.44501717"><ele>126.505</ele><time>2026-09-13T10:39:43Z</time><sat>24</sat></trkpt>
  <trkpt lat="35.50726679" lon="139.44498928"><ele>125.176</ele><time>2026-09-13T10:39:49Z</time><sat>28</sat></trkpt>
  <trkpt lat="35.50719387" lon="139.44498792"><ele>122.725</ele><time>2026-09-13T10:39:58Z</time><sat>33</sat></trkpt>
  <trkpt lat="35.50713247" lon="139.44500930"><ele>122.081</ele><time>2026-09-13T10:40:04Z</time><sat>29</sat></trkpt>
  <trkpt lat="35.50708029" lon="139.44505072"><ele>122.047</ele><time>2026-09-13T10:40:10Z</time><sat>32</sat></trkpt>
  <trkpt lat="35.50704103" lon="139.44511416"><ele>121.483</ele><time>2026-09-13T10:40:16Z</time><sat>35</sat></trkpt>
  <trkpt lat="35.50697900" lon="139.44516120"><ele>119.985</ele><time>2026-09-13T10:40:22Z</time><sat>36</sat></trkpt>
  <trkpt lat="35.50695931" lon="139.44518308"><ele>120.348</ele><time>2026-09-13T10:40:28Z</time><sat>35</sat></trkpt>
  <trkpt lat="35.50695894" lon="139.44519147"><ele>120.567</ele><time>2026-09-13T10:40:31Z</time><sat>34</sat></trkpt>
  <trkpt lat="35.50695836" lon="139.44519071"><ele>121.850</ele><time>2026-09-13T10:40:39Z</time><sat>31</sat></trkpt>
  <trkpt lat="35.50695714" lon="139.44519572"><ele>122.144</ele><time>2026-09-13T10:40:45Z</time><sat>30</sat></trkpt>
  <trkpt lat="35.50695852" lon="139.44519430"><ele>122.013</ele><time>2026-09-13T10:40:48Z</time><sat>30</sat></trkpt>
  <trkpt lat="35.50699419" lon="139.44514795"><ele>121.061</ele><time>2026-09-13T10:40:57Z</time><sat>28</sat></trkpt>
  <trkpt lat="35.50704731" lon="139.44510898"><ele>121.754</ele><time>2026-09-13T10:41:03Z</time><sat>31</sat></trkpt>
  <trkpt lat="35.50708154" lon="139.44505374"><ele>121.593</ele><time>2026-09-13T10:41:09Z</time><sat>32</sat></trkpt>
  <trkpt lat="35.50712207" lon="139.44500171"><ele>122.440</ele><time>2026-09-13T10:41:15Z</time><sat>29</sat></trkpt>
  <trkpt lat="35.50718645" lon="139.44498238"><ele>122.220</ele><time>2026-09-13T10:41:21Z</time><sat>27</sat></trkpt>
  <trkpt lat="35.50725685" lon="139.44496999"><ele>123.026</ele><time>2026-09-13T10:41:27Z</time><sat>27</sat></trkpt>
  <trkpt lat="35.50731983" lon="139.44498856"><ele>123.242</ele><time>2026-09-13T10:41:33Z</time><sat>26</sat></trkpt>
  <trkpt lat="35.50736871" lon="139.44501150"><ele>123.406</ele><time>2026-09-13T10:41:39Z</time><sat>32</sat></trkpt>
  <trkpt lat="35.50737041" lon="139.44500884"><ele>124.531</ele><time>2026-09-13T10:41:42Z</time><sat>31</sat></trkpt>
  <trkpt lat="35.50737468" lon="139.44500619"><ele>124.940</ele><time>2026-09-13T10:41:47Z</time><sat>26</sat></trkpt>
  <trkpt lat="35.50737691" lon="139.44500250"><ele>124.932</ele><time>2026-09-13T10:41:50Z</time><sat>24</sat></trkpt>
  <trkpt lat="35.50738548" lon="139.44500480"><ele>125.657</ele><time>2026-09-13T10:41:53Z</time><sat>26</sat></trkpt>
  <trkpt lat="35.50744441" lon="139.44502571"><ele>123.936</ele><time>2026-09-13T10:41:59Z</time><sat>30</sat></trkpt>
  <trkpt lat="35.50747424" lon="139.44505816"><ele>123.657</ele><time>2026-09-13T10:42:05Z</time><sat>26</sat></trkpt>
  <trkpt lat="35.50746417" lon="139.44508098"><ele>123.754</ele><time>2026-09-13T10:42:08Z</time><sat>33</sat></trkpt>
  <trkpt lat="35.50746377" lon="139.44508613"><ele>123.589</ele><time>2026-09-13T10:42:11Z</time><sat>31</sat></trkpt>
  <trkpt lat="35.50751921" lon="139.44513149"><ele>119.324</ele><time>2026-09-13T10:42:21Z</time><sat>44</sat></trkpt>
  <trkpt lat="35.50758461" lon="139.44518342"><ele>117.585</ele><time>2026-09-13T10:42:27Z</time><sat>37</sat></trkpt>
  <trkpt lat="35.50765059" lon="139.44518833"><ele>120.137</ele><time>2026-09-13T10:42:33Z</time><sat>38</sat></trkpt>
  <trkpt lat="35.50771855" lon="139.44518952"><ele>124.419</ele><time>2026-09-13T10:42:39Z</time><sat>37</sat></trkpt>
  <trkpt lat="35.50776672" lon="139.44514578"><ele>124.787</ele><time>2026-09-13T10:42:45Z</time><sat>42</sat></trkpt>
  <trkpt lat="35.50777231" lon="139.44508357"><ele>123.803</ele><time>2026-09-13T10:42:51Z</time><sat>41</sat></trkpt>
  <trkpt lat="35.50776081" lon="139.44500496"><ele>122.524</ele><time>2026-09-13T10:42:57Z</time><sat>32</sat></trkpt>
  <trkpt lat="35.50775695" lon="139.44493381"><ele>121.480</ele><time>2026-09-13T10:43:02Z</time><sat>33</sat></trkpt>
  <trkpt lat="35.50774389" lon="139.44484811"><ele>121.307</ele><time>2026-09-13T10:43:08Z</time><sat>35</sat></trkpt>
  <trkpt lat="35.50774524" lon="139.44476396"><ele>121.591</ele><time>2026-09-13T10:43:14Z</time><sat>37</sat></trkpt>
  <trkpt lat="35.50773873" lon="139.44468174"><ele>121.661</ele><time>2026-09-13T10:43:20Z</time><sat>36</sat></trkpt>
  <trkpt lat="35.50773136" lon="139.44460520"><ele>122.662</ele><time>2026-09-13T10:43:26Z</time><sat>39</sat></trkpt>
  <trkpt lat="35.50772934" lon="139.44457368"><ele>123.557</ele><time>2026-09-13T10:43:29Z</time><sat>40</sat></trkpt>
  <trkpt lat="35.50773359" lon="139.44457154"><ele>123.809</ele><time>2026-09-13T10:43:32Z</time><sat>39</sat></trkpt>
  <trkpt lat="35.50773391" lon="139.44457276"><ele>123.849</ele><time>2026-09-13T10:43:35Z</time><sat>33</sat></trkpt>
  <trkpt lat="35.50772978" lon="139.44458292"><ele>123.100</ele><time>2026-09-13T10:43:40Z</time><sat>31</sat></trkpt>
  <trkpt lat="35.50772993" lon="139.44458539"><ele>123.013</ele><time>2026-09-13T10:43:46Z</time><sat>34</sat></trkpt>
  <trkpt lat="35.50772833" lon="139.44458836"><ele>122.831</ele><time>2026-09-13T10:43:49Z</time><sat>34</sat></trkpt>
 </trkseg>
</trk>

</gpx>
 